0.000000000000000000e+00 9.999999999999999293e-41
1.250000000000000000e-01 9.999999999999999293e-41
2.500000000000000000e-01 9.999999999999999293e-41
3.750000000000000000e-01 9.999999999999999293e-41
5.000000000000000000e-01 9.999999999999999293e-41
6.250000000000000000e-01 9.999999999999999293e-41
7.500000000000000000e-01 9.999999999999999293e-41
8.750000000000000000e-01 9.999999999999999293e-41
1.000000000000000000e+00 9.999999999999999293e-41
1.125000000000000000e+00 9.999999999999999293e-41
1.250000000000000000e+00 9.999999999999999293e-41
1.375000000000000000e+00 9.999999999999999293e-41
1.500000000000000000e+00 9.999999999999999293e-41
1.625000000000000000e+00 9.999999999999999293e-41
1.750000000000000000e+00 9.999999999999999293e-41
1.875000000000000000e+00 9.999999999999999293e-41
2.000000000000000000e+00 9.999999999999999293e-41
2.125000000000000000e+00 9.999999999999999293e-41
2.250000000000000000e+00 9.999999999999999293e-41
2.375000000000000000e+00 9.999999999999999293e-41
2.500000000000000000e+00 9.999999999999999293e-41
2.625000000000000000e+00 9.999999999999999293e-41
2.750000000000000000e+00 9.999999999999999293e-41
2.875000000000000000e+00 9.999999999999999293e-41
3.000000000000000000e+00 9.999999999999999293e-41
3.125000000000000000e+00 9.999999999999999293e-41
3.250000000000000000e+00 9.999999999999999293e-41
3.375000000000000000e+00 9.999999999999999293e-41
3.500000000000000000e+00 9.999999999999999293e-41
3.625000000000000000e+00 9.999999999999999293e-41
3.750000000000000000e+00 9.999999999999999293e-41
3.875000000000000000e+00 9.999999999999999293e-41
4.000000000000000000e+00 9.999999999999999293e-41
4.125000000000000000e+00 9.999999999999999293e-41
4.250000000000000000e+00 9.999999999999999293e-41
4.375000000000000000e+00 9.999999999999999293e-41
4.500000000000000000e+00 9.999999999999999293e-41
4.625000000000000000e+00 9.999999999999999293e-41
4.750000000000000000e+00 9.999999999999999293e-41
4.875000000000000000e+00 9.999999999999999293e-41
5.000000000000000000e+00 9.999999999999999293e-41
5.125000000000000000e+00 9.999999999999999293e-41
5.250000000000000000e+00 9.999999999999999293e-41
5.375000000000000000e+00 9.999999999999999293e-41
5.500000000000000000e+00 9.999999999999999293e-41
5.625000000000000000e+00 9.999999999999999293e-41
5.750000000000000000e+00 9.999999999999999293e-41
5.875000000000000000e+00 9.999999999999999293e-41
6.000000000000000000e+00 9.999999999999999293e-41
6.125000000000000000e+00 9.999999999999999293e-41
6.250000000000000000e+00 9.999999999999999293e-41
6.375000000000000000e+00 9.999999999999999293e-41
6.500000000000000000e+00 9.999999999999999293e-41
6.625000000000000000e+00 9.999999999999999293e-41
6.750000000000000000e+00 9.999999999999999293e-41
6.875000000000000000e+00 9.999999999999999293e-41
7.000000000000000000e+00 9.999999999999999293e-41
7.125000000000000000e+00 9.999999999999999293e-41
7.250000000000000000e+00 9.999999999999999293e-41
7.375000000000000000e+00 9.999999999999999293e-41
7.500000000000000000e+00 9.999999999999999293e-41
7.625000000000000000e+00 9.999999999999999293e-41
7.750000000000000000e+00 9.999999999999999293e-41
7.875000000000000000e+00 9.999999999999999293e-41
8.000000000000000000e+00 9.999999999999999293e-41
8.125000000000000000e+00 9.999999999999999293e-41
8.250000000000000000e+00 9.999999999999999293e-41
8.375000000000000000e+00 9.999999999999999293e-41
8.500000000000000000e+00 9.999999999999999293e-41
8.625000000000000000e+00 9.999999999999999293e-41
8.750000000000000000e+00 9.999999999999999293e-41
8.875000000000000000e+00 9.999999999999999293e-41
9.000000000000000000e+00 9.999999999999999293e-41
9.125000000000000000e+00 9.999999999999999293e-41
9.250000000000000000e+00 9.999999999999999293e-41
9.375000000000000000e+00 9.999999999999999293e-41
9.500000000000000000e+00 9.999999999999999293e-41
9.625000000000000000e+00 9.999999999999999293e-41
9.750000000000000000e+00 9.999999999999999293e-41
9.875000000000000000e+00 9.999999999999999293e-41
1.000000000000000000e+01 9.999999999999999293e-41
1.012500000000000000e+01 9.999999999999999293e-41
1.025000000000000000e+01 9.999999999999999293e-41
1.037500000000000000e+01 9.999999999999999293e-41
1.050000000000000000e+01 9.999999999999999293e-41
1.062500000000000000e+01 9.999999999999999293e-41
1.075000000000000000e+01 9.999999999999999293e-41
1.087500000000000000e+01 9.999999999999999293e-41
1.100000000000000000e+01 9.999999999999999293e-41
1.112500000000000000e+01 9.999999999999999293e-41
1.125000000000000000e+01 9.999999999999999293e-41
1.137500000000000000e+01 9.999999999999999293e-41
1.150000000000000000e+01 9.999999999999999293e-41
1.162500000000000000e+01 9.999999999999999293e-41
1.175000000000000000e+01 9.999999999999999293e-41
1.187500000000000000e+01 9.999999999999999293e-41
1.200000000000000000e+01 9.999999999999999293e-41
1.212500000000000000e+01 9.999999999999999293e-41
1.225000000000000000e+01 9.999999999999999293e-41
1.237500000000000000e+01 9.999999999999999293e-41
1.250000000000000000e+01 9.999999999999999293e-41
1.262500000000000000e+01 9.999999999999999293e-41
1.275000000000000000e+01 9.999999999999999293e-41
1.287500000000000000e+01 9.999999999999999293e-41
1.300000000000000000e+01 9.999999999999999293e-41
1.312500000000000000e+01 9.999999999999999293e-41
1.325000000000000000e+01 9.999999999999999293e-41
1.337500000000000000e+01 9.999999999999999293e-41
1.350000000000000000e+01 9.999999999999999293e-41
1.362500000000000000e+01 9.999999999999999293e-41
1.375000000000000000e+01 9.999999999999999293e-41
1.387500000000000000e+01 9.999999999999999293e-41
1.400000000000000000e+01 9.999999999999999293e-41
1.412500000000000000e+01 9.999999999999999293e-41
1.425000000000000000e+01 9.999999999999999293e-41
1.437500000000000000e+01 9.999999999999999293e-41
1.450000000000000000e+01 9.999999999999999293e-41
1.462500000000000000e+01 9.999999999999999293e-41
1.475000000000000000e+01 9.999999999999999293e-41
1.487500000000000000e+01 9.999999999999999293e-41
1.500000000000000000e+01 9.999999999999999293e-41
1.512500000000000000e+01 9.999999999999999293e-41
1.525000000000000000e+01 9.999999999999999293e-41
1.537500000000000000e+01 9.999999999999999293e-41
1.550000000000000000e+01 9.999999999999999293e-41
1.562500000000000000e+01 9.999999999999999293e-41
1.575000000000000000e+01 9.999999999999999293e-41
1.587500000000000000e+01 9.999999999999999293e-41
1.600000000000000000e+01 9.999999999999999293e-41
1.612500000000000000e+01 9.999999999999999293e-41
1.625000000000000000e+01 9.999999999999999293e-41
1.637500000000000000e+01 9.999999999999999293e-41
1.650000000000000000e+01 9.999999999999999293e-41
1.662500000000000000e+01 9.999999999999999293e-41
1.675000000000000000e+01 9.999999999999999293e-41
1.687500000000000000e+01 9.999999999999999293e-41
1.700000000000000000e+01 9.999999999999999293e-41
1.712500000000000000e+01 9.999999999999999293e-41
1.725000000000000000e+01 9.999999999999999293e-41
1.737500000000000000e+01 9.999999999999999293e-41
1.750000000000000000e+01 9.999999999999999293e-41
1.762500000000000000e+01 9.999999999999999293e-41
1.775000000000000000e+01 9.999999999999999293e-41
1.787500000000000000e+01 9.999999999999999293e-41
1.800000000000000000e+01 9.999999999999999293e-41
1.812500000000000000e+01 9.999999999999999293e-41
1.825000000000000000e+01 9.999999999999999293e-41
1.837500000000000000e+01 9.999999999999999293e-41
1.850000000000000000e+01 9.999999999999999293e-41
1.862500000000000000e+01 9.999999999999999293e-41
1.875000000000000000e+01 9.999999999999999293e-41
1.887500000000000000e+01 9.999999999999999293e-41
1.900000000000000000e+01 9.999999999999999293e-41
1.912500000000000000e+01 9.999999999999999293e-41
1.925000000000000000e+01 9.999999999999999293e-41
1.937500000000000000e+01 9.999999999999999293e-41
1.950000000000000000e+01 9.999999999999999293e-41
1.962500000000000000e+01 9.999999999999999293e-41
1.975000000000000000e+01 9.999999999999999293e-41
1.987500000000000000e+01 9.999999999999999293e-41
2.000000000000000000e+01 9.999999999999999293e-41
2.012500000000000000e+01 7.518690000000000252e-45
2.025000000000000000e+01 7.178870000000000299e-45
2.037500000000000000e+01 6.847889999999999429e-45
2.050000000000000000e+01 6.559399999999999494e-45
2.062500000000000000e+01 6.266529999999999794e-45
2.075000000000000000e+01 5.987879999999999570e-45
2.087500000000000000e+01 5.744570000000000145e-45
2.100000000000000000e+01 5.503839999999999976e-45
2.112500000000000000e+01 5.293990000000000044e-45
2.125000000000000000e+01 5.081669999999999929e-45
2.137500000000000000e+01 4.882049999999999705e-45
2.150000000000000000e+01 4.684569999999999953e-45
2.162500000000000000e+01 4.516749999999999796e-45
2.175000000000000000e+01 4.278110000000000070e-45
2.187500000000000000e+01 4.120629999999999938e-45
2.200000000000000000e+01 3.961519999999999903e-45
2.212500000000000000e+01 3.806159999999999734e-45
2.225000000000000000e+01 3.657169999999999710e-45
2.237500000000000000e+01 3.510510000000000030e-45
2.250000000000000000e+01 3.373690000000000061e-45
2.262500000000000000e+01 3.235279999999999963e-45
2.275000000000000000e+01 3.086089999999999814e-45
2.287500000000000000e+01 2.953979999999999941e-45
2.300000000000000000e+01 2.813739999999999815e-45
2.312500000000000000e+01 2.681689999999999918e-45
2.325000000000000000e+01 2.550269999999999919e-45
2.337500000000000000e+01 2.431510000000000034e-45
2.350000000000000000e+01 2.332809999999999935e-45
2.362500000000000000e+01 2.247630000000000116e-45
2.375000000000000000e+01 2.156270000000000024e-45
2.387500000000000000e+01 2.057090000000000121e-45
2.400000000000000000e+01 1.958930000000000112e-45
2.412500000000000000e+01 1.876649999999999937e-45
2.425000000000000000e+01 1.794939999999999997e-45
2.437500000000000000e+01 1.730590000000000012e-45
2.450000000000000000e+01 1.666819999999999894e-45
2.462500000000000000e+01 1.612610000000000119e-45
2.475000000000000000e+01 1.556900000000000025e-45
2.487500000000000000e+01 1.506149999999999873e-45
2.500000000000000000e+01 1.454699999999999904e-45
2.512500000000000000e+01 1.410610000000000142e-45
2.525000000000000000e+01 1.361160000000000029e-45
2.537500000000000000e+01 1.312089999999999968e-45
2.550000000000000000e+01 1.267220000000000058e-45
2.562500000000000000e+01 1.226389999999999948e-45
2.575000000000000000e+01 1.186250000000000022e-45
2.587500000000000000e+01 1.143549999999999950e-45
2.600000000000000000e+01 1.109750000000000026e-45
2.612500000000000000e+01 1.074570000000000043e-45
2.625000000000000000e+01 1.042329999999999948e-45
2.637500000000000000e+01 1.009739999999999943e-45
2.650000000000000000e+01 9.785309999999999917e-46
2.662500000000000000e+01 9.479670000000000096e-46
2.675000000000000000e+01 9.154669999999999685e-46
2.687500000000000000e+01 8.886909999999999521e-46
2.700000000000000000e+01 8.607050000000000155e-46
2.712500000000000000e+01 8.341329999999999468e-46
2.725000000000000000e+01 8.141689999999999355e-46
2.737500000000000000e+01 7.933699999999999285e-46
2.750000000000000000e+01 7.743369999999999981e-46
2.762500000000000000e+01 7.540689999999999763e-46
2.775000000000000000e+01 7.332860000000000354e-46
2.787500000000000000e+01 7.128120000000000770e-46
2.800000000000000000e+01 6.969059999999999988e-46
2.812500000000000000e+01 6.807399999999999750e-46
2.825000000000000000e+01 6.638589999999999842e-46
2.837500000000000000e+01 6.489860000000000386e-46
2.850000000000000000e+01 6.337719999999999783e-46
2.862500000000000000e+01 6.205030000000000044e-46
2.875000000000000000e+01 6.028459999999999990e-46
2.887500000000000000e+01 5.871150000000000307e-46
2.900000000000000000e+01 5.736949999999999682e-46
2.912500000000000000e+01 5.576690000000000168e-46
2.925000000000000000e+01 5.422259999999999931e-46
2.937500000000000000e+01 5.307329999999999621e-46
2.950000000000000000e+01 5.163939999999999848e-46
2.962500000000000000e+01 5.013239999999999746e-46
2.975000000000000000e+01 4.869640000000000370e-46
2.987500000000000000e+01 4.751500000000000128e-46
3.000000000000000000e+01 4.639170000000000052e-46
3.012500000000000000e+01 4.525599999999999912e-46
3.025000000000000000e+01 4.417999999999999821e-46
3.037500000000000000e+01 4.342369999999999780e-46
3.050000000000000000e+01 4.249039999999999975e-46
3.062500000000000000e+01 4.157599999999999708e-46
3.075000000000000000e+01 4.063400000000000102e-46
3.087500000000000000e+01 3.970409999999999950e-46
3.100000000000000000e+01 3.876439999999999836e-46
3.112500000000000000e+01 3.798039999999999735e-46
3.125000000000000000e+01 3.724540000000000223e-46
3.137500000000000000e+01 3.645540000000000368e-46
3.150000000000000000e+01 3.570389999999999975e-46
3.162500000000000000e+01 3.501929999999999881e-46
3.175000000000000000e+01 3.426600000000000107e-46
3.187500000000000000e+01 3.353789999999999847e-46
3.200000000000000000e+01 3.287230000000000013e-46
3.212500000000000000e+01 3.211539999999999919e-46
3.225000000000000000e+01 3.137699999999999977e-46
3.237500000000000000e+01 3.074270000000000134e-46
3.250000000000000000e+01 3.004910000000000019e-46
3.262500000000000000e+01 2.939459999999999810e-46
3.275000000000000000e+01 2.882070000000000013e-46
3.287500000000000000e+01 2.819859999999999957e-46
3.300000000000000000e+01 2.753780000000000161e-46
3.312500000000000000e+01 2.697910000000000028e-46
3.325000000000000000e+01 2.645649999999999924e-46
3.337500000000000000e+01 2.594289999999999840e-46
3.350000000000000000e+01 2.537679999999999958e-46
3.362500000000000000e+01 2.484559999999999998e-46
3.375000000000000000e+01 2.444850000000000078e-46
3.387500000000000000e+01 2.413889999999999822e-46
3.400000000000000000e+01 2.406000000000000014e-46
3.412500000000000000e+01 2.404339999999999966e-46
3.425000000000000000e+01 2.417489999999999906e-46
3.437500000000000000e+01 2.456979999999999890e-46
3.450000000000000000e+01 2.523810000000000157e-46
3.462500000000000000e+01 2.661769999999999972e-46
3.475000000000000000e+01 2.869670000000000156e-46
3.487500000000000000e+01 3.168099999999999865e-46
3.500000000000000000e+01 3.825760000000000226e-46
3.512500000000000000e+01 5.516979999999999738e-46
3.525000000000000000e+01 1.206999999999999992e-45
3.537500000000000000e+01 8.810870000000000218e-45
3.550000000000000000e+01 3.814590000000000177e-45
3.562500000000000000e+01 8.137340000000000355e-46
3.575000000000000000e+01 4.494120000000000232e-46
3.587500000000000000e+01 3.376960000000000124e-46
3.600000000000000000e+01 2.749589999999999878e-46
3.612500000000000000e+01 2.383689999999999981e-46
3.625000000000000000e+01 2.166960000000000191e-46
3.637500000000000000e+01 2.008210000000000009e-46
3.650000000000000000e+01 1.891410000000000049e-46
3.662500000000000000e+01 1.804939999999999980e-46
3.675000000000000000e+01 1.743650000000000027e-46
3.687500000000000000e+01 1.701130000000000076e-46
3.700000000000000000e+01 1.665360000000000089e-46
3.712500000000000000e+01 1.633840000000000049e-46
3.725000000000000000e+01 1.604570000000000061e-46
3.737500000000000000e+01 1.575219999999999938e-46
3.750000000000000000e+01 1.547509999999999974e-46
3.762500000000000000e+01 1.521089999999999989e-46
3.775000000000000000e+01 1.495700000000000075e-46
3.787500000000000000e+01 1.471189999999999904e-46
3.800000000000000000e+01 1.447439999999999955e-46
3.812500000000000000e+01 1.424359999999999952e-46
3.825000000000000000e+01 1.401880000000000093e-46
3.837500000000000000e+01 1.379969999999999962e-46
3.850000000000000000e+01 1.358510000000000036e-46
3.862500000000000000e+01 1.337480000000000038e-46
3.875000000000000000e+01 1.317280000000000064e-46
3.887500000000000000e+01 1.297780000000000062e-46
3.900000000000000000e+01 1.278709999999999989e-46
3.912500000000000000e+01 1.260049999999999955e-46
3.925000000000000000e+01 1.242230000000000084e-46
3.937500000000000000e+01 1.219920000000000052e-46
3.950000000000000000e+01 1.203140000000000001e-46
3.962500000000000000e+01 1.177340000000000048e-46
3.975000000000000000e+01 1.162470000000000007e-46
3.987500000000000000e+01 1.152149999999999987e-46
4.000000000000000000e+01 1.137379999999999971e-46
4.012500000000000000e+01 1.126170000000000068e-46
4.025000000000000000e+01 1.109789999999999919e-46
4.037500000000000000e+01 1.098869999999999949e-46
4.050000000000000000e+01 1.086450000000000009e-46
4.062500000000000000e+01 1.070250000000000020e-46
4.075000000000000000e+01 1.045889999999999983e-46
4.087500000000000000e+01 1.019120000000000011e-46
4.100000000000000000e+01 9.950149999999999088e-47
4.112500000000000000e+01 9.881199999999999791e-47
4.125000000000000000e+01 9.742489999999999117e-47
4.137500000000000000e+01 9.621409999999999376e-47
4.150000000000000000e+01 9.519969999999999827e-47
4.162500000000000000e+01 9.370169999999999745e-47
4.175000000000000000e+01 9.275379999999999940e-47
4.187500000000000000e+01 9.048369999999999322e-47
4.200000000000000000e+01 8.906320000000000609e-47
4.212500000000000000e+01 8.746109999999999649e-47
4.225000000000000000e+01 8.643120000000000020e-47
4.237500000000000000e+01 8.459669999999999563e-47
4.250000000000000000e+01 8.355939999999999990e-47
4.262500000000000000e+01 8.246879999999999705e-47
4.275000000000000000e+01 8.115920000000000400e-47
4.287500000000000000e+01 7.998099999999999729e-47
4.300000000000000000e+01 7.895279999999999732e-47
4.312500000000000000e+01 7.807150000000000394e-47
4.325000000000000000e+01 7.723689999999999820e-47
4.337500000000000000e+01 7.673820000000000152e-47
4.350000000000000000e+01 7.618370000000000197e-47
4.362500000000000000e+01 7.556010000000000203e-47
4.375000000000000000e+01 7.496790000000000337e-47
4.387500000000000000e+01 7.431269999999999742e-47
4.400000000000000000e+01 7.357590000000000265e-47
4.412500000000000000e+01 7.293790000000000354e-47
4.425000000000000000e+01 7.231430000000000359e-47
4.437500000000000000e+01 7.177239999999999967e-47
4.450000000000000000e+01 7.140829999999999671e-47
4.462500000000000000e+01 7.080059999999999726e-47
4.475000000000000000e+01 7.038269999999999969e-47
4.487500000000000000e+01 7.004020000000000034e-47
4.500000000000000000e+01 6.967019999999999927e-47
4.512500000000000000e+01 6.938489999999999689e-47
4.525000000000000000e+01 6.893230000000000288e-47
4.537500000000000000e+01 6.837510000000000288e-47
4.550000000000000000e+01 6.792639999999999872e-47
4.562500000000000000e+01 6.748449999999999930e-47
4.575000000000000000e+01 6.704290000000000209e-47
4.587500000000000000e+01 6.649169999999999769e-47
4.600000000000000000e+01 6.621219999999999593e-47
4.612500000000000000e+01 3.127930000000000185e-46
4.625000000000000000e+01 6.562980000000000468e-47
4.637500000000000000e+01 6.529870000000000183e-47
4.650000000000000000e+01 6.500259999999999764e-47
4.662500000000000000e+01 6.462850000000000201e-47
4.675000000000000000e+01 6.429540000000000063e-47
4.687500000000000000e+01 6.395609999999999893e-47
4.700000000000000000e+01 6.362189999999999593e-47
4.712500000000000000e+01 6.333200000000000179e-47
4.725000000000000000e+01 6.302999999999999949e-47
4.737500000000000000e+01 6.270819999999999712e-47
4.750000000000000000e+01 6.241880000000000018e-47
4.762500000000000000e+01 6.208640000000000072e-47
4.775000000000000000e+01 6.180809999999999807e-47
4.787500000000000000e+01 6.148669999999999541e-47
4.800000000000000000e+01 6.120420000000000070e-47
4.812500000000000000e+01 6.089930000000000296e-47
4.825000000000000000e+01 6.072329999999999583e-47
4.837500000000000000e+01 6.045080000000000352e-47
4.850000000000000000e+01 6.013740000000000472e-47
4.862500000000000000e+01 5.988510000000000246e-47
4.875000000000000000e+01 5.955940000000000052e-47
4.887500000000000000e+01 5.931780000000000257e-47
4.900000000000000000e+01 5.902190000000000310e-47
4.912500000000000000e+01 5.877439999999999732e-47
4.925000000000000000e+01 5.845409999999999629e-47
4.937500000000000000e+01 5.816819999999999921e-47
4.950000000000000000e+01 5.784920000000000451e-47
4.962500000000000000e+01 5.755140000000000400e-47
4.975000000000000000e+01 5.721480000000000276e-47
4.987500000000000000e+01 5.686350000000000013e-47
5.000000000000000000e+01 5.655710000000000107e-47
5.012500000000000000e+01 5.622529999999999630e-47
5.025000000000000000e+01 5.595860000000000460e-47
5.037500000000000000e+01 5.559880000000000091e-47
5.050000000000000000e+01 5.526490000000000012e-47
5.062500000000000000e+01 5.497350000000000464e-47
5.075000000000000000e+01 5.474269999999999878e-47
5.087500000000000000e+01 5.441250000000000257e-47
5.100000000000000000e+01 5.402220000000000422e-47
5.112500000000000000e+01 5.374879999999999555e-47
5.125000000000000000e+01 5.351769999999999720e-47
5.137500000000000000e+01 5.328429999999999811e-47
5.150000000000000000e+01 5.305399999999999917e-47
5.162500000000000000e+01 5.282699999999999539e-47
5.175000000000000000e+01 5.258959999999999923e-47
5.187500000000000000e+01 5.237050000000000180e-47
5.200000000000000000e+01 5.215059999999999525e-47
5.212500000000000000e+01 5.192069999999999602e-47
5.225000000000000000e+01 5.169649999999999990e-47
5.237500000000000000e+01 5.148529999999999912e-47
5.250000000000000000e+01 5.127489999999999776e-47
5.262500000000000000e+01 5.106479999999999860e-47
5.275000000000000000e+01 5.084969999999999825e-47
5.287500000000000000e+01 5.062940000000000171e-47
5.300000000000000000e+01 5.041690000000000431e-47
5.312500000000000000e+01 5.020559999999999631e-47
5.325000000000000000e+01 4.999549999999999716e-47
5.337500000000000000e+01 4.978680000000000184e-47
5.350000000000000000e+01 4.957879999999999871e-47
5.362500000000000000e+01 4.937309999999999633e-47
5.375000000000000000e+01 4.912849999999999572e-47
5.387500000000000000e+01 4.888099999999999967e-47
5.400000000000000000e+01 4.866859999999999977e-47
5.412500000000000000e+01 4.846569999999999533e-47
5.425000000000000000e+01 4.826529999999999636e-47
5.437500000000000000e+01 4.806630000000000123e-47
5.450000000000000000e+01 4.786849999999999549e-47
5.462500000000000000e+01 4.767210000000000330e-47
5.475000000000000000e+01 4.747699999999999802e-47
5.487500000000000000e+01 4.728220000000000466e-47
5.500000000000000000e+01 4.708930000000000262e-47
5.512500000000000000e+01 4.689640000000000059e-47
5.525000000000000000e+01 4.670509999999999737e-47
5.537500000000000000e+01 4.651559999999999771e-47
5.550000000000000000e+01 4.632790000000000158e-47
5.562500000000000000e+01 4.614230000000000148e-47
5.575000000000000000e+01 4.595869999999999992e-47
5.587500000000000000e+01 4.578000000000000206e-47
5.600000000000000000e+01 4.560170000000000391e-47
5.612500000000000000e+01 4.543539999999999696e-47
5.625000000000000000e+01 4.525960000000000426e-47
5.637500000000000000e+01 4.507029999999999959e-47
5.650000000000000000e+01 4.487549999999999651e-47
5.662500000000000000e+01 4.468639999999999655e-47
5.675000000000000000e+01 4.450619999999999735e-47
5.687500000000000000e+01 4.432860000000000112e-47
5.700000000000000000e+01 4.415319999999999841e-47
5.712500000000000000e+01 4.398850000000000001e-47
5.725000000000000000e+01 4.384189999999999564e-47
5.737500000000000000e+01 4.369149999999999891e-47
5.750000000000000000e+01 4.358919999999999853e-47
5.762500000000000000e+01 4.360199999999999888e-47
5.775000000000000000e+01 4.361639999999999804e-47
5.787500000000000000e+01 4.362449999999999940e-47
5.800000000000000000e+01 4.376059999999999931e-47
5.812500000000000000e+01 4.387169999999999810e-47
5.825000000000000000e+01 4.422690000000000030e-47
5.837500000000000000e+01 4.462699999999999633e-47
5.850000000000000000e+01 4.496899999999999847e-47
5.862500000000000000e+01 4.589140000000000306e-47
5.875000000000000000e+01 4.697680000000000000e-47
5.887500000000000000e+01 4.842409999999999665e-47
5.900000000000000000e+01 4.988270000000000204e-47
5.912500000000000000e+01 5.209729999999999785e-47
5.925000000000000000e+01 5.508789999999999858e-47
5.937500000000000000e+01 6.023699999999999978e-47
5.950000000000000000e+01 7.067589999999999871e-47
5.962500000000000000e+01 9.263130000000000410e-47
5.975000000000000000e+01 1.513789999999999991e-46
5.987500000000000000e+01 4.076659999999999815e-46
6.000000000000000000e+01 5.237760000000000059e-45
6.012500000000000000e+01 5.568650000000000032e-46
6.025000000000000000e+01 1.720810000000000043e-46
6.037500000000000000e+01 9.776500000000000200e-47
6.050000000000000000e+01 7.118140000000000014e-47
6.062500000000000000e+01 5.924100000000000052e-47
6.075000000000000000e+01 5.292030000000000236e-47
6.087500000000000000e+01 4.909109999999999882e-47
6.100000000000000000e+01 4.690739999999999739e-47
6.112500000000000000e+01 4.508389999999999934e-47
6.125000000000000000e+01 4.355749999999999989e-47
6.137500000000000000e+01 4.213630000000000112e-47
6.150000000000000000e+01 4.131210000000000235e-47
6.162500000000000000e+01 4.053949999999999979e-47
6.175000000000000000e+01 3.997860000000000007e-47
6.187500000000000000e+01 3.953010000000000063e-47
6.200000000000000000e+01 3.909879999999999830e-47
6.212500000000000000e+01 3.874260000000000170e-47
6.225000000000000000e+01 3.845040000000000194e-47
6.237500000000000000e+01 3.822660000000000067e-47
6.250000000000000000e+01 3.798939999999999950e-47
6.262500000000000000e+01 3.772869999999999854e-47
6.275000000000000000e+01 3.754579999999999890e-47
6.287500000000000000e+01 3.737239999999999958e-47
6.300000000000000000e+01 3.721100000000000119e-47
6.312500000000000000e+01 3.704719999999999971e-47
6.325000000000000000e+01 3.689960000000000093e-47
6.337500000000000000e+01 3.675209999999999965e-47
6.350000000000000000e+01 3.660919999999999986e-47
6.362500000000000000e+01 3.647139999999999876e-47
6.375000000000000000e+01 3.633629999999999811e-47
6.387500000000000000e+01 3.619540000000000171e-47
6.400000000000000000e+01 3.605689999999999870e-47
6.412500000000000000e+01 3.591279999999999979e-47
6.425000000000000000e+01 3.579900000000000055e-47
6.437500000000000000e+01 3.568799999999999925e-47
6.450000000000000000e+01 3.557809999999999958e-47
6.462500000000000000e+01 3.545209999999999956e-47
6.475000000000000000e+01 3.531779999999999833e-47
6.487500000000000000e+01 3.519500000000000082e-47
6.500000000000000000e+01 3.508120000000000158e-47
6.512500000000000000e+01 3.496980000000000058e-47
6.525000000000000000e+01 3.485629999999999868e-47
6.537500000000000000e+01 3.474360000000000107e-47
6.550000000000000000e+01 3.462989999999999932e-47
6.562500000000000000e+01 3.452270000000000010e-47
6.575000000000000000e+01 3.441670000000000001e-47
6.587500000000000000e+01 3.431880000000000126e-47
6.600000000000000000e+01 3.421389999999999793e-47
6.612500000000000000e+01 3.410609999999999915e-47
6.625000000000000000e+01 3.400399999999999863e-47
6.637500000000000000e+01 3.390100000000000119e-47
6.650000000000000000e+01 3.379469999999999889e-47
6.662500000000000000e+01 3.368510000000000143e-47
6.675000000000000000e+01 3.358619999999999856e-47
6.687500000000000000e+01 3.347170000000000226e-47
6.700000000000000000e+01 3.335450000000000065e-47
6.712500000000000000e+01 3.323709999999999918e-47
6.725000000000000000e+01 3.313990000000000236e-47
6.737500000000000000e+01 3.304540000000000113e-47
6.750000000000000000e+01 3.293019999999999805e-47
6.762500000000000000e+01 3.281790000000000014e-47
6.775000000000000000e+01 3.270970000000000165e-47
6.787500000000000000e+01 3.260720000000000142e-47
6.800000000000000000e+01 3.249159999999999864e-47
6.812500000000000000e+01 3.239099999999999945e-47
6.825000000000000000e+01 3.229420000000000233e-47
6.837500000000000000e+01 3.219279999999999886e-47
6.850000000000000000e+01 3.209029999999999863e-47
6.862500000000000000e+01 3.199080000000000106e-47
6.875000000000000000e+01 3.188989999999999966e-47
6.887500000000000000e+01 3.179100000000000165e-47
6.900000000000000000e+01 3.169109999999999951e-47
6.912500000000000000e+01 3.158560000000000148e-47
6.925000000000000000e+01 3.148569999999999934e-47
6.937500000000000000e+01 3.138910000000000208e-47
6.950000000000000000e+01 3.129230000000000010e-47
6.962500000000000000e+01 3.119039999999999943e-47
6.975000000000000000e+01 3.109009999999999759e-47
6.987500000000000000e+01 3.099079999999999987e-47
7.000000000000000000e+01 3.088860000000000185e-47
7.012500000000000000e+01 3.078670000000000118e-47
7.025000000000000000e+01 3.068610000000000199e-47
7.037500000000000000e+01 3.058219999999999792e-47
7.050000000000000000e+01 3.048409999999999933e-47
7.062500000000000000e+01 3.038910000000000089e-47
7.075000000000000000e+01 3.029699999999999790e-47
7.087500000000000000e+01 3.020430000000000021e-47
7.100000000000000000e+01 3.011759999999999812e-47
7.112500000000000000e+01 3.003090000000000089e-47
7.125000000000000000e+01 2.994479999999999836e-47
7.137500000000000000e+01 2.986020000000000203e-47
7.150000000000000000e+01 2.977529999999999862e-47
7.162500000000000000e+01 2.968769999999999962e-47
7.175000000000000000e+01 2.959170000000000192e-47
7.187500000000000000e+01 2.950739999999999807e-47
7.200000000000000000e+01 2.942059999999999849e-47
7.212500000000000000e+01 2.933290000000000200e-47
7.225000000000000000e+01 2.924930000000000007e-47
7.237500000000000000e+01 2.916950000000000021e-47
7.250000000000000000e+01 2.908500000000000138e-47
7.262500000000000000e+01 2.901039999999999771e-47
7.275000000000000000e+01 2.893169999999999948e-47
7.287500000000000000e+01 2.885280000000000140e-47
7.300000000000000000e+01 2.877189999999999992e-47
7.312500000000000000e+01 2.869039999999999889e-47
7.325000000000000000e+01 2.860740000000000138e-47
7.337500000000000000e+01 2.852490000000000107e-47
7.350000000000000000e+01 2.844040000000000224e-47
7.362500000000000000e+01 2.835560000000000119e-47
7.375000000000000000e+01 2.827399999999999779e-47
7.387500000000000000e+01 2.819680000000000089e-47
7.400000000000000000e+01 2.811859999999999987e-47
7.412500000000000000e+01 2.803880000000000002e-47
7.425000000000000000e+01 2.796790000000000093e-47
7.437500000000000000e+01 2.788989999999999976e-47
7.450000000000000000e+01 2.780529999999999856e-47
7.462500000000000000e+01 2.772029999999999766e-47
7.475000000000000000e+01 2.764350000000000047e-47
7.487500000000000000e+01 2.757570000000000155e-47
7.500000000000000000e+01 2.749779999999999787e-47
7.512500000000000000e+01 2.742250000000000201e-47
7.525000000000000000e+01 2.733759999999999860e-47
7.537500000000000000e+01 2.725210000000000050e-47
7.550000000000000000e+01 2.717190000000000094e-47
7.562500000000000000e+01 2.709750000000000199e-47
7.575000000000000000e+01 2.703509999999999911e-47
7.587500000000000000e+01 2.697029999999999798e-47
7.600000000000000000e+01 2.689500000000000212e-47
7.612500000000000000e+01 2.682220000000000200e-47
7.625000000000000000e+01 2.674429999999999833e-47
7.637500000000000000e+01 2.666690000000000158e-47
7.650000000000000000e+01 2.659599999999999763e-47
7.662500000000000000e+01 2.653169999999999857e-47
7.675000000000000000e+01 2.647009999999999997e-47
7.687500000000000000e+01 2.640979999999999798e-47
7.700000000000000000e+01 2.634600000000000098e-47
7.712500000000000000e+01 2.628250000000000134e-47
7.725000000000000000e+01 2.622150000000000229e-47
7.737500000000000000e+01 2.615400000000000071e-47
7.750000000000000000e+01 2.608430000000000075e-47
7.762500000000000000e+01 2.601879999999999771e-47
7.775000000000000000e+01 2.594559999999999788e-47
7.787500000000000000e+01 2.588610000000000017e-47
7.800000000000000000e+01 2.581500000000000123e-47
7.812500000000000000e+01 2.575159999999999908e-47
7.825000000000000000e+01 2.568989999999999811e-47
7.837500000000000000e+01 2.562209999999999919e-47
7.850000000000000000e+01 2.555549999999999939e-47
7.862500000000000000e+01 2.548909999999999944e-47
7.875000000000000000e+01 2.541919999999999962e-47
7.887500000000000000e+01 2.534890000000000010e-47
7.900000000000000000e+01 2.527550000000000041e-47
7.912500000000000000e+01 2.521149999999999870e-47
7.925000000000000000e+01 2.514480000000000140e-47
7.937500000000000000e+01 2.507720000000000233e-47
7.950000000000000000e+01 2.500930000000000105e-47
7.962500000000000000e+01 2.494319999999999845e-47
7.975000000000000000e+01 2.487469999999999761e-47
7.987500000000000000e+01 2.481409999999999827e-47
8.000000000000000000e+01 2.475139999999999804e-47
8.012500000000000000e+01 2.468450000000000088e-47
8.025000000000000000e+01 2.462029999999999932e-47
8.037500000000000000e+01 2.455620000000000011e-47
8.050000000000000000e+01 2.449290000000000032e-47
8.062500000000000000e+01 2.442980000000000038e-47
8.075000000000000000e+01 2.436730000000000001e-47
8.087500000000000000e+01 2.431020000000000053e-47
8.100000000000000000e+01 2.425910000000000152e-47
8.112500000000000000e+01 2.421199999999999958e-47
8.125000000000000000e+01 2.415859999999999982e-47
8.137500000000000000e+01 2.410050000000000108e-47
8.150000000000000000e+01 2.404190000000000028e-47
8.162500000000000000e+01 2.400369999999999910e-47
8.175000000000000000e+01 2.392520000000000073e-47
8.187500000000000000e+01 2.386679999999999978e-47
8.200000000000000000e+01 2.381209999999999854e-47
8.212500000000000000e+01 2.374569999999999859e-47
8.225000000000000000e+01 2.367559999999999892e-47
8.237500000000000000e+01 2.360600000000000132e-47
8.250000000000000000e+01 2.353679999999999856e-47
8.262500000000000000e+01 2.347639999999999907e-47
8.275000000000000000e+01 2.342020000000000137e-47
8.287500000000000000e+01 2.337039999999999897e-47
8.300000000000000000e+01 2.332609999999999984e-47
8.312500000000000000e+01 2.328559999999999792e-47
8.325000000000000000e+01 2.322559999999999814e-47
8.337500000000000000e+01 2.316599999999999807e-47
8.350000000000000000e+01 2.310670000000000021e-47
8.362500000000000000e+01 2.304780000000000206e-47
8.375000000000000000e+01 2.298840000000000184e-47
8.387500000000000000e+01 2.293100000000000015e-47
8.400000000000000000e+01 2.288070000000000055e-47
8.412500000000000000e+01 2.282719999999999844e-47
8.425000000000000000e+01 2.277310000000000163e-47
8.437500000000000000e+01 2.271930000000000217e-47
8.450000000000000000e+01 2.267149999999999831e-47
8.462500000000000000e+01 2.261470000000000104e-47
8.475000000000000000e+01 2.256290000000000012e-47
8.487500000000000000e+01 2.251410000000000185e-47
8.500000000000000000e+01 2.248469999999999909e-47
8.512500000000000000e+01 2.245740000000000208e-47
8.525000000000000000e+01 2.241180000000000147e-47
8.537500000000000000e+01 2.235840000000000172e-47
8.550000000000000000e+01 2.230529999999999931e-47
8.562500000000000000e+01 2.225969999999999870e-47
8.575000000000000000e+01 2.221059999999999823e-47
8.587500000000000000e+01 2.215920000000000187e-47
8.600000000000000000e+01 2.210809999999999799e-47
8.612500000000000000e+01 2.205730000000000119e-47
8.625000000000000000e+01 2.200720000000000145e-47
8.637500000000000000e+01 2.195830000000000083e-47
8.650000000000000000e+01 2.190979999999999991e-47
8.662500000000000000e+01 2.186160000000000121e-47
8.675000000000000000e+01 2.181509999999999883e-47
8.687500000000000000e+01 2.177049999999999991e-47
8.700000000000000000e+01 2.173409999999999985e-47
8.712500000000000000e+01 2.169489999999999941e-47
8.725000000000000000e+01 2.166360000000000048e-47
8.737500000000000000e+01 2.164070000000000025e-47
8.750000000000000000e+01 2.159139999999999992e-47
8.762500000000000000e+01 2.154609999999999909e-47
8.775000000000000000e+01 2.150420000000000062e-47
8.787500000000000000e+01 2.145850000000000009e-47
8.800000000000000000e+01 2.141080000000000102e-47
8.812500000000000000e+01 2.136470000000000077e-47
8.825000000000000000e+01 2.131180000000000065e-47
8.837500000000000000e+01 2.126409999999999915e-47
8.850000000000000000e+01 2.122059999999999943e-47
8.862500000000000000e+01 2.117580000000000066e-47
8.875000000000000000e+01 2.113300000000000043e-47
8.887500000000000000e+01 2.109179999999999903e-47
8.900000000000000000e+01 2.104910000000000115e-47
8.912500000000000000e+01 2.100680000000000056e-47
8.925000000000000000e+01 2.095809999999999979e-47
8.937500000000000000e+01 2.090670000000000100e-47
8.950000000000000000e+01 2.086289999999999907e-47
8.962500000000000000e+01 2.083040000000000101e-47
8.975000000000000000e+01 2.079440000000000065e-47
8.987500000000000000e+01 2.075410000000000102e-47
9.000000000000000000e+01 2.071150000000000064e-47
9.012500000000000000e+01 2.067540000000000036e-47
9.025000000000000000e+01 2.064220000000000039e-47
9.037500000000000000e+01 2.060150000000000105e-47
9.050000000000000000e+01 2.056940000000000027e-47
9.062500000000000000e+01 2.055009999999999983e-47
9.075000000000000000e+01 2.051119999999999917e-47
9.087500000000000000e+01 2.048819999999999901e-47
9.100000000000000000e+01 2.045429999999999955e-47
9.112500000000000000e+01 2.042640000000000055e-47
9.125000000000000000e+01 2.041189999999999902e-47
9.137500000000000000e+01 2.039099999999999975e-47
9.150000000000000000e+01 2.035459999999999969e-47
9.162500000000000000e+01 2.032519999999999936e-47
9.175000000000000000e+01 2.029360000000000065e-47
9.187500000000000000e+01 2.025229999999999931e-47
9.200000000000000000e+01 2.021169999999999990e-47
9.212500000000000000e+01 2.018289999999999913e-47
9.225000000000000000e+01 2.015189999999999998e-47
9.237500000000000000e+01 2.011720000000000110e-47
9.250000000000000000e+01 2.009589999999999969e-47
9.262500000000000000e+01 2.007649999999999933e-47
9.275000000000000000e+01 2.004989999999999938e-47
9.287500000000000000e+01 2.002619999999999973e-47
9.300000000000000000e+01 2.000890000000000026e-47
9.312500000000000000e+01 1.998170000000000075e-47
9.325000000000000000e+01 1.995299999999999990e-47
9.337500000000000000e+01 1.993550000000000058e-47
9.350000000000000000e+01 1.991439999999999902e-47
9.362500000000000000e+01 1.988880000000000077e-47
9.375000000000000000e+01 1.985679999999999992e-47
9.387500000000000000e+01 1.983970000000000030e-47
9.400000000000000000e+01 1.981499999999999895e-47
9.412500000000000000e+01 1.978779999999999944e-47
9.425000000000000000e+01 1.975320000000000049e-47
9.437500000000000000e+01 1.971889999999999889e-47
9.450000000000000000e+01 1.968469999999999965e-47
9.462500000000000000e+01 1.965080000000000019e-47
9.475000000000000000e+01 1.961700000000000065e-47
9.487500000000000000e+01 1.958350000000000090e-47
9.500000000000000000e+01 1.955010000000000107e-47
9.512500000000000000e+01 1.951690000000000109e-47
9.525000000000000000e+01 1.948450000000000053e-47
9.537500000000000000e+01 1.945180000000000019e-47
9.550000000000000000e+01 1.941919999999999977e-47
9.562500000000000000e+01 1.938679999999999921e-47
9.575000000000000000e+01 1.935460000000000093e-47
9.587500000000000000e+01 1.933790000000000102e-47
9.600000000000000000e+01 1.931860000000000058e-47
9.612500000000000000e+01 1.928790000000000120e-47
9.625000000000000000e+01 1.925759999999999910e-47
9.637500000000000000e+01 1.922719999999999951e-47
9.650000000000000000e+01 1.919709999999999969e-47
9.662500000000000000e+01 1.916719999999999973e-47
9.675000000000000000e+01 1.913729999999999976e-47
9.687500000000000000e+01 1.910690000000000017e-47
9.700000000000000000e+01 1.907670000000000042e-47
9.712500000000000000e+01 1.904670000000000053e-47
9.725000000000000000e+01 1.901680000000000057e-47
9.737500000000000000e+01 1.898720000000000039e-47
9.750000000000000000e+01 1.896410000000000030e-47
9.762500000000000000e+01 1.893169999999999974e-47
9.775000000000000000e+01 1.890309999999999882e-47
9.787500000000000000e+01 1.887879999999999962e-47
9.800000000000000000e+01 1.884750000000000068e-47
9.812500000000000000e+01 1.881889999999999976e-47
9.825000000000000000e+01 1.879470000000000049e-47
9.837500000000000000e+01 1.876870000000000010e-47
9.850000000000000000e+01 1.874740000000000112e-47
9.862500000000000000e+01 1.872190000000000036e-47
9.875000000000000000e+01 1.869190000000000047e-47
9.887500000000000000e+01 1.866440000000000118e-47
9.900000000000000000e+01 1.863699999999999939e-47
9.912500000000000000e+01 1.861059999999999929e-47
9.925000000000000000e+01 1.858960000000000010e-47
9.937500000000000000e+01 1.855689999999999975e-47
9.950000000000000000e+01 1.853059999999999958e-47
9.962500000000000000e+01 1.850499999999999890e-47
9.975000000000000000e+01 1.847660000000000027e-47
9.987500000000000000e+01 1.843910000000000101e-47
1.000000000000000000e+02 1.841320000000000055e-47
1.001250000000000000e+02 1.838740000000000001e-47
1.002500000000000000e+02 1.836179999999999933e-47
1.003750000000000000e+02 1.833640000000000093e-47
1.005000000000000000e+02 1.831229999999999915e-47
1.006250000000000000e+02 1.828720000000000053e-47
1.007500000000000000e+02 1.826229999999999933e-47
1.008750000000000000e+02 1.823750000000000049e-47
1.010000000000000000e+02 1.821289999999999907e-47
1.011250000000000000e+02 1.818840000000000001e-47
1.012500000000000000e+02 1.816420000000000073e-47
1.013750000000000000e+02 1.814009999999999895e-47
1.015000000000000000e+02 1.811609999999999953e-47
1.016250000000000000e+02 1.810820000000000045e-47
1.017500000000000000e+02 1.808609999999999964e-47
1.018750000000000000e+02 1.805410000000000121e-47
1.020000000000000000e+02 1.802200000000000043e-47
1.021250000000000000e+02 1.799880000000000042e-47
1.022500000000000000e+02 1.797590000000000019e-47
1.023750000000000000e+02 1.795309999999999988e-47
1.025000000000000000e+02 1.793039999999999950e-47
1.026250000000000000e+02 1.790789999999999898e-47
1.027500000000000000e+02 1.788560000000000074e-47
1.028750000000000000e+02 1.786339999999999999e-47
1.030000000000000000e+02 1.784139999999999910e-47
1.031250000000000000e+02 1.781960000000000049e-47
1.032500000000000000e+02 1.779789999999999938e-47
1.033750000000000000e+02 1.777739999999999982e-47
1.035000000000000000e+02 1.776189999999999903e-47
1.036250000000000000e+02 1.774290000000000080e-47
1.037500000000000000e+02 1.772419999999999992e-47
1.038750000000000000e+02 1.770320000000000073e-47
1.040000000000000000e+02 1.768249999999999888e-47
1.041250000000000000e+02 1.766189999999999939e-47
1.042500000000000000e+02 1.764139999999999983e-47
1.043750000000000000e+02 1.762129999999999998e-47
1.045000000000000000e+02 1.760589999999999911e-47
1.046250000000000000e+02 1.759149999999999994e-47
1.047500000000000000e+02 1.757609999999999908e-47
1.048750000000000000e+02 1.756179999999999984e-47
1.050000000000000000e+02 1.754790000000000030e-47
1.051250000000000000e+02 1.753430000000000054e-47
1.052500000000000000e+02 1.752060000000000086e-47
1.053750000000000000e+02 1.750710000000000103e-47
1.055000000000000000e+02 1.749269999999999943e-47
1.056250000000000000e+02 1.747549999999999988e-47
1.057500000000000000e+02 1.746289999999999940e-47
1.058750000000000000e+02 1.745239999999999980e-47
1.060000000000000000e+02 1.744229999999999991e-47
1.061250000000000000e+02 1.742550000000000007e-47
1.062500000000000000e+02 1.741299999999999951e-47
1.063750000000000000e+02 1.740029999999999909e-47
1.065000000000000000e+02 1.738540000000000029e-47
1.066250000000000000e+02 1.736860000000000045e-47
1.067500000000000000e+02 1.735190000000000053e-47
1.068750000000000000e+02 1.733530000000000055e-47
1.070000000000000000e+02 1.731890000000000041e-47
1.071250000000000000e+02 1.730270000000000013e-47
1.072500000000000000e+02 1.728689999999999956e-47
1.073750000000000000e+02 1.727200000000000075e-47
1.075000000000000000e+02 1.726240000000000050e-47
1.076250000000000000e+02 1.725620000000000018e-47
1.077500000000000000e+02 1.728459999999999881e-47
1.078750000000000000e+02 1.727540000000000069e-47
1.080000000000000000e+02 1.726600000000000029e-47
1.081250000000000000e+02 1.725669999999999981e-47
1.082500000000000000e+02 1.724779999999999904e-47
1.083750000000000000e+02 1.723570000000000062e-47
1.085000000000000000e+02 1.722970000000000016e-47
1.086250000000000000e+02 1.722109999999999917e-47
1.087500000000000000e+02 1.721240000000000068e-47
1.088750000000000000e+02 1.714719999999999985e-47
1.090000000000000000e+02 1.713950000000000063e-47
1.091250000000000000e+02 1.713169999999999906e-47
1.092500000000000000e+02 1.712389999999999991e-47
1.093750000000000000e+02 1.711610000000000077e-47
1.095000000000000000e+02 1.710079999999999983e-47
1.096250000000000000e+02 1.708300000000000072e-47
1.097500000000000000e+02 1.706700000000000029e-47
1.098750000000000000e+02 1.704579999999999881e-47
1.100000000000000000e+02 1.702390000000000028e-47
1.101250000000000000e+02 1.700239999999999902e-47
1.102500000000000000e+02 1.698129999999999990e-47
1.103750000000000000e+02 1.695619999999999885e-47
1.105000000000000000e+02 1.692889999999999941e-47
1.106250000000000000e+02 1.691579999999999929e-47
1.107500000000000000e+02 1.690400000000000065e-47
1.108750000000000000e+02 1.689239999999999942e-47
1.110000000000000000e+02 1.688090000000000056e-47
1.111250000000000000e+02 1.686889999999999963e-47
1.112500000000000000e+02 1.684349999999999880e-47
1.113750000000000000e+02 1.681879999999999989e-47
1.115000000000000000e+02 1.680520000000000013e-47
1.116250000000000000e+02 1.679420000000000090e-47
1.117500000000000000e+02 1.678349999999999902e-47
1.118750000000000000e+02 1.677289999999999950e-47
1.120000000000000000e+02 1.676239999999999990e-47
1.121250000000000000e+02 1.675210000000000016e-47
1.122500000000000000e+02 1.673909999999999996e-47
1.123750000000000000e+02 1.673069999999999883e-47
1.125000000000000000e+02 1.672190000000000042e-47
1.126250000000000000e+02 1.671210000000000031e-47
1.127500000000000000e+02 1.670240000000000012e-47
1.128750000000000000e+02 1.669289999999999979e-47
1.130000000000000000e+02 1.668349999999999939e-47
1.131250000000000000e+02 1.667039999999999927e-47
1.132500000000000000e+02 1.666210000000000049e-47
1.133750000000000000e+02 1.665379999999999928e-47
1.135000000000000000e+02 1.664560000000000043e-47
1.136250000000000000e+02 1.663749999999999907e-47
1.137500000000000000e+02 1.662950000000000007e-47
1.138750000000000000e+02 1.662109999999999894e-47
1.140000000000000000e+02 1.661270000000000023e-47
1.141250000000000000e+02 1.660319999999999990e-47
1.142500000000000000e+02 1.659570000000000054e-47
1.143750000000000000e+02 1.658490000000000116e-47
1.145000000000000000e+02 1.657500000000000113e-47
1.146250000000000000e+02 1.656540000000000087e-47
1.147500000000000000e+02 1.655819999999999885e-47
1.148750000000000000e+02 1.655069999999999949e-47
1.150000000000000000e+02 1.653510000000000120e-47
1.151250000000000000e+02 1.652759999999999940e-47
1.152500000000000000e+02 1.652029999999999989e-47
1.153750000000000000e+02 1.651310000000000031e-47
1.155000000000000000e+02 1.649389999999999979e-47
1.156250000000000000e+02 1.648529999999999880e-47
1.157500000000000000e+02 1.646809999999999926e-47
1.158750000000000000e+02 1.646030000000000011e-47
1.160000000000000000e+02 1.645320000000000045e-47
1.161250000000000000e+02 1.644610000000000080e-47
1.162500000000000000e+02 1.643910000000000106e-47
1.163750000000000000e+02 1.642260000000000100e-47
1.165000000000000000e+02 1.641479999999999943e-47
1.166250000000000000e+02 1.640739999999999999e-47
1.167500000000000000e+02 1.639970000000000077e-47
1.168750000000000000e+02 1.639229999999999890e-47
1.170000000000000000e+02 1.638489999999999947e-47
1.171250000000000000e+02 1.637750000000000003e-47
1.172500000000000000e+02 1.636889999999999904e-47
1.173750000000000000e+02 1.635430000000000002e-47
1.175000000000000000e+02 1.634630000000000102e-47
1.176250000000000000e+02 1.633650000000000091e-47
1.177500000000000000e+02 1.632849999999999948e-47
1.178750000000000000e+02 1.631090000000000022e-47
1.180000000000000000e+02 1.630450000000000005e-47
1.181250000000000000e+02 1.628579999999999917e-47
1.182500000000000000e+02 1.627330000000000104e-47
1.183750000000000000e+02 1.626440000000000027e-47
1.185000000000000000e+02 1.625740000000000054e-47
1.186250000000000000e+02 1.624279999999999909e-47
1.187500000000000000e+02 1.621929999999999930e-47
1.188750000000000000e+02 1.620229999999999960e-47
1.190000000000000000e+02 1.618669999999999888e-47
1.191250000000000000e+02 1.617349999999999883e-47
1.192500000000000000e+02 1.616370000000000115e-47
1.193750000000000000e+02 1.615319999999999912e-47
1.195000000000000000e+02 1.613800000000000054e-47
1.196250000000000000e+02 1.612430000000000086e-47
1.197500000000000000e+02 1.611379999999999883e-47
1.198750000000000000e+02 1.610659999999999925e-47
1.200000000000000000e+02 1.609569999999999994e-47
1.201250000000000000e+02 1.608800000000000073e-47
1.202500000000000000e+02 1.607830000000000054e-47
1.203750000000000000e+02 1.607130000000000081e-47
1.205000000000000000e+02 1.606480000000000071e-47
1.206250000000000000e+02 1.605729999999999892e-47
1.207500000000000000e+02 1.604969999999999963e-47
1.208750000000000000e+02 1.603969999999999966e-47
1.210000000000000000e+02 1.602840000000000065e-47
1.211250000000000000e+02 1.601749999999999892e-47
1.212500000000000000e+02 1.600939999999999999e-47
1.213750000000000000e+02 1.600130000000000107e-47
1.215000000000000000e+02 1.599329999999999964e-47
1.216250000000000000e+02 1.598520000000000071e-47
1.217500000000000000e+02 1.597729999999999921e-47
1.218750000000000000e+02 1.596969999999999992e-47
1.220000000000000000e+02 1.596210000000000063e-47
1.221250000000000000e+02 1.595490000000000104e-47
1.222500000000000000e+02 1.594820000000000109e-47
1.223750000000000000e+02 1.594079999999999922e-47
1.225000000000000000e+02 1.593190000000000089e-47
1.226250000000000000e+02 1.592439999999999909e-47
1.227500000000000000e+02 1.591689999999999973e-47
1.228750000000000000e+02 1.590960000000000021e-47
1.230000000000000000e+02 1.590180000000000107e-47
1.231250000000000000e+02 1.589429999999999927e-47
1.232500000000000000e+02 1.588679999999999991e-47
1.233750000000000000e+02 1.587930000000000054e-47
1.235000000000000000e+02 1.587180000000000118e-47
1.236250000000000000e+02 1.586429999999999938e-47
1.237500000000000000e+02 1.585680000000000002e-47
1.238750000000000000e+02 1.584930000000000065e-47
1.240000000000000000e+02 1.584179999999999886e-47
1.241250000000000000e+02 1.583429999999999949e-47
1.242500000000000000e+02 1.582690000000000006e-47
1.243750000000000000e+02 1.581940000000000069e-47
1.245000000000000000e+02 1.581199999999999882e-47
1.246250000000000000e+02 1.580449999999999946e-47
1.247500000000000000e+02 1.579710000000000002e-47
1.248750000000000000e+02 1.578960000000000065e-47
1.250000000000000000e+02 1.578219999999999879e-47
1.251250000000000000e+02 1.577479999999999935e-47
1.252500000000000000e+02 1.576729999999999998e-47
1.253750000000000000e+02 1.575990000000000054e-47
1.255000000000000000e+02 1.575250000000000111e-47
1.256250000000000000e+02 1.574509999999999924e-47
1.257500000000000000e+02 1.573769999999999980e-47
1.258750000000000000e+02 1.573020000000000043e-47
1.260000000000000000e+02 1.572310000000000078e-47
1.261250000000000000e+02 1.571700000000000039e-47
1.262500000000000000e+02 1.571109999999999985e-47
1.263750000000000000e+02 1.570479999999999960e-47
1.265000000000000000e+02 1.569889999999999907e-47
1.266250000000000000e+02 1.569330000000000074e-47
1.267500000000000000e+02 1.568700000000000050e-47
1.268750000000000000e+02 1.568090000000000011e-47
1.270000000000000000e+02 1.567199999999999934e-47
1.271250000000000000e+02 1.565780000000000002e-47
1.272500000000000000e+02 1.564909999999999910e-47
1.273750000000000000e+02 1.564179999999999959e-47
1.275000000000000000e+02 1.563440000000000015e-47
1.276250000000000000e+02 1.562629999999999880e-47
1.277500000000000000e+02 1.561949999999999892e-47
1.278750000000000000e+02 1.561239999999999926e-47
1.280000000000000000e+02 1.560470000000000004e-47
1.281250000000000000e+02 1.559629999999999891e-47
1.282500000000000000e+02 1.558819999999999998e-47
1.283750000000000000e+02 1.558219999999999952e-47
1.285000000000000000e+02 1.557579999999999935e-47
1.286250000000000000e+02 1.556849999999999984e-47
1.287500000000000000e+02 1.556120000000000033e-47
1.288750000000000000e+02 1.555390000000000081e-47
1.290000000000000000e+02 1.554490000000000012e-47
1.291250000000000000e+02 1.553720000000000090e-47
1.292500000000000000e+02 1.553060000000000088e-47
1.293750000000000000e+02 1.552239999999999959e-47
1.295000000000000000e+02 1.551420000000000074e-47
1.296250000000000000e+02 1.550700000000000116e-47
1.297500000000000000e+02 1.549979999999999914e-47
1.298750000000000000e+02 1.549249999999999963e-47
1.300000000000000000e+02 1.548530000000000005e-47
1.301250000000000000e+02 1.547710000000000119e-47
1.302500000000000000e+02 1.546720000000000116e-47
1.303750000000000000e+02 1.545999999999999914e-47
1.305000000000000000e+02 1.545279999999999956e-47
1.306250000000000000e+02 1.544070000000000113e-47
1.307500000000000000e+02 1.542840000000000042e-47
1.308750000000000000e+02 1.541629999999999957e-47
1.310000000000000000e+02 1.541019999999999918e-47
1.311250000000000000e+02 1.540279999999999974e-47
1.312500000000000000e+02 1.539369999999999912e-47
1.313750000000000000e+02 1.538480000000000078e-47
1.315000000000000000e+02 1.537820000000000076e-47
1.316250000000000000e+02 1.537170000000000066e-47
1.317500000000000000e+02 1.536510000000000063e-47
1.318750000000000000e+02 1.535890000000000032e-47
1.320000000000000000e+02 1.535240000000000022e-47
1.321250000000000000e+02 1.534590000000000012e-47
1.322500000000000000e+02 1.533830000000000083e-47
1.323750000000000000e+02 1.533009999999999955e-47
1.325000000000000000e+02 1.531920000000000024e-47
1.326250000000000000e+02 1.531230000000000044e-47
1.327500000000000000e+02 1.530190000000000077e-47
1.328750000000000000e+02 1.529309999999999993e-47
1.330000000000000000e+02 1.528560000000000056e-47
1.331250000000000000e+02 1.527699999999999957e-47
1.332500000000000000e+02 1.527069999999999933e-47
1.333750000000000000e+02 1.526399999999999938e-47
1.335000000000000000e+02 1.525640000000000008e-47
1.336250000000000000e+02 1.524779999999999909e-47
1.337500000000000000e+02 1.523789999999999906e-47
1.338750000000000000e+02 1.522739999999999946e-47
1.340000000000000000e+02 1.521739999999999950e-47
1.341250000000000000e+02 1.520640000000000027e-47
1.342500000000000000e+02 1.519530000000000111e-47
1.343750000000000000e+02 1.518749999999999953e-47
1.345000000000000000e+02 1.517479999999999912e-47
1.346250000000000000e+02 1.516540000000000115e-47
1.347500000000000000e+02 1.515670000000000023e-47
1.348750000000000000e+02 1.514469999999999930e-47
1.350000000000000000e+02 1.513719999999999994e-47
1.351250000000000000e+02 1.512809999999999932e-47
1.352500000000000000e+02 1.512000000000000039e-47
1.353750000000000000e+02 1.511380000000000007e-47
1.355000000000000000e+02 1.510670000000000042e-47
1.356250000000000000e+02 1.509570000000000118e-47
1.357500000000000000e+02 1.508630000000000078e-47
1.358750000000000000e+02 1.507899999999999884e-47
1.360000000000000000e+02 1.507179999999999925e-47
1.361250000000000000e+02 1.506419999999999996e-47
1.362500000000000000e+02 1.505549999999999905e-47
1.363750000000000000e+02 1.504620000000000100e-47
1.365000000000000000e+02 1.503519999999999934e-47
1.366250000000000000e+02 1.502569999999999901e-47
1.367500000000000000e+02 1.501770000000000001e-47
1.368750000000000000e+02 1.500740000000000027e-47
1.370000000000000000e+02 1.499579999999999905e-47
1.371250000000000000e+02 1.498569999999999916e-47
1.372500000000000000e+02 1.497980000000000105e-47
1.373750000000000000e+02 1.497120000000000006e-47
1.375000000000000000e+02 1.496279999999999893e-47
1.376250000000000000e+02 1.495430000000000029e-47
1.377500000000000000e+02 1.494650000000000115e-47
1.378750000000000000e+02 1.493690000000000089e-47
1.380000000000000000e+02 1.493229999999999940e-47
1.381250000000000000e+02 1.492519999999999974e-47
1.382500000000000000e+02 1.491790000000000023e-47
1.383750000000000000e+02 1.491080000000000058e-47
1.385000000000000000e+02 1.490380000000000084e-47
1.386250000000000000e+02 1.489680000000000111e-47
1.387500000000000000e+02 1.488750000000000064e-47
1.388750000000000000e+02 1.488189999999999988e-47
1.390000000000000000e+02 1.487589999999999942e-47
1.391250000000000000e+02 1.486889999999999968e-47
1.392500000000000000e+02 1.486249999999999951e-47
1.393750000000000000e+02 1.485450000000000051e-47
1.395000000000000000e+02 1.484339999999999893e-47
1.396250000000000000e+02 1.483349999999999889e-47
1.397500000000000000e+02 1.482470000000000048e-47
1.398750000000000000e+02 1.481490000000000037e-47
1.400000000000000000e+02 1.480899999999999983e-47
1.401250000000000000e+02 1.480229999999999988e-47
1.402500000000000000e+02 1.479559999999999993e-47
1.403750000000000000e+02 1.478840000000000034e-47
1.405000000000000000e+02 1.478180000000000032e-47
1.406250000000000000e+02 1.477609999999999964e-47
1.407500000000000000e+02 1.476989999999999932e-47
1.408750000000000000e+02 1.476299999999999951e-47
1.410000000000000000e+02 1.475560000000000008e-47
1.411250000000000000e+02 1.474399999999999885e-47
1.412500000000000000e+02 1.473639999999999956e-47
1.413750000000000000e+02 1.472979999999999954e-47
1.415000000000000000e+02 1.472309999999999959e-47
1.416250000000000000e+02 1.471699999999999920e-47
1.417500000000000000e+02 1.470949999999999983e-47
1.418750000000000000e+02 1.470180000000000061e-47
1.420000000000000000e+02 1.469500000000000074e-47
1.421250000000000000e+02 1.468820000000000086e-47
1.422500000000000000e+02 1.468089999999999892e-47
1.423750000000000000e+02 1.467570000000000030e-47
1.425000000000000000e+02 1.466989999999999969e-47
1.426250000000000000e+02 1.466329999999999966e-47
1.427500000000000000e+02 1.465600000000000015e-47
1.428750000000000000e+02 1.464999999999999969e-47
1.430000000000000000e+02 1.464349999999999959e-47
1.431250000000000000e+02 1.463530000000000074e-47
1.432500000000000000e+02 1.462870000000000071e-47
1.433750000000000000e+02 1.462200000000000076e-47
1.435000000000000000e+02 1.461359999999999962e-47
1.436250000000000000e+02 1.460349999999999973e-47
1.437500000000000000e+02 1.459699999999999964e-47
1.438750000000000000e+02 1.459019999999999976e-47
1.440000000000000000e+02 1.458099999999999921e-47
1.441250000000000000e+02 1.457149999999999888e-47
1.442500000000000000e+02 1.456349999999999988e-47
1.443750000000000000e+02 1.455379999999999970e-47
1.445000000000000000e+02 1.454510000000000121e-47
1.446250000000000000e+02 1.453769999999999934e-47
1.447500000000000000e+02 1.453039999999999983e-47
1.448750000000000000e+02 1.452290000000000047e-47
1.450000000000000000e+02 1.451680000000000008e-47
1.451250000000000000e+02 1.451069999999999969e-47
1.452500000000000000e+02 1.450260000000000076e-47
1.453750000000000000e+02 1.449449999999999941e-47
1.455000000000000000e+02 1.448640000000000048e-47
1.456250000000000000e+02 1.448020000000000016e-47
1.457500000000000000e+02 1.447209999999999881e-47
1.458750000000000000e+02 1.446560000000000114e-47
1.460000000000000000e+02 1.445890000000000119e-47
1.461250000000000000e+02 1.445149999999999932e-47
1.462500000000000000e+02 1.444390000000000003e-47
1.463750000000000000e+02 1.443749999999999986e-47
1.465000000000000000e+02 1.442950000000000086e-47
1.466250000000000000e+02 1.442260000000000106e-47
1.467500000000000000e+02 1.441489999999999941e-47
1.468750000000000000e+02 1.440869999999999909e-47
1.470000000000000000e+02 1.440060000000000016e-47
1.471250000000000000e+02 1.439360000000000043e-47
1.472500000000000000e+02 1.438549999999999908e-47
1.473750000000000000e+02 1.437869999999999920e-47
1.475000000000000000e+02 1.437239999999999895e-47
1.476250000000000000e+02 1.436509999999999944e-47
1.477500000000000000e+02 1.435839999999999949e-47
1.478750000000000000e+02 1.435259999999999888e-47
1.480000000000000000e+02 1.434479999999999974e-47
1.481250000000000000e+02 1.433650000000000096e-47
1.482500000000000000e+02 1.432760000000000019e-47
1.483750000000000000e+02 1.432020000000000075e-47
1.485000000000000000e+02 1.431340000000000087e-47
1.486250000000000000e+02 1.430650000000000107e-47
1.487500000000000000e+02 1.429939999999999898e-47
1.488750000000000000e+02 1.429040000000000071e-47
1.490000000000000000e+02 1.428289999999999892e-47
1.491250000000000000e+02 1.427529999999999963e-47
1.492500000000000000e+02 1.426559999999999944e-47
1.493750000000000000e+02 1.425639999999999889e-47
1.495000000000000000e+02 1.425000000000000115e-47
1.496250000000000000e+02 1.424150000000000009e-47
1.497500000000000000e+02 1.423519999999999985e-47
1.498750000000000000e+02 1.422680000000000114e-47
1.500000000000000000e+02 1.421830000000000008e-47
1.501250000000000000e+02 1.421020000000000115e-47
1.502500000000000000e+02 1.420020000000000119e-47
1.503750000000000000e+02 1.419390000000000095e-47
1.505000000000000000e+02 1.418659999999999900e-47
1.506250000000000000e+02 1.417629999999999926e-47
1.507500000000000000e+02 1.416380000000000113e-47
1.508750000000000000e+02 1.415319999999999918e-47
1.510000000000000000e+02 1.414349999999999899e-47
1.511250000000000000e+02 1.413259999999999969e-47
1.512500000000000000e+02 1.412299999999999943e-47
1.513750000000000000e+02 1.411480000000000058e-47
1.515000000000000000e+02 1.410520000000000032e-47
1.516250000000000000e+02 1.409639999999999948e-47
1.517500000000000000e+02 1.408820000000000063e-47
1.518750000000000000e+02 1.407850000000000045e-47
1.520000000000000000e+02 1.407019999999999924e-47
1.521250000000000000e+02 1.406259999999999995e-47
1.522500000000000000e+02 1.405279999999999984e-47
1.523750000000000000e+02 1.404510000000000062e-47
1.525000000000000000e+02 1.404019999999999935e-47
1.526250000000000000e+02 1.403510000000000065e-47
1.527500000000000000e+02 1.402759999999999886e-47
1.528750000000000000e+02 1.401989999999999964e-47
1.530000000000000000e+02 1.401160000000000086e-47
1.531250000000000000e+02 1.400379999999999929e-47
1.532500000000000000e+02 1.399369999999999940e-47
1.533750000000000000e+02 1.398290000000000002e-47
1.535000000000000000e+02 1.397319999999999984e-47
1.536250000000000000e+02 1.396429999999999907e-47
1.537500000000000000e+02 1.395789999999999890e-47
1.538750000000000000e+02 1.395220000000000064e-47
1.540000000000000000e+02 1.394540000000000077e-47
1.541250000000000000e+02 1.393870000000000081e-47
1.542500000000000000e+02 1.392980000000000004e-47
1.543750000000000000e+02 1.392180000000000105e-47
1.545000000000000000e+02 1.391439999999999918e-47
1.546250000000000000e+02 1.390739999999999945e-47
1.547500000000000000e+02 1.390039999999999972e-47
1.548750000000000000e+02 1.389339999999999998e-47
1.550000000000000000e+02 1.388640000000000025e-47
1.551250000000000000e+02 1.387940000000000052e-47
1.552500000000000000e+02 1.387250000000000072e-47
1.553750000000000000e+02 1.386550000000000099e-47
1.555000000000000000e+02 1.385849999999999882e-47
1.556250000000000000e+02 1.385149999999999909e-47
1.557500000000000000e+02 1.384459999999999929e-47
1.558750000000000000e+02 1.383759999999999956e-47
1.560000000000000000e+02 1.383069999999999975e-47
1.561250000000000000e+02 1.382370000000000002e-47
1.562500000000000000e+02 1.381680000000000022e-47
1.563750000000000000e+02 1.380809999999999930e-47
1.565000000000000000e+02 1.379729999999999992e-47
1.566250000000000000e+02 1.378660000000000047e-47
1.567500000000000000e+02 1.377910000000000111e-47
1.568750000000000000e+02 1.377229999999999880e-47
1.570000000000000000e+02 1.376549999999999892e-47
1.571250000000000000e+02 1.375879999999999897e-47
1.572500000000000000e+02 1.375199999999999909e-47
1.573750000000000000e+02 1.374529999999999914e-47
1.575000000000000000e+02 1.373849999999999926e-47
1.576250000000000000e+02 1.373179999999999931e-47
1.577500000000000000e+02 1.372509999999999936e-47
1.578750000000000000e+02 1.371760000000000000e-47
1.580000000000000000e+02 1.371020000000000056e-47
1.581250000000000000e+02 1.370360000000000054e-47
1.582500000000000000e+02 1.369710000000000044e-47
1.583750000000000000e+02 1.369050000000000041e-47
1.585000000000000000e+02 1.368239999999999906e-47
1.586250000000000000e+02 1.367330000000000087e-47
1.587500000000000000e+02 1.366420000000000024e-47
1.588750000000000000e+02 1.365509999999999962e-47
1.590000000000000000e+02 1.364609999999999892e-47
1.591250000000000000e+02 1.363730000000000051e-47
1.592500000000000000e+02 1.362839999999999974e-47
1.593750000000000000e+02 1.362030000000000082e-47
1.595000000000000000e+02 1.361410000000000050e-47
1.596250000000000000e+02 1.360810000000000004e-47
1.597500000000000000e+02 1.360209999999999957e-47
1.598750000000000000e+02 1.359609999999999911e-47
1.600000000000000000e+02 1.359010000000000107e-47
1.601250000000000000e+02 1.358440000000000039e-47
1.602500000000000000e+02 1.357820000000000007e-47
1.603750000000000000e+02 1.357219999999999961e-47
1.605000000000000000e+02 1.356649999999999892e-47
1.606250000000000000e+02 1.356050000000000089e-47
1.607500000000000000e+02 1.355460000000000035e-47
1.608750000000000000e+02 1.354859999999999989e-47
1.610000000000000000e+02 1.354269999999999935e-47
1.611250000000000000e+02 1.353720000000000095e-47
1.612500000000000000e+02 1.353229999999999968e-47
1.613750000000000000e+02 1.352679999999999885e-47
1.615000000000000000e+02 1.352080000000000082e-47
1.616250000000000000e+02 1.351529999999999999e-47
1.617500000000000000e+02 1.350989999999999908e-47
1.618750000000000000e+02 1.350430000000000076e-47
1.620000000000000000e+02 1.349860000000000007e-47
1.621250000000000000e+02 1.349279999999999946e-47
1.622500000000000000e+02 1.348639999999999929e-47
1.623750000000000000e+02 1.347989999999999919e-47
1.625000000000000000e+02 1.347339999999999910e-47
1.626250000000000000e+02 1.346720000000000121e-47
1.627500000000000000e+02 1.346190000000000023e-47
1.628750000000000000e+02 1.345699999999999896e-47
1.630000000000000000e+02 1.345080000000000107e-47
1.631250000000000000e+02 1.344420000000000105e-47
1.632500000000000000e+02 1.343760000000000103e-47
1.633750000000000000e+02 1.343090000000000107e-47
1.635000000000000000e+02 1.342430000000000105e-47
1.636250000000000000e+02 1.341790000000000088e-47
1.637500000000000000e+02 1.341200000000000034e-47
1.638750000000000000e+02 1.340609999999999980e-47
1.640000000000000000e+02 1.340029999999999919e-47
1.641250000000000000e+02 1.339440000000000109e-47
1.642500000000000000e+02 1.338850000000000055e-47
1.643750000000000000e+02 1.338269999999999994e-47
1.645000000000000000e+02 1.337679999999999940e-47
1.646250000000000000e+02 1.337099999999999879e-47
1.647500000000000000e+02 1.336530000000000054e-47
1.648750000000000000e+02 1.335940000000000000e-47
1.650000000000000000e+02 1.335399999999999910e-47
1.651250000000000000e+02 1.334989999999999967e-47
1.652500000000000000e+02 1.334460000000000112e-47
1.653750000000000000e+02 1.333800000000000110e-47
1.655000000000000000e+02 1.333270000000000012e-47
1.656250000000000000e+02 1.332540000000000061e-47
1.657500000000000000e+02 1.331900000000000044e-47
1.658750000000000000e+02 1.331299999999999998e-47
1.660000000000000000e+02 1.330689999999999959e-47
1.661250000000000000e+02 1.330089999999999912e-47
1.662500000000000000e+02 1.329510000000000094e-47
1.663750000000000000e+02 1.328910000000000048e-47
1.665000000000000000e+02 1.327999999999999985e-47
1.666250000000000000e+02 1.326999999999999989e-47
1.667500000000000000e+02 1.326009999999999985e-47
1.668750000000000000e+02 1.325019999999999982e-47
1.670000000000000000e+02 1.324190000000000104e-47
1.671250000000000000e+02 1.323550000000000087e-47
1.672500000000000000e+02 1.322910000000000070e-47
1.673750000000000000e+02 1.322270000000000053e-47
1.675000000000000000e+02 1.321630000000000036e-47
1.676250000000000000e+02 1.321000000000000011e-47
1.677500000000000000e+02 1.320359999999999994e-47
1.678750000000000000e+02 1.319729999999999970e-47
1.680000000000000000e+02 1.319089999999999953e-47
1.681250000000000000e+02 1.318419999999999957e-47
1.682500000000000000e+02 1.317829999999999904e-47
1.683750000000000000e+02 1.317199999999999879e-47
1.685000000000000000e+02 1.316560000000000105e-47
1.686250000000000000e+02 1.315779999999999948e-47
1.687500000000000000e+02 1.314990000000000040e-47
1.688750000000000000e+02 1.314209999999999883e-47
1.690000000000000000e+02 1.313439999999999961e-47
1.691250000000000000e+02 1.312660000000000047e-47
1.692500000000000000e+02 1.311940000000000088e-47
1.693750000000000000e+02 1.311109999999999967e-47
1.695000000000000000e+02 1.310240000000000119e-47
1.696250000000000000e+02 1.309559999999999888e-47
1.697500000000000000e+02 1.308879999999999900e-47
1.698750000000000000e+02 1.308229999999999890e-47
1.700000000000000000e+02 1.307559999999999895e-47
1.701250000000000000e+02 1.306740000000000010e-47
1.702500000000000000e+02 1.305859999999999926e-47
1.703750000000000000e+02 1.305060000000000026e-47
1.705000000000000000e+02 1.304330000000000075e-47
1.706250000000000000e+02 1.303660000000000080e-47
1.707500000000000000e+02 1.303320000000000086e-47
1.708750000000000000e+02 1.303030000000000055e-47
1.710000000000000000e+02 1.302730000000000032e-47
1.711250000000000000e+02 1.302420000000000016e-47
1.712500000000000000e+02 1.301809999999999977e-47
1.713750000000000000e+02 1.301090000000000019e-47
1.715000000000000000e+02 1.300340000000000082e-47
1.716250000000000000e+02 1.299640000000000109e-47
1.717500000000000000e+02 1.298939999999999893e-47
1.718750000000000000e+02 1.298279999999999890e-47
1.720000000000000000e+02 1.297700000000000072e-47
1.721250000000000000e+02 1.297110000000000019e-47
1.722500000000000000e+02 1.296519999999999965e-47
1.723750000000000000e+02 1.295929999999999911e-47
1.725000000000000000e+02 1.295340000000000100e-47
1.726250000000000000e+02 1.294760000000000039e-47
1.727500000000000000e+02 1.294150000000000000e-47
1.728750000000000000e+02 1.293370000000000086e-47
1.730000000000000000e+02 1.292589999999999928e-47
1.731250000000000000e+02 1.291849999999999984e-47
1.732500000000000000e+02 1.291269999999999923e-47
1.733750000000000000e+02 1.290690000000000105e-47
1.735000000000000000e+02 1.290110000000000044e-47
1.736250000000000000e+02 1.289529999999999983e-47
1.737500000000000000e+02 1.288909999999999952e-47
1.738750000000000000e+02 1.288199999999999986e-47
1.740000000000000000e+02 1.287490000000000020e-47
1.741250000000000000e+02 1.286899999999999966e-47
1.742500000000000000e+02 1.286329999999999898e-47
1.743750000000000000e+02 1.285750000000000080e-47
1.745000000000000000e+02 1.285180000000000011e-47
1.746250000000000000e+02 1.284609999999999943e-47
1.747500000000000000e+02 1.284040000000000118e-47
1.748750000000000000e+02 1.283470000000000049e-47
1.750000000000000000e+02 1.282909999999999974e-47
1.751250000000000000e+02 1.282400000000000104e-47
1.752500000000000000e+02 1.281909999999999977e-47
1.753750000000000000e+02 1.281420000000000093e-47
1.755000000000000000e+02 1.280919999999999974e-47
1.756250000000000000e+02 1.280420000000000097e-47
1.757500000000000000e+02 1.279850000000000029e-47
1.758750000000000000e+02 1.279289999999999953e-47
1.760000000000000000e+02 1.278730000000000120e-47
1.761250000000000000e+02 1.278170000000000044e-47
1.762500000000000000e+02 1.277609999999999969e-47
1.763750000000000000e+02 1.277919999999999985e-47
1.765000000000000000e+02 1.276500000000000053e-47
1.766250000000000000e+02 1.275949999999999970e-47
1.767500000000000000e+02 1.275399999999999887e-47
1.768750000000000000e+02 1.274850000000000047e-47
1.770000000000000000e+02 1.274289999999999971e-47
1.771250000000000000e+02 1.273739999999999888e-47
1.772500000000000000e+02 1.273180000000000055e-47
1.773750000000000000e+02 1.272639999999999965e-47
1.775000000000000000e+02 1.273850000000000051e-47
1.776250000000000000e+02 1.273289999999999975e-47
1.777500000000000000e+02 1.272719999999999906e-47
1.778750000000000000e+02 1.272110000000000110e-47
1.780000000000000000e+02 1.271500000000000071e-47
1.781250000000000000e+02 1.270890000000000032e-47
1.782500000000000000e+02 1.268800000000000106e-47
1.783750000000000000e+02 1.268260000000000015e-47
1.785000000000000000e+02 1.267719999999999925e-47
1.786250000000000000e+02 1.267180000000000077e-47
1.787500000000000000e+02 1.266639999999999987e-47
1.788750000000000000e+02 1.266099999999999897e-47
1.790000000000000000e+02 1.265560000000000049e-47
1.791250000000000000e+02 1.265019999999999959e-47
1.792500000000000000e+02 1.264500000000000097e-47
1.793750000000000000e+02 1.263960000000000007e-47
1.795000000000000000e+02 1.263429999999999909e-47
1.796250000000000000e+02 1.262890000000000062e-47
1.797500000000000000e+02 1.262359999999999964e-47
1.798750000000000000e+02 1.261830000000000109e-47
1.800000000000000000e+02 1.805639999999999953e-46
1.801250000000000000e+02 1.260709999999999958e-47
1.802500000000000000e+02 1.260160000000000118e-47
1.803750000000000000e+02 1.259590000000000049e-47
1.805000000000000000e+02 1.259029999999999974e-47
1.806250000000000000e+02 1.258530000000000097e-47
1.807500000000000000e+02 1.258930000000000047e-47
1.808750000000000000e+02 1.258759999999999929e-47
1.810000000000000000e+02 1.258550000000000082e-47
1.811250000000000000e+02 1.258009999999999992e-47
1.812500000000000000e+02 1.257479999999999894e-47
1.813750000000000000e+02 1.256550000000000090e-47
1.815000000000000000e+02 1.254970000000000032e-47
1.816250000000000000e+02 1.254449999999999927e-47
1.817500000000000000e+02 1.253930000000000065e-47
1.818750000000000000e+02 1.253320000000000026e-47
1.820000000000000000e+02 1.252839999999999892e-47
1.821250000000000000e+02 1.252369999999999993e-47
1.822500000000000000e+02 1.251859999999999881e-47
1.823750000000000000e+02 1.251340000000000019e-47
1.825000000000000000e+02 1.250829999999999907e-47
1.826250000000000000e+02 1.250320000000000037e-47
1.827500000000000000e+02 1.249469999999999931e-47
1.828750000000000000e+02 1.248620000000000068e-47
1.830000000000000000e+02 1.247879999999999881e-47
1.831250000000000000e+02 1.247209999999999886e-47
1.832500000000000000e+02 1.246640000000000061e-47
1.833750000000000000e+02 1.246240000000000111e-47
1.835000000000000000e+02 1.245799999999999947e-47
1.836250000000000000e+02 1.245280000000000085e-47
1.837500000000000000e+02 1.245010000000000040e-47
1.838750000000000000e+02 1.244620000000000083e-47
1.840000000000000000e+02 1.244119999999999963e-47
1.841250000000000000e+02 1.243670000000000050e-47
1.842500000000000000e+02 1.243060000000000010e-47
1.843750000000000000e+02 1.242519999999999920e-47
1.845000000000000000e+02 1.242209999999999904e-47
1.846250000000000000e+02 1.241920000000000117e-47
1.847500000000000000e+02 1.241509999999999931e-47
1.848750000000000000e+02 1.241020000000000047e-47
1.850000000000000000e+02 1.240489999999999949e-47
1.851250000000000000e+02 1.239970000000000087e-47
1.852500000000000000e+02 1.239549999999999909e-47
1.853750000000000000e+02 1.239159999999999952e-47
1.855000000000000000e+02 1.238730000000000024e-47
1.856250000000000000e+02 1.238280000000000111e-47
1.857500000000000000e+02 1.237789999999999984e-47
1.858750000000000000e+02 1.237290000000000107e-47
1.860000000000000000e+02 1.236799999999999980e-47
1.861250000000000000e+02 1.236290000000000111e-47
1.862500000000000000e+02 1.235799999999999984e-47
1.863750000000000000e+02 1.235259999999999893e-47
1.865000000000000000e+02 1.234799999999999987e-47
1.866250000000000000e+02 1.234320000000000096e-47
1.867500000000000000e+02 1.233970000000000109e-47
1.868750000000000000e+02 1.233730000000000042e-47
1.870000000000000000e+02 1.233479999999999982e-47
1.871250000000000000e+02 1.233229999999999923e-47
1.872500000000000000e+02 1.232919999999999907e-47
1.873750000000000000e+02 1.232430000000000023e-47
1.875000000000000000e+02 1.231799999999999998e-47
1.876250000000000000e+02 1.231159999999999981e-47
1.877500000000000000e+02 1.230750000000000039e-47
1.878750000000000000e+02 1.230350000000000089e-47
1.880000000000000000e+02 1.229990000000000110e-47
1.881250000000000000e+02 1.229499999999999982e-47
1.882500000000000000e+02 1.229020000000000091e-47
1.883750000000000000e+02 1.228529999999999964e-47
1.885000000000000000e+02 1.228269999999999912e-47
1.886250000000000000e+02 1.228070000000000058e-47
1.887500000000000000e+02 1.227859999999999969e-47
1.888750000000000000e+02 1.227670000000000108e-47
1.890000000000000000e+02 1.227480000000000004e-47
1.891250000000000000e+02 1.227279999999999908e-47
1.892500000000000000e+02 1.227060000000000069e-47
1.893750000000000000e+02 1.226859999999999973e-47
1.895000000000000000e+02 1.226660000000000119e-47
1.896250000000000000e+02 1.226400000000000067e-47
1.897500000000000000e+02 1.225839999999999991e-47
1.898750000000000000e+02 1.225279999999999915e-47
1.900000000000000000e+02 1.224760000000000053e-47
1.901250000000000000e+02 1.224460000000000030e-47
1.902500000000000000e+02 1.224090000000000058e-47
1.903750000000000000e+02 1.223589999999999939e-47
1.905000000000000000e+02 1.223090000000000062e-47
1.906250000000000000e+02 1.222730000000000083e-47
1.907500000000000000e+02 1.222549999999999972e-47
1.908750000000000000e+02 1.222350000000000118e-47
1.910000000000000000e+02 1.221979999999999903e-47
1.911250000000000000e+02 1.221669999999999887e-47
1.912500000000000000e+02 1.221480000000000027e-47
1.913750000000000000e+02 1.221299999999999915e-47
1.915000000000000000e+02 1.221090000000000069e-47
1.916250000000000000e+02 1.220820000000000024e-47
1.917500000000000000e+02 1.220339999999999890e-47
1.918750000000000000e+02 1.219850000000000006e-47
1.920000000000000000e+02 1.219500000000000019e-47
1.921250000000000000e+02 1.219259999999999952e-47
1.922500000000000000e+02 1.219030000000000121e-47
1.923750000000000000e+02 1.218820000000000031e-47
1.925000000000000000e+02 1.218669999999999898e-47
1.926250000000000000e+02 1.218380000000000111e-47
1.927500000000000000e+02 1.218190000000000007e-47
1.928750000000000000e+02 1.217879999999999991e-47
1.930000000000000000e+02 1.217679999999999895e-47
1.931250000000000000e+02 1.217390000000000107e-47
1.932500000000000000e+02 1.217200000000000003e-47
1.933750000000000000e+02 1.216989999999999914e-47
1.935000000000000000e+02 1.216780000000000068e-47
1.936250000000000000e+02 1.216579999999999972e-47
1.937500000000000000e+02 1.216380000000000118e-47
1.938750000000000000e+02 1.216180000000000022e-47
1.940000000000000000e+02 1.215969999999999932e-47
1.941250000000000000e+02 1.215770000000000079e-47
1.942500000000000000e+02 1.215559999999999990e-47
1.943750000000000000e+02 1.215229999999999989e-47
1.945000000000000000e+02 1.214730000000000112e-47
1.946250000000000000e+02 1.214229999999999992e-47
1.947500000000000000e+02 1.213730000000000116e-47
1.948750000000000000e+02 1.213319999999999930e-47
1.950000000000000000e+02 1.213019999999999907e-47
1.951250000000000000e+02 1.212639999999999942e-47
1.952500000000000000e+02 1.212339999999999919e-47
1.953750000000000000e+02 1.211959999999999955e-47
1.955000000000000000e+02 1.211510000000000041e-47
1.956250000000000000e+02 1.211059999999999885e-47
1.957500000000000000e+02 1.210609999999999972e-47
1.958750000000000000e+02 1.210170000000000051e-47
1.960000000000000000e+02 1.209719999999999895e-47
1.961250000000000000e+02 1.209279999999999974e-47
1.962500000000000000e+02 1.208919999999999995e-47
1.963750000000000000e+02 1.208689999999999920e-47
1.965000000000000000e+02 1.208460000000000089e-47
1.966250000000000000e+02 1.208049999999999903e-47
1.967500000000000000e+02 1.207760000000000116e-47
1.968750000000000000e+02 1.207520000000000049e-47
1.970000000000000000e+02 1.207009999999999936e-47
1.971250000000000000e+02 1.206689999999999928e-47
1.972500000000000000e+02 1.206289999999999978e-47
1.973750000000000000e+02 1.206049999999999911e-47
1.975000000000000000e+02 1.205820000000000079e-47
1.976250000000000000e+02 1.205480000000000085e-47
1.977500000000000000e+02 1.205230000000000025e-47
1.978750000000000000e+02 1.204930000000000002e-47
1.980000000000000000e+02 1.204460000000000104e-47
1.981250000000000000e+02 1.204079999999999896e-47
1.982500000000000000e+02 1.203689999999999939e-47
1.983750000000000000e+02 1.203349999999999945e-47
1.985000000000000000e+02 1.202920000000000017e-47
1.986250000000000000e+02 1.202659999999999964e-47
1.987500000000000000e+02 1.202369999999999934e-47
1.988750000000000000e+02 1.202140000000000102e-47
1.990000000000000000e+02 1.201779999999999880e-47
1.991250000000000000e+02 1.201409999999999908e-47
1.992500000000000000e+02 1.201200000000000062e-47
1.993750000000000000e+02 1.201009999999999958e-47
1.995000000000000000e+02 1.200779999999999884e-47
1.996250000000000000e+02 1.200449999999999883e-47
1.997500000000000000e+02 1.200210000000000058e-47
1.998750000000000000e+02 1.199769999999999895e-47
2.000000000000000000e+02 1.199319999999999981e-47
2.001250000000000000e+02 1.198800000000000120e-47
2.002500000000000000e+02 1.198429999999999905e-47
2.003750000000000000e+02 1.198150000000000110e-47
2.005000000000000000e+02 1.197779999999999895e-47
2.006250000000000000e+02 1.197419999999999916e-47
2.007500000000000000e+02 1.197119999999999892e-47
2.008750000000000000e+02 1.196820000000000112e-47
2.010000000000000000e+02 1.196520000000000089e-47
2.011250000000000000e+02 1.196220000000000066e-47
2.012500000000000000e+02 1.195850000000000094e-47
2.013750000000000000e+02 1.195399999999999938e-47
2.015000000000000000e+02 1.194999999999999988e-47
2.016250000000000000e+02 1.194469999999999890e-47
2.017500000000000000e+02 1.194019999999999977e-47
2.018750000000000000e+02 1.193500000000000115e-47
2.020000000000000000e+02 1.192980000000000010e-47
2.021250000000000000e+02 1.192459999999999905e-47
2.022500000000000000e+02 1.192059999999999955e-47
2.023750000000000000e+02 1.191689999999999983e-47
2.025000000000000000e+02 1.191419999999999938e-47
2.026250000000000000e+02 1.190990000000000010e-47
2.027500000000000000e+02 1.190550000000000089e-47
2.028750000000000000e+02 1.190230000000000080e-47
2.030000000000000000e+02 1.190000000000000006e-47
2.031250000000000000e+02 1.189739999999999953e-47
2.032500000000000000e+02 1.189479999999999901e-47
2.033750000000000000e+02 1.189159999999999892e-47
2.035000000000000000e+02 1.188819999999999898e-47
2.036250000000000000e+02 1.188409999999999956e-47
2.037500000000000000e+02 1.188119999999999925e-47
2.038750000000000000e+02 1.187620000000000049e-47
2.040000000000000000e+02 1.187260000000000070e-47
2.041250000000000000e+02 1.186980000000000032e-47
2.042500000000000000e+02 1.186680000000000008e-47
2.043750000000000000e+02 1.186350000000000007e-47
2.045000000000000000e+02 1.186020000000000006e-47
2.046250000000000000e+02 1.185719999999999983e-47
2.047500000000000000e+02 1.185399999999999974e-47
2.048750000000000000e+02 1.185059999999999980e-47
2.050000000000000000e+02 1.184729999999999979e-47
2.051250000000000000e+02 1.184350000000000015e-47
2.052500000000000000e+02 1.183960000000000057e-47
2.053750000000000000e+02 1.183779999999999946e-47
2.055000000000000000e+02 1.183399999999999982e-47
2.056250000000000000e+02 1.182809999999999928e-47
2.057500000000000000e+02 1.182409999999999978e-47
2.058750000000000000e+02 1.182000000000000035e-47
2.060000000000000000e+02 1.181590000000000093e-47
2.061250000000000000e+02 1.181199999999999892e-47
2.062500000000000000e+02 1.180890000000000120e-47
2.063750000000000000e+02 1.180479999999999934e-47
2.065000000000000000e+02 1.180050000000000006e-47
2.066250000000000000e+02 1.179620000000000078e-47
2.067500000000000000e+02 1.179169999999999922e-47
2.068750000000000000e+02 1.178779999999999965e-47
2.070000000000000000e+02 1.178350000000000037e-47
2.071250000000000000e+02 1.178060000000000006e-47
2.072500000000000000e+02 1.177690000000000034e-47
2.073750000000000000e+02 1.177360000000000033e-47
2.075000000000000000e+02 1.177050000000000017e-47
2.076250000000000000e+02 1.176730000000000009e-47
2.077500000000000000e+02 1.176340000000000051e-47
2.078750000000000000e+02 1.175950000000000094e-47
2.080000000000000000e+02 1.175559999999999894e-47
2.081250000000000000e+02 1.175209999999999907e-47
2.082500000000000000e+02 1.174819999999999950e-47
2.083750000000000000e+02 1.174429999999999993e-47
2.085000000000000000e+02 1.174109999999999984e-47
2.086250000000000000e+02 1.173740000000000012e-47
2.087500000000000000e+02 1.173370000000000040e-47
2.088750000000000000e+02 1.173000000000000068e-47
2.090000000000000000e+02 1.172630000000000096e-47
2.091250000000000000e+02 1.172270000000000117e-47
2.092500000000000000e+02 1.171899999999999902e-47
2.093750000000000000e+02 1.171529999999999930e-47
2.095000000000000000e+02 1.171159999999999958e-47
2.096250000000000000e+02 1.170799999999999979e-47
2.097500000000000000e+02 1.170430000000000007e-47
2.098750000000000000e+02 1.170070000000000028e-47
2.100000000000000000e+02 1.169700000000000056e-47
2.101250000000000000e+02 1.169340000000000077e-47
2.102500000000000000e+02 1.168980000000000098e-47
2.103750000000000000e+02 1.168620000000000119e-47
2.105000000000000000e+02 1.168209999999999933e-47
2.106250000000000000e+02 1.167849999999999954e-47
2.107500000000000000e+02 1.167489999999999974e-47
2.108750000000000000e+02 1.167129999999999995e-47
2.110000000000000000e+02 1.166770000000000016e-47
2.111250000000000000e+02 1.166410000000000037e-47
2.112500000000000000e+02 1.166050000000000057e-47
2.113750000000000000e+02 1.165690000000000078e-47
2.115000000000000000e+02 1.165330000000000099e-47
2.116250000000000000e+02 1.164970000000000120e-47
2.117500000000000000e+02 1.164619999999999890e-47
2.118750000000000000e+02 1.164259999999999911e-47
2.120000000000000000e+02 1.163909999999999924e-47
2.121250000000000000e+02 1.163549999999999945e-47
2.122500000000000000e+02 1.163199999999999959e-47
2.123750000000000000e+02 1.162839999999999979e-47
2.125000000000000000e+02 1.162489999999999993e-47
2.126250000000000000e+02 1.162140000000000006e-47
2.127500000000000000e+02 1.161780000000000027e-47
2.128750000000000000e+02 1.161430000000000040e-47
2.130000000000000000e+02 1.161080000000000054e-47
2.131250000000000000e+02 1.160730000000000067e-47
2.132500000000000000e+02 1.160380000000000081e-47
2.133750000000000000e+02 1.160030000000000094e-47
2.135000000000000000e+02 1.159649999999999886e-47
2.136250000000000000e+02 1.159269999999999922e-47
2.137500000000000000e+02 1.158889999999999957e-47
2.138750000000000000e+02 1.158519999999999985e-47
2.140000000000000000e+02 1.158160000000000006e-47
2.141250000000000000e+02 1.157849999999999990e-47
2.142500000000000000e+02 1.157519999999999989e-47
2.143750000000000000e+02 1.157130000000000032e-47
2.145000000000000000e+02 1.156730000000000082e-47
2.146250000000000000e+02 1.156339999999999882e-47
2.147500000000000000e+02 1.155889999999999968e-47
2.148750000000000000e+02 1.155350000000000121e-47
2.150000000000000000e+02 1.154810000000000031e-47
2.151250000000000000e+02 1.154299999999999918e-47
2.152500000000000000e+02 1.153760000000000071e-47
2.153750000000000000e+02 1.153249999999999959e-47
2.155000000000000000e+02 1.152700000000000119e-47
2.156250000000000000e+02 1.152309999999999918e-47
2.157500000000000000e+02 1.151969999999999924e-47
2.158750000000000000e+02 1.151629999999999931e-47
2.160000000000000000e+02 1.151289999999999937e-47
2.161250000000000000e+02 1.150949999999999943e-47
2.162500000000000000e+02 1.150619999999999942e-47
2.163750000000000000e+02 1.150279999999999948e-47
2.165000000000000000e+02 1.150050000000000116e-47
2.166250000000000000e+02 1.149810000000000049e-47
2.167500000000000000e+02 1.149430000000000084e-47
2.168750000000000000e+02 1.149039999999999884e-47
2.170000000000000000e+02 1.148639999999999934e-47
2.171250000000000000e+02 1.148279999999999955e-47
2.172500000000000000e+02 1.147949999999999954e-47
2.173750000000000000e+02 1.147609999999999960e-47
2.175000000000000000e+02 1.147279999999999959e-47
2.176250000000000000e+02 1.146949999999999957e-47
2.177500000000000000e+02 1.146619999999999956e-47
2.178750000000000000e+02 1.146289999999999955e-47
2.180000000000000000e+02 1.145959999999999954e-47
2.181250000000000000e+02 1.145629999999999953e-47
2.182500000000000000e+02 1.145289999999999959e-47
2.183750000000000000e+02 1.144979999999999943e-47
2.185000000000000000e+02 1.144659999999999934e-47
2.186250000000000000e+02 1.144510000000000044e-47
2.187500000000000000e+02 1.144440000000000095e-47
2.188750000000000000e+02 1.143699999999999909e-47
2.190000000000000000e+02 1.143369999999999907e-47
2.191250000000000000e+02 1.143039999999999906e-47
2.192500000000000000e+02 1.142790000000000089e-47
2.193750000000000000e+02 1.142550000000000022e-47
2.195000000000000000e+02 1.142299999999999962e-47
2.196250000000000000e+02 1.142039999999999910e-47
2.197500000000000000e+02 1.141780000000000100e-47
2.198750000000000000e+02 1.141530000000000041e-47
2.200000000000000000e+02 1.141339999999999937e-47
2.201250000000000000e+02 1.140989999999999950e-47
2.202500000000000000e+02 1.140729999999999898e-47
2.203750000000000000e+02 1.140389999999999904e-47
2.205000000000000000e+02 1.140039999999999917e-47
2.206250000000000000e+02 1.139679999999999938e-47
2.207500000000000000e+02 1.139319999999999959e-47
2.208750000000000000e+02 1.138930000000000001e-47
2.210000000000000000e+02 1.138490000000000081e-47
2.211250000000000000e+02 1.137989999999999961e-47
2.212500000000000000e+02 1.137609999999999997e-47
2.213750000000000000e+02 1.137299999999999981e-47
2.215000000000000000e+02 1.136989999999999965e-47
2.216250000000000000e+02 1.136669999999999956e-47
2.217500000000000000e+02 1.136349999999999948e-47
2.218750000000000000e+02 1.136049999999999925e-47
2.220000000000000000e+02 1.135739999999999909e-47
2.221250000000000000e+02 1.135429999999999893e-47
2.222500000000000000e+02 1.135120000000000120e-47
2.223750000000000000e+02 1.134790000000000119e-47
2.225000000000000000e+02 1.134480000000000103e-47
2.226250000000000000e+02 1.134170000000000087e-47
2.227500000000000000e+02 1.133840000000000086e-47
2.228750000000000000e+02 1.133540000000000063e-47
2.230000000000000000e+02 1.133230000000000047e-47
2.231250000000000000e+02 1.132920000000000031e-47
2.232500000000000000e+02 1.132620000000000008e-47
2.233750000000000000e+02 1.132309999999999992e-47
2.235000000000000000e+02 1.132009999999999969e-47
2.236250000000000000e+02 1.131699999999999953e-47
2.237500000000000000e+02 1.131399999999999929e-47
2.238750000000000000e+02 1.131099999999999906e-47
2.240000000000000000e+02 1.130789999999999890e-47
2.241250000000000000e+02 1.130490000000000110e-47
2.242500000000000000e+02 1.130190000000000087e-47
2.243750000000000000e+02 1.129890000000000064e-47
2.245000000000000000e+02 1.129590000000000041e-47
2.246250000000000000e+02 1.129290000000000017e-47
2.247500000000000000e+02 1.128989999999999994e-47
2.248750000000000000e+02 1.128689999999999971e-47
2.250000000000000000e+02 1.128389999999999948e-47
2.251250000000000000e+02 1.128089999999999925e-47
2.252500000000000000e+02 1.127779999999999909e-47
2.253750000000000000e+02 1.127449999999999907e-47
2.255000000000000000e+02 1.127200000000000091e-47
2.256250000000000000e+02 1.126910000000000060e-47
2.257500000000000000e+02 1.126610000000000037e-47
2.258750000000000000e+02 1.126320000000000006e-47
2.260000000000000000e+02 1.126019999999999983e-47
2.261250000000000000e+02 1.125729999999999953e-47
2.262500000000000000e+02 1.125469999999999900e-47
2.263750000000000000e+02 1.125240000000000069e-47
2.265000000000000000e+02 1.124890000000000082e-47
2.266250000000000000e+02 1.124799999999999905e-47
2.267500000000000000e+02 1.124570000000000074e-47
2.268750000000000000e+02 1.124280000000000043e-47
2.270000000000000000e+02 1.123719999999999967e-47
2.271250000000000000e+02 1.123429999999999937e-47
2.272500000000000000e+02 1.123149999999999899e-47
2.273750000000000000e+02 1.122860000000000112e-47
2.275000000000000000e+02 1.122570000000000081e-47
2.276250000000000000e+02 1.122349999999999999e-47
2.277500000000000000e+02 1.122190000000000116e-47
2.278750000000000000e+02 1.122029999999999991e-47
2.280000000000000000e+02 1.121890000000000093e-47
2.281250000000000000e+02 1.121769999999999938e-47
2.282500000000000000e+02 1.121650000000000026e-47
2.283750000000000000e+02 1.121469999999999915e-47
2.285000000000000000e+02 1.121359999999999995e-47
2.286250000000000000e+02 1.121240000000000083e-47
2.287500000000000000e+02 1.121119999999999928e-47
2.288750000000000000e+02 1.120960000000000046e-47
2.290000000000000000e+02 1.120769999999999942e-47
2.291250000000000000e+02 1.120550000000000103e-47
2.292500000000000000e+02 1.120330000000000021e-47
2.293750000000000000e+02 1.120029999999999998e-47
2.295000000000000000e+02 1.119769999999999945e-47
2.296250000000000000e+02 1.119489999999999908e-47
2.297500000000000000e+02 1.119280000000000061e-47
2.298750000000000000e+02 1.119159999999999906e-47
2.300000000000000000e+02 1.119039999999999994e-47
2.301250000000000000e+02 1.119030000000000002e-47
2.302500000000000000e+02 1.118809999999999920e-47
2.303750000000000000e+02 1.118220000000000109e-47
2.305000000000000000e+02 1.117819999999999916e-47
2.306250000000000000e+02 1.117419999999999966e-47
2.307500000000000000e+02 1.117069999999999980e-47
2.308750000000000000e+02 1.116799999999999934e-47
2.310000000000000000e+02 1.116519999999999897e-47
2.311250000000000000e+02 1.116220000000000116e-47
2.312500000000000000e+02 1.115940000000000079e-47
2.313750000000000000e+02 1.115690000000000019e-47
2.315000000000000000e+02 1.115489999999999922e-47
2.316250000000000000e+02 1.115250000000000098e-47
2.317500000000000000e+02 1.114859999999999898e-47
2.318750000000000000e+02 1.114580000000000103e-47
2.320000000000000000e+02 1.114469999999999941e-47
2.321250000000000000e+02 1.114079999999999983e-47
2.322500000000000000e+02 1.113910000000000108e-47
2.323750000000000000e+02 1.113469999999999944e-47
2.325000000000000000e+02 1.113199999999999899e-47
2.326250000000000000e+02 1.112940000000000090e-47
2.327500000000000000e+02 1.112670000000000044e-47
2.328750000000000000e+02 1.112390000000000007e-47
2.330000000000000000e+02 1.112060000000000005e-47
2.331250000000000000e+02 1.111779999999999967e-47
2.332500000000000000e+02 1.111519999999999915e-47
2.333750000000000000e+02 1.111250000000000113e-47
2.335000000000000000e+02 1.110990000000000060e-47
2.336250000000000000e+02 1.110670000000000052e-47
2.337500000000000000e+02 1.110330000000000058e-47
2.338750000000000000e+02 1.110159999999999939e-47
2.340000000000000000e+02 1.109960000000000086e-47
2.341250000000000000e+02 1.109759999999999989e-47
2.342500000000000000e+02 1.109479999999999952e-47
2.343750000000000000e+02 1.109229999999999892e-47
2.345000000000000000e+02 1.108980000000000075e-47
2.346250000000000000e+02 1.108720000000000022e-47
2.347500000000000000e+02 1.108419999999999999e-47
2.348750000000000000e+02 1.107980000000000079e-47
2.350000000000000000e+02 1.107529999999999922e-47
2.351250000000000000e+02 1.107090000000000002e-47
2.352500000000000000e+02 1.106650000000000081e-47
2.353750000000000000e+02 1.106229999999999903e-47
2.355000000000000000e+02 1.105789999999999982e-47
2.356250000000000000e+02 1.105350000000000062e-47
2.357500000000000000e+02 1.104990000000000082e-47
2.358750000000000000e+02 1.104789999999999986e-47
2.360000000000000000e+02 1.104599999999999882e-47
2.361250000000000000e+02 1.104380000000000043e-47
2.362500000000000000e+02 1.104129999999999983e-47
2.363750000000000000e+02 1.103889999999999916e-47
2.365000000000000000e+02 1.103589999999999893e-47
2.366250000000000000e+02 1.103290000000000113e-47
2.367500000000000000e+02 1.103020000000000068e-47
2.368750000000000000e+02 1.102700000000000059e-47
2.370000000000000000e+02 1.102269999999999888e-47
2.371250000000000000e+02 1.101869999999999938e-47
2.372500000000000000e+02 1.101559999999999922e-47
2.373750000000000000e+02 1.101310000000000106e-47
2.375000000000000000e+02 1.101060000000000046e-47
2.376250000000000000e+02 1.100809999999999986e-47
2.377500000000000000e+02 1.100559999999999926e-47
2.378750000000000000e+02 1.100310000000000109e-47
2.380000000000000000e+02 1.100060000000000049e-47
2.381250000000000000e+02 1.099819999999999982e-47
2.382500000000000000e+02 1.099569999999999922e-47
2.383750000000000000e+02 1.099360000000000076e-47
2.385000000000000000e+02 1.099120000000000009e-47
2.386250000000000000e+02 1.098869999999999949e-47
2.387500000000000000e+02 1.098629999999999882e-47
2.388750000000000000e+02 1.098440000000000021e-47
2.390000000000000000e+02 1.098249999999999917e-47
2.391250000000000000e+02 1.097939999999999902e-47
2.392500000000000000e+02 1.097650000000000114e-47
2.393750000000000000e+02 1.097450000000000018e-47
2.395000000000000000e+02 1.097259999999999914e-47
2.396250000000000000e+02 1.097080000000000046e-47
2.397500000000000000e+02 1.096879999999999949e-47
2.398750000000000000e+02 1.096690000000000089e-47
2.400000000000000000e+02 1.096519999999999970e-47
2.401250000000000000e+02 1.096400000000000058e-47
2.402500000000000000e+02 1.096249999999999925e-47
2.403750000000000000e+02 1.096100000000000035e-47
2.405000000000000000e+02 1.095959999999999894e-47
2.406250000000000000e+02 1.095810000000000004e-47
2.407500000000000000e+02 1.095690000000000092e-47
2.408750000000000000e+02 1.095569999999999937e-47
2.410000000000000000e+02 1.095410000000000054e-47
2.411250000000000000e+02 1.095279999999999907e-47
2.412500000000000000e+02 1.095050000000000075e-47
2.413750000000000000e+02 1.094740000000000059e-47
2.415000000000000000e+02 1.094729999999999945e-47
2.416250000000000000e+02 1.094399999999999944e-47
2.417500000000000000e+02 1.093990000000000001e-47
2.418750000000000000e+02 1.093709999999999963e-47
2.420000000000000000e+02 1.093399999999999947e-47
2.421250000000000000e+02 1.093130000000000024e-47
2.422500000000000000e+02 1.092869999999999971e-47
2.423750000000000000e+02 1.092610000000000040e-47
2.425000000000000000e+02 1.092409999999999944e-47
2.426250000000000000e+02 1.092209999999999969e-47
2.427500000000000000e+02 1.091960000000000031e-47
2.428750000000000000e+02 1.091699999999999978e-47
2.430000000000000000e+02 1.091440000000000047e-47
2.431250000000000000e+02 1.091249999999999943e-47
2.432500000000000000e+02 1.091059999999999961e-47
2.433750000000000000e+02 1.090800000000000030e-47
2.435000000000000000e+02 1.090549999999999970e-47
2.436250000000000000e+02 1.090359999999999988e-47
2.437500000000000000e+02 1.090219999999999969e-47
2.438750000000000000e+02 1.090079999999999950e-47
2.440000000000000000e+02 1.089950000000000045e-47
2.441250000000000000e+02 1.089820000000000019e-47
2.442500000000000000e+02 1.089630000000000037e-47
2.443750000000000000e+02 1.089440000000000054e-47
2.445000000000000000e+02 1.089229999999999965e-47
2.446250000000000000e+02 1.089130000000000038e-47
2.447500000000000000e+02 1.089120000000000046e-47
2.448750000000000000e+02 1.088889999999999971e-47
2.450000000000000000e+02 1.088689999999999996e-47
2.451250000000000000e+02 1.088480000000000029e-47
2.452500000000000000e+02 1.088340000000000010e-47
2.453750000000000000e+02 1.088229999999999969e-47
2.455000000000000000e+02 1.088049999999999979e-47
2.456250000000000000e+02 1.087830000000000019e-47
2.457500000000000000e+02 1.087650000000000029e-47
2.458750000000000000e+02 1.087399999999999969e-47
2.460000000000000000e+02 1.087209999999999987e-47
2.461250000000000000e+02 1.087099999999999946e-47
2.462500000000000000e+02 1.086990000000000027e-47
2.463750000000000000e+02 1.086869999999999993e-47
2.465000000000000000e+02 1.086699999999999996e-47
2.466250000000000000e+02 1.086579999999999963e-47
2.467500000000000000e+02 1.086529999999999999e-47
2.468750000000000000e+02 1.086409999999999966e-47
2.470000000000000000e+02 1.086130000000000049e-47
2.471250000000000000e+02 1.085939999999999946e-47
2.472500000000000000e+02 1.085719999999999985e-47
2.473750000000000000e+02 1.085500000000000025e-47
2.475000000000000000e+02 1.085320000000000035e-47
2.476250000000000000e+02 1.085140000000000046e-47
2.477500000000000000e+02 1.084960000000000056e-47
2.478750000000000000e+02 1.084650000000000040e-47
2.480000000000000000e+02 1.084350000000000017e-47
2.481250000000000000e+02 1.084040000000000001e-47
2.482500000000000000e+02 1.083800000000000056e-47
2.483750000000000000e+02 1.083569999999999981e-47
2.485000000000000000e+02 1.083340000000000028e-47
2.486250000000000000e+02 1.083099999999999961e-47
2.487500000000000000e+02 1.082870000000000008e-47
2.488750000000000000e+02 1.082640000000000055e-47
2.490000000000000000e+02 1.082399999999999988e-47
2.491250000000000000e+02 1.082170000000000035e-47
2.492500000000000000e+02 1.081939999999999960e-47
2.493750000000000000e+02 1.081720000000000000e-47
2.495000000000000000e+02 1.081490000000000047e-47
2.496250000000000000e+02 1.081259999999999973e-47
2.497500000000000000e+02 1.081069999999999990e-47
2.498750000000000000e+02 1.080899999999999993e-47
2.500000000000000000e+02 1.080619999999999955e-47
2.501250000000000000e+02 1.080350000000000032e-47
2.502500000000000000e+02 1.080129999999999950e-47
2.503750000000000000e+02 1.079899999999999997e-47
2.505000000000000000e+02 1.079670000000000044e-47
2.506250000000000000e+02 1.079449999999999962e-47
2.507500000000000000e+02 1.079220000000000009e-47
2.508750000000000000e+02 1.079020000000000034e-47
2.510000000000000000e+02 1.079269999999999973e-47
2.511250000000000000e+02 1.078609999999999970e-47
2.512500000000000000e+02 1.078409999999999995e-47
2.513750000000000000e+02 1.078220000000000013e-47
2.515000000000000000e+02 1.078070000000000001e-47
2.516250000000000000e+02 1.077919999999999990e-47
2.517500000000000000e+02 1.077769999999999978e-47
2.518750000000000000e+02 1.077629999999999959e-47
2.520000000000000000e+02 1.077479999999999948e-47
2.521250000000000000e+02 1.077330000000000057e-47
2.522500000000000000e+02 1.077180000000000046e-47
2.523750000000000000e+02 1.077030000000000034e-47
2.525000000000000000e+02 1.076880000000000023e-47
2.526250000000000000e+02 1.076680000000000048e-47
2.527500000000000000e+02 1.076479999999999951e-47
2.528750000000000000e+02 1.076279999999999976e-47
2.530000000000000000e+02 1.076089999999999994e-47
2.531250000000000000e+02 1.075890000000000019e-47
2.532500000000000000e+02 1.075700000000000037e-47
2.533750000000000000e+02 1.075499999999999940e-47
2.535000000000000000e+02 1.075309999999999958e-47
2.536250000000000000e+02 1.075109999999999983e-47
2.537500000000000000e+02 1.074920000000000001e-47
2.538750000000000000e+02 1.074730000000000018e-47
2.540000000000000000e+02 1.074530000000000043e-47
2.541250000000000000e+02 1.074339999999999940e-47
2.542500000000000000e+02 1.074149999999999957e-47
2.543750000000000000e+02 1.073949999999999982e-47
2.545000000000000000e+02 1.073760000000000000e-47
2.546250000000000000e+02 1.073570000000000018e-47
2.547500000000000000e+02 1.073400000000000021e-47
2.548750000000000000e+02 1.073279999999999987e-47
2.550000000000000000e+02 1.073159999999999954e-47
2.551250000000000000e+02 1.073040000000000042e-47
2.552500000000000000e+02 1.072920000000000008e-47
2.553750000000000000e+02 1.072799999999999974e-47
2.555000000000000000e+02 1.072710000000000040e-47
2.556250000000000000e+02 1.072639999999999970e-47
2.557500000000000000e+02 1.072560000000000029e-47
2.558750000000000000e+02 1.072489999999999959e-47
2.560000000000000000e+02 1.072420000000000010e-47
2.561250000000000000e+02 1.072339999999999947e-47
2.562500000000000000e+02 1.072060000000000031e-47
2.563750000000000000e+02 1.071730000000000029e-47
2.565000000000000000e+02 1.071390000000000036e-47
2.566250000000000000e+02 1.071060000000000034e-47
2.567500000000000000e+02 1.071019999999999942e-47
2.568750000000000000e+02 1.070969999999999979e-47
2.570000000000000000e+02 1.070920000000000015e-47
2.571250000000000000e+02 1.070880000000000045e-47
2.572500000000000000e+02 1.070829999999999960e-47
2.573750000000000000e+02 1.070789999999999989e-47
2.575000000000000000e+02 1.070750000000000018e-47
2.576250000000000000e+02 1.070700000000000055e-47
2.577500000000000000e+02 1.070659999999999963e-47
2.578750000000000000e+02 1.070610000000000000e-47
2.580000000000000000e+02 1.070570000000000029e-47
2.581250000000000000e+02 1.070530000000000058e-47
2.582500000000000000e+02 1.070489999999999966e-47
2.583750000000000000e+02 1.070440000000000003e-47
2.585000000000000000e+02 1.070400000000000032e-47
2.586250000000000000e+02 1.070359999999999940e-47
2.587500000000000000e+02 1.070319999999999969e-47
2.588750000000000000e+02 1.070279999999999998e-47
2.590000000000000000e+02 1.070220000000000042e-47
2.591250000000000000e+02 1.070169999999999957e-47
2.592500000000000000e+02 1.070129999999999987e-47
2.593750000000000000e+02 1.070090000000000016e-47
2.595000000000000000e+02 1.069989999999999968e-47
2.596250000000000000e+02 1.069890000000000041e-47
2.597500000000000000e+02 1.069750000000000022e-47
2.598750000000000000e+02 1.069649999999999974e-47
2.600000000000000000e+02 1.069550000000000047e-47
2.601250000000000000e+02 1.069469999999999984e-47
2.602500000000000000e+02 1.069349999999999951e-47
2.603750000000000000e+02 1.069179999999999954e-47
2.605000000000000000e+02 1.068989999999999971e-47
2.606250000000000000e+02 1.068839999999999960e-47
2.607500000000000000e+02 1.068699999999999941e-47
2.608750000000000000e+02 1.068550000000000051e-47
2.610000000000000000e+02 1.068410000000000032e-47
2.611250000000000000e+02 1.068270000000000013e-47
2.612500000000000000e+02 1.068129999999999994e-47
2.613750000000000000e+02 1.067979999999999982e-47
2.615000000000000000e+02 1.067839999999999964e-47
2.616250000000000000e+02 1.067699999999999945e-47
2.617500000000000000e+02 1.067560000000000047e-47
2.618750000000000000e+02 1.067380000000000058e-47
2.620000000000000000e+02 1.067149999999999983e-47
2.621250000000000000e+02 1.066930000000000023e-47
2.622500000000000000e+02 1.066699999999999948e-47
2.623750000000000000e+02 1.066469999999999995e-47
2.625000000000000000e+02 1.066250000000000035e-47
2.626250000000000000e+02 1.066120000000000009e-47
2.627500000000000000e+02 1.066090000000000031e-47
2.628750000000000000e+02 1.066050000000000060e-47
2.630000000000000000e+02 1.065960000000000004e-47
2.631250000000000000e+02 1.065760000000000029e-47
2.632500000000000000e+02 1.065560000000000055e-47
2.633750000000000000e+02 1.065369999999999951e-47
2.635000000000000000e+02 1.065179999999999968e-47
2.636250000000000000e+02 1.064979999999999993e-47
2.637500000000000000e+02 1.064790000000000011e-47
2.638750000000000000e+02 1.064600000000000029e-47
2.640000000000000000e+02 1.064400000000000054e-47
2.641250000000000000e+02 1.064209999999999950e-47
2.642500000000000000e+02 1.064029999999999960e-47
2.643750000000000000e+02 1.063839999999999978e-47
2.645000000000000000e+02 1.063649999999999996e-47
2.646250000000000000e+02 1.063460000000000014e-47
2.647500000000000000e+02 1.063280000000000024e-47
2.648750000000000000e+02 1.063090000000000042e-47
2.650000000000000000e+02 1.062910000000000052e-47
2.651250000000000000e+02 1.062729999999999941e-47
2.652500000000000000e+02 1.062549999999999951e-47
2.653750000000000000e+02 1.062369999999999962e-47
2.655000000000000000e+02 1.062189999999999972e-47
2.656250000000000000e+02 1.062009999999999982e-47
2.657500000000000000e+02 1.061879999999999956e-47
2.658750000000000000e+02 1.061699999999999967e-47
2.660000000000000000e+02 1.061529999999999970e-47
2.661250000000000000e+02 1.061359999999999973e-47
2.662500000000000000e+02 1.061189999999999976e-47
2.663750000000000000e+02 1.061029999999999971e-47
2.665000000000000000e+02 1.060859999999999975e-47
2.666250000000000000e+02 1.060699999999999970e-47
2.667500000000000000e+02 1.060529999999999973e-47
2.668750000000000000e+02 1.060399999999999947e-47
2.670000000000000000e+02 1.060349999999999984e-47
2.671250000000000000e+02 1.060310000000000013e-47
2.672500000000000000e+02 1.060270000000000042e-47
2.673750000000000000e+02 1.060160000000000001e-47
2.675000000000000000e+02 1.060039999999999968e-47
2.676250000000000000e+02 1.059930000000000048e-47
2.677500000000000000e+02 1.059810000000000015e-47
2.678750000000000000e+02 1.059709999999999967e-47
2.680000000000000000e+02 1.059630000000000025e-47
2.681250000000000000e+02 1.059569999999999948e-47
2.682500000000000000e+02 1.059549999999999962e-47
2.683750000000000000e+02 1.059480000000000014e-47
2.685000000000000000e+02 1.059430000000000050e-47
2.686250000000000000e+02 1.059450000000000036e-47
2.687500000000000000e+02 1.059300000000000024e-47
2.688750000000000000e+02 1.059300000000000024e-47
2.690000000000000000e+02 1.059490000000000006e-47
2.691250000000000000e+02 1.059699999999999974e-47
2.692500000000000000e+02 1.059950000000000034e-47
2.693750000000000000e+02 1.060209999999999965e-47
2.695000000000000000e+02 1.060310000000000013e-47
2.696250000000000000e+02 1.060219999999999957e-47
2.697500000000000000e+02 1.060389999999999954e-47
2.698750000000000000e+02 1.060399999999999947e-47
2.700000000000000000e+02 1.060310000000000013e-47
2.701250000000000000e+02 1.060640000000000014e-47
2.702500000000000000e+02 1.061130000000000020e-47
2.703750000000000000e+02 1.061240000000000061e-47
2.705000000000000000e+02 1.061290000000000024e-47
2.706250000000000000e+02 1.061349999999999980e-47
2.707500000000000000e+02 1.061630000000000018e-47
2.708750000000000000e+02 1.061800000000000015e-47
2.710000000000000000e+02 1.061899999999999942e-47
2.711250000000000000e+02 1.062009999999999982e-47
2.712500000000000000e+02 1.062059999999999946e-47
2.713750000000000000e+02 1.062329999999999991e-47
2.715000000000000000e+02 1.062529999999999966e-47
2.716250000000000000e+02 1.062750000000000048e-47
2.717500000000000000e+02 1.062889999999999945e-47
2.718750000000000000e+02 1.063100000000000034e-47
2.720000000000000000e+02 1.063379999999999951e-47
2.721250000000000000e+02 1.063410000000000050e-47
2.722500000000000000e+02 1.063719999999999945e-47
2.723750000000000000e+02 1.064549999999999944e-47
2.725000000000000000e+02 1.065529999999999955e-47
2.726250000000000000e+02 1.066610000000000014e-47
2.727500000000000000e+02 1.067760000000000022e-47
2.728750000000000000e+02 1.068750000000000026e-47
2.730000000000000000e+02 1.070289999999999991e-47
2.731250000000000000e+02 1.071019999999999942e-47
2.732500000000000000e+02 1.072380000000000039e-47
2.733750000000000000e+02 1.073220000000000031e-47
2.735000000000000000e+02 1.074380000000000032e-47
2.736250000000000000e+02 1.075979999999999953e-47
2.737500000000000000e+02 1.077510000000000047e-47
2.738750000000000000e+02 1.078880000000000015e-47
2.740000000000000000e+02 1.081650000000000051e-47
2.741250000000000000e+02 1.083980000000000045e-47
2.742500000000000000e+02 1.086059999999999979e-47
2.743750000000000000e+02 1.088379999999999980e-47
2.745000000000000000e+02 1.090610000000000048e-47
2.746250000000000000e+02 1.093029999999999976e-47
2.747500000000000000e+02 1.095859999999999968e-47
2.748750000000000000e+02 1.099650000000000107e-47
2.750000000000000000e+02 1.103760000000000011e-47
2.751250000000000000e+02 1.108600000000000110e-47
2.752500000000000000e+02 1.115900000000000108e-47
2.753750000000000000e+02 1.128039999999999961e-47
2.755000000000000000e+02 1.145790000000000078e-47
2.756250000000000000e+02 1.167000000000000090e-47
2.757500000000000000e+02 1.189369999999999982e-47
2.758750000000000000e+02 1.211929999999999977e-47
2.760000000000000000e+02 1.239610000000000108e-47
2.761250000000000000e+02 1.280810000000000054e-47
2.762500000000000000e+02 1.340059999999999897e-47
2.763750000000000000e+02 1.427829999999999986e-47
2.765000000000000000e+02 1.569129999999999978e-47
2.766250000000000000e+02 1.840739999999999994e-47
2.767500000000000000e+02 2.380449999999999925e-47
2.768750000000000000e+02 3.655070000000000141e-47
2.770000000000000000e+02 8.219060000000000162e-47
2.771250000000000000e+02 3.389350000000000037e-46
2.772500000000000000e+02 2.427520000000000188e-46
2.773750000000000000e+02 6.633120000000000108e-47
2.775000000000000000e+02 3.715720000000000173e-47
2.776250000000000000e+02 2.380540000000000102e-47
2.777500000000000000e+02 1.834209999999999918e-47
2.778750000000000000e+02 1.566149999999999974e-47
2.780000000000000000e+02 1.414090000000000090e-47
2.781250000000000000e+02 1.328319999999999994e-47
2.782500000000000000e+02 1.269480000000000093e-47
2.783750000000000000e+02 1.221810000000000028e-47
2.785000000000000000e+02 1.191290000000000033e-47
2.786250000000000000e+02 1.167809999999999983e-47
2.787500000000000000e+02 1.151380000000000114e-47
2.788750000000000000e+02 1.137270000000000003e-47
2.790000000000000000e+02 1.122650000000000022e-47
2.791250000000000000e+02 1.111099999999999980e-47
2.792500000000000000e+02 1.102370000000000058e-47
2.793750000000000000e+02 1.096919999999999920e-47
2.795000000000000000e+02 1.092470000000000021e-47
2.796250000000000000e+02 1.089399999999999962e-47
2.797500000000000000e+02 1.086209999999999991e-47
2.798750000000000000e+02 1.083459999999999940e-47
2.800000000000000000e+02 1.081059999999999998e-47
2.801250000000000000e+02 1.078439999999999973e-47
2.802500000000000000e+02 1.075329999999999943e-47
2.803750000000000000e+02 1.072570000000000021e-47
2.805000000000000000e+02 1.069550000000000047e-47
2.806250000000000000e+02 1.068309999999999984e-47
2.807500000000000000e+02 1.066869999999999945e-47
2.808750000000000000e+02 1.064699999999999956e-47
2.810000000000000000e+02 1.063100000000000034e-47
2.811250000000000000e+02 1.060620000000000029e-47
2.812500000000000000e+02 1.059600000000000047e-47
2.813750000000000000e+02 1.058770000000000048e-47
2.815000000000000000e+02 1.058120000000000038e-47
2.816250000000000000e+02 1.057549999999999970e-47
2.817500000000000000e+02 1.056470000000000032e-47
2.818750000000000000e+02 1.055320000000000024e-47
2.820000000000000000e+02 1.054379999999999984e-47
2.821250000000000000e+02 1.053589999999999955e-47
2.822500000000000000e+02 1.052990000000000030e-47
2.823750000000000000e+02 1.052360000000000006e-47
2.825000000000000000e+02 1.051579999999999970e-47
2.826250000000000000e+02 1.051099999999999957e-47
2.827500000000000000e+02 1.050429999999999962e-47
2.828750000000000000e+02 1.049289999999999947e-47
2.830000000000000000e+02 1.048469999999999940e-47
2.831250000000000000e+02 1.047550000000000006e-47
2.832500000000000000e+02 1.046670000000000044e-47
2.833750000000000000e+02 1.045850000000000037e-47
2.835000000000000000e+02 1.045079999999999994e-47
2.836250000000000000e+02 1.044190000000000038e-47
2.837500000000000000e+02 1.043619999999999970e-47
2.838750000000000000e+02 1.043020000000000045e-47
2.840000000000000000e+02 1.042350000000000050e-47
2.841250000000000000e+02 1.041959999999999971e-47
2.842500000000000000e+02 1.041560000000000021e-47
2.843750000000000000e+02 1.041269999999999991e-47
2.845000000000000000e+02 1.040920000000000004e-47
2.846250000000000000e+02 1.040619999999999981e-47
2.847500000000000000e+02 1.040350000000000057e-47
2.848750000000000000e+02 1.040099999999999997e-47
2.850000000000000000e+02 1.039799999999999974e-47
2.851250000000000000e+02 1.039570000000000021e-47
2.852500000000000000e+02 1.039289999999999983e-47
2.853750000000000000e+02 1.039060000000000030e-47
2.855000000000000000e+02 1.038839999999999948e-47
2.856250000000000000e+02 1.038629999999999981e-47
2.857500000000000000e+02 1.038319999999999965e-47
2.858750000000000000e+02 1.037979999999999971e-47
2.860000000000000000e+02 1.037700000000000055e-47
2.861250000000000000e+02 1.037459999999999988e-47
2.862500000000000000e+02 1.037250000000000020e-47
2.863750000000000000e+02 1.037110000000000001e-47
2.865000000000000000e+02 1.036969999999999982e-47
2.866250000000000000e+02 1.036829999999999963e-47
2.867500000000000000e+02 1.036669999999999959e-47
2.868750000000000000e+02 1.036459999999999991e-47
2.870000000000000000e+02 1.036230000000000038e-47
2.871250000000000000e+02 1.035999999999999964e-47
2.872500000000000000e+02 1.035789999999999996e-47
2.873750000000000000e+02 1.035570000000000036e-47
2.875000000000000000e+02 1.035410000000000032e-47
2.876250000000000000e+02 1.035250000000000027e-47
2.877500000000000000e+02 1.035139999999999986e-47
2.878750000000000000e+02 1.034989999999999975e-47
2.880000000000000000e+02 1.034849999999999956e-47
2.881250000000000000e+02 1.034679999999999959e-47
2.882500000000000000e+02 1.034529999999999947e-47
2.883750000000000000e+02 1.034339999999999965e-47
2.885000000000000000e+02 1.034179999999999961e-47
2.886250000000000000e+02 1.034029999999999949e-47
2.887500000000000000e+02 1.033890000000000052e-47
2.888750000000000000e+02 1.033740000000000040e-47
2.890000000000000000e+02 1.033600000000000021e-47
2.891250000000000000e+02 1.033460000000000002e-47
2.892500000000000000e+02 1.033319999999999983e-47
2.893750000000000000e+02 1.033209999999999942e-47
2.895000000000000000e+02 1.033100000000000023e-47
2.896250000000000000e+02 1.032969999999999997e-47
2.897500000000000000e+02 1.032839999999999970e-47
2.898750000000000000e+02 1.032709999999999944e-47
2.900000000000000000e+02 1.032580000000000039e-47
2.901250000000000000e+02 1.032450000000000013e-47
2.902500000000000000e+02 1.032319999999999987e-47
2.903750000000000000e+02 1.032199999999999953e-47
2.905000000000000000e+02 1.032070000000000049e-47
2.906250000000000000e+02 1.031950000000000015e-47
2.907500000000000000e+02 1.031829999999999981e-47
2.908750000000000000e+02 1.031730000000000055e-47
2.910000000000000000e+02 1.031630000000000007e-47
2.911250000000000000e+02 1.031539999999999951e-47
2.912500000000000000e+02 1.031470000000000002e-47
2.913750000000000000e+02 1.031400000000000054e-47
2.915000000000000000e+02 1.031329999999999983e-47
2.916250000000000000e+02 1.031219999999999942e-47
2.917500000000000000e+02 1.031120000000000016e-47
2.918750000000000000e+02 1.031009999999999975e-47
2.920000000000000000e+02 1.030920000000000041e-47
2.921250000000000000e+02 1.030900000000000055e-47
2.922500000000000000e+02 1.030889999999999941e-47
2.923750000000000000e+02 1.030869999999999956e-47
2.925000000000000000e+02 1.030889999999999941e-47
2.926250000000000000e+02 1.030950000000000019e-47
2.927500000000000000e+02 1.031029999999999960e-47
2.928750000000000000e+02 1.031049999999999945e-47
2.930000000000000000e+02 1.031019999999999967e-47
2.931250000000000000e+02 1.031019999999999967e-47
2.932500000000000000e+02 1.031019999999999967e-47
2.933750000000000000e+02 1.031019999999999967e-47
2.935000000000000000e+02 1.031060000000000060e-47
2.936250000000000000e+02 1.031149999999999994e-47
2.937500000000000000e+02 1.031179999999999972e-47
2.938750000000000000e+02 1.031149999999999994e-47
2.940000000000000000e+02 1.031120000000000016e-47
2.941250000000000000e+02 1.031230000000000057e-47
2.942500000000000000e+02 1.031440000000000024e-47
2.943750000000000000e+02 1.031659999999999985e-47
2.945000000000000000e+02 1.031879999999999945e-47
2.946250000000000000e+02 1.032060000000000056e-47
2.947500000000000000e+02 1.032159999999999983e-47
2.948750000000000000e+02 1.032270000000000024e-47
2.950000000000000000e+02 1.032549999999999940e-47
2.951250000000000000e+02 1.032859999999999956e-47
2.952500000000000000e+02 1.032999999999999975e-47
2.953750000000000000e+02 1.033179999999999964e-47
2.955000000000000000e+02 1.033460000000000002e-47
2.956250000000000000e+02 1.033740000000000040e-47
2.957500000000000000e+02 1.033950000000000008e-47
2.958750000000000000e+02 1.034169999999999968e-47
2.960000000000000000e+02 1.034499999999999969e-47
2.961250000000000000e+02 1.034750000000000029e-47
2.962500000000000000e+02 1.035100000000000016e-47
2.963750000000000000e+02 1.035529999999999944e-47
2.965000000000000000e+02 1.035999999999999964e-47
2.966250000000000000e+02 1.036629999999999988e-47
2.967500000000000000e+02 1.037159999999999964e-47
2.968750000000000000e+02 1.037770000000000003e-47
2.970000000000000000e+02 1.038550000000000039e-47
2.971250000000000000e+02 1.039410000000000017e-47
2.972500000000000000e+02 1.040099999999999997e-47
2.973750000000000000e+02 1.040750000000000007e-47
2.975000000000000000e+02 1.041420000000000002e-47
2.976250000000000000e+02 1.042459999999999969e-47
2.977500000000000000e+02 1.043579999999999999e-47
2.978750000000000000e+02 1.044619999999999966e-47
2.980000000000000000e+02 1.045779999999999967e-47
2.981250000000000000e+02 1.046589999999999981e-47
2.982500000000000000e+02 1.047340000000000039e-47
2.983750000000000000e+02 1.048119999999999953e-47
2.985000000000000000e+02 1.049449999999999951e-47
2.986250000000000000e+02 1.050059999999999990e-47
2.987500000000000000e+02 1.051709999999999996e-47
2.988750000000000000e+02 1.052919999999999960e-47
2.990000000000000000e+02 1.054490000000000025e-47
2.991250000000000000e+02 1.059440000000000043e-47
2.992500000000000000e+02 1.076020000000000045e-47
2.993750000000000000e+02 1.217470000000000049e-47
2.995000000000000000e+02 2.753409999999999800e-47
2.996250000000000000e+02 4.614130000000000124e-46
2.997500000000000000e+02 5.195809999999999680e-46
2.998750000000000000e+02 3.098590000000000103e-47
3.000000000000000000e+02 1.275949999999999970e-47
3.001250000000000000e+02 1.100589999999999904e-47
3.002500000000000000e+02 1.080949999999999957e-47
3.003750000000000000e+02 1.083099999999999961e-47
3.005000000000000000e+02 1.091630000000000029e-47
3.006250000000000000e+02 1.104320000000000087e-47
3.007500000000000000e+02 1.121139999999999914e-47
3.008750000000000000e+02 1.141200000000000039e-47
3.010000000000000000e+02 1.162559999999999941e-47
3.011250000000000000e+02 1.192459999999999905e-47
3.012500000000000000e+02 1.239149999999999959e-47
3.013750000000000000e+02 1.299919999999999904e-47
3.015000000000000000e+02 1.381099999999999961e-47
3.016250000000000000e+02 1.534759999999999887e-47
3.017500000000000000e+02 1.847020000000000010e-47
3.018750000000000000e+02 2.698800000000000203e-47
3.020000000000000000e+02 6.188919999999999940e-47
3.021250000000000000e+02 7.671919999999999891e-46
3.022500000000000000e+02 9.918589999999999856e-47
3.023750000000000000e+02 3.974890000000000070e-47
3.025000000000000000e+02 2.614549999999999965e-47
3.026250000000000000e+02 2.387610000000000025e-47
3.027500000000000000e+02 2.363329999999999833e-47
3.028750000000000000e+02 2.674719999999999863e-47
3.030000000000000000e+02 3.977399999999999932e-47
3.031250000000000000e+02 8.430119999999999587e-47
3.032500000000000000e+02 2.087870000000000061e-46
3.033750000000000000e+02 1.274840000000000054e-46
3.035000000000000000e+02 4.768850000000000101e-47
3.036250000000000000e+02 2.687100000000000027e-47
3.037500000000000000e+02 1.958609999999999899e-47
3.038750000000000000e+02 1.598339999999999960e-47
3.040000000000000000e+02 1.424490000000000003e-47
3.041250000000000000e+02 1.316739999999999973e-47
3.042500000000000000e+02 1.255310000000000026e-47
3.043750000000000000e+02 1.208870000000000031e-47
3.045000000000000000e+02 1.170320000000000088e-47
3.046250000000000000e+02 1.147220000000000003e-47
3.047500000000000000e+02 1.129419999999999922e-47
3.048750000000000000e+02 1.116270000000000080e-47
3.050000000000000000e+02 1.105020000000000060e-47
3.051250000000000000e+02 1.095639999999999886e-47
3.052500000000000000e+02 1.087399999999999969e-47
3.053750000000000000e+02 1.080700000000000018e-47
3.055000000000000000e+02 1.075819999999999949e-47
3.056250000000000000e+02 1.071459999999999984e-47
3.057500000000000000e+02 1.067950000000000004e-47
3.058750000000000000e+02 1.064960000000000008e-47
3.060000000000000000e+02 1.061980000000000004e-47
3.061250000000000000e+02 1.059780000000000037e-47
3.062500000000000000e+02 1.057699999999999981e-47
3.063750000000000000e+02 1.055529999999999992e-47
3.065000000000000000e+02 1.053500000000000021e-47
3.066250000000000000e+02 1.051729999999999981e-47
3.067500000000000000e+02 1.050079999999999975e-47
3.068750000000000000e+02 1.048779999999999956e-47
3.070000000000000000e+02 1.046730000000000000e-47
3.071250000000000000e+02 1.044819999999999941e-47
3.072500000000000000e+02 1.043809999999999952e-47
3.073750000000000000e+02 1.042329999999999943e-47
3.075000000000000000e+02 1.041129999999999972e-47
3.076250000000000000e+02 1.040390000000000028e-47
3.077500000000000000e+02 1.039250000000000013e-47
3.078750000000000000e+02 1.038190000000000060e-47
3.080000000000000000e+02 1.036849999999999948e-47
3.081250000000000000e+02 1.036029999999999942e-47
3.082500000000000000e+02 1.035090000000000023e-47
3.083750000000000000e+02 1.034129999999999997e-47
3.085000000000000000e+02 1.033519999999999958e-47
3.086250000000000000e+02 1.032750000000000036e-47
3.087500000000000000e+02 1.031849999999999967e-47
3.088750000000000000e+02 1.030999999999999982e-47
3.090000000000000000e+02 1.030209999999999953e-47
3.091250000000000000e+02 1.029480000000000002e-47
3.092500000000000000e+02 1.028440000000000035e-47
3.093750000000000000e+02 1.027940000000000037e-47
3.095000000000000000e+02 1.027140000000000016e-47
3.096250000000000000e+02 1.026420000000000057e-47
3.097500000000000000e+02 1.025699999999999977e-47
3.098750000000000000e+02 1.025409999999999947e-47
3.100000000000000000e+02 1.025170000000000001e-47
3.101250000000000000e+02 1.024780000000000044e-47
3.102500000000000000e+02 1.024379999999999972e-47
3.103750000000000000e+02 1.023899999999999960e-47
3.105000000000000000e+02 1.023460000000000039e-47
3.106250000000000000e+02 1.023180000000000001e-47
3.107500000000000000e+02 1.022780000000000051e-47
3.108750000000000000e+02 1.022409999999999958e-47
3.110000000000000000e+02 1.022099999999999942e-47
3.111250000000000000e+02 1.021820000000000026e-47
3.112500000000000000e+02 1.021559999999999973e-47
3.113750000000000000e+02 1.021249999999999957e-47
3.115000000000000000e+02 1.020939999999999941e-47
3.116250000000000000e+02 1.020640000000000040e-47
3.117500000000000000e+02 1.020360000000000002e-47
3.118750000000000000e+02 1.020680000000000010e-47
3.120000000000000000e+02 1.020399999999999972e-47
3.121250000000000000e+02 1.020020000000000008e-47
3.122500000000000000e+02 1.020020000000000008e-47
3.123750000000000000e+02 1.019769999999999948e-47
3.125000000000000000e+02 1.019350000000000013e-47
3.126250000000000000e+02 1.019200000000000001e-47
3.127500000000000000e+02 1.019059999999999982e-47
3.128750000000000000e+02 1.018980000000000041e-47
3.130000000000000000e+02 1.018909999999999971e-47
3.131250000000000000e+02 1.018759999999999959e-47
3.132500000000000000e+02 1.018680000000000018e-47
3.133750000000000000e+02 1.018589999999999962e-47
3.135000000000000000e+02 1.018490000000000035e-47
3.136250000000000000e+02 1.018259999999999961e-47
3.137500000000000000e+02 1.018030000000000008e-47
3.138750000000000000e+02 1.017840000000000026e-47
3.140000000000000000e+02 1.017670000000000029e-47
3.141250000000000000e+02 1.017520000000000017e-47
3.142500000000000000e+02 1.017389999999999991e-47
3.143750000000000000e+02 1.017249999999999972e-47
3.145000000000000000e+02 1.017119999999999946e-47
3.146250000000000000e+02 1.017000000000000034e-47
3.147500000000000000e+02 1.016870000000000007e-47
3.148750000000000000e+02 1.016759999999999966e-47
3.150000000000000000e+02 1.016629999999999940e-47
3.151250000000000000e+02 1.016500000000000035e-47
3.152500000000000000e+02 1.016350000000000024e-47
3.153750000000000000e+02 1.016200000000000012e-47
3.155000000000000000e+02 1.016099999999999964e-47
3.156250000000000000e+02 1.015990000000000045e-47
3.157500000000000000e+02 1.015889999999999996e-47
3.158750000000000000e+02 1.015820000000000048e-47
3.160000000000000000e+02 1.015759999999999970e-47
3.161250000000000000e+02 1.015629999999999944e-47
3.162500000000000000e+02 1.015629999999999944e-47
3.163750000000000000e+02 1.015480000000000054e-47
3.165000000000000000e+02 1.015310000000000057e-47
3.166250000000000000e+02 1.015229999999999994e-47
3.167500000000000000e+02 1.015150000000000052e-47
3.168750000000000000e+02 1.015119999999999953e-47
3.170000000000000000e+02 1.015050000000000004e-47
3.171250000000000000e+02 1.014990000000000048e-47
3.172500000000000000e+02 1.014909999999999985e-47
3.173750000000000000e+02 1.014850000000000029e-47
3.175000000000000000e+02 1.014789999999999952e-47
3.176250000000000000e+02 1.014729999999999996e-47
3.177500000000000000e+02 1.014700000000000018e-47
3.178750000000000000e+02 1.014720000000000003e-47
3.180000000000000000e+02 1.014779999999999959e-47
3.181250000000000000e+02 1.014830000000000044e-47
3.182500000000000000e+02 1.014919999999999978e-47
3.183750000000000000e+02 1.015079999999999982e-47
3.185000000000000000e+02 1.015370000000000013e-47
3.186250000000000000e+02 1.015830000000000040e-47
3.187500000000000000e+02 1.016530000000000013e-47
3.188750000000000000e+02 1.017520000000000017e-47
3.190000000000000000e+02 1.018870000000000000e-47
3.191250000000000000e+02 1.019409999999999969e-47
3.192500000000000000e+02 1.020810000000000037e-47
3.193750000000000000e+02 1.022909999999999956e-47
3.195000000000000000e+02 1.025519999999999988e-47
3.196250000000000000e+02 1.029359999999999969e-47
3.197500000000000000e+02 1.034519999999999955e-47
3.198750000000000000e+02 1.042700000000000036e-47
3.200000000000000000e+02 1.054000000000000019e-47
3.201250000000000000e+02 1.069959999999999990e-47
3.202500000000000000e+02 1.090519999999999992e-47
3.203750000000000000e+02 1.122389999999999970e-47
3.205000000000000000e+02 1.173070000000000017e-47
3.206250000000000000e+02 1.243720000000000013e-47
3.207500000000000000e+02 1.357460000000000028e-47
3.208750000000000000e+02 1.545579999999999979e-47
3.210000000000000000e+02 1.871329999999999937e-47
3.211250000000000000e+02 2.426639999999999860e-47
3.212500000000000000e+02 3.442959999999999784e-47
3.213750000000000000e+02 5.370639999999999746e-47
3.215000000000000000e+02 8.155300000000000221e-47
3.216250000000000000e+02 1.401850000000000067e-46
3.217500000000000000e+02 2.977949999999999943e-46
3.218750000000000000e+02 1.010480000000000004e-45
3.220000000000000000e+02 2.350469999999999955e-44
3.221250000000000000e+02 1.194379999999999966e-45
3.222500000000000000e+02 2.748300000000000094e-46
3.223750000000000000e+02 1.248089999999999970e-46
3.225000000000000000e+02 7.336799999999999702e-47
3.226250000000000000e+02 4.588809999999999819e-47
3.227500000000000000e+02 3.100390000000000242e-47
3.228750000000000000e+02 2.272460000000000071e-47
3.230000000000000000e+02 1.799800000000000100e-47
3.231250000000000000e+02 1.519809999999999906e-47
3.232500000000000000e+02 1.345059999999999879e-47
3.233750000000000000e+02 1.231110000000000018e-47
3.235000000000000000e+02 1.160249999999999933e-47
3.236250000000000000e+02 1.112809999999999942e-47
3.237500000000000000e+02 1.081720000000000000e-47
3.238750000000000000e+02 1.062359999999999969e-47
3.240000000000000000e+02 1.048419999999999976e-47
3.241250000000000000e+02 1.038070000000000027e-47
3.242500000000000000e+02 1.030389999999999943e-47
3.243750000000000000e+02 1.025909999999999945e-47
3.245000000000000000e+02 1.023239999999999957e-47
3.246250000000000000e+02 1.020579999999999962e-47
3.247500000000000000e+02 1.019340000000000020e-47
3.248750000000000000e+02 1.016949999999999949e-47
3.250000000000000000e+02 1.015239999999999986e-47
3.251250000000000000e+02 1.014320000000000053e-47
3.252500000000000000e+02 1.013560000000000002e-47
3.253750000000000000e+02 1.012909999999999993e-47
3.255000000000000000e+02 1.012429999999999980e-47
3.256250000000000000e+02 1.012040000000000023e-47
3.257500000000000000e+02 1.011609999999999973e-47
3.258750000000000000e+02 1.011249999999999994e-47
3.260000000000000000e+02 1.010959999999999963e-47
3.261250000000000000e+02 1.010730000000000010e-47
3.262500000000000000e+02 1.010570000000000006e-47
3.263750000000000000e+02 1.010429999999999987e-47
3.265000000000000000e+02 1.010309999999999954e-47
3.266250000000000000e+02 1.010200000000000034e-47
3.267500000000000000e+02 1.010089999999999993e-47
3.268750000000000000e+02 1.010000000000000059e-47
3.270000000000000000e+02 1.009929999999999989e-47
3.271250000000000000e+02 1.009779999999999977e-47
3.272500000000000000e+02 1.009740000000000007e-47
3.273750000000000000e+02 1.009609999999999980e-47
3.275000000000000000e+02 1.009659999999999944e-47
3.276250000000000000e+02 1.009619999999999973e-47
3.277500000000000000e+02 1.009489999999999947e-47
3.278750000000000000e+02 1.009540000000000032e-47
3.280000000000000000e+02 1.009400000000000013e-47
3.281250000000000000e+02 1.009370000000000035e-47
3.282500000000000000e+02 1.009340000000000057e-47
3.283750000000000000e+02 1.009309999999999957e-47
3.285000000000000000e+02 1.009279999999999979e-47
3.286250000000000000e+02 1.009240000000000009e-47
3.287500000000000000e+02 1.009170000000000060e-47
3.288750000000000000e+02 1.009119999999999975e-47
3.290000000000000000e+02 1.009070000000000012e-47
3.291250000000000000e+02 1.009040000000000034e-47
3.292500000000000000e+02 1.009010000000000056e-47
3.293750000000000000e+02 1.008979999999999956e-47
3.295000000000000000e+02 1.008939999999999985e-47
3.296250000000000000e+02 1.008900000000000015e-47
3.297500000000000000e+02 1.008870000000000037e-47
3.298750000000000000e+02 1.008840000000000059e-47
3.300000000000000000e+02 1.008850000000000051e-47
3.301250000000000000e+02 1.008860000000000044e-47
3.302500000000000000e+02 1.008750000000000003e-47
3.303750000000000000e+02 1.008599999999999991e-47
3.305000000000000000e+02 1.008510000000000057e-47
3.306250000000000000e+02 1.008489999999999950e-47
3.307500000000000000e+02 1.008469999999999965e-47
3.308750000000000000e+02 1.008390000000000024e-47
3.310000000000000000e+02 1.008269999999999990e-47
3.311250000000000000e+02 1.008090000000000001e-47
3.312500000000000000e+02 1.007949999999999982e-47
3.313750000000000000e+02 1.007779999999999985e-47
3.315000000000000000e+02 1.007700000000000043e-47
3.316250000000000000e+02 1.007680000000000058e-47
3.317500000000000000e+02 1.007659999999999951e-47
3.318750000000000000e+02 1.007659999999999951e-47
3.320000000000000000e+02 1.007659999999999951e-47
3.321250000000000000e+02 1.007639999999999966e-47
3.322500000000000000e+02 1.007609999999999988e-47
3.323750000000000000e+02 1.007550000000000032e-47
3.325000000000000000e+02 1.007469999999999969e-47
3.326250000000000000e+02 1.007319999999999957e-47
3.327500000000000000e+02 1.007289999999999979e-47
3.328750000000000000e+02 1.007269999999999994e-47
3.330000000000000000e+02 1.007210000000000038e-47
3.331250000000000000e+02 1.007149999999999960e-47
3.332500000000000000e+02 1.007109999999999990e-47
3.333750000000000000e+02 1.007090000000000004e-47
3.335000000000000000e+02 1.007070000000000019e-47
3.336250000000000000e+02 1.007040000000000041e-47
3.337500000000000000e+02 1.007009999999999941e-47
3.338750000000000000e+02 1.006979999999999963e-47
3.340000000000000000e+02 1.006949999999999985e-47
3.341250000000000000e+02 1.007609999999999988e-47
3.342500000000000000e+02 1.006890000000000029e-47
3.343750000000000000e+02 1.006870000000000044e-47
3.345000000000000000e+02 1.006839999999999944e-47
3.346250000000000000e+02 1.006809999999999966e-47
3.347500000000000000e+02 1.006779999999999988e-47
3.348750000000000000e+02 1.006750000000000010e-47
3.350000000000000000e+02 1.006730000000000025e-47
3.351250000000000000e+02 1.006700000000000047e-47
3.352500000000000000e+02 1.006669999999999947e-47
3.353750000000000000e+02 1.006649999999999962e-47
3.355000000000000000e+02 1.006619999999999984e-47
3.356250000000000000e+02 1.006590000000000006e-47
3.357500000000000000e+02 1.006570000000000021e-47
3.358750000000000000e+02 1.006540000000000043e-47
3.360000000000000000e+02 1.006509999999999943e-47
3.361250000000000000e+02 1.006479999999999965e-47
3.362500000000000000e+02 1.006449999999999987e-47
3.363750000000000000e+02 1.006430000000000002e-47
3.365000000000000000e+02 1.006410000000000016e-47
3.366250000000000000e+02 1.006390000000000031e-47
3.367500000000000000e+02 1.006360000000000053e-47
3.368750000000000000e+02 1.006339999999999946e-47
3.370000000000000000e+02 1.006309999999999968e-47
3.371250000000000000e+02 1.006269999999999998e-47
3.372500000000000000e+02 1.006179999999999942e-47
3.373750000000000000e+02 1.006159999999999957e-47
3.375000000000000000e+02 1.006129999999999979e-47
3.376250000000000000e+02 1.006070000000000023e-47
3.377500000000000000e+02 1.005999999999999952e-47
3.378750000000000000e+02 1.005939999999999996e-47
3.380000000000000000e+02 1.005880000000000040e-47
3.381250000000000000e+02 1.005860000000000055e-47
3.382500000000000000e+02 1.005849999999999941e-47
3.383750000000000000e+02 1.005829999999999955e-47
3.385000000000000000e+02 1.005819999999999963e-47
3.386250000000000000e+02 1.005799999999999977e-47
3.387500000000000000e+02 1.005779999999999992e-47
3.388750000000000000e+02 1.005750000000000014e-47
3.390000000000000000e+02 1.005730000000000029e-47
3.391250000000000000e+02 1.005720000000000036e-47
3.392500000000000000e+02 1.005700000000000051e-47
3.393750000000000000e+02 1.005679999999999944e-47
3.395000000000000000e+02 1.005649999999999966e-47
3.396250000000000000e+02 1.005580000000000017e-47
3.397500000000000000e+02 1.005540000000000046e-47
3.398750000000000000e+02 1.005479999999999969e-47
3.400000000000000000e+02 1.005420000000000013e-47
3.401250000000000000e+02 1.005360000000000057e-47
3.402500000000000000e+02 1.005299999999999979e-47
3.403750000000000000e+02 1.005260000000000009e-47
3.405000000000000000e+02 1.005250000000000016e-47
3.406250000000000000e+02 1.005289999999999987e-47
3.407500000000000000e+02 1.005289999999999987e-47
3.408750000000000000e+02 1.005210000000000045e-47
3.410000000000000000e+02 1.005169999999999953e-47
3.411250000000000000e+02 1.005159999999999960e-47
3.412500000000000000e+02 1.005149999999999968e-47
3.413750000000000000e+02 1.005159999999999960e-47
3.415000000000000000e+02 1.005139999999999975e-47
3.416250000000000000e+02 1.005129999999999982e-47
3.417500000000000000e+02 1.005100000000000004e-47
3.418750000000000000e+02 1.005070000000000026e-47
3.420000000000000000e+02 1.005060000000000034e-47
3.421250000000000000e+02 1.005040000000000048e-47
3.422500000000000000e+02 1.005030000000000056e-47
3.423750000000000000e+02 1.005009999999999949e-47
3.425000000000000000e+02 1.004989999999999963e-47
3.426250000000000000e+02 1.004969999999999978e-47
3.427500000000000000e+02 1.004849999999999944e-47
3.428750000000000000e+02 1.004730000000000032e-47
3.430000000000000000e+02 1.004619999999999991e-47
3.431250000000000000e+02 1.004570000000000028e-47
3.432500000000000000e+02 1.004509999999999951e-47
3.433750000000000000e+02 1.004420000000000016e-47
3.435000000000000000e+02 1.004349999999999946e-47
3.436250000000000000e+02 1.004299999999999983e-47
3.437500000000000000e+02 1.004240000000000027e-47
3.438750000000000000e+02 1.004189999999999942e-47
3.440000000000000000e+02 1.004139999999999979e-47
3.441250000000000000e+02 1.004129999999999986e-47
3.442500000000000000e+02 1.004210000000000049e-47
3.443750000000000000e+02 1.004240000000000027e-47
3.445000000000000000e+02 1.004200000000000056e-47
3.446250000000000000e+02 1.004139999999999979e-47
3.447500000000000000e+02 1.004070000000000030e-47
3.448750000000000000e+02 1.004009999999999952e-47
3.450000000000000000e+02 1.003940000000000004e-47
3.451250000000000000e+02 1.003880000000000048e-47
3.452500000000000000e+02 1.003849999999999948e-47
3.453750000000000000e+02 1.003809999999999977e-47
3.455000000000000000e+02 1.003750000000000021e-47
3.456250000000000000e+02 1.003700000000000058e-47
3.457500000000000000e+02 1.003679999999999951e-47
3.458750000000000000e+02 1.003649999999999973e-47
3.460000000000000000e+02 1.003639999999999980e-47
3.461250000000000000e+02 1.003600000000000010e-47
3.462500000000000000e+02 1.003540000000000054e-47
3.463750000000000000e+02 1.003489999999999969e-47
3.465000000000000000e+02 1.003420000000000020e-47
3.466250000000000000e+02 1.003359999999999943e-47
3.467500000000000000e+02 1.003289999999999994e-47
3.468750000000000000e+02 1.003169999999999960e-47
3.470000000000000000e+02 1.003100000000000012e-47
3.471250000000000000e+02 1.003029999999999941e-47
3.472500000000000000e+02 1.002950000000000000e-47
3.473750000000000000e+02 1.002890000000000044e-47
3.475000000000000000e+02 1.002890000000000044e-47
3.476250000000000000e+02 1.002859999999999944e-47
3.477500000000000000e+02 1.002819999999999974e-47
3.478750000000000000e+02 1.002789999999999996e-47
3.480000000000000000e+02 1.002730000000000040e-47
3.481250000000000000e+02 1.002600000000000013e-47
3.482500000000000000e+02 1.002479999999999980e-47
3.483750000000000000e+02 1.002469999999999987e-47
3.485000000000000000e+02 1.002450000000000002e-47
3.486250000000000000e+02 1.002430000000000017e-47
3.487500000000000000e+02 1.002400000000000038e-47
3.488750000000000000e+02 1.002349999999999954e-47
3.490000000000000000e+02 1.002289999999999998e-47
3.491250000000000000e+02 1.002240000000000034e-47
3.492500000000000000e+02 1.002179999999999957e-47
3.493750000000000000e+02 1.002120000000000001e-47
3.495000000000000000e+02 1.002070000000000037e-47
3.496250000000000000e+02 1.002009999999999960e-47
3.497500000000000000e+02 1.001959999999999996e-47
3.498750000000000000e+02 1.001900000000000040e-47
3.500000000000000000e+02 1.001849999999999955e-47
3.501250000000000000e+02 1.001799999999999992e-47
3.502500000000000000e+02 1.001740000000000036e-47
3.503750000000000000e+02 1.001689999999999951e-47
3.505000000000000000e+02 1.001639999999999988e-47
3.506250000000000000e+02 1.001580000000000032e-47
3.507500000000000000e+02 1.001529999999999947e-47
3.508750000000000000e+02 1.001519999999999954e-47
3.510000000000000000e+02 1.001479999999999984e-47
3.511250000000000000e+02 1.001420000000000028e-47
3.512500000000000000e+02 1.001359999999999950e-47
3.513750000000000000e+02 1.001309999999999987e-47
3.515000000000000000e+02 1.001250000000000031e-47
3.516250000000000000e+02 1.001199999999999946e-47
3.517500000000000000e+02 1.001149999999999982e-47
3.518750000000000000e+02 1.001100000000000019e-47
3.520000000000000000e+02 1.001060000000000048e-47
3.521250000000000000e+02 1.001029999999999949e-47
3.522500000000000000e+02 1.000999999999999971e-47
3.523750000000000000e+02 1.000969999999999993e-47
3.525000000000000000e+02 1.000999999999999971e-47
3.526250000000000000e+02 1.001070000000000041e-47
3.527500000000000000e+02 1.001050000000000056e-47
3.528750000000000000e+02 1.001009999999999963e-47
3.530000000000000000e+02 1.000969999999999993e-47
3.531250000000000000e+02 1.000920000000000029e-47
3.532500000000000000e+02 1.000880000000000059e-47
3.533750000000000000e+02 1.000829999999999974e-47
3.535000000000000000e+02 1.000790000000000003e-47
3.536250000000000000e+02 1.000770000000000018e-47
3.537500000000000000e+02 1.000770000000000018e-47
3.538750000000000000e+02 1.000780000000000010e-47
3.540000000000000000e+02 1.000780000000000010e-47
3.541250000000000000e+02 1.000780000000000010e-47
3.542500000000000000e+02 1.000780000000000010e-47
3.543750000000000000e+02 1.000790000000000003e-47
3.545000000000000000e+02 1.000790000000000003e-47
3.546250000000000000e+02 1.000790000000000003e-47
3.547500000000000000e+02 1.000790000000000003e-47
3.548750000000000000e+02 1.000750000000000032e-47
3.550000000000000000e+02 1.000699999999999948e-47
3.551250000000000000e+02 1.000649999999999984e-47
3.552500000000000000e+02 1.000610000000000013e-47
3.553750000000000000e+02 1.000560000000000050e-47
3.555000000000000000e+02 1.000509999999999965e-47
3.556250000000000000e+02 1.000469999999999995e-47
3.557500000000000000e+02 1.000420000000000031e-47
3.558750000000000000e+02 1.000380000000000060e-47
3.560000000000000000e+02 1.000349999999999961e-47
3.561250000000000000e+02 1.000309999999999990e-47
3.562500000000000000e+02 1.000250000000000034e-47
3.563750000000000000e+02 1.000199999999999949e-47
3.565000000000000000e+02 1.000149999999999986e-47
3.566250000000000000e+02 1.000070000000000045e-47
3.567500000000000000e+02 9.999930000000000038e-48
3.568750000000000000e+02 9.999150000000000367e-48
3.570000000000000000e+02 9.998369999999999480e-48
3.571250000000000000e+02 9.997589999999999809e-48
3.572500000000000000e+02 9.996819999999999401e-48
3.573750000000000000e+02 9.996059999999999471e-48
3.575000000000000000e+02 9.995299999999999542e-48
3.576250000000000000e+02 9.994550000000000092e-48
3.577500000000000000e+02 9.993799999999999426e-48
3.578750000000000000e+02 9.993290000000000529e-48
3.580000000000000000e+02 9.992900000000000086e-48
3.581250000000000000e+02 9.992500000000000379e-48
3.582500000000000000e+02 9.992109999999999936e-48
3.583750000000000000e+02 9.991719999999999492e-48
3.585000000000000000e+02 9.991330000000000264e-48
3.586250000000000000e+02 9.990939999999999821e-48
3.587500000000000000e+02 9.990559999999999856e-48
3.588750000000000000e+02 9.990169999999999413e-48
3.590000000000000000e+02 9.989789999999999448e-48
3.591250000000000000e+02 9.989400000000000220e-48
3.592500000000000000e+02 9.988970000000000292e-48
3.593750000000000000e+02 9.988360000000000253e-48
3.595000000000000000e+02 9.987750000000000214e-48
3.596250000000000000e+02 9.987140000000000175e-48
3.597500000000000000e+02 9.986539999999999399e-48
3.598750000000000000e+02 9.985950000000000318e-48
3.600000000000000000e+02 9.985360000000000021e-48
3.601250000000000000e+02 9.984780000000000203e-48
3.602500000000000000e+02 9.984209999999999649e-48
3.603750000000000000e+02 9.983660000000000052e-48
3.605000000000000000e+02 9.983280000000000087e-48
3.606250000000000000e+02 9.983069999999999755e-48
3.607500000000000000e+02 9.982850000000000159e-48
3.608750000000000000e+02 9.982630000000000564e-48
3.610000000000000000e+02 9.982559999999999643e-48
3.611250000000000000e+02 9.982759999999999496e-48
3.612500000000000000e+02 9.983060000000000492e-48
3.613750000000000000e+02 9.983119999999999718e-48
3.615000000000000000e+02 9.983299999999999829e-48
3.616250000000000000e+02 9.983499999999999683e-48
3.617500000000000000e+02 9.983699999999999536e-48
3.618750000000000000e+02 9.983909999999999869e-48
3.620000000000000000e+02 9.984109999999999722e-48
3.621250000000000000e+02 9.984179999999999428e-48
3.622500000000000000e+02 9.984050000000000495e-48
3.623750000000000000e+02 9.984450000000000202e-48
3.625000000000000000e+02 9.984980000000000057e-48
3.626250000000000000e+02 9.985069999999999505e-48
3.627500000000000000e+02 9.984819999999999688e-48
3.628750000000000000e+02 9.984610000000000571e-48
3.630000000000000000e+02 9.989810000000000406e-48
3.631250000000000000e+02 9.990310000000000040e-48
3.632500000000000000e+02 9.986030000000000502e-48
3.633750000000000000e+02 9.986510000000000394e-48
3.635000000000000000e+02 9.986999999999999548e-48
3.636250000000000000e+02 9.987279999999999586e-48
3.637500000000000000e+02 9.987240000000000102e-48
3.638750000000000000e+02 9.987049999999999512e-48
3.640000000000000000e+02 9.986849999999999658e-48
3.641250000000000000e+02 9.986660000000000284e-48
3.642500000000000000e+02 9.986469999999999694e-48
3.643750000000000000e+02 9.986289999999999583e-48
3.645000000000000000e+02 9.986749999999999732e-48
3.646250000000000000e+02 9.987279999999999586e-48
3.647500000000000000e+02 9.987800000000000178e-48
3.648750000000000000e+02 9.987800000000000178e-48
3.650000000000000000e+02 9.987960000000000546e-48
3.651250000000000000e+02 9.988369999999999517e-48
3.652500000000000000e+02 9.988310000000000290e-48
3.653750000000000000e+02 9.987910000000000583e-48
3.655000000000000000e+02 9.988180000000000142e-48
3.656250000000000000e+02 9.989100000000000440e-48
3.657500000000000000e+02 9.990010000000000259e-48
3.658750000000000000e+02 9.990930000000000557e-48
3.660000000000000000e+02 9.991840000000000377e-48
3.661250000000000000e+02 9.992759999999999459e-48
3.662500000000000000e+02 9.993679999999999757e-48
3.663750000000000000e+02 9.994600000000000055e-48
3.665000000000000000e+02 9.995520000000000353e-48
3.666250000000000000e+02 9.996159999999999398e-48
3.667500000000000000e+02 9.996660000000000247e-48
3.668750000000000000e+02 9.997170000000000359e-48
3.670000000000000000e+02 9.997680000000000472e-48
3.671250000000000000e+02 9.998190000000000584e-48
3.672500000000000000e+02 9.998659999999999997e-48
3.673750000000000000e+02 9.998909999999999813e-48
3.675000000000000000e+02 9.998820000000000366e-48
3.676250000000000000e+02 9.998720000000000439e-48
3.677500000000000000e+02 9.998629999999999776e-48
3.678750000000000000e+02 9.998540000000000328e-48
3.680000000000000000e+02 9.998449999999999664e-48
3.681250000000000000e+02 9.998039999999999479e-48
3.682500000000000000e+02 9.997359999999999734e-48
3.683750000000000000e+02 9.996669999999999511e-48
3.685000000000000000e+02 9.995980000000000502e-48
3.686250000000000000e+02 9.995290000000000279e-48
3.687500000000000000e+02 9.994600000000000055e-48
3.688750000000000000e+02 9.994500000000000129e-48
3.690000000000000000e+02 9.994949999999999799e-48
3.691250000000000000e+02 9.995689999999999986e-48
3.692500000000000000e+02 9.996219999999999840e-48
3.693750000000000000e+02 9.996749999999999695e-48
3.695000000000000000e+02 9.997589999999999809e-48
3.696250000000000000e+02 9.998460000000000143e-48
3.697500000000000000e+02 1.000029999999999952e-47
3.698750000000000000e+02 9.998859999999999850e-48
3.700000000000000000e+02 9.998920000000000292e-48
3.701250000000000000e+02 9.997379999999999476e-48
3.702500000000000000e+02 9.996669999999999511e-48
3.703750000000000000e+02 9.995959999999999545e-48
3.705000000000000000e+02 9.995249999999999579e-48
3.706250000000000000e+02 9.994539999999999613e-48
3.707500000000000000e+02 9.993829999999999647e-48
3.708750000000000000e+02 9.993110000000000418e-48
3.710000000000000000e+02 9.992400000000000452e-48
3.711250000000000000e+02 9.991690000000000487e-48
3.712500000000000000e+02 9.990980000000000521e-48
3.713750000000000000e+02 9.990260000000000076e-48
3.715000000000000000e+02 9.989550000000000110e-48
3.716250000000000000e+02 9.988829999999999666e-48
3.717500000000000000e+02 9.988119999999999700e-48
3.718750000000000000e+02 9.987409999999999734e-48
3.720000000000000000e+02 9.986929999999999843e-48
3.721250000000000000e+02 9.989710000000000479e-48
3.722500000000000000e+02 9.992509999999999642e-48
3.723750000000000000e+02 9.995299999999999542e-48
3.725000000000000000e+02 9.995709999999999728e-48
3.726250000000000000e+02 9.994749999999999945e-48
3.727500000000000000e+02 9.994230000000000570e-48
3.728750000000000000e+02 9.993330000000000014e-48
3.730000000000000000e+02 9.992439999999999937e-48
3.731250000000000000e+02 9.991560000000000339e-48
3.732500000000000000e+02 9.991769999999999456e-48
3.733750000000000000e+02 9.993000000000000013e-48
3.735000000000000000e+02 9.994600000000000055e-48
3.736250000000000000e+02 9.996200000000000098e-48
3.737500000000000000e+02 9.996960000000000027e-48
3.738750000000000000e+02 9.997270000000000286e-48
3.740000000000000000e+02 9.997700000000000214e-48
3.741250000000000000e+02 9.998130000000000142e-48
3.742500000000000000e+02 9.998560000000000070e-48
3.743750000000000000e+02 9.999000000000000477e-48
3.745000000000000000e+02 9.999400000000000184e-48
3.746250000000000000e+02 9.999239999999999815e-48
3.747500000000000000e+02 9.999469999999999889e-48
3.748750000000000000e+02 9.999940000000000517e-48
3.750000000000000000e+02 1.000080000000000037e-47
3.751250000000000000e+02 1.000029999999999952e-47
3.752500000000000000e+02 9.999699999999999964e-48
3.753750000000000000e+02 9.999389999999999705e-48
3.755000000000000000e+02 9.999680000000000221e-48
3.756250000000000000e+02 1.000019999999999960e-47
3.757500000000000000e+02 1.000070000000000045e-47
3.758750000000000000e+02 1.000130000000000001e-47
3.760000000000000000e+02 1.000159999999999979e-47
3.761250000000000000e+02 1.000179999999999964e-47
3.762500000000000000e+02 1.000209999999999942e-47
3.763750000000000000e+02 1.000240000000000042e-47
3.765000000000000000e+02 1.000270000000000020e-47
3.766250000000000000e+02 1.000290000000000005e-47
3.767500000000000000e+02 1.000270000000000020e-47
3.768750000000000000e+02 1.000220000000000056e-47
3.770000000000000000e+02 1.000189999999999957e-47
3.771250000000000000e+02 1.000250000000000034e-47
3.772500000000000000e+02 1.000309999999999990e-47
3.773750000000000000e+02 1.000359999999999954e-47
3.775000000000000000e+02 1.000420000000000031e-47
3.776250000000000000e+02 1.000469999999999995e-47
3.777500000000000000e+02 1.000519999999999958e-47
3.778750000000000000e+02 1.000519999999999958e-47
3.780000000000000000e+02 1.000519999999999958e-47
3.781250000000000000e+02 1.000519999999999958e-47
3.782500000000000000e+02 1.000519999999999958e-47
3.783750000000000000e+02 1.000519999999999958e-47
3.785000000000000000e+02 1.000519999999999958e-47
3.786250000000000000e+02 1.000529999999999951e-47
3.787500000000000000e+02 1.000560000000000050e-47
3.788750000000000000e+02 1.000590000000000028e-47
3.790000000000000000e+02 1.000600000000000021e-47
3.791250000000000000e+02 1.000610000000000013e-47
3.792500000000000000e+02 1.000620000000000006e-47
3.793750000000000000e+02 1.000610000000000013e-47
3.795000000000000000e+02 1.000590000000000028e-47
3.796250000000000000e+02 1.000580000000000035e-47
3.797500000000000000e+02 1.000560000000000050e-47
3.798750000000000000e+02 1.000580000000000035e-47
3.800000000000000000e+02 1.000689999999999955e-47
3.801250000000000000e+02 1.000740000000000040e-47
3.802500000000000000e+02 1.000750000000000032e-47
3.803750000000000000e+02 1.000760000000000025e-47
3.805000000000000000e+02 1.000770000000000018e-47
3.806250000000000000e+02 1.000770000000000018e-47
3.807500000000000000e+02 1.000780000000000010e-47
3.808750000000000000e+02 1.000809999999999988e-47
3.810000000000000000e+02 1.000910000000000037e-47
3.811250000000000000e+02 1.000960000000000000e-47
3.812500000000000000e+02 1.000969999999999993e-47
3.813750000000000000e+02 1.000969999999999993e-47
3.815000000000000000e+02 1.000979999999999985e-47
3.816250000000000000e+02 1.000979999999999985e-47
3.817500000000000000e+02 1.001019999999999956e-47
3.818750000000000000e+02 1.001029999999999949e-47
3.820000000000000000e+02 1.001039999999999941e-47
3.821250000000000000e+02 1.001039999999999941e-47
3.822500000000000000e+02 1.001050000000000056e-47
3.823750000000000000e+02 1.001060000000000048e-47
3.825000000000000000e+02 1.001060000000000048e-47
3.826250000000000000e+02 1.001070000000000041e-47
3.827500000000000000e+02 1.001139999999999990e-47
3.828750000000000000e+02 1.001240000000000038e-47
3.830000000000000000e+02 1.001339999999999965e-47
3.831250000000000000e+02 1.001380000000000057e-47
3.832500000000000000e+02 1.001359999999999950e-47
3.833750000000000000e+02 1.001309999999999987e-47
3.835000000000000000e+02 1.001359999999999950e-47
3.836250000000000000e+02 1.001390000000000049e-47
3.837500000000000000e+02 1.002240000000000034e-47
3.838750000000000000e+02 1.002260000000000020e-47
3.840000000000000000e+02 1.002270000000000012e-47
3.841250000000000000e+02 1.002289999999999998e-47
3.842500000000000000e+02 1.002309999999999983e-47
3.843750000000000000e+02 1.002349999999999954e-47
3.845000000000000000e+02 1.002329999999999968e-47
3.846250000000000000e+02 1.001920000000000026e-47
3.847500000000000000e+02 1.001930000000000018e-47
3.848750000000000000e+02 1.002009999999999960e-47
3.850000000000000000e+02 1.002110000000000008e-47
3.851250000000000000e+02 1.002210000000000056e-47
3.852500000000000000e+02 1.002309999999999983e-47
3.853750000000000000e+02 1.002400000000000038e-47
3.855000000000000000e+02 1.002450000000000002e-47
3.856250000000000000e+02 1.002619999999999999e-47
3.857500000000000000e+02 1.002649999999999977e-47
3.858750000000000000e+02 1.002489999999999973e-47
3.860000000000000000e+02 1.002499999999999965e-47
3.861250000000000000e+02 1.002509999999999958e-47
3.862500000000000000e+02 1.002509999999999958e-47
3.863750000000000000e+02 1.002489999999999973e-47
3.865000000000000000e+02 1.002499999999999965e-47
3.866250000000000000e+02 1.002499999999999965e-47
3.867500000000000000e+02 1.002529999999999943e-47
3.868750000000000000e+02 1.002529999999999943e-47
3.870000000000000000e+02 1.002570000000000035e-47
3.871250000000000000e+02 1.002629999999999991e-47
3.872500000000000000e+02 1.002679999999999955e-47
3.873750000000000000e+02 1.002689999999999947e-47
3.875000000000000000e+02 1.002710000000000054e-47
3.876250000000000000e+02 1.002740000000000032e-47
3.877500000000000000e+02 1.002760000000000018e-47
3.878750000000000000e+02 1.002780000000000003e-47
3.880000000000000000e+02 1.002789999999999996e-47
3.881250000000000000e+02 1.002809999999999981e-47
3.882500000000000000e+02 1.002829999999999966e-47
3.883750000000000000e+02 1.002849999999999952e-47
3.885000000000000000e+02 1.002870000000000059e-47
3.886250000000000000e+02 1.002890000000000044e-47
3.887500000000000000e+02 1.002940000000000007e-47
3.888750000000000000e+02 1.003009999999999956e-47
3.890000000000000000e+02 1.002999999999999963e-47
3.891250000000000000e+02 1.002989999999999971e-47
3.892500000000000000e+02 1.002989999999999971e-47
3.893750000000000000e+02 1.003139999999999982e-47
3.895000000000000000e+02 1.003129999999999990e-47
3.896250000000000000e+02 1.003179999999999953e-47
3.897500000000000000e+02 1.003230000000000038e-47
3.898750000000000000e+02 1.003309999999999979e-47
3.900000000000000000e+02 1.003359999999999943e-47
3.901250000000000000e+02 1.003220000000000045e-47
3.902500000000000000e+02 1.003240000000000031e-47
3.903750000000000000e+02 1.003240000000000031e-47
3.905000000000000000e+02 1.003250000000000023e-47
3.906250000000000000e+02 1.003250000000000023e-47
3.907500000000000000e+02 1.003240000000000031e-47
3.908750000000000000e+02 1.003270000000000009e-47
3.910000000000000000e+02 1.003289999999999994e-47
3.911250000000000000e+02 1.003309999999999979e-47
3.912500000000000000e+02 1.003329999999999965e-47
3.913750000000000000e+02 1.003339999999999957e-47
3.915000000000000000e+02 1.003339999999999957e-47
3.916250000000000000e+02 1.003339999999999957e-47
3.917500000000000000e+02 1.003380000000000049e-47
3.918750000000000000e+02 1.003440000000000006e-47
3.920000000000000000e+02 1.003459999999999991e-47
3.921250000000000000e+02 1.003449999999999998e-47
3.922500000000000000e+02 1.003509999999999954e-47
3.923750000000000000e+02 1.003540000000000054e-47
3.925000000000000000e+02 1.003560000000000039e-47
3.926250000000000000e+02 1.003580000000000024e-47
3.927500000000000000e+02 1.003610000000000002e-47
3.928750000000000000e+02 1.003600000000000010e-47
3.930000000000000000e+02 1.003600000000000010e-47
3.931250000000000000e+02 1.003600000000000010e-47
3.932500000000000000e+02 1.003590000000000017e-47
3.933750000000000000e+02 1.003580000000000024e-47
3.935000000000000000e+02 1.003570000000000032e-47
3.936250000000000000e+02 1.003550000000000046e-47
3.937500000000000000e+02 1.003540000000000054e-47
3.938750000000000000e+02 1.003619999999999995e-47
3.940000000000000000e+02 1.003610000000000002e-47
3.941250000000000000e+02 1.003590000000000017e-47
3.942500000000000000e+02 1.003570000000000032e-47
3.943750000000000000e+02 1.003590000000000017e-47
3.945000000000000000e+02 1.003610000000000002e-47
3.946250000000000000e+02 1.003629999999999988e-47
3.947500000000000000e+02 1.003659999999999966e-47
3.948750000000000000e+02 1.003669999999999958e-47
3.950000000000000000e+02 1.003669999999999958e-47
3.951250000000000000e+02 1.003679999999999951e-47
3.952500000000000000e+02 1.003700000000000058e-47
3.953750000000000000e+02 1.003730000000000036e-47
3.955000000000000000e+02 1.003740000000000029e-47
3.956250000000000000e+02 1.003740000000000029e-47
3.957500000000000000e+02 1.003750000000000021e-47
3.958750000000000000e+02 1.003760000000000014e-47
3.960000000000000000e+02 1.003760000000000014e-47
3.961250000000000000e+02 1.003770000000000007e-47
3.962500000000000000e+02 1.003779999999999999e-47
3.963750000000000000e+02 1.003789999999999992e-47
3.965000000000000000e+02 1.003809999999999977e-47
3.966250000000000000e+02 1.003809999999999977e-47
3.967500000000000000e+02 1.003829999999999963e-47
3.968750000000000000e+02 1.003849999999999948e-47
3.970000000000000000e+02 1.003849999999999948e-47
3.971250000000000000e+02 1.003859999999999941e-47
3.972500000000000000e+02 1.003880000000000048e-47
3.973750000000000000e+02 1.003880000000000048e-47
3.975000000000000000e+02 1.003880000000000048e-47
3.976250000000000000e+02 1.003890000000000040e-47
3.977500000000000000e+02 1.003900000000000033e-47
3.978750000000000000e+02 1.003910000000000026e-47
3.980000000000000000e+02 1.003959999999999989e-47
3.981250000000000000e+02 1.003989999999999967e-47
3.982500000000000000e+02 1.003989999999999967e-47
3.983750000000000000e+02 1.003999999999999960e-47
3.985000000000000000e+02 1.004040000000000052e-47
3.986250000000000000e+02 1.004040000000000052e-47
3.987500000000000000e+02 1.004060000000000037e-47
3.988750000000000000e+02 1.004070000000000030e-47
3.990000000000000000e+02 1.004080000000000023e-47
3.991250000000000000e+02 1.004080000000000023e-47
3.992500000000000000e+02 1.004070000000000030e-47
3.993750000000000000e+02 1.004050000000000045e-47
3.995000000000000000e+02 1.004030000000000059e-47
3.996250000000000000e+02 1.004070000000000030e-47
3.997500000000000000e+02 1.004090000000000015e-47
3.998750000000000000e+02 1.004090000000000015e-47
4.000000000000000000e+02 1.004080000000000023e-47
4.001250000000000000e+02 1.004129999999999986e-47
4.002500000000000000e+02 1.004119999999999993e-47
4.003750000000000000e+02 1.004110000000000001e-47
4.005000000000000000e+02 1.004119999999999993e-47
4.006250000000000000e+02 1.004159999999999964e-47
4.007500000000000000e+02 1.004159999999999964e-47
4.008750000000000000e+02 1.004169999999999957e-47
4.010000000000000000e+02 1.004200000000000056e-47
4.011250000000000000e+02 1.004210000000000049e-47
4.012500000000000000e+02 1.004210000000000049e-47
4.013750000000000000e+02 1.004230000000000034e-47
4.015000000000000000e+02 1.004289999999999990e-47
4.016250000000000000e+02 1.004309999999999976e-47
4.017500000000000000e+02 1.004299999999999983e-47
4.018750000000000000e+02 1.004319999999999968e-47
4.020000000000000000e+02 1.004430000000000009e-47
4.021250000000000000e+02 1.004479999999999973e-47
4.022500000000000000e+02 1.004499999999999958e-47
4.023750000000000000e+02 1.004479999999999973e-47
4.025000000000000000e+02 1.004469999999999980e-47
4.026250000000000000e+02 1.004449999999999995e-47
4.027500000000000000e+02 1.004570000000000028e-47
4.028750000000000000e+02 1.004530000000000057e-47
4.030000000000000000e+02 1.004550000000000043e-47
4.031250000000000000e+02 1.004580000000000021e-47
4.032500000000000000e+02 1.004600000000000006e-47
4.033750000000000000e+02 1.004710000000000047e-47
4.035000000000000000e+02 1.004689999999999940e-47
4.036250000000000000e+02 1.004679999999999947e-47
4.037500000000000000e+02 1.004659999999999962e-47
4.038750000000000000e+02 1.004550000000000043e-47
4.040000000000000000e+02 1.004570000000000028e-47
4.041250000000000000e+02 1.004590000000000013e-47
4.042500000000000000e+02 1.004590000000000013e-47
4.043750000000000000e+02 1.004600000000000006e-47
4.045000000000000000e+02 1.004609999999999999e-47
4.046250000000000000e+02 1.004629999999999984e-47
4.047500000000000000e+02 1.004649999999999969e-47
4.048750000000000000e+02 1.004669999999999955e-47
4.050000000000000000e+02 1.004679999999999947e-47
4.051250000000000000e+02 1.004700000000000054e-47
4.052500000000000000e+02 1.004710000000000047e-47
4.053750000000000000e+02 1.004730000000000032e-47
4.055000000000000000e+02 1.004750000000000018e-47
4.056250000000000000e+02 1.004760000000000010e-47
4.057500000000000000e+02 1.004779999999999996e-47
4.058750000000000000e+02 1.004789999999999988e-47
4.060000000000000000e+02 1.004789999999999988e-47
4.061250000000000000e+02 1.004799999999999981e-47
4.062500000000000000e+02 1.004789999999999988e-47
4.063750000000000000e+02 1.004799999999999981e-47
4.065000000000000000e+02 1.004789999999999988e-47
4.066250000000000000e+02 1.004779999999999996e-47
4.067500000000000000e+02 1.004770000000000003e-47
4.068750000000000000e+02 1.004760000000000010e-47
4.070000000000000000e+02 1.004750000000000018e-47
4.071250000000000000e+02 1.004750000000000018e-47
4.072500000000000000e+02 1.004760000000000010e-47
4.073750000000000000e+02 1.004789999999999988e-47
4.075000000000000000e+02 1.004819999999999966e-47
4.076250000000000000e+02 1.004849999999999944e-47
4.077500000000000000e+02 1.004860000000000059e-47
4.078750000000000000e+02 1.004870000000000051e-47
4.080000000000000000e+02 1.004890000000000037e-47
4.081250000000000000e+02 1.004930000000000007e-47
4.082500000000000000e+02 1.004999999999999956e-47
4.083750000000000000e+02 1.005060000000000034e-47
4.085000000000000000e+02 1.005149999999999968e-47
4.086250000000000000e+02 1.005179999999999946e-47
4.087500000000000000e+02 1.005279999999999994e-47
4.088750000000000000e+02 1.005289999999999987e-47
4.090000000000000000e+02 1.005299999999999979e-47
4.091250000000000000e+02 1.005299999999999979e-47
4.092500000000000000e+02 1.005309999999999972e-47
4.093750000000000000e+02 1.005329999999999957e-47
4.095000000000000000e+02 1.005329999999999957e-47
4.096250000000000000e+02 1.005339999999999950e-47
4.097500000000000000e+02 1.005370000000000049e-47
4.098750000000000000e+02 1.005439999999999998e-47
4.100000000000000000e+02 1.005509999999999947e-47
4.101250000000000000e+02 1.005659999999999958e-47
4.102500000000000000e+02 1.005839999999999948e-47
4.103750000000000000e+02 1.006030000000000052e-47
4.105000000000000000e+02 1.006250000000000012e-47
4.106250000000000000e+02 1.006499999999999951e-47
4.107500000000000000e+02 1.006730000000000025e-47
4.108750000000000000e+02 1.006829999999999952e-47
4.110000000000000000e+02 1.006829999999999952e-47
4.111250000000000000e+02 1.006829999999999952e-47
4.112500000000000000e+02 1.006829999999999952e-47
4.113750000000000000e+02 1.006839999999999944e-47
4.115000000000000000e+02 1.006839999999999944e-47
4.116250000000000000e+02 1.006850000000000059e-47
4.117500000000000000e+02 1.006850000000000059e-47
4.118750000000000000e+02 1.006850000000000059e-47
4.120000000000000000e+02 1.006850000000000059e-47
4.121250000000000000e+02 1.006850000000000059e-47
4.122500000000000000e+02 1.006860000000000051e-47
4.123750000000000000e+02 1.007720000000000029e-47
4.125000000000000000e+02 1.008329999999999946e-47
4.126250000000000000e+02 1.008819999999999952e-47
4.127500000000000000e+02 1.008860000000000044e-47
4.128750000000000000e+02 1.008949999999999978e-47
4.130000000000000000e+02 1.009159999999999946e-47
4.131250000000000000e+02 1.009680000000000051e-47
4.132500000000000000e+02 1.009979999999999952e-47
4.133750000000000000e+02 1.010080000000000001e-47
4.135000000000000000e+02 1.010340000000000053e-47
4.136250000000000000e+02 1.012939999999999971e-47
4.137500000000000000e+02 1.022300000000000038e-47
4.138750000000000000e+02 1.022409999999999958e-47
4.140000000000000000e+02 1.022519999999999999e-47
4.141250000000000000e+02 1.017370000000000005e-47
4.142500000000000000e+02 1.011779999999999970e-47
4.143750000000000000e+02 1.010809999999999952e-47
4.145000000000000000e+02 1.010759999999999988e-47
4.146250000000000000e+02 1.010390000000000016e-47
4.147500000000000000e+02 1.010220000000000020e-47
4.148750000000000000e+02 1.010070000000000008e-47
4.150000000000000000e+02 1.009659999999999944e-47
4.151250000000000000e+02 1.009309999999999957e-47
4.152500000000000000e+02 1.008510000000000057e-47
4.153750000000000000e+02 1.008279999999999983e-47
4.155000000000000000e+02 1.008279999999999983e-47
4.156250000000000000e+02 1.008139999999999964e-47
4.157500000000000000e+02 1.008109999999999986e-47
4.158750000000000000e+02 1.008159999999999949e-47
4.160000000000000000e+02 1.008139999999999964e-47
4.161250000000000000e+02 1.007949999999999982e-47
4.162500000000000000e+02 1.007949999999999982e-47
4.163750000000000000e+02 1.007959999999999974e-47
4.165000000000000000e+02 1.007999999999999945e-47
4.166250000000000000e+02 1.007949999999999982e-47
4.167500000000000000e+02 1.007949999999999982e-47
4.168750000000000000e+02 1.007890000000000026e-47
4.170000000000000000e+02 1.007839999999999941e-47
4.171250000000000000e+02 1.007560000000000024e-47
4.172500000000000000e+02 1.007560000000000024e-47
4.173750000000000000e+02 1.007489999999999954e-47
4.175000000000000000e+02 1.007550000000000032e-47
4.176250000000000000e+02 1.007629999999999973e-47
4.177500000000000000e+02 1.007520000000000054e-47
4.178750000000000000e+02 1.007520000000000054e-47
4.180000000000000000e+02 1.007499999999999947e-47
4.181250000000000000e+02 1.007509999999999940e-47
4.182500000000000000e+02 1.007479999999999962e-47
4.183750000000000000e+02 1.007449999999999983e-47
4.185000000000000000e+02 1.007380000000000035e-47
4.186250000000000000e+02 1.007309999999999965e-47
4.187500000000000000e+02 1.007309999999999965e-47
4.188750000000000000e+02 1.007309999999999965e-47
4.190000000000000000e+02 1.007309999999999965e-47
4.191250000000000000e+02 1.007309999999999965e-47
4.192500000000000000e+02 1.007309999999999965e-47
4.193750000000000000e+02 1.007309999999999965e-47
4.195000000000000000e+02 1.007309999999999965e-47
4.196250000000000000e+02 1.007309999999999965e-47
4.197500000000000000e+02 1.007299999999999972e-47
4.198750000000000000e+02 1.007299999999999972e-47
4.200000000000000000e+02 1.007339999999999943e-47
4.201250000000000000e+02 1.007339999999999943e-47
4.202500000000000000e+02 1.007339999999999943e-47
4.203750000000000000e+02 1.007339999999999943e-47
4.205000000000000000e+02 1.007339999999999943e-47
4.206250000000000000e+02 1.007339999999999943e-47
4.207500000000000000e+02 1.007339999999999943e-47
4.208750000000000000e+02 1.007370000000000042e-47
4.210000000000000000e+02 1.007370000000000042e-47
4.211250000000000000e+02 1.007370000000000042e-47
4.212500000000000000e+02 1.007370000000000042e-47
4.213750000000000000e+02 1.007370000000000042e-47
4.215000000000000000e+02 1.007370000000000042e-47
4.216250000000000000e+02 1.007420000000000005e-47
4.217500000000000000e+02 1.007469999999999969e-47
4.218750000000000000e+02 1.007530000000000046e-47
4.220000000000000000e+02 1.007550000000000032e-47
4.221250000000000000e+02 1.007580000000000010e-47
4.222500000000000000e+02 1.007609999999999988e-47
4.223750000000000000e+02 1.007599999999999995e-47
4.225000000000000000e+02 1.007590000000000002e-47
4.226250000000000000e+02 1.007580000000000010e-47
4.227500000000000000e+02 1.007580000000000010e-47
4.228750000000000000e+02 1.007570000000000017e-47
4.230000000000000000e+02 1.007560000000000024e-47
4.231250000000000000e+02 1.007560000000000024e-47
4.232500000000000000e+02 1.007550000000000032e-47
4.233750000000000000e+02 1.007550000000000032e-47
4.235000000000000000e+02 1.007540000000000039e-47
4.236250000000000000e+02 1.007540000000000039e-47
4.237500000000000000e+02 1.007540000000000039e-47
4.238750000000000000e+02 1.007540000000000039e-47
4.240000000000000000e+02 1.007560000000000024e-47
4.241250000000000000e+02 1.007580000000000010e-47
4.242500000000000000e+02 1.007619999999999980e-47
4.243750000000000000e+02 1.007659999999999951e-47
4.245000000000000000e+02 1.007829999999999948e-47
4.246250000000000000e+02 1.007829999999999948e-47
4.247500000000000000e+02 1.007829999999999948e-47
4.248750000000000000e+02 1.007839999999999941e-47
4.250000000000000000e+02 1.007850000000000055e-47
4.251250000000000000e+02 1.007870000000000040e-47
4.252500000000000000e+02 1.007900000000000018e-47
4.253750000000000000e+02 1.007920000000000004e-47
4.255000000000000000e+02 1.007929999999999996e-47
4.256250000000000000e+02 1.007999999999999945e-47
4.257500000000000000e+02 1.007999999999999945e-47
4.258750000000000000e+02 1.007999999999999945e-47
4.260000000000000000e+02 1.007969999999999967e-47
4.261250000000000000e+02 1.007969999999999967e-47
4.262500000000000000e+02 1.007959999999999974e-47
4.263750000000000000e+02 1.007999999999999945e-47
4.265000000000000000e+02 1.007989999999999952e-47
4.266250000000000000e+02 1.007989999999999952e-47
4.267500000000000000e+02 1.007989999999999952e-47
4.268750000000000000e+02 1.008010000000000059e-47
4.270000000000000000e+02 1.008010000000000059e-47
4.271250000000000000e+02 1.008010000000000059e-47
4.272500000000000000e+02 1.007999999999999945e-47
4.273750000000000000e+02 1.007999999999999945e-47
4.275000000000000000e+02 1.007999999999999945e-47
4.276250000000000000e+02 1.007989999999999952e-47
4.277500000000000000e+02 1.007989999999999952e-47
4.278750000000000000e+02 1.007979999999999960e-47
4.280000000000000000e+02 1.008030000000000045e-47
4.281250000000000000e+02 1.008040000000000037e-47
4.282500000000000000e+02 1.008040000000000037e-47
4.283750000000000000e+02 1.008040000000000037e-47
4.285000000000000000e+02 1.008080000000000008e-47
4.286250000000000000e+02 1.008119999999999979e-47
4.287500000000000000e+02 1.008149999999999957e-47
4.288750000000000000e+02 1.008210000000000034e-47
4.290000000000000000e+02 1.008259999999999998e-47
4.291250000000000000e+02 1.008289999999999976e-47
4.292500000000000000e+02 1.008319999999999954e-47
4.293750000000000000e+02 1.008350000000000053e-47
4.295000000000000000e+02 1.008370000000000038e-47
4.296250000000000000e+02 1.008390000000000024e-47
4.297500000000000000e+02 1.008390000000000024e-47
4.298750000000000000e+02 1.008429999999999994e-47
4.300000000000000000e+02 1.008469999999999965e-47
4.301250000000000000e+02 1.008580000000000006e-47
4.302500000000000000e+02 1.008690000000000047e-47
4.303750000000000000e+02 1.008710000000000032e-47
4.305000000000000000e+02 1.008710000000000032e-47
4.306250000000000000e+02 1.008779999999999981e-47
4.307500000000000000e+02 1.008769999999999988e-47
4.308750000000000000e+02 1.008840000000000059e-47
4.310000000000000000e+02 1.008959999999999971e-47
4.311250000000000000e+02 1.009050000000000026e-47
4.312500000000000000e+02 1.009180000000000052e-47
4.313750000000000000e+02 1.009329999999999943e-47
4.315000000000000000e+02 1.009370000000000035e-47
4.316250000000000000e+02 1.009380000000000027e-47
4.317500000000000000e+02 1.009370000000000035e-47
4.318750000000000000e+02 1.009360000000000042e-47
4.320000000000000000e+02 1.009360000000000042e-47
4.321250000000000000e+02 1.009390000000000020e-47
4.322500000000000000e+02 1.009390000000000020e-47
4.323750000000000000e+02 1.009459999999999969e-47
4.325000000000000000e+02 1.009550000000000024e-47
4.326250000000000000e+02 1.009599999999999988e-47
4.327500000000000000e+02 1.009619999999999973e-47
4.328750000000000000e+02 1.009619999999999973e-47
4.330000000000000000e+02 1.009619999999999973e-47
4.331250000000000000e+02 1.009619999999999973e-47
4.332500000000000000e+02 1.009649999999999951e-47
4.333750000000000000e+02 1.009690000000000043e-47
4.335000000000000000e+02 1.009730000000000014e-47
4.336250000000000000e+02 1.009779999999999977e-47
4.337500000000000000e+02 1.009840000000000055e-47
4.338750000000000000e+02 1.009910000000000004e-47
4.340000000000000000e+02 1.009959999999999967e-47
4.341250000000000000e+02 1.010040000000000030e-47
4.342500000000000000e+02 1.010119999999999971e-47
4.343750000000000000e+02 1.010170000000000056e-47
4.345000000000000000e+02 1.010159999999999942e-47
4.346250000000000000e+02 1.010170000000000056e-47
4.347500000000000000e+02 1.010180000000000049e-47
4.348750000000000000e+02 1.010200000000000034e-47
4.350000000000000000e+02 1.010249999999999998e-47
4.351250000000000000e+02 1.010289999999999968e-47
4.352500000000000000e+02 1.010340000000000053e-47
4.353750000000000000e+02 1.010419999999999994e-47
4.355000000000000000e+02 1.010489999999999943e-47
4.356250000000000000e+02 1.010510000000000050e-47
4.357500000000000000e+02 1.010560000000000013e-47
4.358750000000000000e+02 1.010629999999999962e-47
4.360000000000000000e+02 1.010670000000000054e-47
4.361250000000000000e+02 1.010730000000000010e-47
4.362500000000000000e+02 1.010779999999999974e-47
4.363750000000000000e+02 1.010830000000000059e-47
4.365000000000000000e+02 1.010890000000000015e-47
4.366250000000000000e+02 1.011000000000000056e-47
4.367500000000000000e+02 1.011000000000000056e-47
4.368750000000000000e+02 1.011050000000000019e-47
4.370000000000000000e+02 1.011109999999999975e-47
4.371250000000000000e+02 1.011190000000000038e-47
4.372500000000000000e+02 1.011259999999999987e-47
4.373750000000000000e+02 1.011390000000000013e-47
4.375000000000000000e+02 1.011469999999999954e-47
4.376250000000000000e+02 1.011649999999999944e-47
4.377500000000000000e+02 1.011730000000000007e-47
4.378750000000000000e+02 1.011949999999999967e-47
4.380000000000000000e+02 1.011890000000000011e-47
4.381250000000000000e+02 1.011909999999999996e-47
4.382500000000000000e+02 1.012010000000000045e-47
4.383750000000000000e+02 1.012350000000000038e-47
4.385000000000000000e+02 1.012479999999999943e-47
4.386250000000000000e+02 1.012550000000000013e-47
4.387500000000000000e+02 1.012730000000000003e-47
4.388750000000000000e+02 1.012840000000000044e-47
4.390000000000000000e+02 1.012949999999999963e-47
4.391250000000000000e+02 1.012959999999999956e-47
4.392500000000000000e+02 1.013000000000000048e-47
4.393750000000000000e+02 1.013050000000000012e-47
4.395000000000000000e+02 1.013129999999999953e-47
4.396250000000000000e+02 1.013220000000000008e-47
4.397500000000000000e+02 1.013419999999999983e-47
4.398750000000000000e+02 1.013660000000000051e-47
4.400000000000000000e+02 1.013880000000000011e-47
4.401250000000000000e+02 1.014079999999999986e-47
4.402500000000000000e+02 1.014289999999999954e-47
4.403750000000000000e+02 1.014439999999999965e-47
4.405000000000000000e+02 1.014520000000000028e-47
4.406250000000000000e+02 1.014650000000000054e-47
4.407500000000000000e+02 1.014880000000000007e-47
4.408750000000000000e+02 1.015119999999999953e-47
4.410000000000000000e+02 1.015200000000000016e-47
4.411250000000000000e+02 1.015320000000000049e-47
4.412500000000000000e+02 1.015389999999999998e-47
4.413750000000000000e+02 1.015480000000000054e-47
4.415000000000000000e+02 1.015769999999999963e-47
4.416250000000000000e+02 1.015860000000000018e-47
4.417500000000000000e+02 1.015919999999999974e-47
4.418750000000000000e+02 1.016000000000000037e-47
4.420000000000000000e+02 1.016010000000000030e-47
4.421250000000000000e+02 1.016069999999999986e-47
4.422500000000000000e+02 1.016099999999999964e-47
4.423750000000000000e+02 1.016099999999999964e-47
4.425000000000000000e+02 1.016109999999999957e-47
4.426250000000000000e+02 1.016190000000000019e-47
4.427500000000000000e+02 1.016300000000000060e-47
4.428750000000000000e+02 1.016409999999999980e-47
4.430000000000000000e+02 1.016520000000000021e-47
4.431250000000000000e+02 1.016579999999999977e-47
4.432500000000000000e+02 1.016710000000000003e-47
4.433750000000000000e+02 1.016949999999999949e-47
4.435000000000000000e+02 1.017119999999999946e-47
4.436250000000000000e+02 1.017259999999999964e-47
4.437500000000000000e+02 1.017409999999999976e-47
4.438750000000000000e+02 1.017549999999999995e-47
4.440000000000000000e+02 1.017660000000000036e-47
4.441250000000000000e+02 1.017759999999999963e-47
4.442500000000000000e+02 1.017830000000000033e-47
4.443750000000000000e+02 1.017889999999999989e-47
4.445000000000000000e+02 1.017970000000000052e-47
4.446250000000000000e+02 1.018069999999999979e-47
4.447500000000000000e+02 1.018190000000000012e-47
4.448750000000000000e+02 1.018340000000000024e-47
4.450000000000000000e+02 1.018480000000000043e-47
4.451250000000000000e+02 1.018599999999999955e-47
4.452500000000000000e+02 1.018650000000000040e-47
4.453750000000000000e+02 1.018700000000000003e-47
4.455000000000000000e+02 1.018759999999999959e-47
4.456250000000000000e+02 1.018810000000000044e-47
4.457500000000000000e+02 1.018860000000000007e-47
4.458750000000000000e+02 1.018909999999999971e-47
4.460000000000000000e+02 1.018960000000000055e-47
4.461250000000000000e+02 1.019030000000000004e-47
4.462500000000000000e+02 1.019079999999999968e-47
4.463750000000000000e+02 1.019209999999999994e-47
4.465000000000000000e+02 1.019180000000000016e-47
4.466250000000000000e+02 1.019229999999999979e-47
4.467500000000000000e+02 1.019330000000000027e-47
4.468750000000000000e+02 1.019470000000000046e-47
4.470000000000000000e+02 1.019599999999999951e-47
4.471250000000000000e+02 1.019660000000000029e-47
4.472500000000000000e+02 1.019719999999999985e-47
4.473750000000000000e+02 1.019779999999999941e-47
4.475000000000000000e+02 1.019830000000000026e-47
4.476250000000000000e+02 1.019889999999999982e-47
4.477500000000000000e+02 1.019950000000000059e-47
4.478750000000000000e+02 1.020049999999999986e-47
4.480000000000000000e+02 1.020109999999999942e-47
4.481250000000000000e+02 1.020170000000000019e-47
4.482500000000000000e+02 1.020229999999999975e-47
4.483750000000000000e+02 1.020280000000000060e-47
4.485000000000000000e+02 1.020340000000000016e-47
4.486250000000000000e+02 1.020399999999999972e-47
4.487500000000000000e+02 1.020450000000000057e-47
4.488750000000000000e+02 1.020569999999999969e-47
4.490000000000000000e+02 1.020569999999999969e-47
4.491250000000000000e+02 1.020620000000000054e-47
4.492500000000000000e+02 1.020680000000000010e-47
4.493750000000000000e+02 1.020739999999999966e-47
4.495000000000000000e+02 1.020790000000000051e-47
4.496250000000000000e+02 1.020850000000000007e-47
4.497500000000000000e+02 1.020909999999999963e-47
4.498750000000000000e+02 1.020970000000000041e-47
4.500000000000000000e+02 1.021079999999999960e-47
4.501250000000000000e+02 1.021130000000000045e-47
4.502500000000000000e+02 1.021190000000000001e-47
4.503750000000000000e+02 1.021249999999999957e-47
4.505000000000000000e+02 1.021300000000000042e-47
4.506250000000000000e+02 1.021359999999999998e-47
4.507500000000000000e+02 1.021419999999999954e-47
4.508750000000000000e+02 1.021490000000000024e-47
4.510000000000000000e+02 1.021579999999999958e-47
4.511250000000000000e+02 1.021640000000000036e-47
4.512500000000000000e+02 1.021950000000000052e-47
4.513750000000000000e+02 1.022130000000000041e-47
4.515000000000000000e+02 1.022180000000000005e-47
4.516250000000000000e+02 1.022229999999999968e-47
4.517500000000000000e+02 1.022189999999999997e-47
4.518750000000000000e+02 1.021980000000000030e-47
4.520000000000000000e+02 1.022029999999999993e-47
4.521250000000000000e+02 1.022079999999999957e-47
4.522500000000000000e+02 1.022120000000000049e-47
4.523750000000000000e+02 1.022170000000000012e-47
4.525000000000000000e+02 1.022219999999999975e-47
4.526250000000000000e+02 1.022280000000000053e-47
4.527500000000000000e+02 1.022330000000000016e-47
4.528750000000000000e+02 1.022379999999999980e-47
4.530000000000000000e+02 1.022440000000000057e-47
4.531250000000000000e+02 1.022490000000000021e-47
4.532500000000000000e+02 1.022539999999999984e-47
4.533750000000000000e+02 1.022599999999999940e-47
4.535000000000000000e+02 1.022650000000000025e-47
4.536250000000000000e+02 1.022699999999999988e-47
4.537500000000000000e+02 1.022759999999999944e-47
4.538750000000000000e+02 1.022810000000000029e-47
4.540000000000000000e+02 1.022869999999999985e-47
4.541250000000000000e+02 1.022919999999999949e-47
4.542500000000000000e+02 1.022990000000000019e-47
4.543750000000000000e+02 1.023069999999999960e-47
4.545000000000000000e+02 1.023140000000000030e-47
4.546250000000000000e+02 1.023209999999999979e-47
4.547500000000000000e+02 1.023280000000000049e-47
4.548750000000000000e+02 1.023359999999999991e-47
4.550000000000000000e+02 1.023429999999999939e-47
4.551250000000000000e+02 1.023490000000000017e-47
4.552500000000000000e+02 1.023549999999999973e-47
4.553750000000000000e+02 1.023600000000000058e-47
4.555000000000000000e+02 1.023650000000000021e-47
4.556250000000000000e+02 1.023699999999999985e-47
4.557500000000000000e+02 1.023759999999999941e-47
4.558750000000000000e+02 1.023820000000000018e-47
4.560000000000000000e+02 1.023919999999999945e-47
4.561250000000000000e+02 1.023990000000000015e-47
4.562500000000000000e+02 1.024049999999999971e-47
4.563750000000000000e+02 1.024089999999999942e-47
4.565000000000000000e+02 1.024140000000000027e-47
4.566250000000000000e+02 1.024189999999999990e-47
4.567500000000000000e+02 1.024239999999999953e-47
4.568750000000000000e+02 1.024290000000000038e-47
4.570000000000000000e+02 1.024229999999999961e-47
4.571250000000000000e+02 1.024300000000000031e-47
4.572500000000000000e+02 1.024359999999999987e-47
4.573750000000000000e+02 1.024440000000000050e-47
4.575000000000000000e+02 1.024490000000000013e-47
4.576250000000000000e+02 1.024539999999999977e-47
4.577500000000000000e+02 1.024600000000000054e-47
4.578750000000000000e+02 1.024670000000000003e-47
4.580000000000000000e+02 1.024719999999999966e-47
4.581250000000000000e+02 1.024770000000000051e-47
4.582500000000000000e+02 1.024899999999999956e-47
4.583750000000000000e+02 1.025049999999999967e-47
4.585000000000000000e+02 1.025270000000000049e-47
4.586250000000000000e+02 1.025399999999999954e-47
4.587500000000000000e+02 1.025490000000000010e-47
4.588750000000000000e+02 1.025579999999999944e-47
4.590000000000000000e+02 1.025669999999999999e-47
4.591250000000000000e+02 1.025770000000000047e-47
4.592500000000000000e+02 1.025859999999999982e-47
4.593750000000000000e+02 1.025980000000000015e-47
4.595000000000000000e+02 1.026039999999999971e-47
4.596250000000000000e+02 1.026669999999999996e-47
4.597500000000000000e+02 1.026739999999999944e-47
4.598750000000000000e+02 1.026899999999999949e-47
4.600000000000000000e+02 1.027059999999999953e-47
4.601250000000000000e+02 1.027140000000000016e-47
4.602500000000000000e+02 1.026590000000000054e-47
4.603750000000000000e+02 1.026679999999999988e-47
4.605000000000000000e+02 1.026770000000000044e-47
4.606250000000000000e+02 1.026859999999999978e-47
4.607500000000000000e+02 1.026960000000000026e-47
4.608750000000000000e+02 1.027059999999999953e-47
4.610000000000000000e+02 1.027150000000000008e-47
4.611250000000000000e+02 1.027250000000000057e-47
4.612500000000000000e+02 1.027349999999999983e-47
4.613750000000000000e+02 1.027450000000000032e-47
4.615000000000000000e+02 1.027549999999999958e-47
4.616250000000000000e+02 1.027650000000000007e-47
4.617500000000000000e+02 1.027750000000000055e-47
4.618750000000000000e+02 1.027839999999999989e-47
4.620000000000000000e+02 1.027940000000000037e-47
4.621250000000000000e+02 1.028029999999999971e-47
4.622500000000000000e+02 1.028100000000000041e-47
4.623750000000000000e+02 1.028179999999999983e-47
4.625000000000000000e+02 1.028250000000000053e-47
4.626250000000000000e+02 1.028320000000000002e-47
4.627500000000000000e+02 1.028389999999999950e-47
4.628750000000000000e+02 1.028460000000000021e-47
4.630000000000000000e+02 1.028539999999999962e-47
4.631250000000000000e+02 1.028630000000000018e-47
4.632500000000000000e+02 1.028719999999999952e-47
4.633750000000000000e+02 1.028800000000000014e-47
4.635000000000000000e+02 1.028889999999999949e-47
4.636250000000000000e+02 1.028970000000000011e-47
4.637500000000000000e+02 1.029059999999999945e-47
4.638750000000000000e+02 1.029150000000000001e-47
4.640000000000000000e+02 1.029229999999999942e-47
4.641250000000000000e+02 1.029319999999999998e-47
4.642500000000000000e+02 1.029399999999999939e-47
4.643750000000000000e+02 1.029489999999999995e-47
4.645000000000000000e+02 1.029570000000000058e-47
4.646250000000000000e+02 1.029659999999999992e-47
4.647500000000000000e+02 1.029740000000000055e-47
4.648750000000000000e+02 1.029960000000000015e-47
4.650000000000000000e+02 1.029889999999999945e-47
4.651250000000000000e+02 1.029940000000000030e-47
4.652500000000000000e+02 1.030009999999999978e-47
4.653750000000000000e+02 1.030080000000000049e-47
4.655000000000000000e+02 1.030179999999999975e-47
4.656250000000000000e+02 1.030329999999999987e-47
4.657500000000000000e+02 1.030420000000000043e-47
4.658750000000000000e+02 1.030570000000000054e-47
4.660000000000000000e+02 1.030689999999999966e-47
4.661250000000000000e+02 1.030790000000000014e-47
4.662500000000000000e+02 1.030879999999999949e-47
4.663750000000000000e+02 1.030960000000000011e-47
4.665000000000000000e+02 1.031009999999999975e-47
4.666250000000000000e+02 1.031060000000000060e-47
4.667500000000000000e+02 1.031110000000000023e-47
4.668750000000000000e+02 1.031159999999999986e-47
4.670000000000000000e+02 1.031230000000000057e-47
4.671250000000000000e+02 1.031329999999999983e-47
4.672500000000000000e+02 1.031499999999999980e-47
4.673750000000000000e+02 1.031560000000000058e-47
4.675000000000000000e+02 1.031620000000000014e-47
4.676250000000000000e+02 1.031679999999999970e-47
4.677500000000000000e+02 1.031750000000000040e-47
4.678750000000000000e+02 1.031829999999999981e-47
4.680000000000000000e+02 1.031950000000000015e-47
4.681250000000000000e+02 1.032120000000000012e-47
4.682500000000000000e+02 1.032309999999999994e-47
4.683750000000000000e+02 1.032489999999999984e-47
4.685000000000000000e+02 1.032679999999999966e-47
4.686250000000000000e+02 1.032859999999999956e-47
4.687500000000000000e+02 1.032999999999999975e-47
4.688750000000000000e+02 1.033179999999999964e-47
4.690000000000000000e+02 1.033299999999999998e-47
4.691250000000000000e+02 1.033420000000000032e-47
4.692500000000000000e+02 1.033529999999999951e-47
4.693750000000000000e+02 1.033560000000000050e-47
4.695000000000000000e+02 1.033580000000000036e-47
4.696250000000000000e+02 1.033600000000000021e-47
4.697500000000000000e+02 1.033629999999999999e-47
4.698750000000000000e+02 1.033740000000000040e-47
4.700000000000000000e+02 1.033900000000000044e-47
4.701250000000000000e+02 1.034039999999999942e-47
4.702500000000000000e+02 1.034210000000000060e-47
4.703750000000000000e+02 1.034329999999999972e-47
4.705000000000000000e+02 1.034469999999999991e-47
4.706250000000000000e+02 1.034590000000000025e-47
4.707500000000000000e+02 1.034710000000000058e-47
4.708750000000000000e+02 1.034819999999999978e-47
4.710000000000000000e+02 1.034930000000000019e-47
4.711250000000000000e+02 1.035040000000000060e-47
4.712500000000000000e+02 1.035139999999999986e-47
4.713750000000000000e+02 1.035220000000000049e-47
4.715000000000000000e+02 1.035299999999999991e-47
4.716250000000000000e+02 1.035369999999999939e-47
4.717500000000000000e+02 1.035450000000000002e-47
4.718750000000000000e+02 1.035529999999999944e-47
4.720000000000000000e+02 1.035610000000000006e-47
4.721250000000000000e+02 1.035679999999999955e-47
4.722500000000000000e+02 1.035730000000000040e-47
4.723750000000000000e+02 1.035760000000000018e-47
4.725000000000000000e+02 1.035789999999999996e-47
4.726250000000000000e+02 1.035819999999999974e-47
4.727500000000000000e+02 1.035849999999999952e-47
4.728750000000000000e+02 1.035870000000000059e-47
4.730000000000000000e+02 1.035900000000000037e-47
4.731250000000000000e+02 1.035930000000000015e-47
4.732500000000000000e+02 1.035959999999999993e-47
4.733750000000000000e+02 1.035999999999999964e-47
4.735000000000000000e+02 1.036050000000000049e-47
4.736250000000000000e+02 1.036100000000000012e-47
4.737500000000000000e+02 1.036139999999999983e-47
4.738750000000000000e+02 1.036189999999999946e-47
4.740000000000000000e+02 1.036240000000000031e-47
4.741250000000000000e+02 1.036289999999999994e-47
4.742500000000000000e+02 1.036329999999999965e-47
4.743750000000000000e+02 1.036380000000000050e-47
4.745000000000000000e+02 1.036430000000000013e-47
4.746250000000000000e+02 1.036479999999999977e-47
4.747500000000000000e+02 1.036519999999999947e-47
4.748750000000000000e+02 1.036629999999999988e-47
4.750000000000000000e+02 1.036760000000000014e-47
4.751250000000000000e+02 1.036890000000000041e-47
4.752500000000000000e+02 1.036969999999999982e-47
4.753750000000000000e+02 1.036989999999999967e-47
4.755000000000000000e+02 1.037009999999999953e-47
4.756250000000000000e+02 1.037030000000000060e-47
4.757500000000000000e+02 1.037050000000000045e-47
4.758750000000000000e+02 1.037070000000000030e-47
4.760000000000000000e+02 1.037090000000000016e-47
4.761250000000000000e+02 1.037100000000000008e-47
4.762500000000000000e+02 1.037230000000000035e-47
4.763750000000000000e+02 1.037279999999999998e-47
4.765000000000000000e+02 1.037270000000000005e-47
4.766250000000000000e+02 1.037250000000000020e-47
4.767500000000000000e+02 1.037220000000000042e-47
4.768750000000000000e+02 1.037210000000000049e-47
4.770000000000000000e+02 1.037230000000000035e-47
4.771250000000000000e+02 1.037250000000000020e-47
4.772500000000000000e+02 1.037270000000000005e-47
4.773750000000000000e+02 1.037289999999999991e-47
4.775000000000000000e+02 1.037530000000000058e-47
4.776250000000000000e+02 1.037799999999999981e-47
4.777500000000000000e+02 1.038060000000000034e-47
4.778750000000000000e+02 1.038319999999999965e-47
4.780000000000000000e+02 1.038119999999999990e-47
4.781250000000000000e+02 1.038090000000000012e-47
4.782500000000000000e+02 1.037700000000000055e-47
4.783750000000000000e+02 1.037969999999999978e-47
4.785000000000000000e+02 1.038030000000000056e-47
4.786250000000000000e+02 1.038169999999999953e-47
4.787500000000000000e+02 1.038279999999999994e-47
4.788750000000000000e+02 1.038309999999999972e-47
4.790000000000000000e+02 1.038360000000000057e-47
4.791250000000000000e+02 1.038240000000000024e-47
4.792500000000000000e+02 1.038349999999999943e-47
4.793750000000000000e+02 1.038609999999999995e-47
4.795000000000000000e+02 1.038760000000000007e-47
4.796250000000000000e+02 1.038750000000000014e-47
4.797500000000000000e+02 1.038740000000000022e-47
4.798750000000000000e+02 1.038770000000000000e-47
4.800000000000000000e+02 1.038779999999999992e-47
4.801250000000000000e+02 1.038779999999999992e-47
4.802500000000000000e+02 1.038860000000000055e-47
4.803750000000000000e+02 1.038890000000000033e-47
4.805000000000000000e+02 1.038900000000000026e-47
4.806250000000000000e+02 1.038920000000000011e-47
4.807500000000000000e+02 1.038939999999999997e-47
4.808750000000000000e+02 1.038979999999999967e-47
4.810000000000000000e+02 1.039060000000000030e-47
4.811250000000000000e+02 1.039210000000000042e-47
4.812500000000000000e+02 1.039250000000000013e-47
4.813750000000000000e+02 1.039289999999999983e-47
4.815000000000000000e+02 1.039329999999999954e-47
4.816250000000000000e+02 1.039370000000000046e-47
4.817500000000000000e+02 1.039400000000000024e-47
4.818750000000000000e+02 1.039420000000000010e-47
4.820000000000000000e+02 1.039430000000000002e-47
4.821250000000000000e+02 1.039449999999999988e-47
4.822500000000000000e+02 1.039469999999999973e-47
4.823750000000000000e+02 1.039489999999999958e-47
4.825000000000000000e+02 1.039509999999999944e-47
4.826250000000000000e+02 1.039530000000000050e-47
4.827500000000000000e+02 1.039550000000000036e-47
4.828750000000000000e+02 1.039570000000000021e-47
4.830000000000000000e+02 1.039590000000000006e-47
4.831250000000000000e+02 1.039599999999999999e-47
4.832500000000000000e+02 1.039619999999999984e-47
4.833750000000000000e+02 1.039649999999999962e-47
4.835000000000000000e+02 1.039679999999999940e-47
4.836250000000000000e+02 1.039720000000000033e-47
4.837500000000000000e+02 1.039760000000000003e-47
4.838750000000000000e+02 1.039789999999999981e-47
4.840000000000000000e+02 1.039829999999999952e-47
4.841250000000000000e+02 1.039870000000000044e-47
4.842500000000000000e+02 1.039900000000000022e-47
4.843750000000000000e+02 1.039939999999999993e-47
4.845000000000000000e+02 1.039979999999999964e-47
4.846250000000000000e+02 1.040020000000000056e-47
4.847500000000000000e+02 1.040050000000000034e-47
4.848750000000000000e+02 1.040090000000000005e-47
4.850000000000000000e+02 1.040129999999999975e-47
4.851250000000000000e+02 1.040169999999999946e-47
4.852500000000000000e+02 1.040200000000000046e-47
4.853750000000000000e+02 1.040240000000000016e-47
4.855000000000000000e+02 1.040279999999999987e-47
4.856250000000000000e+02 1.040319999999999958e-47
4.857500000000000000e+02 1.040360000000000050e-47
4.858750000000000000e+02 1.040390000000000028e-47
4.860000000000000000e+02 1.040429999999999999e-47
4.861250000000000000e+02 1.040469999999999969e-47
4.862500000000000000e+02 1.040509999999999940e-47
4.863750000000000000e+02 1.040550000000000032e-47
4.865000000000000000e+02 1.040590000000000003e-47
4.866250000000000000e+02 1.040629999999999973e-47
4.867500000000000000e+02 1.040669999999999944e-47
4.868750000000000000e+02 1.040710000000000036e-47
4.870000000000000000e+02 1.040750000000000007e-47
4.871250000000000000e+02 1.040789999999999978e-47
4.872500000000000000e+02 1.040839999999999941e-47
4.873750000000000000e+02 1.040880000000000033e-47
4.875000000000000000e+02 1.040910000000000011e-47
4.876250000000000000e+02 1.040920000000000004e-47
4.877500000000000000e+02 1.040939999999999989e-47
4.878750000000000000e+02 1.040969999999999967e-47
4.880000000000000000e+02 1.042740000000000007e-47
4.881250000000000000e+02 1.042819999999999948e-47
4.882500000000000000e+02 1.041169999999999942e-47
4.883750000000000000e+02 1.041240000000000013e-47
4.885000000000000000e+02 1.041309999999999961e-47
4.886250000000000000e+02 1.041390000000000024e-47
4.887500000000000000e+02 1.041530000000000043e-47
4.888750000000000000e+02 1.041680000000000055e-47
4.890000000000000000e+02 1.041829999999999945e-47
4.891250000000000000e+02 1.041979999999999956e-47
4.892500000000000000e+02 1.042129999999999968e-47
4.893750000000000000e+02 1.042269999999999987e-47
4.895000000000000000e+02 1.042329999999999943e-47
4.896250000000000000e+02 1.042390000000000020e-47
4.897500000000000000e+02 1.042459999999999969e-47
4.898750000000000000e+02 1.042520000000000047e-47
4.900000000000000000e+02 1.042589999999999995e-47
4.901250000000000000e+02 1.042649999999999951e-47
4.902500000000000000e+02 1.042720000000000022e-47
4.903750000000000000e+02 1.042829999999999941e-47
4.905000000000000000e+02 1.042989999999999945e-47
4.906250000000000000e+02 1.043170000000000057e-47
4.907500000000000000e+02 1.043340000000000053e-47
4.908750000000000000e+02 1.043520000000000043e-47
4.910000000000000000e+02 1.043710000000000025e-47
4.911250000000000000e+02 1.044319999999999943e-47
4.912500000000000000e+02 1.044099999999999983e-47
4.913750000000000000e+02 1.044289999999999965e-47
4.915000000000000000e+02 1.044489999999999940e-47
4.916250000000000000e+02 1.044579999999999995e-47
4.917500000000000000e+02 1.044660000000000058e-47
4.918750000000000000e+02 1.044469999999999955e-47
4.920000000000000000e+02 1.044500000000000054e-47
4.921250000000000000e+02 1.044489999999999940e-47
4.922500000000000000e+02 1.044649999999999944e-47
4.923750000000000000e+02 1.044660000000000058e-47
4.925000000000000000e+02 1.044670000000000051e-47
4.926250000000000000e+02 1.044779999999999970e-47
4.927500000000000000e+02 1.044979999999999945e-47
4.928750000000000000e+02 1.045070000000000001e-47
4.930000000000000000e+02 1.045010000000000045e-47
4.931250000000000000e+02 1.045220000000000013e-47
4.932500000000000000e+02 1.045289999999999961e-47
4.933750000000000000e+02 1.045319999999999939e-47
4.935000000000000000e+02 1.045360000000000031e-47
4.936250000000000000e+02 1.045409999999999995e-47
4.937500000000000000e+02 1.045459999999999958e-47
4.938750000000000000e+02 1.045569999999999999e-47
4.940000000000000000e+02 1.045629999999999955e-47
4.941250000000000000e+02 1.045959999999999956e-47
4.942500000000000000e+02 1.046180000000000038e-47
4.943750000000000000e+02 1.046409999999999991e-47
4.945000000000000000e+02 1.046919999999999982e-47
4.946250000000000000e+02 1.047459999999999951e-47
4.947500000000000000e+02 1.051010000000000023e-47
4.948750000000000000e+02 1.052170000000000023e-47
4.950000000000000000e+02 1.052480000000000039e-47
4.951250000000000000e+02 1.052909999999999967e-47
4.952500000000000000e+02 1.053490000000000028e-47
4.953750000000000000e+02 1.055140000000000034e-47
4.955000000000000000e+02 1.055529999999999992e-47
4.956250000000000000e+02 1.056549999999999973e-47
4.957500000000000000e+02 1.057610000000000047e-47
4.958750000000000000e+02 1.058389999999999962e-47
4.960000000000000000e+02 1.061499999999999992e-47
4.961250000000000000e+02 1.069090000000000020e-47
4.962500000000000000e+02 1.070309999999999976e-47
4.963750000000000000e+02 1.077190000000000039e-47
4.965000000000000000e+02 1.079809999999999941e-47
4.966250000000000000e+02 1.082569999999999985e-47
4.967500000000000000e+02 1.085259999999999958e-47
4.968750000000000000e+02 1.090940000000000049e-47
4.970000000000000000e+02 1.099489999999999981e-47
4.971250000000000000e+02 1.111459999999999959e-47
4.972500000000000000e+02 1.124419999999999940e-47
4.973750000000000000e+02 1.132490000000000103e-47
4.975000000000000000e+02 1.138759999999999883e-47
4.976250000000000000e+02 1.148120000000000072e-47
4.977500000000000000e+02 1.163790000000000012e-47
4.978750000000000000e+02 1.183789999999999939e-47
4.980000000000000000e+02 1.205649999999999961e-47
4.981250000000000000e+02 1.229460000000000012e-47
4.982500000000000000e+02 1.253630000000000042e-47
4.983750000000000000e+02 1.281150000000000048e-47
4.985000000000000000e+02 1.307680000000000050e-47
4.986250000000000000e+02 1.340349999999999928e-47
4.987500000000000000e+02 1.375139999999999953e-47
4.988750000000000000e+02 1.411049999999999887e-47
4.990000000000000000e+02 1.449250000000000087e-47
4.991250000000000000e+02 1.490189999999999981e-47
4.992500000000000000e+02 1.535719999999999913e-47
4.993750000000000000e+02 1.584849999999999881e-47
4.995000000000000000e+02 1.636189999999999931e-47
4.996250000000000000e+02 1.696730000000000044e-47
4.997500000000000000e+02 1.769209999999999914e-47
4.998750000000000000e+02 1.836479999999999956e-47
5.000000000000000000e+02 1.917739999999999954e-47
5.001250000000000000e+02 2.009249999999999976e-47
5.002500000000000000e+02 2.117960000000000031e-47
5.003750000000000000e+02 2.258790000000000124e-47
5.005000000000000000e+02 2.415589999999999937e-47
5.006250000000000000e+02 2.621730000000000051e-47
5.007500000000000000e+02 2.900629999999999829e-47
5.008750000000000000e+02 3.273839999999999764e-47
5.010000000000000000e+02 3.972420000000000179e-47
5.011250000000000000e+02 5.391930000000000429e-47
5.012500000000000000e+02 9.248750000000000740e-47
5.013750000000000000e+02 3.256879999999999845e-46
5.015000000000000000e+02 8.055700000000000023e-45
5.016250000000000000e+02 1.147079999999999959e-45
5.017500000000000000e+02 2.966110000000000220e-45
5.018750000000000000e+02 3.428639999999999973e-46
5.020000000000000000e+02 1.188710000000000028e-46
5.021250000000000000e+02 7.557199999999999574e-47
5.022500000000000000e+02 6.142270000000000342e-47
5.023750000000000000e+02 5.603870000000000180e-47
5.025000000000000000e+02 5.377699999999999919e-47
5.026250000000000000e+02 5.297059999999999710e-47
5.027500000000000000e+02 5.329840000000000479e-47
5.028750000000000000e+02 5.474279999999999628e-47
5.030000000000000000e+02 5.669300000000000113e-47
5.031250000000000000e+02 5.912119999999999595e-47
5.032500000000000000e+02 6.154430000000000181e-47
5.033750000000000000e+02 6.416029999999999998e-47
5.035000000000000000e+02 7.221490000000000352e-47
5.036250000000000000e+02 1.813690000000000032e-46
5.037500000000000000e+02 1.082309999999999991e-45
5.038750000000000000e+02 1.150810000000000094e-46
5.040000000000000000e+02 8.703300000000000154e-47
5.041250000000000000e+02 9.170870000000000452e-47
5.042500000000000000e+02 9.893639999999999425e-47
5.043750000000000000e+02 1.099389999999999957e-46
5.045000000000000000e+02 1.265889999999999953e-46
5.046250000000000000e+02 1.520989999999999965e-46
5.047500000000000000e+02 2.147399999999999942e-46
5.048750000000000000e+02 4.864780000000000334e-46
5.050000000000000000e+02 1.090030000000000050e-45
5.051250000000000000e+02 7.674999999999999773e-46
5.052500000000000000e+02 3.194050000000000146e-46
5.053750000000000000e+02 2.326380000000000126e-46
5.055000000000000000e+02 2.015389999999999900e-46
5.056250000000000000e+02 1.877980000000000120e-46
5.057500000000000000e+02 1.850429999999999844e-46
5.058750000000000000e+02 1.882669999999999940e-46
5.060000000000000000e+02 1.939450000000000037e-46
5.061250000000000000e+02 1.991769999999999806e-46
5.062500000000000000e+02 2.106659999999999951e-46
5.063750000000000000e+02 2.440299999999999863e-46
5.065000000000000000e+02 3.152750000000000177e-46
5.066250000000000000e+02 4.715989999999999658e-46
5.067500000000000000e+02 8.058950000000000198e-46
5.068750000000000000e+02 1.536200000000000086e-45
5.070000000000000000e+02 3.207200000000000242e-45
5.071250000000000000e+02 7.129179999999999818e-45
5.072500000000000000e+02 1.610489999999999970e-44
5.073750000000000000e+02 3.707349999999999752e-44
5.075000000000000000e+02 8.776290000000000395e-44
5.076250000000000000e+02 2.122629999999999970e-43
5.077500000000000000e+02 5.106569999999999620e-43
5.078750000000000000e+02 1.239319999999999967e-42
5.080000000000000000e+02 2.985050000000000093e-42
5.081250000000000000e+02 8.468919999999999928e-42
5.082500000000000000e+02 4.750770000000000164e-41
5.083750000000000000e+02 3.587679999999999828e-40
5.085000000000000000e+02 1.469469999999999971e-41
5.086250000000000000e+02 4.172749999999999975e-42
5.087500000000000000e+02 1.828050000000000037e-42
5.088750000000000000e+02 9.910190000000000026e-43
5.090000000000000000e+02 6.043809999999999989e-43
5.091250000000000000e+02 3.858180000000000161e-43
5.092500000000000000e+02 2.647489999999999848e-43
5.093750000000000000e+02 2.015159999999999823e-43
5.095000000000000000e+02 1.611889999999999903e-43
5.096250000000000000e+02 1.377089999999999926e-43
5.097500000000000000e+02 1.264570000000000017e-43
5.098750000000000000e+02 1.237619999999999985e-43
5.100000000000000000e+02 1.293289999999999942e-43
5.101250000000000000e+02 1.379989999999999906e-43
5.102500000000000000e+02 1.526769999999999986e-43
5.103750000000000000e+02 1.922160000000000032e-43
5.105000000000000000e+02 3.161360000000000064e-43
5.106250000000000000e+02 1.020819999999999927e-42
5.107500000000000000e+02 1.293539999999999899e-41
5.108750000000000000e+02 5.712070000000000384e-43
5.110000000000000000e+02 1.199459999999999903e-43
5.111250000000000000e+02 3.939610000000000075e-44
5.112500000000000000e+02 1.720730000000000039e-44
5.113750000000000000e+02 8.534620000000000258e-45
5.115000000000000000e+02 4.289060000000000105e-45
5.116250000000000000e+02 2.147920000000000067e-45
5.117500000000000000e+02 1.115450000000000029e-45
5.118750000000000000e+02 6.335960000000000295e-46
5.120000000000000000e+02 3.918370000000000171e-46
5.121250000000000000e+02 2.515630000000000027e-46
5.122500000000000000e+02 1.725699999999999911e-46
5.123750000000000000e+02 1.234639999999999959e-46
5.125000000000000000e+02 9.212549999999999074e-47
5.126250000000000000e+02 7.166149999999999587e-47
5.127500000000000000e+02 5.843630000000000447e-47
5.128750000000000000e+02 5.109429999999999886e-47
5.130000000000000000e+02 4.764549999999999849e-47
5.131250000000000000e+02 5.072760000000000266e-47
5.132500000000000000e+02 6.175080000000000361e-47
5.133750000000000000e+02 1.242580000000000071e-46
5.135000000000000000e+02 1.330730000000000075e-45
5.136250000000000000e+02 2.341320000000000164e-46
5.137500000000000000e+02 6.145469999999999942e-47
5.138750000000000000e+02 3.452930000000000013e-47
5.140000000000000000e+02 2.480439999999999808e-47
5.141250000000000000e+02 2.022680000000000099e-47
5.142500000000000000e+02 1.773320000000000062e-47
5.143750000000000000e+02 1.618909999999999955e-47
5.145000000000000000e+02 1.513690000000000016e-47
5.146250000000000000e+02 1.431169999999999969e-47
5.147500000000000000e+02 1.380250000000000097e-47
5.148750000000000000e+02 1.336369999999999928e-47
5.150000000000000000e+02 1.309300000000000078e-47
5.151250000000000000e+02 1.279709999999999888e-47
5.152500000000000000e+02 1.254499999999999891e-47
5.153750000000000000e+02 1.264429999999999905e-47
5.155000000000000000e+02 1.271560000000000027e-47
5.156250000000000000e+02 1.288490000000000016e-47
5.157500000000000000e+02 1.300060000000000044e-47
5.158750000000000000e+02 1.333349999999999954e-47
5.160000000000000000e+02 1.407170000000000057e-47
5.161250000000000000e+02 1.525970000000000010e-47
5.162500000000000000e+02 1.766690000000000059e-47
5.163750000000000000e+02 2.322920000000000037e-47
5.165000000000000000e+02 4.027139999999999939e-47
5.166250000000000000e+02 1.913609999999999918e-46
5.167500000000000000e+02 3.995100000000000280e-46
5.168750000000000000e+02 5.610879999999999661e-47
5.170000000000000000e+02 2.727380000000000161e-47
5.171250000000000000e+02 1.950080000000000074e-47
5.172500000000000000e+02 1.615120000000000059e-47
5.173750000000000000e+02 1.474679999999999923e-47
5.175000000000000000e+02 1.390330000000000002e-47
5.176250000000000000e+02 1.343830000000000051e-47
5.177500000000000000e+02 1.310769999999999973e-47
5.178750000000000000e+02 1.283589999999999961e-47
5.180000000000000000e+02 1.274589999999999994e-47
5.181250000000000000e+02 1.262590000000000038e-47
5.182500000000000000e+02 1.252860000000000120e-47
5.183750000000000000e+02 1.246940000000000084e-47
5.185000000000000000e+02 1.243330000000000056e-47
5.186250000000000000e+02 1.245749999999999984e-47
5.187500000000000000e+02 1.244900000000000120e-47
5.188750000000000000e+02 1.242889999999999892e-47
5.190000000000000000e+02 1.242270000000000103e-47
5.191250000000000000e+02 1.255900000000000080e-47
5.192500000000000000e+02 1.262190000000000089e-47
5.193750000000000000e+02 1.264910000000000040e-47
5.195000000000000000e+02 1.263469999999999880e-47
5.196250000000000000e+02 1.262950000000000018e-47
5.197500000000000000e+02 1.260799999999999892e-47
5.198750000000000000e+02 1.265029999999999952e-47
5.200000000000000000e+02 1.263349999999999968e-47
5.201250000000000000e+02 1.271019999999999937e-47
5.202500000000000000e+02 1.276049999999999897e-47
5.203750000000000000e+02 1.279029999999999900e-47
5.205000000000000000e+02 1.279510000000000035e-47
5.206250000000000000e+02 1.280430000000000090e-47
5.207500000000000000e+02 1.279999999999999919e-47
5.208750000000000000e+02 1.279289999999999953e-47
5.210000000000000000e+02 1.279190000000000026e-47
5.211250000000000000e+02 1.281130000000000063e-47
5.212500000000000000e+02 1.281170000000000033e-47
5.213750000000000000e+02 1.280909999999999981e-47
5.215000000000000000e+02 1.280689999999999899e-47
5.216250000000000000e+02 1.280500000000000038e-47
5.217500000000000000e+02 1.280400000000000112e-47
5.218750000000000000e+02 1.280820000000000047e-47
5.220000000000000000e+02 1.281029999999999893e-47
5.221250000000000000e+02 1.280870000000000010e-47
5.222500000000000000e+02 1.280720000000000120e-47
5.223750000000000000e+02 1.280599999999999965e-47
5.225000000000000000e+02 1.280899999999999988e-47
5.226250000000000000e+02 1.280679999999999906e-47
5.227500000000000000e+02 1.280589999999999972e-47
5.228750000000000000e+02 1.281589999999999969e-47
5.230000000000000000e+02 1.281589999999999969e-47
5.231250000000000000e+02 1.281569999999999983e-47
5.232500000000000000e+02 1.281609999999999954e-47
5.233750000000000000e+02 1.281639999999999932e-47
5.235000000000000000e+02 1.281649999999999925e-47
5.236250000000000000e+02 1.281669999999999910e-47
5.237500000000000000e+02 1.281669999999999910e-47
5.238750000000000000e+02 1.281760000000000087e-47
5.240000000000000000e+02 1.281820000000000043e-47
5.241250000000000000e+02 1.281870000000000007e-47
5.242500000000000000e+02 1.281979999999999926e-47
5.243750000000000000e+02 1.282039999999999882e-47
5.245000000000000000e+02 1.282579999999999972e-47
5.246250000000000000e+02 1.284949999999999937e-47
5.247500000000000000e+02 1.284780000000000061e-47
5.248750000000000000e+02 1.284599999999999950e-47
5.250000000000000000e+02 1.284440000000000068e-47
5.251250000000000000e+02 1.284279999999999942e-47
5.252500000000000000e+02 1.284130000000000052e-47
5.253750000000000000e+02 1.284080000000000088e-47
5.255000000000000000e+02 1.283939999999999948e-47
5.256250000000000000e+02 1.283830000000000029e-47
5.257500000000000000e+02 1.283730000000000102e-47
5.258750000000000000e+02 1.283599999999999954e-47
5.260000000000000000e+02 1.283480000000000042e-47
5.261250000000000000e+02 1.283359999999999887e-47
5.262500000000000000e+02 1.283289999999999938e-47
5.263750000000000000e+02 1.283309999999999923e-47
5.265000000000000000e+02 1.283400000000000101e-47
5.266250000000000000e+02 1.283500000000000027e-47
5.267500000000000000e+02 1.283609999999999947e-47
5.268750000000000000e+02 1.283710000000000116e-47
5.270000000000000000e+02 1.283820000000000036e-47
5.271250000000000000e+02 1.283929999999999955e-47
5.272500000000000000e+02 1.284040000000000118e-47
5.273750000000000000e+02 1.284150000000000037e-47
5.275000000000000000e+02 1.284259999999999956e-47
5.276250000000000000e+02 1.284380000000000112e-47
5.277500000000000000e+02 1.284490000000000031e-47
5.278750000000000000e+02 1.284609999999999943e-47
5.280000000000000000e+02 1.284730000000000098e-47
5.281250000000000000e+02 1.290160000000000008e-47
5.282500000000000000e+02 1.290179999999999993e-47
5.283750000000000000e+02 1.291810000000000014e-47
5.285000000000000000e+02 1.285820000000000028e-47
5.286250000000000000e+02 1.285529999999999998e-47
5.287500000000000000e+02 1.286050000000000103e-47
5.288750000000000000e+02 1.286219999999999978e-47
5.290000000000000000e+02 1.286349999999999883e-47
5.291250000000000000e+02 1.289110000000000048e-47
5.292500000000000000e+02 1.286619999999999928e-47
5.293750000000000000e+02 1.286760000000000069e-47
5.295000000000000000e+02 1.286899999999999966e-47
5.296250000000000000e+02 1.287040000000000107e-47
5.297500000000000000e+02 1.287199999999999989e-47
5.298750000000000000e+02 1.287370000000000108e-47
5.300000000000000000e+02 1.287559999999999969e-47
5.301250000000000000e+02 1.287760000000000065e-47
5.302500000000000000e+02 1.287949999999999926e-47
5.303750000000000000e+02 1.288140000000000030e-47
5.305000000000000000e+02 1.288329999999999890e-47
5.306250000000000000e+02 1.288519999999999994e-47
5.307500000000000000e+02 1.288720000000000091e-47
5.308750000000000000e+02 1.288909999999999952e-47
5.310000000000000000e+02 1.289110000000000048e-47
5.311250000000000000e+02 1.289299999999999909e-47
5.312500000000000000e+02 1.289500000000000005e-47
5.313750000000000000e+02 1.289690000000000109e-47
5.315000000000000000e+02 1.289889999999999962e-47
5.316250000000000000e+02 1.290800000000000025e-47
5.317500000000000000e+02 1.292599999999999921e-47
5.318750000000000000e+02 1.292750000000000054e-47
5.320000000000000000e+02 1.292899999999999944e-47
5.321250000000000000e+02 1.293050000000000077e-47
5.322500000000000000e+02 1.293199999999999967e-47
5.323750000000000000e+02 1.293350000000000101e-47
5.325000000000000000e+02 1.293499999999999991e-47
5.326250000000000000e+02 1.291680000000000109e-47
5.327500000000000000e+02 1.291879999999999962e-47
5.328750000000000000e+02 1.292080000000000059e-47
5.330000000000000000e+02 1.292279999999999912e-47
5.331250000000000000e+02 1.292480000000000009e-47
5.332500000000000000e+02 1.292680000000000105e-47
5.333750000000000000e+02 1.292879999999999959e-47
5.335000000000000000e+02 1.293080000000000055e-47
5.336250000000000000e+02 1.293279999999999909e-47
5.337500000000000000e+02 1.293489999999999998e-47
5.338750000000000000e+02 1.293690000000000094e-47
5.340000000000000000e+02 1.296710000000000069e-47
5.341250000000000000e+02 1.294090000000000044e-47
5.342500000000000000e+02 1.294299999999999890e-47
5.343750000000000000e+02 1.297020000000000085e-47
5.345000000000000000e+02 1.294700000000000083e-47
5.346250000000000000e+02 1.294909999999999929e-47
5.347500000000000000e+02 1.295110000000000026e-47
5.348750000000000000e+02 1.297430000000000027e-47
5.350000000000000000e+02 1.295519999999999969e-47
5.351250000000000000e+02 1.295720000000000065e-47
5.352500000000000000e+02 1.295800000000000006e-47
5.353750000000000000e+02 1.295909999999999926e-47
5.355000000000000000e+02 1.296120000000000015e-47
5.356250000000000000e+02 1.295869999999999955e-47
5.357500000000000000e+02 1.295519999999999969e-47
5.358750000000000000e+02 1.295169999999999982e-47
5.360000000000000000e+02 1.294869999999999959e-47
5.361250000000000000e+02 1.294980000000000121e-47
5.362500000000000000e+02 1.295159999999999989e-47
5.363750000000000000e+02 1.295330000000000108e-47
5.365000000000000000e+02 1.295499999999999983e-47
5.366250000000000000e+02 1.295670000000000102e-47
5.367500000000000000e+02 1.295849999999999970e-47
5.368750000000000000e+02 1.296020000000000088e-47
5.370000000000000000e+02 1.296189999999999964e-47
5.371250000000000000e+02 1.296370000000000075e-47
5.372500000000000000e+02 1.296539999999999950e-47
5.373750000000000000e+02 1.296710000000000069e-47
5.375000000000000000e+02 1.296889999999999937e-47
5.376250000000000000e+02 1.297060000000000055e-47
5.377500000000000000e+02 1.297229999999999931e-47
5.378750000000000000e+02 1.297410000000000042e-47
5.380000000000000000e+02 1.297579999999999917e-47
5.381250000000000000e+02 1.297750000000000036e-47
5.382500000000000000e+02 1.297929999999999904e-47
5.383750000000000000e+02 1.298100000000000022e-47
5.385000000000000000e+02 1.298279999999999890e-47
5.386250000000000000e+02 1.300579999999999906e-47
5.387500000000000000e+02 1.298630000000000120e-47
5.388750000000000000e+02 1.298799999999999995e-47
5.390000000000000000e+02 1.298859999999999951e-47
5.391250000000000000e+02 1.298879999999999937e-47
5.392500000000000000e+02 1.298909999999999915e-47
5.393750000000000000e+02 1.299060000000000048e-47
5.395000000000000000e+02 1.299249999999999909e-47
5.396250000000000000e+02 1.299380000000000056e-47
5.397500000000000000e+02 1.299239999999999916e-47
5.398750000000000000e+02 1.299129999999999997e-47
5.400000000000000000e+02 1.299420000000000027e-47
5.401250000000000000e+02 1.299269999999999894e-47
5.402500000000000000e+02 1.299279999999999887e-47
5.403750000000000000e+02 1.299169999999999967e-47
5.405000000000000000e+02 1.299259999999999901e-47
5.406250000000000000e+02 1.299410000000000034e-47
5.407500000000000000e+02 1.299569999999999917e-47
5.408750000000000000e+02 1.299569999999999917e-47
5.410000000000000000e+02 1.299350000000000078e-47
5.411250000000000000e+02 1.299129999999999997e-47
5.412500000000000000e+02 1.299159999999999975e-47
5.413750000000000000e+02 1.299360000000000071e-47
5.415000000000000000e+02 1.299370000000000064e-47
5.416250000000000000e+02 1.299440000000000013e-47
5.417500000000000000e+02 1.299320000000000100e-47
5.418750000000000000e+02 1.299459999999999998e-47
5.420000000000000000e+02 1.299680000000000080e-47
5.421250000000000000e+02 1.299899999999999918e-47
5.422500000000000000e+02 1.300129999999999993e-47
5.423750000000000000e+02 1.300350000000000075e-47
5.425000000000000000e+02 1.300360000000000067e-47
5.426250000000000000e+02 1.300559999999999921e-47
5.427500000000000000e+02 1.300690000000000069e-47
5.428750000000000000e+02 1.300730000000000039e-47
5.430000000000000000e+02 1.301000000000000085e-47
5.431250000000000000e+02 1.301229999999999916e-47
5.432500000000000000e+02 1.301119999999999997e-47
5.433750000000000000e+02 1.301139999999999982e-47
5.435000000000000000e+02 1.301360000000000064e-47
5.436250000000000000e+02 1.301509999999999954e-47
5.437500000000000000e+02 1.301449999999999998e-47
5.438750000000000000e+02 1.301310000000000100e-47
5.440000000000000000e+02 1.301169999999999960e-47
5.441250000000000000e+02 1.301040000000000055e-47
5.442500000000000000e+02 1.300899999999999915e-47
5.443750000000000000e+02 1.300760000000000017e-47
5.445000000000000000e+02 1.300620000000000120e-47
5.446250000000000000e+02 1.300489999999999972e-47
5.447500000000000000e+02 1.300350000000000075e-47
5.448750000000000000e+02 1.300209999999999934e-47
5.450000000000000000e+02 1.300219999999999927e-47
5.451250000000000000e+02 1.300420000000000023e-47
5.452500000000000000e+02 1.300459999999999994e-47
5.453750000000000000e+02 1.300360000000000067e-47
5.455000000000000000e+02 1.300919999999999900e-47
5.456250000000000000e+02 1.300919999999999900e-47
5.457500000000000000e+02 1.301249999999999901e-47
5.458750000000000000e+02 1.301630000000000109e-47
5.460000000000000000e+02 1.302060000000000037e-47
5.461250000000000000e+02 1.302360000000000060e-47
5.462500000000000000e+02 1.302209999999999927e-47
5.463750000000000000e+02 1.302350000000000067e-47
5.465000000000000000e+02 1.302209999999999927e-47
5.466250000000000000e+02 1.302060000000000037e-47
5.467500000000000000e+02 1.302080000000000022e-47
5.468750000000000000e+02 1.302269999999999883e-47
5.470000000000000000e+02 1.302459999999999987e-47
5.471250000000000000e+02 1.302650000000000091e-47
5.472500000000000000e+02 1.302839999999999951e-47
5.473750000000000000e+02 1.303030000000000055e-47
5.475000000000000000e+02 1.303219999999999916e-47
5.476250000000000000e+02 1.303449999999999990e-47
5.477500000000000000e+02 1.303640000000000094e-47
5.478750000000000000e+02 1.303970000000000096e-47
5.480000000000000000e+02 1.304340000000000067e-47
5.481250000000000000e+02 1.304620000000000105e-47
5.482500000000000000e+02 1.304690000000000054e-47
5.483750000000000000e+02 1.304760000000000003e-47
5.485000000000000000e+02 1.304829999999999951e-47
5.486250000000000000e+02 1.304950000000000107e-47
5.487500000000000000e+02 1.305060000000000026e-47
5.488750000000000000e+02 1.305189999999999931e-47
5.490000000000000000e+02 1.305330000000000071e-47
5.491250000000000000e+02 1.305469999999999968e-47
5.492500000000000000e+02 1.305610000000000109e-47
5.493750000000000000e+02 1.305779999999999984e-47
5.495000000000000000e+02 1.306060000000000022e-47
5.496250000000000000e+02 1.306340000000000060e-47
5.497500000000000000e+02 1.306660000000000069e-47
5.498750000000000000e+02 1.306839999999999937e-47
5.500000000000000000e+02 1.307070000000000011e-47
5.501250000000000000e+02 1.307260000000000115e-47
5.502500000000000000e+02 1.307449999999999976e-47
5.503750000000000000e+02 1.307640000000000080e-47
5.505000000000000000e+02 1.307829999999999940e-47
5.506250000000000000e+02 1.307980000000000074e-47
5.507500000000000000e+02 1.308179999999999927e-47
5.508750000000000000e+02 1.308370000000000031e-47
5.510000000000000000e+02 1.308499999999999935e-47
5.511250000000000000e+02 1.308569999999999884e-47
5.512500000000000000e+02 1.308620000000000091e-47
5.513750000000000000e+02 1.308610000000000098e-47
5.515000000000000000e+02 1.308650000000000069e-47
5.516250000000000000e+02 1.308590000000000113e-47
5.517500000000000000e+02 1.308529999999999913e-47
5.518750000000000000e+02 1.308680000000000047e-47
5.520000000000000000e+02 1.308610000000000098e-47
5.521250000000000000e+02 1.308549999999999899e-47
5.522500000000000000e+02 1.308489999999999943e-47
5.523750000000000000e+02 1.308429999999999987e-47
5.525000000000000000e+02 1.308360000000000038e-47
5.526250000000000000e+02 1.308429999999999987e-47
5.527500000000000000e+02 1.308559999999999892e-47
5.528750000000000000e+02 1.308690000000000039e-47
5.530000000000000000e+02 1.308829999999999937e-47
5.531250000000000000e+02 1.308970000000000077e-47
5.532500000000000000e+02 1.309119999999999967e-47
5.533750000000000000e+02 1.309260000000000108e-47
5.535000000000000000e+02 1.309409999999999998e-47
5.536250000000000000e+02 1.309449999999999968e-47
5.537500000000000000e+02 1.309499999999999932e-47
5.538750000000000000e+02 1.309509999999999924e-47
5.540000000000000000e+02 1.309529999999999910e-47
5.541250000000000000e+02 1.309640000000000072e-47
5.542500000000000000e+02 1.309749999999999992e-47
5.543750000000000000e+02 1.309859999999999911e-47
5.545000000000000000e+02 1.310079999999999993e-47
5.546250000000000000e+02 1.310089999999999986e-47
5.547500000000000000e+02 1.310240000000000119e-47
5.548750000000000000e+02 1.310340000000000045e-47
5.550000000000000000e+02 1.310429999999999979e-47
5.551250000000000000e+02 1.310489999999999935e-47
5.552500000000000000e+02 1.310600000000000098e-47
5.553750000000000000e+02 1.310710000000000017e-47
5.555000000000000000e+02 1.310859999999999907e-47
5.556250000000000000e+02 1.310930000000000099e-47
5.557500000000000000e+02 1.311089999999999982e-47
5.558750000000000000e+02 1.311260000000000100e-47
5.560000000000000000e+02 1.311529999999999902e-47
5.561250000000000000e+02 1.311600000000000094e-47
5.562500000000000000e+02 1.311769999999999970e-47
5.563750000000000000e+02 1.312040000000000015e-47
5.565000000000000000e+02 1.314849999999999900e-47
5.566250000000000000e+02 1.312280000000000082e-47
5.567500000000000000e+02 1.312549999999999884e-47
5.568750000000000000e+02 1.312720000000000003e-47
5.570000000000000000e+02 1.312890000000000121e-47
5.571250000000000000e+02 1.313050000000000004e-47
5.572500000000000000e+02 1.313219999999999879e-47
5.573750000000000000e+02 1.313389999999999998e-47
5.575000000000000000e+02 1.313560000000000116e-47
5.576250000000000000e+02 1.313719999999999999e-47
5.577500000000000000e+02 1.313890000000000117e-47
5.578750000000000000e+02 1.314059999999999993e-47
5.580000000000000000e+02 1.314230000000000111e-47
5.581250000000000000e+02 1.314389999999999994e-47
5.582500000000000000e+02 1.314560000000000113e-47
5.583750000000000000e+02 1.314729999999999988e-47
5.585000000000000000e+02 1.314890000000000114e-47
5.586250000000000000e+02 1.315059999999999989e-47
5.587500000000000000e+02 1.315230000000000108e-47
5.588750000000000000e+02 1.315399999999999983e-47
5.590000000000000000e+02 1.315560000000000109e-47
5.591250000000000000e+02 1.315690000000000014e-47
5.592500000000000000e+02 1.315849999999999896e-47
5.593750000000000000e+02 1.316020000000000015e-47
5.595000000000000000e+02 1.316189999999999890e-47
5.596250000000000000e+02 1.316360000000000009e-47
5.597500000000000000e+02 1.316529999999999884e-47
5.598750000000000000e+02 1.316700000000000003e-47
5.600000000000000000e+02 1.316880000000000114e-47
5.601250000000000000e+02 1.317049999999999989e-47
5.602500000000000000e+02 1.317220000000000108e-47
5.603750000000000000e+02 1.317389999999999983e-47
5.605000000000000000e+02 1.317560000000000102e-47
5.606250000000000000e+02 1.317890000000000103e-47
5.607500000000000000e+02 1.318049999999999985e-47
5.608750000000000000e+02 1.318159999999999905e-47
5.610000000000000000e+02 1.318260000000000075e-47
5.611250000000000000e+02 1.318409999999999965e-47
5.612500000000000000e+02 1.318580000000000083e-47
5.613750000000000000e+02 1.318749999999999959e-47
5.615000000000000000e+02 1.318920000000000077e-47
5.616250000000000000e+02 1.319089999999999953e-47
5.617500000000000000e+02 1.319260000000000071e-47
5.618750000000000000e+02 1.319429999999999946e-47
5.620000000000000000e+02 1.319600000000000065e-47
5.621250000000000000e+02 1.319769999999999940e-47
5.622500000000000000e+02 1.319940000000000059e-47
5.623750000000000000e+02 1.320109999999999934e-47
5.625000000000000000e+02 1.320280000000000053e-47
5.626250000000000000e+02 1.320449999999999928e-47
5.627500000000000000e+02 1.320620000000000047e-47
5.628750000000000000e+02 1.320789999999999922e-47
5.630000000000000000e+02 1.320960000000000040e-47
5.631250000000000000e+02 1.321129999999999916e-47
5.632500000000000000e+02 1.321300000000000034e-47
5.633750000000000000e+02 1.321469999999999910e-47
5.635000000000000000e+02 1.321640000000000028e-47
5.636250000000000000e+02 1.321819999999999896e-47
5.637500000000000000e+02 1.321990000000000015e-47
5.638750000000000000e+02 1.322159999999999890e-47
5.640000000000000000e+02 1.322330000000000009e-47
5.641250000000000000e+02 1.322499999999999884e-47
5.642500000000000000e+02 1.322670000000000003e-47
5.643750000000000000e+02 1.322840000000000121e-47
5.645000000000000000e+02 1.323009999999999996e-47
5.646250000000000000e+02 1.323180000000000115e-47
5.647500000000000000e+02 1.323349999999999990e-47
5.648750000000000000e+02 1.323520000000000109e-47
5.650000000000000000e+02 1.323689999999999984e-47
5.651250000000000000e+02 1.323980000000000015e-47
5.652500000000000000e+02 1.324159999999999883e-47
5.653750000000000000e+02 1.324320000000000009e-47
5.655000000000000000e+02 1.324449999999999913e-47
5.656250000000000000e+02 1.324570000000000069e-47
5.657500000000000000e+02 1.324709999999999966e-47
5.658750000000000000e+02 1.324880000000000084e-47
5.660000000000000000e+02 1.325049999999999960e-47
5.661250000000000000e+02 1.325220000000000078e-47
5.662500000000000000e+02 1.325389999999999954e-47
5.663750000000000000e+02 1.325560000000000072e-47
5.665000000000000000e+02 1.325729999999999948e-47
5.666250000000000000e+02 1.325900000000000066e-47
5.667500000000000000e+02 1.326069999999999941e-47
5.668750000000000000e+02 1.326240000000000060e-47
5.670000000000000000e+02 1.326419999999999928e-47
5.671250000000000000e+02 1.326590000000000047e-47
5.672500000000000000e+02 1.326749999999999929e-47
5.673750000000000000e+02 1.326920000000000048e-47
5.675000000000000000e+02 1.327089999999999923e-47
5.676250000000000000e+02 1.327260000000000042e-47
5.677500000000000000e+02 1.327429999999999917e-47
5.678750000000000000e+02 1.327600000000000036e-47
5.680000000000000000e+02 1.327769999999999911e-47
5.681250000000000000e+02 1.327940000000000029e-47
5.682500000000000000e+02 1.328109999999999905e-47
5.683750000000000000e+02 1.328280000000000023e-47
5.685000000000000000e+02 1.328449999999999899e-47
5.686250000000000000e+02 1.328620000000000017e-47
5.687500000000000000e+02 1.328789999999999893e-47
5.688750000000000000e+02 1.328970000000000004e-47
5.690000000000000000e+02 1.329139999999999879e-47
5.691250000000000000e+02 1.329309999999999998e-47
5.692500000000000000e+02 1.329699999999999955e-47
5.693750000000000000e+02 1.329870000000000073e-47
5.695000000000000000e+02 1.330039999999999949e-47
5.696250000000000000e+02 1.330210000000000067e-47
5.697500000000000000e+02 1.330170000000000097e-47
5.698750000000000000e+02 1.330339999999999972e-47
5.700000000000000000e+02 1.330510000000000090e-47
5.701250000000000000e+02 1.330679999999999966e-47
5.702500000000000000e+02 1.330850000000000084e-47
5.703750000000000000e+02 1.331019999999999960e-47
5.705000000000000000e+02 1.331190000000000078e-47
5.706250000000000000e+02 1.331359999999999954e-47
5.707500000000000000e+02 1.331530000000000072e-47
5.708750000000000000e+02 1.331709999999999940e-47
5.710000000000000000e+02 1.331880000000000059e-47
5.711250000000000000e+02 1.332049999999999934e-47
5.712500000000000000e+02 1.332220000000000053e-47
5.713750000000000000e+02 1.332389999999999928e-47
5.715000000000000000e+02 1.332560000000000046e-47
5.716250000000000000e+02 1.332729999999999922e-47
5.717500000000000000e+02 1.332900000000000040e-47
5.718750000000000000e+02 1.333069999999999916e-47
5.720000000000000000e+02 1.333250000000000027e-47
5.721250000000000000e+02 1.333419999999999902e-47
5.722500000000000000e+02 1.333590000000000021e-47
5.723750000000000000e+02 1.333759999999999896e-47
5.725000000000000000e+02 1.333930000000000015e-47
5.726250000000000000e+02 1.334099999999999890e-47
5.727500000000000000e+02 1.334270000000000009e-47
5.728750000000000000e+02 1.334439999999999884e-47
5.730000000000000000e+02 1.334619999999999995e-47
5.731250000000000000e+02 1.334790000000000114e-47
5.732500000000000000e+02 1.335190000000000064e-47
5.733750000000000000e+02 1.335359999999999939e-47
5.735000000000000000e+02 1.335530000000000057e-47
5.736250000000000000e+02 1.335709999999999926e-47
5.737500000000000000e+02 1.335880000000000044e-47
5.738750000000000000e+02 1.336049999999999919e-47
5.740000000000000000e+02 1.336220000000000038e-47
5.741250000000000000e+02 1.336389999999999913e-47
5.742500000000000000e+02 1.336560000000000032e-47
5.743750000000000000e+02 1.336739999999999900e-47
5.745000000000000000e+02 1.336910000000000018e-47
5.746250000000000000e+02 1.337079999999999894e-47
5.747500000000000000e+02 1.337250000000000012e-47
5.748750000000000000e+02 1.337429999999999880e-47
5.750000000000000000e+02 1.337599999999999999e-47
5.751250000000000000e+02 1.337840000000000066e-47
5.752500000000000000e+02 1.338110000000000111e-47
5.753750000000000000e+02 1.338279999999999987e-47
5.755000000000000000e+02 1.338450000000000105e-47
5.756250000000000000e+02 1.338619999999999980e-47
5.757500000000000000e+02 1.338639999999999966e-47
5.758750000000000000e+02 1.338810000000000084e-47
5.760000000000000000e+02 1.338979999999999960e-47
5.761250000000000000e+02 1.339160000000000071e-47
5.762500000000000000e+02 1.339329999999999946e-47
5.763750000000000000e+02 1.339510000000000057e-47
5.765000000000000000e+02 1.339679999999999933e-47
5.766250000000000000e+02 1.339850000000000051e-47
5.767500000000000000e+02 1.340029999999999919e-47
5.768750000000000000e+02 1.340200000000000038e-47
5.770000000000000000e+02 1.340369999999999913e-47
5.771250000000000000e+02 1.340589999999999995e-47
5.772500000000000000e+02 1.340760000000000114e-47
5.773750000000000000e+02 1.340929999999999989e-47
5.775000000000000000e+02 1.341110000000000100e-47
5.776250000000000000e+02 1.341279999999999976e-47
5.777500000000000000e+02 1.341460000000000087e-47
5.778750000000000000e+02 1.341629999999999962e-47
5.780000000000000000e+02 1.341810000000000073e-47
5.781250000000000000e+02 1.341979999999999949e-47
5.782500000000000000e+02 1.342160000000000060e-47
5.783750000000000000e+02 1.342329999999999935e-47
5.785000000000000000e+02 1.342510000000000046e-47
5.786250000000000000e+02 1.342579999999999995e-47
5.787500000000000000e+02 1.342760000000000106e-47
5.788750000000000000e+02 1.342929999999999982e-47
5.790000000000000000e+02 1.343110000000000093e-47
5.791250000000000000e+02 1.343269999999999976e-47
5.792500000000000000e+02 1.343319999999999939e-47
5.793750000000000000e+02 1.343460000000000079e-47
5.795000000000000000e+02 1.343629999999999955e-47
5.796250000000000000e+02 1.343810000000000066e-47
5.797500000000000000e+02 1.343989999999999934e-47
5.798750000000000000e+02 1.344160000000000052e-47
5.800000000000000000e+02 1.344339999999999921e-47
5.801250000000000000e+02 1.344500000000000046e-47
5.802500000000000000e+02 1.344520000000000032e-47
5.803750000000000000e+02 1.344540000000000017e-47
5.805000000000000000e+02 1.344560000000000002e-47
5.806250000000000000e+02 1.344629999999999951e-47
5.807500000000000000e+02 1.344790000000000077e-47
5.808750000000000000e+02 1.344909999999999989e-47
5.810000000000000000e+02 1.344969999999999945e-47
5.811250000000000000e+02 1.344989999999999930e-47
5.812500000000000000e+02 1.345049999999999886e-47
5.813750000000000000e+02 1.345130000000000071e-47
5.815000000000000000e+02 1.345210000000000012e-47
5.816250000000000000e+02 1.345359999999999902e-47
5.817500000000000000e+02 1.345480000000000057e-47
5.818750000000000000e+02 1.345619999999999955e-47
5.820000000000000000e+02 1.345699999999999896e-47
5.821250000000000000e+02 1.345730000000000117e-47
5.822500000000000000e+02 1.345760000000000095e-47
5.823750000000000000e+02 1.345790000000000073e-47
5.825000000000000000e+02 1.345899999999999993e-47
5.826250000000000000e+02 1.345959999999999949e-47
5.827500000000000000e+02 1.346070000000000111e-47
5.828750000000000000e+02 1.346160000000000045e-47
5.830000000000000000e+02 1.346319999999999928e-47
5.831250000000000000e+02 1.346559999999999995e-47
5.832500000000000000e+02 1.346820000000000048e-47
5.833750000000000000e+02 1.347009999999999908e-47
5.835000000000000000e+02 1.347060000000000115e-47
5.836250000000000000e+02 1.347150000000000049e-47
5.837500000000000000e+02 1.347309999999999932e-47
5.838750000000000000e+02 1.347480000000000050e-47
5.840000000000000000e+02 1.347699999999999889e-47
5.841250000000000000e+02 1.347919999999999971e-47
5.842500000000000000e+02 1.348050000000000118e-47
5.843750000000000000e+02 1.348160000000000038e-47
5.845000000000000000e+02 1.348299999999999935e-47
5.846250000000000000e+02 1.348530000000000010e-47
5.847500000000000000e+02 1.348740000000000099e-47
5.848750000000000000e+02 1.348939999999999952e-47
5.850000000000000000e+02 1.349140000000000049e-47
5.851250000000000000e+02 1.349329999999999910e-47
5.852500000000000000e+02 1.349520000000000013e-47
5.853750000000000000e+02 1.349710000000000117e-47
5.855000000000000000e+02 1.349899999999999978e-47
5.856250000000000000e+02 1.350370000000000120e-47
5.857500000000000000e+02 1.350339999999999899e-47
5.858750000000000000e+02 1.350589999999999958e-47
5.860000000000000000e+02 1.350790000000000055e-47
5.861250000000000000e+02 1.350989999999999908e-47
5.862500000000000000e+02 1.351190000000000005e-47
5.863750000000000000e+02 1.351400000000000094e-47
5.865000000000000000e+02 1.351609999999999940e-47
5.866250000000000000e+02 1.351810000000000037e-47
5.867500000000000000e+02 1.352019999999999883e-47
5.868750000000000000e+02 1.352239999999999964e-47
5.870000000000000000e+02 1.352450000000000054e-47
5.871250000000000000e+02 1.352639999999999914e-47
5.872500000000000000e+02 1.352800000000000040e-47
5.873750000000000000e+02 1.352959999999999923e-47
5.875000000000000000e+02 1.353150000000000027e-47
5.876250000000000000e+02 1.353349999999999880e-47
5.877500000000000000e+02 1.353569999999999962e-47
5.878750000000000000e+02 1.353790000000000044e-47
5.880000000000000000e+02 1.354020000000000118e-47
5.881250000000000000e+02 1.354249999999999950e-47
5.882500000000000000e+02 1.354410000000000076e-47
5.883750000000000000e+02 1.354559999999999966e-47
5.885000000000000000e+02 1.354770000000000055e-47
5.886250000000000000e+02 1.355060000000000085e-47
5.887500000000000000e+02 1.355269999999999931e-47
5.888750000000000000e+02 1.355440000000000050e-47
5.890000000000000000e+02 1.355609999999999925e-47
5.891250000000000000e+02 1.355800000000000029e-47
5.892500000000000000e+02 1.355989999999999890e-47
5.893750000000000000e+02 1.356350000000000112e-47
5.895000000000000000e+02 1.356690000000000106e-47
5.896250000000000000e+02 1.357060000000000078e-47
5.897500000000000000e+02 1.357309999999999895e-47
5.898750000000000000e+02 1.357619999999999911e-47
5.900000000000000000e+02 1.357909999999999941e-47
5.901250000000000000e+02 1.358160000000000001e-47
5.902500000000000000e+02 1.358420000000000054e-47
5.903750000000000000e+02 1.358690000000000099e-47
5.905000000000000000e+02 1.358969999999999894e-47
5.906250000000000000e+02 1.359289999999999902e-47
5.907500000000000000e+02 1.359619999999999903e-47
5.908750000000000000e+02 1.359909999999999934e-47
5.910000000000000000e+02 1.360179999999999979e-47
5.911250000000000000e+02 1.360509999999999980e-47
5.912500000000000000e+02 1.360849999999999974e-47
5.913750000000000000e+02 1.361199999999999961e-47
5.915000000000000000e+02 1.361519999999999969e-47
5.916250000000000000e+02 1.361849999999999971e-47
5.917500000000000000e+02 1.362179999999999972e-47
5.918750000000000000e+02 1.362549999999999944e-47
5.920000000000000000e+02 1.363000000000000100e-47
5.921250000000000000e+02 1.363430000000000028e-47
5.922500000000000000e+02 1.363869999999999949e-47
5.923750000000000000e+02 1.364320000000000105e-47
5.925000000000000000e+02 1.364799999999999996e-47
5.926250000000000000e+02 1.365279999999999887e-47
5.927500000000000000e+02 1.365720000000000051e-47
5.928750000000000000e+02 1.366189999999999950e-47
5.930000000000000000e+02 1.366730000000000040e-47
5.931250000000000000e+02 1.367360000000000065e-47
5.932500000000000000e+02 1.368000000000000082e-47
5.933750000000000000e+02 1.368760000000000011e-47
5.935000000000000000e+02 1.369300000000000101e-47
5.936250000000000000e+02 1.369929999999999883e-47
5.937500000000000000e+02 1.370589999999999885e-47
5.938750000000000000e+02 1.371610000000000110e-47
5.940000000000000000e+02 1.372139999999999964e-47
5.941250000000000000e+02 1.372960000000000093e-47
5.942500000000000000e+02 1.373720000000000022e-47
5.943750000000000000e+02 1.374569999999999885e-47
5.945000000000000000e+02 1.375459999999999962e-47
5.946250000000000000e+02 1.376260000000000105e-47
5.947500000000000000e+02 1.377050000000000012e-47
5.948750000000000000e+02 1.377910000000000111e-47
5.950000000000000000e+02 1.378819999999999930e-47
5.951250000000000000e+02 1.379829999999999919e-47
5.952500000000000000e+02 1.380990000000000041e-47
5.953750000000000000e+02 1.382159999999999913e-47
5.955000000000000000e+02 1.383769999999999948e-47
5.956250000000000000e+02 1.385699999999999992e-47
5.957500000000000000e+02 1.387950000000000045e-47
5.958750000000000000e+02 1.390349999999999987e-47
5.960000000000000000e+02 1.392190000000000097e-47
5.961250000000000000e+02 1.394389999999999943e-47
5.962500000000000000e+02 1.396630000000000003e-47
5.963750000000000000e+02 1.399170000000000086e-47
5.965000000000000000e+02 1.401729999999999912e-47
5.966250000000000000e+02 1.404830000000000070e-47
5.967500000000000000e+02 1.408279999999999973e-47
5.968750000000000000e+02 1.412559999999999996e-47
5.970000000000000000e+02 1.417180000000000013e-47
5.971250000000000000e+02 1.422120000000000038e-47
5.972500000000000000e+02 1.428229999999999936e-47
5.973750000000000000e+02 1.435020000000000064e-47
5.975000000000000000e+02 1.443739999999999993e-47
5.976250000000000000e+02 1.453340000000000006e-47
5.977500000000000000e+02 1.464570000000000041e-47
5.978750000000000000e+02 1.479349999999999904e-47
5.980000000000000000e+02 1.497209999999999940e-47
5.981250000000000000e+02 1.523359999999999978e-47
5.982500000000000000e+02 1.556070000000000069e-47
5.983750000000000000e+02 1.601639999999999972e-47
5.985000000000000000e+02 1.666649999999999970e-47
5.986250000000000000e+02 1.761110000000000016e-47
5.987500000000000000e+02 1.912000000000000029e-47
5.988750000000000000e+02 2.181379999999999978e-47
5.990000000000000000e+02 2.741639999999999919e-47
5.991250000000000000e+02 4.041079999999999931e-47
5.992500000000000000e+02 9.237179999999999740e-47
5.993750000000000000e+02 6.931230000000000051e-46
5.995000000000000000e+02 2.905480000000000115e-46
5.996250000000000000e+02 6.731449999999999749e-47
5.997500000000000000e+02 3.436799999999999924e-47
5.998750000000000000e+02 2.490339999999999845e-47
6.000000000000000000e+02 2.093459999999999999e-47
6.001250000000000000e+02 1.870150000000000073e-47
6.002500000000000000e+02 1.734880000000000037e-47
6.003750000000000000e+02 1.648880000000000110e-47
6.005000000000000000e+02 1.590200000000000092e-47
6.006250000000000000e+02 1.551740000000000083e-47
6.007500000000000000e+02 1.521560000000000082e-47
6.008750000000000000e+02 1.499780000000000001e-47
6.010000000000000000e+02 1.484259999999999951e-47
6.011250000000000000e+02 1.470339999999999944e-47
6.012500000000000000e+02 1.460319999999999995e-47
6.013750000000000000e+02 1.453119999999999925e-47
6.015000000000000000e+02 1.447429999999999963e-47
6.016250000000000000e+02 1.443000000000000049e-47
6.017500000000000000e+02 1.439710000000000030e-47
6.018750000000000000e+02 1.437390000000000029e-47
6.020000000000000000e+02 1.435519999999999941e-47
6.021250000000000000e+02 1.435040000000000049e-47
6.022500000000000000e+02 1.435199999999999932e-47
6.023750000000000000e+02 1.436529999999999930e-47
6.025000000000000000e+02 1.437809999999999964e-47
6.026250000000000000e+02 1.440280000000000098e-47
6.027500000000000000e+02 1.443849999999999913e-47
6.028750000000000000e+02 1.448439999999999952e-47
6.030000000000000000e+02 1.455650000000000015e-47
6.031250000000000000e+02 1.466200000000000061e-47
6.032500000000000000e+02 1.481369999999999882e-47
6.033750000000000000e+02 1.505610000000000104e-47
6.035000000000000000e+02 1.539629999999999964e-47
6.036250000000000000e+02 1.594719999999999940e-47
6.037500000000000000e+02 1.690070000000000063e-47
6.038750000000000000e+02 1.862089999999999903e-47
6.040000000000000000e+02 2.260130000000000114e-47
6.041250000000000000e+02 3.552069999999999790e-47
6.042500000000000000e+02 1.444150000000000082e-46
6.043750000000000000e+02 4.608619999999999836e-46
6.045000000000000000e+02 5.073140000000000474e-47
6.046250000000000000e+02 2.581540000000000094e-47
6.047500000000000000e+02 1.986469999999999899e-47
6.048750000000000000e+02 1.737259999999999995e-47
6.050000000000000000e+02 1.621020000000000110e-47
6.051250000000000000e+02 1.557390000000000074e-47
6.052500000000000000e+02 1.513940000000000076e-47
6.053750000000000000e+02 1.485249999999999955e-47
6.055000000000000000e+02 1.465009999999999961e-47
6.056250000000000000e+02 1.450719999999999982e-47
6.057500000000000000e+02 1.440350000000000047e-47
6.058750000000000000e+02 1.433939999999999883e-47
6.060000000000000000e+02 1.427839999999999979e-47
6.061250000000000000e+02 1.422160000000000009e-47
6.062500000000000000e+02 1.418370000000000113e-47
6.063750000000000000e+02 1.414269999999999958e-47
6.065000000000000000e+02 1.411500000000000043e-47
6.066250000000000000e+02 1.408810000000000070e-47
6.067500000000000000e+02 1.406739999999999886e-47
6.068750000000000000e+02 1.405210000000000035e-47
6.070000000000000000e+02 1.403900000000000023e-47
6.071250000000000000e+02 1.402550000000000040e-47
6.072500000000000000e+02 1.400309999999999980e-47
6.073750000000000000e+02 1.398220000000000053e-47
6.075000000000000000e+02 1.397669999999999970e-47
6.076250000000000000e+02 1.396459999999999885e-47
6.077500000000000000e+02 1.394830000000000107e-47
6.078750000000000000e+02 1.394129999999999891e-47
6.080000000000000000e+02 1.393669999999999985e-47
6.081250000000000000e+02 1.393200000000000086e-47
6.082500000000000000e+02 1.392870000000000085e-47
6.083750000000000000e+02 1.392479999999999885e-47
6.085000000000000000e+02 1.392180000000000105e-47
6.086250000000000000e+02 1.391890000000000074e-47
6.087500000000000000e+02 1.391590000000000051e-47
6.088750000000000000e+02 1.391359999999999976e-47
6.090000000000000000e+02 1.391230000000000072e-47
6.091250000000000000e+02 1.391200000000000094e-47
6.092500000000000000e+02 1.391069999999999946e-47
6.093750000000000000e+02 1.390990000000000005e-47
6.095000000000000000e+02 1.390850000000000107e-47
6.096250000000000000e+02 1.390799999999999901e-47
6.097500000000000000e+02 1.390310000000000017e-47
6.098750000000000000e+02 1.390250000000000061e-47
6.100000000000000000e+02 1.390159999999999884e-47
6.101250000000000000e+02 1.390000000000000001e-47
6.102500000000000000e+02 1.389980000000000016e-47
6.103750000000000000e+02 1.389930000000000052e-47
6.105000000000000000e+02 1.389950000000000038e-47
6.106250000000000000e+02 1.390009999999999994e-47
6.107500000000000000e+02 1.390000000000000001e-47
6.108750000000000000e+02 1.390000000000000001e-47
6.110000000000000000e+02 1.390000000000000001e-47
6.111250000000000000e+02 1.390000000000000001e-47
6.112500000000000000e+02 1.390159999999999884e-47
6.113750000000000000e+02 1.390240000000000068e-47
6.115000000000000000e+02 1.390260000000000053e-47
6.116250000000000000e+02 1.390290000000000031e-47
6.117500000000000000e+02 1.390359999999999980e-47
6.118750000000000000e+02 1.390469999999999899e-47
6.120000000000000000e+02 1.390570000000000069e-47
6.121250000000000000e+02 1.390689999999999981e-47
6.122500000000000000e+02 1.390819999999999886e-47
6.123750000000000000e+02 1.390980000000000012e-47
6.125000000000000000e+02 1.391149999999999887e-47
6.126250000000000000e+02 1.391329999999999998e-47
6.127500000000000000e+02 1.391469999999999896e-47
6.128750000000000000e+02 1.391590000000000051e-47
6.130000000000000000e+02 1.391719999999999956e-47
6.131250000000000000e+02 1.391840000000000111e-47
6.132500000000000000e+02 1.391970000000000015e-47
6.133750000000000000e+02 1.392129999999999898e-47
6.135000000000000000e+02 1.392300000000000017e-47
6.136250000000000000e+02 1.392439999999999914e-47
6.137500000000000000e+02 1.392570000000000062e-47
6.138750000000000000e+02 1.392729999999999945e-47
6.140000000000000000e+02 1.392900000000000063e-47
6.141250000000000000e+02 1.393079999999999931e-47
6.142500000000000000e+02 1.393250000000000050e-47
6.143750000000000000e+02 1.393429999999999918e-47
6.145000000000000000e+02 1.393610000000000029e-47
6.146250000000000000e+02 1.393809999999999882e-47
6.147500000000000000e+02 1.394019999999999972e-47
6.148750000000000000e+02 1.394220000000000068e-47
6.150000000000000000e+02 1.394399999999999936e-47
6.151250000000000000e+02 1.394570000000000055e-47
6.152500000000000000e+02 1.394689999999999967e-47
6.153750000000000000e+02 1.394820000000000114e-47
6.155000000000000000e+02 1.395039999999999953e-47
6.156250000000000000e+02 1.395250000000000042e-47
6.157500000000000000e+02 1.395480000000000117e-47
6.158750000000000000e+02 1.395699999999999956e-47
6.160000000000000000e+02 1.395900000000000052e-47
6.161250000000000000e+02 1.396089999999999913e-47
6.162500000000000000e+02 1.396280000000000017e-47
6.163750000000000000e+02 1.396470000000000121e-47
6.165000000000000000e+02 1.396679999999999967e-47
6.166250000000000000e+02 1.396900000000000048e-47
6.167500000000000000e+02 1.397190000000000079e-47
6.168750000000000000e+02 1.397490000000000102e-47
6.170000000000000000e+02 1.397779999999999890e-47
6.171250000000000000e+02 1.398079999999999913e-47
6.172500000000000000e+02 1.398349999999999958e-47
6.173750000000000000e+02 1.398620000000000003e-47
6.175000000000000000e+02 1.398880000000000056e-47
6.176250000000000000e+02 1.399119999999999880e-47
6.177500000000000000e+02 1.399349999999999954e-47
6.178750000000000000e+02 1.399490000000000095e-47
6.180000000000000000e+02 1.399600000000000014e-47
6.181250000000000000e+02 1.399779999999999882e-47
6.182500000000000000e+02 1.400029999999999942e-47
6.183750000000000000e+02 1.400270000000000009e-47
6.185000000000000000e+02 1.400510000000000077e-47
6.186250000000000000e+02 1.400759999999999893e-47
6.187500000000000000e+02 1.400999999999999960e-47
6.188750000000000000e+02 1.401240000000000028e-47
6.190000000000000000e+02 1.401439999999999881e-47
6.191250000000000000e+02 1.401629999999999985e-47
6.192500000000000000e+02 1.401870000000000052e-47
6.193750000000000000e+02 1.402120000000000112e-47
6.195000000000000000e+02 1.402369999999999929e-47
6.196250000000000000e+02 1.402619999999999989e-47
6.197500000000000000e+02 1.402870000000000048e-47
6.198750000000000000e+02 1.403120000000000108e-47
6.200000000000000000e+02 1.403409999999999896e-47
6.201250000000000000e+02 1.403629999999999978e-47
6.202500000000000000e+02 1.403880000000000037e-47
6.203750000000000000e+02 1.404130000000000097e-47
6.205000000000000000e+02 1.404379999999999914e-47
6.206250000000000000e+02 1.404629999999999974e-47
6.207500000000000000e+02 1.404880000000000034e-47
6.208750000000000000e+02 1.405130000000000094e-47
6.210000000000000000e+02 1.405379999999999910e-47
6.211250000000000000e+02 1.405629999999999970e-47
6.212500000000000000e+02 1.405890000000000023e-47
6.213750000000000000e+02 1.406140000000000083e-47
6.215000000000000000e+02 1.406389999999999899e-47
6.216250000000000000e+02 1.406609999999999981e-47
6.217500000000000000e+02 1.406770000000000107e-47
6.218750000000000000e+02 1.406890000000000019e-47
6.220000000000000000e+02 1.407079999999999880e-47
6.221250000000000000e+02 1.407279999999999976e-47
6.222500000000000000e+02 1.407540000000000029e-47
6.223750000000000000e+02 1.407830000000000059e-47
6.225000000000000000e+02 1.408080000000000119e-47
6.226250000000000000e+02 1.408319999999999943e-47
6.227500000000000000e+02 1.408570000000000003e-47
6.228750000000000000e+02 1.408840000000000048e-47
6.230000000000000000e+02 1.409059999999999887e-47
6.231250000000000000e+02 1.409259999999999984e-47
6.232500000000000000e+02 1.409530000000000029e-47
6.233750000000000000e+02 1.409780000000000089e-47
6.235000000000000000e+02 1.410049999999999891e-47
6.236250000000000000e+02 1.410319999999999936e-47
6.237500000000000000e+02 1.410599999999999974e-47
6.238750000000000000e+02 1.410850000000000034e-47
6.240000000000000000e+02 1.411049999999999887e-47
6.241250000000000000e+02 1.411269999999999969e-47
6.242500000000000000e+02 1.411480000000000058e-47
6.243750000000000000e+02 1.411689999999999904e-47
6.245000000000000000e+02 1.411919999999999979e-47
6.246250000000000000e+02 1.412130000000000068e-47
6.247500000000000000e+02 1.412339999999999914e-47
6.248750000000000000e+02 1.412550000000000003e-47
6.250000000000000000e+02 1.412760000000000092e-47
6.251250000000000000e+02 1.412969999999999938e-47
6.252500000000000000e+02 1.413180000000000028e-47
6.253750000000000000e+02 1.413390000000000117e-47
6.255000000000000000e+02 1.413599999999999963e-47
6.256250000000000000e+02 1.413810000000000052e-47
6.257500000000000000e+02 1.414029999999999891e-47
6.258750000000000000e+02 1.414239999999999980e-47
6.260000000000000000e+02 1.414450000000000069e-47
6.261250000000000000e+02 1.414689999999999893e-47
6.262500000000000000e+02 1.414929999999999960e-47
6.263750000000000000e+02 1.415170000000000028e-47
6.265000000000000000e+02 1.415410000000000095e-47
6.266250000000000000e+02 1.415659999999999911e-47
6.267500000000000000e+02 1.415740000000000096e-47
6.268750000000000000e+02 1.415959999999999935e-47
6.270000000000000000e+02 1.416170000000000024e-47
6.271250000000000000e+02 1.416400000000000098e-47
6.272500000000000000e+02 1.416669999999999900e-47
6.273750000000000000e+02 1.416939999999999946e-47
6.275000000000000000e+02 1.417209999999999991e-47
6.276250000000000000e+02 1.417480000000000036e-47
6.277500000000000000e+02 1.417750000000000081e-47
6.278750000000000000e+02 1.418019999999999883e-47
6.280000000000000000e+02 1.418289999999999929e-47
6.281250000000000000e+02 1.418559999999999974e-47
6.282500000000000000e+02 1.418830000000000019e-47
6.283750000000000000e+02 1.419100000000000064e-47
6.285000000000000000e+02 1.419370000000000109e-47
6.286250000000000000e+02 1.419529999999999992e-47
6.287500000000000000e+02 1.419659999999999897e-47
6.288750000000000000e+02 1.419790000000000045e-47
6.290000000000000000e+02 1.419919999999999949e-47
6.291250000000000000e+02 1.420060000000000090e-47
6.292500000000000000e+02 1.420309999999999907e-47
6.293750000000000000e+02 1.420480000000000025e-47
6.295000000000000000e+02 1.420619999999999922e-47
6.296250000000000000e+02 1.420790000000000041e-47
6.297500000000000000e+02 1.421050000000000093e-47
6.298750000000000000e+02 1.421279999999999925e-47
6.300000000000000000e+02 1.421539999999999977e-47
6.301250000000000000e+02 1.421790000000000037e-47
6.302500000000000000e+02 1.421969999999999905e-47
6.303750000000000000e+02 1.422229999999999958e-47
6.305000000000000000e+02 1.422440000000000047e-47
6.306250000000000000e+02 1.422609999999999922e-47
6.307500000000000000e+02 1.422810000000000019e-47
6.308750000000000000e+02 1.423010000000000115e-47
6.310000000000000000e+02 1.423209999999999969e-47
6.311250000000000000e+02 1.423430000000000051e-47
6.312500000000000000e+02 1.423659999999999882e-47
6.313750000000000000e+02 1.423839999999999993e-47
6.315000000000000000e+02 1.424020000000000104e-47
6.316250000000000000e+02 1.424199999999999973e-47
6.317500000000000000e+02 1.424340000000000113e-47
6.318750000000000000e+02 1.424470000000000018e-47
6.320000000000000000e+02 1.424649999999999886e-47
6.321250000000000000e+02 1.424839999999999990e-47
6.322500000000000000e+02 1.425030000000000093e-47
6.323750000000000000e+02 1.425249999999999932e-47
6.325000000000000000e+02 1.425450000000000029e-47
6.326250000000000000e+02 1.425629999999999897e-47
6.327500000000000000e+02 1.425829999999999993e-47
6.328750000000000000e+02 1.426010000000000104e-47
6.330000000000000000e+02 1.426209999999999958e-47
6.331250000000000000e+02 1.426400000000000062e-47
6.332500000000000000e+02 1.426629999999999893e-47
6.333750000000000000e+02 1.426859999999999968e-47
6.335000000000000000e+02 1.427080000000000049e-47
6.336250000000000000e+02 1.427330000000000109e-47
6.337500000000000000e+02 1.427639999999999882e-47
6.338750000000000000e+02 1.427790000000000015e-47
6.340000000000000000e+02 1.427959999999999891e-47
6.341250000000000000e+02 1.428149999999999994e-47
6.342500000000000000e+02 1.428400000000000054e-47
6.343750000000000000e+02 1.428640000000000122e-47
6.345000000000000000e+02 1.428879999999999946e-47
6.346250000000000000e+02 1.429060000000000057e-47
6.347500000000000000e+02 1.429239999999999925e-47
6.348750000000000000e+02 1.429420000000000036e-47
6.350000000000000000e+02 1.429599999999999904e-47
6.351250000000000000e+02 1.429790000000000008e-47
6.352500000000000000e+02 1.430020000000000082e-47
6.353750000000000000e+02 1.430269999999999899e-47
6.355000000000000000e+02 1.430489999999999981e-47
6.356250000000000000e+02 1.430710000000000063e-47
6.357500000000000000e+02 1.430919999999999909e-47
6.358750000000000000e+02 1.431139999999999991e-47
6.360000000000000000e+02 1.431340000000000087e-47
6.361250000000000000e+02 1.431559999999999926e-47
6.362500000000000000e+02 1.431780000000000008e-47
6.363750000000000000e+02 1.431970000000000112e-47
6.365000000000000000e+02 1.432189999999999950e-47
6.366250000000000000e+02 1.432459999999999996e-47
6.367500000000000000e+02 1.432730000000000041e-47
6.368750000000000000e+02 1.433000000000000086e-47
6.370000000000000000e+02 1.433249999999999903e-47
6.371250000000000000e+02 1.433440000000000007e-47
6.372500000000000000e+02 1.433730000000000037e-47
6.373750000000000000e+02 1.433780000000000001e-47
6.375000000000000000e+02 1.433960000000000112e-47
6.376250000000000000e+02 1.434129999999999987e-47
6.377500000000000000e+02 1.434300000000000106e-47
6.378750000000000000e+02 1.434479999999999974e-47
6.380000000000000000e+02 1.434650000000000092e-47
6.381250000000000000e+02 1.434819999999999968e-47
6.382500000000000000e+02 1.434960000000000108e-47
6.383750000000000000e+02 1.435109999999999998e-47
6.385000000000000000e+02 1.435259999999999888e-47
6.386250000000000000e+02 1.435410000000000021e-47
6.387500000000000000e+02 1.435569999999999904e-47
6.388750000000000000e+02 1.435740000000000023e-47
6.390000000000000000e+02 1.436040000000000046e-47
6.391250000000000000e+02 1.436330000000000076e-47
6.392500000000000000e+02 1.436620000000000107e-47
6.393750000000000000e+02 1.436789999999999982e-47
6.395000000000000000e+02 1.436960000000000101e-47
6.396250000000000000e+02 1.437119999999999983e-47
6.397500000000000000e+02 1.437370000000000043e-47
6.398750000000000000e+02 1.437640000000000088e-47
6.400000000000000000e+02 1.438040000000000038e-47
6.401250000000000000e+02 1.438169999999999943e-47
6.402500000000000000e+02 1.438400000000000018e-47
6.403750000000000000e+02 1.438670000000000063e-47
6.405000000000000000e+02 1.438950000000000101e-47
6.406250000000000000e+02 1.439219999999999903e-47
6.407500000000000000e+02 1.439499999999999941e-47
6.408750000000000000e+02 1.439779999999999979e-47
6.410000000000000000e+02 1.440070000000000009e-47
6.411250000000000000e+02 1.440360000000000040e-47
6.412500000000000000e+02 1.440650000000000070e-47
6.413750000000000000e+02 1.440940000000000101e-47
6.415000000000000000e+02 1.441229999999999888e-47
6.416250000000000000e+02 1.441519999999999919e-47
6.417500000000000000e+02 1.441809999999999949e-47
6.418750000000000000e+02 1.442089999999999987e-47
6.420000000000000000e+02 1.442360000000000032e-47
6.421250000000000000e+02 1.442640000000000070e-47
6.422500000000000000e+02 1.442930000000000101e-47
6.423750000000000000e+02 1.443209999999999895e-47
6.425000000000000000e+02 1.443499999999999926e-47
6.426250000000000000e+02 1.443819999999999934e-47
6.427500000000000000e+02 1.444129999999999950e-47
6.428750000000000000e+02 1.444390000000000003e-47
6.430000000000000000e+02 1.444630000000000070e-47
6.431250000000000000e+02 1.444900000000000115e-47
6.432500000000000000e+02 1.445189999999999903e-47
6.433750000000000000e+02 1.445469999999999941e-47
6.435000000000000000e+02 1.445749999999999978e-47
6.436250000000000000e+02 1.446040000000000009e-47
6.437500000000000000e+02 1.446340000000000032e-47
6.438750000000000000e+02 1.446590000000000092e-47
6.440000000000000000e+02 1.446769999999999960e-47
6.441250000000000000e+02 1.446960000000000064e-47
6.442500000000000000e+02 1.447240000000000102e-47
6.443750000000000000e+02 1.447519999999999897e-47
6.445000000000000000e+02 1.447789999999999942e-47
6.446250000000000000e+02 1.448069999999999980e-47
6.447500000000000000e+02 1.448350000000000018e-47
6.448750000000000000e+02 1.448620000000000063e-47
6.450000000000000000e+02 1.448900000000000101e-47
6.451250000000000000e+02 1.449179999999999895e-47
6.452500000000000000e+02 1.449459999999999933e-47
6.453750000000000000e+02 1.449700000000000000e-47
6.455000000000000000e+02 1.449880000000000112e-47
6.456250000000000000e+02 1.450059999999999980e-47
6.457500000000000000e+02 1.450240000000000091e-47
6.458750000000000000e+02 1.450509999999999893e-47
6.460000000000000000e+02 1.450779999999999938e-47
6.461250000000000000e+02 1.451049999999999983e-47
6.462500000000000000e+02 1.451330000000000021e-47
6.463750000000000000e+02 1.451610000000000059e-47
6.465000000000000000e+02 1.451890000000000097e-47
6.466250000000000000e+02 1.452159999999999899e-47
6.467500000000000000e+02 1.452439999999999937e-47
6.468750000000000000e+02 1.452719999999999975e-47
6.470000000000000000e+02 1.452990000000000020e-47
6.471250000000000000e+02 1.453270000000000058e-47
6.472500000000000000e+02 1.453550000000000096e-47
6.473750000000000000e+02 1.453829999999999890e-47
6.475000000000000000e+02 1.454069999999999958e-47
6.476250000000000000e+02 1.454320000000000017e-47
6.477500000000000000e+02 1.454600000000000055e-47
6.478750000000000000e+02 1.454890000000000086e-47
6.480000000000000000e+02 1.455169999999999881e-47
6.481250000000000000e+02 1.455459999999999911e-47
6.482500000000000000e+02 1.455819999999999890e-47
6.483750000000000000e+02 1.456099999999999928e-47
6.485000000000000000e+02 1.456379999999999966e-47
6.486250000000000000e+02 1.456600000000000048e-47
6.487500000000000000e+02 1.456880000000000086e-47
6.488750000000000000e+02 1.457159999999999881e-47
6.490000000000000000e+02 1.457439999999999919e-47
6.491250000000000000e+02 1.457719999999999956e-47
6.492500000000000000e+02 1.457990000000000002e-47
6.493750000000000000e+02 1.458270000000000039e-47
6.495000000000000000e+02 1.458550000000000077e-47
6.496250000000000000e+02 1.458830000000000115e-47
6.497500000000000000e+02 1.459109999999999910e-47
6.498750000000000000e+02 1.459389999999999948e-47
6.500000000000000000e+02 1.459659999999999993e-47
6.501250000000000000e+02 1.459940000000000031e-47
6.502500000000000000e+02 1.460210000000000076e-47
6.503750000000000000e+02 1.460389999999999944e-47
6.505000000000000000e+02 1.460580000000000048e-47
6.506250000000000000e+02 1.460769999999999909e-47
6.507500000000000000e+02 1.460960000000000013e-47
6.508750000000000000e+02 1.461150000000000116e-47
6.510000000000000000e+02 1.461339999999999977e-47
6.511250000000000000e+02 1.461530000000000081e-47
6.512500000000000000e+02 1.461719999999999942e-47
6.513750000000000000e+02 1.461910000000000046e-47
6.515000000000000000e+02 1.462099999999999906e-47
6.516250000000000000e+02 1.462290000000000010e-47
6.517500000000000000e+02 1.462490000000000107e-47
6.518750000000000000e+02 1.462679999999999967e-47
6.520000000000000000e+02 1.462870000000000071e-47
6.521250000000000000e+02 1.463059999999999932e-47
6.522500000000000000e+02 1.463250000000000036e-47
6.523750000000000000e+02 1.463439999999999896e-47
6.525000000000000000e+02 1.463630000000000000e-47
6.526250000000000000e+02 1.463830000000000097e-47
6.527500000000000000e+02 1.464019999999999958e-47
6.528750000000000000e+02 1.464210000000000061e-47
6.530000000000000000e+02 1.464399999999999922e-47
6.531250000000000000e+02 1.464600000000000019e-47
6.532500000000000000e+02 1.464789999999999879e-47
6.533750000000000000e+02 1.464979999999999983e-47
6.535000000000000000e+02 1.465180000000000080e-47
6.536250000000000000e+02 1.465460000000000118e-47
6.537500000000000000e+02 1.465739999999999912e-47
6.538750000000000000e+02 1.466019999999999950e-47
6.540000000000000000e+02 1.466299999999999988e-47
6.541250000000000000e+02 1.466580000000000026e-47
6.542500000000000000e+02 1.466860000000000064e-47
6.543750000000000000e+02 1.467140000000000102e-47
6.545000000000000000e+02 1.467419999999999896e-47
6.546250000000000000e+02 1.467699999999999934e-47
6.547500000000000000e+02 1.467979999999999972e-47
6.548750000000000000e+02 1.468260000000000010e-47
6.550000000000000000e+02 1.468540000000000048e-47
6.551250000000000000e+02 1.468820000000000086e-47
6.552500000000000000e+02 1.469110000000000116e-47
6.553750000000000000e+02 1.469389999999999911e-47
6.555000000000000000e+02 1.469669999999999949e-47
6.556250000000000000e+02 1.469949999999999987e-47
6.557500000000000000e+02 1.470230000000000025e-47
6.558750000000000000e+02 1.470510000000000063e-47
6.560000000000000000e+02 1.470790000000000100e-47
6.561250000000000000e+02 1.471069999999999895e-47
6.562500000000000000e+02 1.471359999999999926e-47
6.563750000000000000e+02 1.471639999999999964e-47
6.565000000000000000e+02 1.471920000000000001e-47
6.566250000000000000e+02 1.472200000000000039e-47
6.567500000000000000e+02 1.472480000000000077e-47
6.568750000000000000e+02 1.472760000000000115e-47
6.570000000000000000e+02 1.473049999999999903e-47
6.571250000000000000e+02 1.473329999999999940e-47
6.572500000000000000e+02 1.473609999999999978e-47
6.573750000000000000e+02 1.473890000000000016e-47
6.575000000000000000e+02 1.474170000000000054e-47
6.576250000000000000e+02 1.474460000000000085e-47
6.577500000000000000e+02 1.474739999999999879e-47
6.578750000000000000e+02 1.475019999999999917e-47
6.580000000000000000e+02 1.475299999999999955e-47
6.581250000000000000e+02 1.475589999999999986e-47
6.582500000000000000e+02 1.475870000000000023e-47
6.583750000000000000e+02 1.476150000000000061e-47
6.585000000000000000e+02 1.476430000000000099e-47
6.586250000000000000e+02 1.476719999999999887e-47
6.587500000000000000e+02 1.476999999999999924e-47
6.588750000000000000e+02 1.477279999999999962e-47
6.590000000000000000e+02 1.477560000000000000e-47
6.591250000000000000e+02 1.477850000000000031e-47
6.592500000000000000e+02 1.478130000000000069e-47
6.593750000000000000e+02 1.478410000000000106e-47
6.595000000000000000e+02 1.478689999999999901e-47
6.596250000000000000e+02 1.478979999999999932e-47
6.597500000000000000e+02 1.479259999999999970e-47
6.598750000000000000e+02 1.479540000000000008e-47
6.600000000000000000e+02 1.479830000000000038e-47
6.601250000000000000e+02 1.480110000000000076e-47
6.602500000000000000e+02 1.480390000000000114e-47
6.603750000000000000e+02 1.480669999999999909e-47
6.605000000000000000e+02 1.480959999999999939e-47
6.606250000000000000e+02 1.481239999999999977e-47
6.607500000000000000e+02 1.481490000000000037e-47
6.608750000000000000e+02 1.481760000000000082e-47
6.610000000000000000e+02 1.482019999999999891e-47
6.611250000000000000e+02 1.482259999999999959e-47
6.612500000000000000e+02 1.482510000000000019e-47
6.613750000000000000e+02 1.482750000000000086e-47
6.615000000000000000e+02 1.482989999999999910e-47
6.616250000000000000e+02 1.483239999999999970e-47
6.617500000000000000e+02 1.483480000000000037e-47
6.618750000000000000e+02 1.483730000000000097e-47
6.620000000000000000e+02 1.483959999999999928e-47
6.621250000000000000e+02 1.484170000000000017e-47
6.622500000000000000e+02 1.484380000000000106e-47
6.623750000000000000e+02 1.484599999999999945e-47
6.625000000000000000e+02 1.484810000000000034e-47
6.626250000000000000e+02 1.485030000000000116e-47
6.627500000000000000e+02 1.485259999999999948e-47
6.628750000000000000e+02 1.485490000000000022e-47
6.630000000000000000e+02 1.485730000000000089e-47
6.631250000000000000e+02 1.485999999999999891e-47
6.632500000000000000e+02 1.486259999999999944e-47
6.633750000000000000e+02 1.486529999999999989e-47
6.635000000000000000e+02 1.486800000000000034e-47
6.636250000000000000e+02 1.487070000000000080e-47
6.637500000000000000e+02 1.487329999999999889e-47
6.638750000000000000e+02 1.487599999999999934e-47
6.640000000000000000e+02 1.487869999999999979e-47
6.641250000000000000e+02 1.488140000000000025e-47
6.642500000000000000e+02 1.488410000000000070e-47
6.643750000000000000e+02 1.488680000000000115e-47
6.645000000000000000e+02 1.488929999999999932e-47
6.646250000000000000e+02 1.489179999999999992e-47
6.647500000000000000e+02 1.489470000000000022e-47
6.648750000000000000e+02 1.489750000000000060e-47
6.650000000000000000e+02 1.490030000000000098e-47
6.651250000000000000e+02 1.490319999999999885e-47
6.652500000000000000e+02 1.490599999999999923e-47
6.653750000000000000e+02 1.490879999999999961e-47
6.655000000000000000e+02 1.491169999999999992e-47
6.656250000000000000e+02 1.491470000000000015e-47
6.657500000000000000e+02 1.491730000000000067e-47
6.658750000000000000e+02 1.492020000000000098e-47
6.660000000000000000e+02 1.492299999999999893e-47
6.661250000000000000e+02 1.492589999999999923e-47
6.662500000000000000e+02 1.492869999999999961e-47
6.663750000000000000e+02 1.493149999999999999e-47
6.665000000000000000e+02 1.493440000000000029e-47
6.666250000000000000e+02 1.493720000000000067e-47
6.667500000000000000e+02 1.494010000000000098e-47
6.668750000000000000e+02 1.494289999999999893e-47
6.670000000000000000e+02 1.494579999999999923e-47
6.671250000000000000e+02 1.494859999999999961e-47
6.672500000000000000e+02 1.495149999999999992e-47
6.673750000000000000e+02 1.495430000000000029e-47
6.675000000000000000e+02 1.495710000000000067e-47
6.676250000000000000e+02 1.495929999999999906e-47
6.677500000000000000e+02 1.496189999999999959e-47
6.678750000000000000e+02 1.496440000000000018e-47
6.680000000000000000e+02 1.496720000000000056e-47
6.681250000000000000e+02 1.496990000000000101e-47
6.682500000000000000e+02 1.497440000000000015e-47
6.683750000000000000e+02 1.497720000000000053e-47
6.685000000000000000e+02 1.497809999999999987e-47
6.686250000000000000e+02 1.498090000000000024e-47
6.687500000000000000e+02 1.498360000000000070e-47
6.688750000000000000e+02 1.498630000000000115e-47
6.690000000000000000e+02 1.498889999999999924e-47
6.691250000000000000e+02 1.499139999999999984e-47
6.692500000000000000e+02 1.499400000000000037e-47
6.693750000000000000e+02 1.499650000000000097e-47
6.695000000000000000e+02 1.499919999999999899e-47
6.696250000000000000e+02 1.500209999999999929e-47
6.697500000000000000e+02 1.500499999999999960e-47
6.698750000000000000e+02 1.500819999999999968e-47
6.700000000000000000e+02 1.501149999999999970e-47
6.701250000000000000e+02 1.501700000000000053e-47
6.702500000000000000e+02 1.501789999999999987e-47
6.703750000000000000e+02 1.502119999999999988e-47
6.705000000000000000e+02 1.502439999999999996e-47
6.706250000000000000e+02 1.502630000000000100e-47
6.707500000000000000e+02 1.502789999999999983e-47
6.708750000000000000e+02 1.502950000000000109e-47
6.710000000000000000e+02 1.503109999999999991e-47
6.711250000000000000e+02 1.503280000000000110e-47
6.712500000000000000e+02 1.504129999999999973e-47
6.713750000000000000e+02 1.504459999999999974e-47
6.715000000000000000e+02 1.504050000000000032e-47
6.716250000000000000e+02 1.504370000000000040e-47
6.717500000000000000e+02 1.504700000000000042e-47
6.718750000000000000e+02 1.505020000000000050e-47
6.720000000000000000e+02 1.505350000000000051e-47
6.721250000000000000e+02 1.505670000000000060e-47
6.722500000000000000e+02 1.506000000000000061e-47
6.723750000000000000e+02 1.506270000000000106e-47
6.725000000000000000e+02 1.506489999999999945e-47
6.726250000000000000e+02 1.506710000000000027e-47
6.727500000000000000e+02 1.507030000000000035e-47
6.728750000000000000e+02 1.507350000000000044e-47
6.730000000000000000e+02 1.507660000000000060e-47
6.731250000000000000e+02 1.507889999999999891e-47
6.732500000000000000e+02 1.508070000000000002e-47
6.733750000000000000e+02 1.508250000000000114e-47
6.735000000000000000e+02 1.508429999999999982e-47
6.736250000000000000e+02 1.508670000000000049e-47
6.737500000000000000e+02 1.508960000000000079e-47
6.738750000000000000e+02 1.509260000000000103e-47
6.740000000000000000e+02 1.509529999999999905e-47
6.741250000000000000e+02 1.509700000000000023e-47
6.742500000000000000e+02 1.509970000000000068e-47
6.743750000000000000e+02 1.510260000000000099e-47
6.745000000000000000e+02 1.510580000000000107e-47
6.746250000000000000e+02 1.511199999999999896e-47
6.747500000000000000e+02 1.511469999999999941e-47
6.748750000000000000e+02 1.511449999999999956e-47
6.750000000000000000e+02 1.511749999999999979e-47
6.751250000000000000e+02 1.512050000000000002e-47
6.752500000000000000e+02 1.512340000000000033e-47
6.753750000000000000e+02 1.512640000000000056e-47
6.755000000000000000e+02 1.512940000000000079e-47
6.756250000000000000e+02 1.513240000000000103e-47
6.757500000000000000e+02 1.513539999999999883e-47
6.758750000000000000e+02 1.513829999999999913e-47
6.760000000000000000e+02 1.514129999999999936e-47
6.761250000000000000e+02 1.514429999999999960e-47
6.762500000000000000e+02 1.514729999999999983e-47
6.763750000000000000e+02 1.515030000000000006e-47
6.765000000000000000e+02 1.515320000000000037e-47
6.766250000000000000e+02 1.515529999999999883e-47
6.767500000000000000e+02 1.515719999999999986e-47
6.768750000000000000e+02 1.515930000000000076e-47
6.770000000000000000e+02 1.516280000000000062e-47
6.771250000000000000e+02 1.516630000000000049e-47
6.772500000000000000e+02 1.516970000000000043e-47
6.773750000000000000e+02 1.517210000000000110e-47
6.775000000000000000e+02 1.517509999999999890e-47
6.776250000000000000e+02 1.517799999999999921e-47
6.777500000000000000e+02 1.518099999999999944e-47
6.778750000000000000e+02 1.518379999999999982e-47
6.780000000000000000e+02 1.518670000000000012e-47
6.781250000000000000e+02 1.518990000000000021e-47
6.782500000000000000e+02 1.519320000000000022e-47
6.783750000000000000e+02 1.519590000000000067e-47
6.785000000000000000e+02 1.519920000000000068e-47
6.786250000000000000e+02 1.520260000000000062e-47
6.787500000000000000e+02 1.520590000000000063e-47
6.788750000000000000e+02 1.520930000000000057e-47
6.790000000000000000e+02 1.521270000000000051e-47
6.791250000000000000e+02 1.521590000000000060e-47
6.792500000000000000e+02 1.521900000000000076e-47
6.793750000000000000e+02 1.522180000000000113e-47
6.795000000000000000e+02 1.522459999999999908e-47
6.796250000000000000e+02 1.522789999999999909e-47
6.797500000000000000e+02 1.523119999999999911e-47
6.798750000000000000e+02 1.523419999999999934e-47
6.800000000000000000e+02 1.523719999999999957e-47
6.801250000000000000e+02 1.524019999999999980e-47
6.802500000000000000e+02 1.524270000000000040e-47
6.803750000000000000e+02 1.524489999999999879e-47
6.805000000000000000e+02 1.524689999999999975e-47
6.806250000000000000e+02 1.524930000000000043e-47
6.807500000000000000e+02 1.525190000000000095e-47
6.808750000000000000e+02 1.525449999999999905e-47
6.810000000000000000e+02 1.525729999999999942e-47
6.811250000000000000e+02 1.525999999999999988e-47
6.812500000000000000e+02 1.526250000000000047e-47
6.813750000000000000e+02 1.526500000000000107e-47
6.815000000000000000e+02 1.526739999999999931e-47
6.816250000000000000e+02 1.526989999999999991e-47
6.817500000000000000e+02 1.527240000000000051e-47
6.818750000000000000e+02 1.527480000000000118e-47
6.820000000000000000e+02 1.527729999999999935e-47
6.821250000000000000e+02 1.527979999999999995e-47
6.822500000000000000e+02 1.528220000000000062e-47
6.823750000000000000e+02 1.528520000000000085e-47
6.825000000000000000e+02 1.528850000000000087e-47
6.826250000000000000e+02 1.529210000000000066e-47
6.827500000000000000e+02 1.529560000000000052e-47
6.828750000000000000e+02 1.529910000000000039e-47
6.830000000000000000e+02 1.530270000000000018e-47
6.831250000000000000e+02 1.530620000000000005e-47
6.832500000000000000e+02 1.530940000000000013e-47
6.833750000000000000e+02 1.531190000000000073e-47
6.835000000000000000e+02 1.531439999999999890e-47
6.836250000000000000e+02 1.531669999999999964e-47
6.837500000000000000e+02 1.531880000000000054e-47
6.838750000000000000e+02 1.532120000000000121e-47
6.840000000000000000e+02 1.532419999999999901e-47
6.841250000000000000e+02 1.532709999999999931e-47
6.842500000000000000e+02 1.533019999999999947e-47
6.843750000000000000e+02 1.533329999999999963e-47
6.845000000000000000e+02 1.533600000000000008e-47
6.846250000000000000e+02 1.533910000000000024e-47
6.847500000000000000e+02 1.534220000000000040e-47
6.848750000000000000e+02 1.534520000000000063e-47
6.850000000000000000e+02 1.534820000000000087e-47
6.851250000000000000e+02 1.535089999999999889e-47
6.852500000000000000e+02 1.535389999999999912e-47
6.853750000000000000e+02 1.535719999999999913e-47
6.855000000000000000e+02 1.536009999999999944e-47
6.856250000000000000e+02 1.536309999999999967e-47
6.857500000000000000e+02 1.536619999999999983e-47
6.858750000000000000e+02 1.536929999999999999e-47
6.860000000000000000e+02 1.537230000000000022e-47
6.861250000000000000e+02 1.537540000000000038e-47
6.862500000000000000e+02 1.537850000000000054e-47
6.863750000000000000e+02 1.538150000000000077e-47
6.865000000000000000e+02 1.538460000000000093e-47
6.866250000000000000e+02 1.538790000000000094e-47
6.867500000000000000e+02 1.539079999999999881e-47
6.868750000000000000e+02 1.539430000000000111e-47
6.870000000000000000e+02 1.539810000000000075e-47
6.871250000000000000e+02 1.540180000000000047e-47
6.872500000000000000e+02 1.540540000000000027e-47
6.873750000000000000e+02 1.540880000000000021e-47
6.875000000000000000e+02 1.541240000000000000e-47
6.876250000000000000e+02 1.541579999999999994e-47
6.877500000000000000e+02 1.541900000000000002e-47
6.878750000000000000e+02 1.542110000000000091e-47
6.880000000000000000e+02 1.542470000000000071e-47
6.881250000000000000e+02 1.542840000000000042e-47
6.882500000000000000e+02 1.543190000000000029e-47
6.883750000000000000e+02 1.543510000000000038e-47
6.885000000000000000e+02 1.543830000000000046e-47
6.886250000000000000e+02 1.544120000000000077e-47
6.887500000000000000e+02 1.544369999999999893e-47
6.888750000000000000e+02 1.544659999999999924e-47
6.890000000000000000e+02 1.544979999999999933e-47
6.891250000000000000e+02 1.545299999999999941e-47
6.892500000000000000e+02 1.545599999999999964e-47
6.893750000000000000e+02 1.545889999999999995e-47
6.895000000000000000e+02 1.546190000000000018e-47
6.896250000000000000e+02 1.546480000000000049e-47
6.897500000000000000e+02 1.546770000000000079e-47
6.898750000000000000e+02 1.547060000000000110e-47
6.900000000000000000e+02 1.547369999999999882e-47
6.901250000000000000e+02 1.547699999999999884e-47
6.902500000000000000e+02 1.548029999999999885e-47
6.903750000000000000e+02 1.548369999999999879e-47
6.905000000000000000e+02 1.548699999999999880e-47
6.906250000000000000e+02 1.549019999999999889e-47
6.907500000000000000e+02 1.549319999999999912e-47
6.908750000000000000e+02 1.549629999999999928e-47
6.910000000000000000e+02 1.549909999999999965e-47
6.911250000000000000e+02 1.550170000000000018e-47
6.912500000000000000e+02 1.550430000000000071e-47
6.913750000000000000e+02 1.550689999999999880e-47
6.915000000000000000e+02 1.550949999999999932e-47
6.916250000000000000e+02 1.551269999999999941e-47
6.917500000000000000e+02 1.551619999999999928e-47
6.918750000000000000e+02 1.551939999999999936e-47
6.920000000000000000e+02 1.552219999999999974e-47
6.921250000000000000e+02 1.552490000000000019e-47
6.922500000000000000e+02 1.552760000000000064e-47
6.923750000000000000e+02 1.553370000000000103e-47
6.925000000000000000e+02 1.553299999999999912e-47
6.926250000000000000e+02 1.553599999999999935e-47
6.927500000000000000e+02 1.553919999999999943e-47
6.928750000000000000e+02 1.554170000000000003e-47
6.930000000000000000e+02 1.554470000000000027e-47
6.931250000000000000e+02 1.554810000000000020e-47
6.932500000000000000e+02 1.555160000000000007e-47
6.933750000000000000e+02 1.555450000000000038e-47
6.935000000000000000e+02 1.555810000000000017e-47
6.936250000000000000e+02 1.556219999999999959e-47
6.937500000000000000e+02 1.556589999999999931e-47
6.938750000000000000e+02 1.556919999999999932e-47
6.940000000000000000e+02 1.557239999999999941e-47
6.941250000000000000e+02 1.557529999999999972e-47
6.942500000000000000e+02 1.557829999999999995e-47
6.943750000000000000e+02 1.558130000000000018e-47
6.945000000000000000e+02 1.558430000000000041e-47
6.946250000000000000e+02 1.558740000000000057e-47
6.947500000000000000e+02 1.559060000000000066e-47
6.948750000000000000e+02 1.559370000000000081e-47
6.950000000000000000e+02 1.559680000000000097e-47
6.951250000000000000e+02 1.559990000000000113e-47
6.952500000000000000e+02 1.560289999999999893e-47
6.953750000000000000e+02 1.560589999999999917e-47
6.955000000000000000e+02 1.560889999999999940e-47
6.956250000000000000e+02 1.561189999999999963e-47
6.957500000000000000e+02 1.561489999999999986e-47
6.958750000000000000e+02 1.561790000000000009e-47
6.960000000000000000e+02 1.562090000000000033e-47
6.961250000000000000e+02 1.562390000000000056e-47
6.962500000000000000e+02 1.562690000000000079e-47
6.963750000000000000e+02 1.562990000000000102e-47
6.965000000000000000e+02 1.563289999999999882e-47
6.966250000000000000e+02 1.563599999999999898e-47
6.967500000000000000e+02 1.563929999999999899e-47
6.968750000000000000e+02 1.564259999999999901e-47
6.970000000000000000e+02 1.564589999999999902e-47
6.971250000000000000e+02 1.564889999999999925e-47
6.972500000000000000e+02 1.565159999999999970e-47
6.973750000000000000e+02 1.565440000000000008e-47
6.975000000000000000e+02 1.565690000000000068e-47
6.976250000000000000e+02 1.565960000000000113e-47
6.977500000000000000e+02 1.566259999999999893e-47
6.978750000000000000e+02 1.566599999999999887e-47
6.980000000000000000e+02 1.566929999999999888e-47
6.981250000000000000e+02 1.567259999999999890e-47
6.982500000000000000e+02 1.567589999999999891e-47
6.983750000000000000e+02 1.567889999999999914e-47
6.985000000000000000e+02 1.568219999999999915e-47
6.986250000000000000e+02 1.568549999999999916e-47
6.987500000000000000e+02 1.568879999999999918e-47
6.988750000000000000e+02 1.569189999999999934e-47
6.990000000000000000e+02 1.569499999999999949e-47
6.991250000000000000e+02 1.569829999999999951e-47
6.992500000000000000e+02 1.570159999999999952e-47
6.993750000000000000e+02 1.570459999999999975e-47
6.995000000000000000e+02 1.570740000000000013e-47
6.996250000000000000e+02 1.571070000000000014e-47
6.997500000000000000e+02 1.571300000000000089e-47
6.998750000000000000e+02 1.571650000000000075e-47
7.000000000000000000e+02 1.571990000000000069e-47
7.001250000000000000e+02 1.572310000000000078e-47
7.002500000000000000e+02 1.572600000000000108e-47
7.003750000000000000e+02 1.572889999999999896e-47
7.005000000000000000e+02 1.573239999999999882e-47
7.006250000000000000e+02 1.573610000000000097e-47
7.007500000000000000e+02 1.573960000000000084e-47
7.008750000000000000e+02 1.574280000000000092e-47
7.010000000000000000e+02 1.574590000000000108e-47
7.011250000000000000e+02 1.574910000000000117e-47
7.012500000000000000e+02 1.575219999999999890e-47
7.013750000000000000e+02 1.575539999999999898e-47
7.015000000000000000e+02 1.575859999999999907e-47
7.016250000000000000e+02 1.576360000000000026e-47
7.017500000000000000e+02 1.576489999999999931e-47
7.018750000000000000e+02 1.576809999999999940e-47
7.020000000000000000e+02 1.577119999999999956e-47
7.021250000000000000e+02 1.577439999999999964e-47
7.022500000000000000e+02 1.577749999999999980e-47
7.023750000000000000e+02 1.578069999999999988e-47
7.025000000000000000e+02 1.578389999999999997e-47
7.026250000000000000e+02 1.578700000000000013e-47
7.027500000000000000e+02 1.579020000000000021e-47
7.028750000000000000e+02 1.579340000000000030e-47
7.030000000000000000e+02 1.579650000000000046e-47
7.031250000000000000e+02 1.579970000000000054e-47
7.032500000000000000e+02 1.580290000000000063e-47
7.033750000000000000e+02 1.580610000000000072e-47
7.035000000000000000e+02 1.580920000000000087e-47
7.036250000000000000e+02 1.581240000000000096e-47
7.037500000000000000e+02 1.581560000000000105e-47
7.038750000000000000e+02 1.581870000000000120e-47
7.040000000000000000e+02 1.582189999999999886e-47
7.041250000000000000e+02 1.582509999999999894e-47
7.042500000000000000e+02 1.582829999999999903e-47
7.043750000000000000e+02 1.583139999999999919e-47
7.045000000000000000e+02 1.583459999999999927e-47
7.046250000000000000e+02 1.583779999999999936e-47
7.047500000000000000e+02 1.584099999999999944e-47
7.048750000000000000e+02 1.584419999999999953e-47
7.050000000000000000e+02 1.584729999999999969e-47
7.051250000000000000e+02 1.585049999999999977e-47
7.052500000000000000e+02 1.585330000000000015e-47
7.053750000000000000e+02 1.585620000000000046e-47
7.055000000000000000e+02 1.585940000000000054e-47
7.056250000000000000e+02 1.586250000000000070e-47
7.057500000000000000e+02 1.586570000000000079e-47
7.058750000000000000e+02 1.586890000000000087e-47
7.060000000000000000e+02 1.587210000000000096e-47
7.061250000000000000e+02 1.587570000000000075e-47
7.062500000000000000e+02 1.587920000000000062e-47
7.063750000000000000e+02 1.588240000000000070e-47
7.065000000000000000e+02 1.588550000000000086e-47
7.066250000000000000e+02 1.588870000000000095e-47
7.067500000000000000e+02 1.589190000000000103e-47
7.068750000000000000e+02 1.589500000000000119e-47
7.070000000000000000e+02 1.589819999999999885e-47
7.071250000000000000e+02 1.590129999999999900e-47
7.072500000000000000e+02 1.590449999999999909e-47
7.073750000000000000e+02 1.590769999999999918e-47
7.075000000000000000e+02 1.591079999999999933e-47
7.076250000000000000e+02 1.591399999999999942e-47
7.077500000000000000e+02 1.591709999999999958e-47
7.078750000000000000e+02 1.592029999999999966e-47
7.080000000000000000e+02 1.592349999999999975e-47
7.081250000000000000e+02 1.592659999999999991e-47
7.082500000000000000e+02 1.592979999999999999e-47
7.083750000000000000e+02 1.593300000000000008e-47
7.085000000000000000e+02 1.593610000000000024e-47
7.086250000000000000e+02 1.593930000000000032e-47
7.087500000000000000e+02 1.594210000000000070e-47
7.088750000000000000e+02 1.594490000000000108e-47
7.090000000000000000e+02 1.594799999999999881e-47
7.091250000000000000e+02 1.595129999999999882e-47
7.092500000000000000e+02 1.595449999999999891e-47
7.093750000000000000e+02 1.595769999999999899e-47
7.095000000000000000e+02 1.596099999999999900e-47
7.096250000000000000e+02 1.596419999999999909e-47
7.097500000000000000e+02 1.596749999999999910e-47
7.098750000000000000e+02 1.597069999999999919e-47
7.100000000000000000e+02 1.597389999999999927e-47
7.101250000000000000e+02 1.597719999999999928e-47
7.102500000000000000e+02 1.598039999999999937e-47
7.103750000000000000e+02 1.598359999999999946e-47
7.105000000000000000e+02 1.598679999999999954e-47
7.106250000000000000e+02 1.599009999999999955e-47
7.107500000000000000e+02 1.599319999999999971e-47
7.108750000000000000e+02 1.599639999999999980e-47
7.110000000000000000e+02 1.599959999999999988e-47
7.111250000000000000e+02 1.600279999999999997e-47
7.112500000000000000e+02 1.600600000000000005e-47
7.113750000000000000e+02 1.600910000000000021e-47
7.115000000000000000e+02 1.601230000000000030e-47
7.116250000000000000e+02 1.601550000000000038e-47
7.117500000000000000e+02 1.601850000000000062e-47
7.118750000000000000e+02 1.602110000000000114e-47
7.120000000000000000e+02 1.602389999999999909e-47
7.121250000000000000e+02 1.602689999999999932e-47
7.122500000000000000e+02 1.603009999999999941e-47
7.123750000000000000e+02 1.603329999999999949e-47
7.125000000000000000e+02 1.603639999999999965e-47
7.126250000000000000e+02 1.603959999999999974e-47
7.127500000000000000e+02 1.604279999999999982e-47
7.128750000000000000e+02 1.604589999999999998e-47
7.130000000000000000e+02 1.604910000000000007e-47
7.131250000000000000e+02 1.605230000000000015e-47
7.132500000000000000e+02 1.605550000000000024e-47
7.133750000000000000e+02 1.605860000000000040e-47
7.135000000000000000e+02 1.606190000000000041e-47
7.136250000000000000e+02 1.606510000000000049e-47
7.137500000000000000e+02 1.607019999999999919e-47
7.138750000000000000e+02 1.607160000000000059e-47
7.140000000000000000e+02 1.607490000000000060e-47
7.141250000000000000e+02 1.607820000000000062e-47
7.142500000000000000e+02 1.608140000000000070e-47
7.143750000000000000e+02 1.608470000000000071e-47
7.145000000000000000e+02 1.608800000000000073e-47
7.146250000000000000e+02 1.609130000000000074e-47
7.147500000000000000e+02 1.609450000000000082e-47
7.148750000000000000e+02 1.609770000000000091e-47
7.150000000000000000e+02 1.610080000000000107e-47
7.151250000000000000e+02 1.610400000000000115e-47
7.152500000000000000e+02 1.610719999999999881e-47
7.153750000000000000e+02 1.611039999999999889e-47
7.155000000000000000e+02 1.611359999999999898e-47
7.156250000000000000e+02 1.611679999999999906e-47
7.157500000000000000e+02 1.611999999999999915e-47
7.158750000000000000e+02 1.612309999999999931e-47
7.160000000000000000e+02 1.612619999999999947e-47
7.161250000000000000e+02 1.612929999999999963e-47
7.162500000000000000e+02 1.613239999999999978e-47
7.163750000000000000e+02 1.613549999999999994e-47
7.165000000000000000e+02 1.613870000000000003e-47
7.166250000000000000e+02 1.614180000000000019e-47
7.167500000000000000e+02 1.614490000000000035e-47
7.168750000000000000e+02 1.614790000000000058e-47
7.170000000000000000e+02 1.615100000000000074e-47
7.171250000000000000e+02 1.615410000000000090e-47
7.172500000000000000e+02 1.615720000000000105e-47
7.173750000000000000e+02 1.616030000000000121e-47
7.175000000000000000e+02 1.616339999999999894e-47
7.176250000000000000e+02 1.616649999999999910e-47
7.177500000000000000e+02 1.616969999999999919e-47
7.178750000000000000e+02 1.617279999999999934e-47
7.180000000000000000e+02 1.617589999999999950e-47
7.181250000000000000e+02 1.617899999999999966e-47
7.182500000000000000e+02 1.618209999999999982e-47
7.183750000000000000e+02 1.618519999999999998e-47
7.185000000000000000e+02 1.618830000000000014e-47
7.186250000000000000e+02 1.619140000000000030e-47
7.187500000000000000e+02 1.619460000000000038e-47
7.188750000000000000e+02 1.619770000000000054e-47
7.190000000000000000e+02 1.620080000000000070e-47
7.191250000000000000e+02 1.620390000000000086e-47
7.192500000000000000e+02 1.620700000000000102e-47
7.193750000000000000e+02 1.621010000000000118e-47
7.195000000000000000e+02 1.621329999999999883e-47
7.196250000000000000e+02 1.621639999999999899e-47
7.197500000000000000e+02 1.621979999999999893e-47
7.198750000000000000e+02 1.622289999999999909e-47
7.200000000000000000e+02 1.622599999999999925e-47
7.201250000000000000e+02 1.622899999999999948e-47
7.202500000000000000e+02 1.623209999999999964e-47
7.203750000000000000e+02 1.623519999999999980e-47
7.205000000000000000e+02 1.623839999999999988e-47
7.206250000000000000e+02 1.624150000000000004e-47
7.207500000000000000e+02 1.624460000000000020e-47
7.208750000000000000e+02 1.624780000000000028e-47
7.210000000000000000e+02 1.625090000000000044e-47
7.211250000000000000e+02 1.625400000000000060e-47
7.212500000000000000e+02 1.625710000000000076e-47
7.213750000000000000e+02 1.626030000000000085e-47
7.215000000000000000e+02 1.626340000000000101e-47
7.216250000000000000e+02 1.626650000000000116e-47
7.217500000000000000e+02 1.626969999999999882e-47
7.218750000000000000e+02 1.627279999999999898e-47
7.220000000000000000e+02 1.627589999999999914e-47
7.221250000000000000e+02 1.627909999999999922e-47
7.222500000000000000e+02 1.628219999999999938e-47
7.223750000000000000e+02 1.628529999999999954e-47
7.225000000000000000e+02 1.628849999999999962e-47
7.226250000000000000e+02 1.629159999999999978e-47
7.227500000000000000e+02 1.629469999999999994e-47
7.228750000000000000e+02 1.629790000000000003e-47
7.230000000000000000e+02 1.630100000000000019e-47
7.231250000000000000e+02 1.630420000000000027e-47
7.232500000000000000e+02 1.630730000000000043e-47
7.233750000000000000e+02 1.631050000000000052e-47
7.235000000000000000e+02 1.631370000000000060e-47
7.236250000000000000e+02 1.631690000000000069e-47
7.237500000000000000e+02 1.632010000000000077e-47
7.238750000000000000e+02 1.632320000000000093e-47
7.240000000000000000e+02 1.632630000000000109e-47
7.241250000000000000e+02 1.632950000000000118e-47
7.242500000000000000e+02 1.633259999999999890e-47
7.243750000000000000e+02 1.633559999999999914e-47
7.245000000000000000e+02 1.633869999999999929e-47
7.246250000000000000e+02 1.634189999999999938e-47
7.247500000000000000e+02 1.634519999999999939e-47
7.248750000000000000e+02 1.634839999999999948e-47
7.250000000000000000e+02 1.635149999999999964e-47
7.251250000000000000e+02 1.635469999999999972e-47
7.252500000000000000e+02 1.635779999999999988e-47
7.253750000000000000e+02 1.636099999999999997e-47
7.255000000000000000e+02 1.636420000000000005e-47
7.256250000000000000e+02 1.636730000000000021e-47
7.257500000000000000e+02 1.637050000000000030e-47
7.258750000000000000e+02 1.637360000000000045e-47
7.260000000000000000e+02 1.637690000000000047e-47
7.261250000000000000e+02 1.638030000000000041e-47
7.262500000000000000e+02 1.638370000000000034e-47
7.263750000000000000e+02 1.638710000000000028e-47
7.265000000000000000e+02 1.639050000000000022e-47
7.266250000000000000e+02 1.639380000000000023e-47
7.267500000000000000e+02 1.639720000000000017e-47
7.268750000000000000e+02 1.640050000000000019e-47
7.270000000000000000e+02 1.640390000000000012e-47
7.271250000000000000e+02 1.640720000000000014e-47
7.272500000000000000e+02 1.641050000000000015e-47
7.273750000000000000e+02 1.641380000000000016e-47
7.275000000000000000e+02 1.641690000000000032e-47
7.276250000000000000e+02 1.641990000000000055e-47
7.277500000000000000e+02 1.642290000000000078e-47
7.278750000000000000e+02 1.642580000000000109e-47
7.280000000000000000e+02 1.642940000000000088e-47
7.281250000000000000e+02 1.643290000000000075e-47
7.282500000000000000e+02 1.643640000000000061e-47
7.283750000000000000e+02 1.643980000000000055e-47
7.285000000000000000e+02 1.644340000000000034e-47
7.286250000000000000e+02 1.644719999999999999e-47
7.287500000000000000e+02 1.645109999999999956e-47
7.288750000000000000e+02 1.645489999999999921e-47
7.290000000000000000e+02 1.645849999999999900e-47
7.291250000000000000e+02 1.646199999999999887e-47
7.292500000000000000e+02 1.646539999999999880e-47
7.293750000000000000e+02 1.646890000000000110e-47
7.295000000000000000e+02 1.647230000000000104e-47
7.296250000000000000e+02 1.647570000000000098e-47
7.297500000000000000e+02 1.647910000000000092e-47
7.298750000000000000e+02 1.648260000000000078e-47
7.300000000000000000e+02 1.648600000000000072e-47
7.301250000000000000e+02 1.648940000000000066e-47
7.302500000000000000e+02 1.649280000000000060e-47
7.303750000000000000e+02 1.649590000000000076e-47
7.305000000000000000e+02 1.649900000000000092e-47
7.306250000000000000e+02 1.650159999999999901e-47
7.307500000000000000e+02 1.650449999999999932e-47
7.308750000000000000e+02 1.650819999999999904e-47
7.310000000000000000e+02 1.651159999999999898e-47
7.311250000000000000e+02 1.651499999999999891e-47
7.312500000000000000e+02 1.651799999999999915e-47
7.313750000000000000e+02 1.652119999999999923e-47
7.315000000000000000e+02 1.652449999999999924e-47
7.316250000000000000e+02 1.652779999999999926e-47
7.317500000000000000e+02 1.653109999999999927e-47
7.318750000000000000e+02 1.653660000000000010e-47
7.320000000000000000e+02 1.653789999999999915e-47
7.321250000000000000e+02 1.654129999999999909e-47
7.322500000000000000e+02 1.654439999999999924e-47
7.323750000000000000e+02 1.654749999999999940e-47
7.325000000000000000e+02 1.655059999999999956e-47
7.326250000000000000e+02 1.655369999999999972e-47
7.327500000000000000e+02 1.655679999999999988e-47
7.328750000000000000e+02 1.655990000000000004e-47
7.330000000000000000e+02 1.656300000000000020e-47
7.331250000000000000e+02 1.656620000000000028e-47
7.332500000000000000e+02 1.656960000000000022e-47
7.333750000000000000e+02 1.657290000000000023e-47
7.335000000000000000e+02 1.657630000000000017e-47
7.336250000000000000e+02 1.657960000000000018e-47
7.337500000000000000e+02 1.658300000000000012e-47
7.338750000000000000e+02 1.658630000000000014e-47
7.340000000000000000e+02 1.658970000000000007e-47
7.341250000000000000e+02 1.659270000000000031e-47
7.342500000000000000e+02 1.659520000000000091e-47
7.343750000000000000e+02 1.659769999999999907e-47
7.345000000000000000e+02 1.660019999999999967e-47
7.346250000000000000e+02 1.660270000000000027e-47
7.347500000000000000e+02 1.660590000000000036e-47
7.348750000000000000e+02 1.660900000000000051e-47
7.350000000000000000e+02 1.661190000000000082e-47
7.351250000000000000e+02 1.661459999999999884e-47
7.352500000000000000e+02 1.661749999999999915e-47
7.353750000000000000e+02 1.662049999999999938e-47
7.355000000000000000e+02 1.662349999999999961e-47
7.356250000000000000e+02 1.662649999999999984e-47
7.357500000000000000e+02 1.662950000000000007e-47
7.358750000000000000e+02 1.663240000000000038e-47
7.360000000000000000e+02 1.663540000000000061e-47
7.361250000000000000e+02 1.663840000000000084e-47
7.362500000000000000e+02 1.664140000000000108e-47
7.363750000000000000e+02 1.664460000000000116e-47
7.365000000000000000e+02 1.664790000000000117e-47
7.366250000000000000e+02 1.665120000000000119e-47
7.367500000000000000e+02 1.665439999999999884e-47
7.368750000000000000e+02 1.665769999999999885e-47
7.370000000000000000e+02 1.666069999999999908e-47
7.371250000000000000e+02 1.666359999999999939e-47
7.372500000000000000e+02 1.666729999999999911e-47
7.373750000000000000e+02 1.667089999999999890e-47
7.375000000000000000e+02 1.667460000000000105e-47
7.376250000000000000e+02 1.667830000000000077e-47
7.377500000000000000e+02 1.668160000000000078e-47
7.378750000000000000e+02 1.668490000000000079e-47
7.380000000000000000e+02 1.668870000000000044e-47
7.381250000000000000e+02 1.669269999999999994e-47
7.382500000000000000e+02 1.669679999999999937e-47
7.383750000000000000e+02 1.670079999999999886e-47
7.385000000000000000e+02 1.670490000000000072e-47
7.386250000000000000e+02 1.670890000000000022e-47
7.387500000000000000e+02 1.671299999999999965e-47
7.388750000000000000e+02 1.671699999999999915e-47
7.390000000000000000e+02 1.672140000000000078e-47
7.391250000000000000e+02 1.672589999999999991e-47
7.392500000000000000e+02 1.673029999999999912e-47
7.393750000000000000e+02 1.673480000000000068e-47
7.395000000000000000e+02 1.673870000000000026e-47
7.396250000000000000e+02 1.674220000000000012e-47
7.397500000000000000e+02 1.674540000000000021e-47
7.398750000000000000e+02 1.674860000000000029e-47
7.400000000000000000e+02 1.675180000000000038e-47
7.401250000000000000e+02 1.675500000000000046e-47
7.402500000000000000e+02 1.675840000000000040e-47
7.403750000000000000e+02 1.676200000000000020e-47
7.405000000000000000e+02 1.676559999999999999e-47
7.406250000000000000e+02 1.676959999999999949e-47
7.407500000000000000e+02 1.677349999999999906e-47
7.408750000000000000e+02 1.677689999999999900e-47
7.410000000000000000e+02 1.678039999999999886e-47
7.411250000000000000e+02 1.678390000000000116e-47
7.412500000000000000e+02 1.678730000000000110e-47
7.413750000000000000e+02 1.679060000000000111e-47
7.415000000000000000e+02 1.679259999999999965e-47
7.416250000000000000e+02 1.679470000000000054e-47
7.417500000000000000e+02 1.679740000000000099e-47
7.418750000000000000e+02 1.680120000000000063e-47
7.420000000000000000e+02 1.680500000000000028e-47
7.421250000000000000e+02 1.680870000000000000e-47
7.422500000000000000e+02 1.681249999999999965e-47
7.423750000000000000e+02 1.681619999999999936e-47
7.425000000000000000e+02 1.681999999999999901e-47
7.426250000000000000e+02 1.682380000000000109e-47
7.427500000000000000e+02 1.682740000000000088e-47
7.428750000000000000e+02 1.683040000000000111e-47
7.430000000000000000e+02 1.683339999999999891e-47
7.431250000000000000e+02 1.683629999999999922e-47
7.432500000000000000e+02 1.683929999999999945e-47
7.433750000000000000e+02 1.684229999999999968e-47
7.435000000000000000e+02 1.684529999999999991e-47
7.436250000000000000e+02 1.684810000000000029e-47
7.437500000000000000e+02 1.685090000000000067e-47
7.438750000000000000e+02 1.685360000000000112e-47
7.440000000000000000e+02 1.685639999999999907e-47
7.441250000000000000e+02 1.685949999999999923e-47
7.442500000000000000e+02 1.686219999999999968e-47
7.443750000000000000e+02 1.686500000000000006e-47
7.445000000000000000e+02 1.686770000000000051e-47
7.446250000000000000e+02 1.687050000000000089e-47
7.447500000000000000e+02 1.687319999999999891e-47
7.448750000000000000e+02 1.687599999999999929e-47
7.450000000000000000e+02 1.687879999999999967e-47
7.451250000000000000e+02 1.688219999999999961e-47
7.452500000000000000e+02 1.688569999999999947e-47
7.453750000000000000e+02 1.688909999999999941e-47
7.455000000000000000e+02 1.689239999999999942e-47
7.456250000000000000e+02 1.689569999999999944e-47
7.457500000000000000e+02 1.689909999999999938e-47
7.458750000000000000e+02 1.690209999999999961e-47
7.460000000000000000e+02 1.690519999999999977e-47
7.461250000000000000e+02 1.690820000000000000e-47
7.462500000000000000e+02 1.691120000000000023e-47
7.463750000000000000e+02 1.691569999999999936e-47
7.465000000000000000e+02 1.692050000000000071e-47
7.466250000000000000e+02 1.692460000000000013e-47
7.467500000000000000e+02 1.692810000000000000e-47
7.468750000000000000e+02 1.693219999999999942e-47
7.470000000000000000e+02 1.693629999999999885e-47
7.471250000000000000e+02 1.694040000000000071e-47
7.472500000000000000e+02 1.694450000000000013e-47
7.473750000000000000e+02 1.694849999999999963e-47
7.475000000000000000e+02 1.695259999999999906e-47
7.476250000000000000e+02 1.695660000000000099e-47
7.477500000000000000e+02 1.696070000000000041e-47
7.478750000000000000e+02 1.696459999999999999e-47
7.480000000000000000e+02 1.696819999999999978e-47
7.481250000000000000e+02 1.697189999999999950e-47
7.482500000000000000e+02 1.697839999999999960e-47
7.483750000000000000e+02 1.697949999999999879e-47
7.485000000000000000e+02 1.698340000000000079e-47
7.486250000000000000e+02 1.698740000000000029e-47
7.487500000000000000e+02 1.699129999999999986e-47
7.488750000000000000e+02 1.699529999999999936e-47
7.490000000000000000e+02 1.699929999999999886e-47
7.491250000000000000e+02 1.700330000000000079e-47
7.492500000000000000e+02 1.700750000000000014e-47
7.493750000000000000e+02 1.701119999999999986e-47
7.495000000000000000e+02 1.701519999999999936e-47
7.496250000000000000e+02 1.701929999999999879e-47
7.497500000000000000e+02 1.702310000000000087e-47
7.498750000000000000e+02 1.702700000000000044e-47
7.500000000000000000e+02 1.703149999999999957e-47
7.501250000000000000e+02 1.703600000000000113e-47
7.502500000000000000e+02 1.704050000000000027e-47
7.503750000000000000e+02 1.704459999999999969e-47
7.505000000000000000e+02 1.704849999999999926e-47
7.506250000000000000e+02 1.705250000000000119e-47
7.507500000000000000e+02 1.705700000000000033e-47
7.508750000000000000e+02 1.706139999999999953e-47
7.510000000000000000e+02 1.706620000000000088e-47
7.511250000000000000e+02 1.707109999999999972e-47
7.512500000000000000e+02 1.707600000000000099e-47
7.513750000000000000e+02 1.708089999999999983e-47
7.515000000000000000e+02 1.708590000000000102e-47
7.516250000000000000e+02 1.709099999999999972e-47
7.517500000000000000e+02 1.709610000000000084e-47
7.518750000000000000e+02 1.710089999999999975e-47
7.520000000000000000e+02 1.710509999999999911e-47
7.521250000000000000e+02 1.710890000000000118e-47
7.522500000000000000e+02 1.711260000000000090e-47
7.523750000000000000e+02 1.711670000000000033e-47
7.525000000000000000e+02 1.712129999999999939e-47
7.526250000000000000e+02 1.712700000000000007e-47
7.527500000000000000e+02 1.713280000000000068e-47
7.528750000000000000e+02 1.713829999999999908e-47
7.530000000000000000e+02 1.714379999999999991e-47
7.531250000000000000e+02 1.714950000000000060e-47
7.532500000000000000e+02 1.715489999999999907e-47
7.533750000000000000e+02 1.715950000000000056e-47
7.535000000000000000e+02 1.716429999999999947e-47
7.536250000000000000e+02 1.717000000000000016e-47
7.537500000000000000e+02 1.717709999999999981e-47
7.538750000000000000e+02 1.718469999999999911e-47
7.540000000000000000e+02 1.719129999999999913e-47
7.541250000000000000e+02 1.719890000000000085e-47
7.542500000000000000e+02 1.720660000000000007e-47
7.543750000000000000e+02 1.721570000000000069e-47
7.545000000000000000e+02 1.722479999999999888e-47
7.546250000000000000e+02 1.723300000000000017e-47
7.547500000000000000e+02 1.724079999999999931e-47
7.548750000000000000e+02 1.724900000000000059e-47
7.550000000000000000e+02 1.725759999999999915e-47
7.551250000000000000e+02 1.726679999999999970e-47
7.552500000000000000e+02 1.727659999999999981e-47
7.553750000000000000e+02 1.728719999999999934e-47
7.555000000000000000e+02 1.730140000000000108e-47
7.556250000000000000e+02 1.731510000000000077e-47
7.557500000000000000e+02 1.733009999999999949e-47
7.558750000000000000e+02 1.734570000000000022e-47
7.560000000000000000e+02 1.736550000000000029e-47
7.561250000000000000e+02 1.738599999999999985e-47
7.562500000000000000e+02 1.741180000000000039e-47
7.563750000000000000e+02 1.744009999999999909e-47
7.565000000000000000e+02 1.747170000000000024e-47
7.566250000000000000e+02 1.751410000000000076e-47
7.567500000000000000e+02 1.755529999999999974e-47
7.568750000000000000e+02 1.761720000000000056e-47
7.570000000000000000e+02 1.772000000000000057e-47
7.571250000000000000e+02 1.783079999999999958e-47
7.572500000000000000e+02 1.796659999999999971e-47
7.573750000000000000e+02 1.813879999999999990e-47
7.575000000000000000e+02 1.839539999999999901e-47
7.576250000000000000e+02 1.876659999999999920e-47
7.577500000000000000e+02 1.932850000000000062e-47
7.578750000000000000e+02 2.031950000000000111e-47
7.580000000000000000e+02 2.200290000000000217e-47
7.581250000000000000e+02 2.568080000000000235e-47
7.582500000000000000e+02 3.525210000000000029e-47
7.583750000000000000e+02 8.191889999999999900e-47
7.585000000000000000e+02 2.275580000000000021e-46
7.586250000000000000e+02 7.195029999999999812e-47
7.587500000000000000e+02 3.471600000000000185e-47
7.588750000000000000e+02 2.534369999999999905e-47
7.590000000000000000e+02 2.176950000000000065e-47
7.591250000000000000e+02 2.013420000000000079e-47
7.592500000000000000e+02 1.926200000000000074e-47
7.593750000000000000e+02 1.877909999999999977e-47
7.595000000000000000e+02 1.842449999999999956e-47
7.596250000000000000e+02 1.818669999999999883e-47
7.597500000000000000e+02 1.801369999999999922e-47
7.598750000000000000e+02 1.788850000000000104e-47
7.600000000000000000e+02 1.778719999999999993e-47
7.601250000000000000e+02 1.772199999999999910e-47
7.602500000000000000e+02 1.767869999999999924e-47
7.603750000000000000e+02 1.764789999999999993e-47
7.605000000000000000e+02 1.761289999999999885e-47
7.606250000000000000e+02 1.758450000000000021e-47
7.607500000000000000e+02 1.756460000000000021e-47
7.608750000000000000e+02 1.754390000000000080e-47
7.610000000000000000e+02 1.752680000000000118e-47
7.611250000000000000e+02 1.751639999999999908e-47
7.612500000000000000e+02 1.750999999999999891e-47
7.613750000000000000e+02 1.750360000000000117e-47
7.615000000000000000e+02 1.749850000000000004e-47
7.616250000000000000e+02 1.749239999999999965e-47
7.617500000000000000e+02 1.748999999999999898e-47
7.618750000000000000e+02 1.748840000000000015e-47
7.620000000000000000e+02 1.748750000000000081e-47
7.621250000000000000e+02 1.748689999999999882e-47
7.622500000000000000e+02 1.748790000000000052e-47
7.623750000000000000e+02 1.748850000000000008e-47
7.625000000000000000e+02 1.748979999999999913e-47
7.626250000000000000e+02 1.749140000000000039e-47
7.627500000000000000e+02 1.749329999999999899e-47
7.628750000000000000e+02 1.749549999999999981e-47
7.630000000000000000e+02 1.749689999999999879e-47
7.631250000000000000e+02 1.749869999999999990e-47
7.632500000000000000e+02 1.750100000000000064e-47
7.633750000000000000e+02 1.750440000000000058e-47
7.635000000000000000e+02 1.750770000000000059e-47
7.636250000000000000e+02 1.751090000000000068e-47
7.637500000000000000e+02 1.751370000000000106e-47
7.638750000000000000e+02 1.751629999999999915e-47
7.640000000000000000e+02 1.751859999999999990e-47
7.641250000000000000e+02 1.752020000000000115e-47
7.642500000000000000e+02 1.751410000000000076e-47
7.643750000000000000e+02 1.751360000000000113e-47
7.645000000000000000e+02 1.751229999999999965e-47
7.646250000000000000e+02 1.751529999999999988e-47
7.647500000000000000e+02 1.751849999999999997e-47
7.648750000000000000e+02 1.752150000000000020e-47
7.650000000000000000e+02 1.752480000000000021e-47
7.651250000000000000e+02 1.752820000000000015e-47
7.652500000000000000e+02 1.753179999999999995e-47
7.653750000000000000e+02 1.753589999999999937e-47
7.655000000000000000e+02 1.753939999999999924e-47
7.656250000000000000e+02 1.754329999999999881e-47
7.657500000000000000e+02 1.754720000000000081e-47
7.658750000000000000e+02 1.755120000000000031e-47
7.660000000000000000e+02 1.755529999999999974e-47
7.661250000000000000e+02 1.755949999999999909e-47
7.662500000000000000e+02 1.756370000000000087e-47
7.663750000000000000e+02 1.756790000000000023e-47
7.665000000000000000e+02 1.757219999999999951e-47
7.666250000000000000e+02 1.757660000000000114e-47
7.667500000000000000e+02 1.758110000000000027e-47
7.668750000000000000e+02 1.758559999999999941e-47
7.670000000000000000e+02 1.759010000000000097e-47
7.671250000000000000e+02 1.759470000000000003e-47
7.672500000000000000e+02 1.759929999999999909e-47
7.673750000000000000e+02 1.760410000000000043e-47
7.675000000000000000e+02 1.760899999999999927e-47
7.676250000000000000e+02 1.761380000000000062e-47
7.677500000000000000e+02 1.761879999999999938e-47
7.678750000000000000e+02 1.762380000000000058e-47
7.680000000000000000e+02 1.762869999999999942e-47
7.681250000000000000e+02 1.763380000000000054e-47
7.682500000000000000e+02 1.763899999999999916e-47
7.683750000000000000e+02 1.764430000000000014e-47
7.685000000000000000e+02 1.764970000000000104e-47
7.686250000000000000e+02 1.765529999999999937e-47
7.687500000000000000e+02 1.766090000000000013e-47
7.688750000000000000e+02 1.766670000000000074e-47
7.690000000000000000e+02 1.767249999999999892e-47
7.691250000000000000e+02 1.767849999999999938e-47
7.692500000000000000e+02 1.768469999999999970e-47
7.693750000000000000e+02 1.769090000000000002e-47
7.695000000000000000e+02 1.769680000000000055e-47
7.696250000000000000e+02 1.770350000000000051e-47
7.697500000000000000e+02 1.771030000000000038e-47
7.698750000000000000e+02 1.771700000000000033e-47
7.700000000000000000e+02 1.772400000000000007e-47
7.701250000000000000e+02 1.773079999999999994e-47
7.702500000000000000e+02 1.773739999999999997e-47
7.703750000000000000e+02 1.774439999999999970e-47
7.705000000000000000e+02 1.775230000000000120e-47
7.706250000000000000e+02 1.776050000000000005e-47
7.707500000000000000e+02 1.776869999999999891e-47
7.708750000000000000e+02 1.777690000000000019e-47
7.710000000000000000e+02 1.778539999999999882e-47
7.711250000000000000e+02 1.779409999999999974e-47
7.712500000000000000e+02 1.780320000000000036e-47
7.713750000000000000e+02 1.781270000000000069e-47
7.715000000000000000e+02 1.782109999999999939e-47
7.716250000000000000e+02 1.783069999999999965e-47
7.717500000000000000e+02 1.784079999999999954e-47
7.718750000000000000e+02 1.785099999999999936e-47
7.720000000000000000e+02 1.785839999999999879e-47
7.721250000000000000e+02 1.786709999999999971e-47
7.722500000000000000e+02 1.787930000000000049e-47
7.723750000000000000e+02 1.788890000000000075e-47
7.725000000000000000e+02 1.790300000000000014e-47
7.726250000000000000e+02 1.791739999999999931e-47
7.727500000000000000e+02 1.792779999999999898e-47
7.728750000000000000e+02 1.793759999999999909e-47
7.730000000000000000e+02 1.795449999999999886e-47
7.731250000000000000e+02 1.797250000000000025e-47
7.732500000000000000e+02 1.798520000000000066e-47
7.733750000000000000e+02 1.800220000000000036e-47
7.735000000000000000e+02 1.801880000000000034e-47
7.736250000000000000e+02 1.803230000000000017e-47
7.737500000000000000e+02 1.805019999999999921e-47
7.738750000000000000e+02 1.806460000000000081e-47
7.740000000000000000e+02 1.807800000000000071e-47
7.741250000000000000e+02 1.809029999999999899e-47
7.742500000000000000e+02 1.810400000000000110e-47
7.743750000000000000e+02 1.812339999999999904e-47
7.745000000000000000e+02 1.814090000000000080e-47
7.746250000000000000e+02 1.815770000000000064e-47
7.747500000000000000e+02 1.818020000000000116e-47
7.748750000000000000e+02 1.820209999999999970e-47
7.750000000000000000e+02 1.823680000000000100e-47
7.751250000000000000e+02 1.826509999999999971e-47
7.752500000000000000e+02 1.829650000000000100e-47
7.753750000000000000e+02 1.833819999999999961e-47
7.755000000000000000e+02 1.838219999999999896e-47
7.756250000000000000e+02 1.843000000000000039e-47
7.757500000000000000e+02 1.848310000000000037e-47
7.758750000000000000e+02 1.853180000000000114e-47
7.760000000000000000e+02 1.859950000000000013e-47
7.761250000000000000e+02 1.867429999999999879e-47
7.762500000000000000e+02 1.876750000000000097e-47
7.763750000000000000e+02 1.888150000000000007e-47
7.765000000000000000e+02 1.901909999999999888e-47
7.766250000000000000e+02 1.918149999999999897e-47
7.767500000000000000e+02 1.935830000000000065e-47
7.768750000000000000e+02 1.960509999999999965e-47
7.770000000000000000e+02 1.999470000000000094e-47
7.771250000000000000e+02 2.052300000000000024e-47
7.772500000000000000e+02 2.126860000000000071e-47
7.773750000000000000e+02 2.237180000000000162e-47
7.775000000000000000e+02 2.402409999999999874e-47
7.776250000000000000e+02 2.702670000000000040e-47
7.777500000000000000e+02 3.274230000000000207e-47
7.778750000000000000e+02 4.551379999999999784e-47
7.780000000000000000e+02 7.902180000000000023e-47
7.781250000000000000e+02 2.418099999999999994e-46
7.782500000000000000e+02 2.578829999999999989e-46
7.783750000000000000e+02 9.572340000000000094e-47
7.785000000000000000e+02 4.871860000000000201e-47
7.786250000000000000e+02 3.432190000000000142e-47
7.787500000000000000e+02 2.767340000000000043e-47
7.788750000000000000e+02 2.443569999999999849e-47
7.790000000000000000e+02 2.253029999999999970e-47
7.791250000000000000e+02 2.133279999999999984e-47
7.792500000000000000e+02 2.059089999999999909e-47
7.793750000000000000e+02 2.015549999999999977e-47
7.795000000000000000e+02 1.979670000000000021e-47
7.796250000000000000e+02 1.948140000000000037e-47
7.797500000000000000e+02 1.928260000000000023e-47
7.798750000000000000e+02 1.912690000000000009e-47
7.800000000000000000e+02 1.899129999999999981e-47
7.801250000000000000e+02 1.890810000000000002e-47
7.802500000000000000e+02 1.883319999999999901e-47
7.803750000000000000e+02 1.876049999999999881e-47
7.805000000000000000e+02 1.868770000000000112e-47
7.806250000000000000e+02 1.863649999999999975e-47
7.807500000000000000e+02 1.859389999999999938e-47
7.808750000000000000e+02 1.855910000000000057e-47
7.810000000000000000e+02 1.851660000000000012e-47
7.811250000000000000e+02 1.848809999999999913e-47
7.812500000000000000e+02 1.846610000000000067e-47
7.813750000000000000e+02 1.844399999999999985e-47
7.815000000000000000e+02 1.842720000000000001e-47
7.816250000000000000e+02 1.841079999999999988e-47
7.817500000000000000e+02 1.839070000000000002e-47
7.818750000000000000e+02 1.837859999999999917e-47
7.820000000000000000e+02 1.837290000000000092e-47
7.821250000000000000e+02 1.836670000000000060e-47
7.822500000000000000e+02 1.835610000000000108e-47
7.823750000000000000e+02 1.834940000000000112e-47
7.825000000000000000e+02 1.834219999999999911e-47
7.826250000000000000e+02 1.833270000000000121e-47
7.827500000000000000e+02 1.832249999999999896e-47
7.828750000000000000e+02 1.831449999999999996e-47
7.830000000000000000e+02 1.830519999999999949e-47
7.831250000000000000e+02 1.828899999999999921e-47
7.832500000000000000e+02 1.828239999999999918e-47
7.833750000000000000e+02 1.827360000000000077e-47
7.835000000000000000e+02 1.826770000000000023e-47
7.836250000000000000e+02 1.825790000000000012e-47
7.837500000000000000e+02 1.825219999999999944e-47
7.838750000000000000e+02 1.824990000000000113e-47
7.840000000000000000e+02 1.824599999999999912e-47
7.841250000000000000e+02 1.824189999999999970e-47
7.842500000000000000e+02 1.823539999999999960e-47
7.843750000000000000e+02 1.823259999999999922e-47
7.845000000000000000e+02 1.822879999999999957e-47
7.846250000000000000e+02 1.822680000000000104e-47
7.847500000000000000e+02 1.822299999999999896e-47
7.848750000000000000e+02 1.821989999999999880e-47
7.850000000000000000e+02 1.822209999999999962e-47
7.851250000000000000e+02 1.822360000000000095e-47
7.852500000000000000e+02 1.822340000000000110e-47
7.853750000000000000e+02 1.822140000000000014e-47
7.855000000000000000e+02 1.822050000000000080e-47
7.856250000000000000e+02 1.821780000000000034e-47
7.857500000000000000e+02 1.821800000000000020e-47
7.858750000000000000e+02 1.821839999999999990e-47
7.860000000000000000e+02 1.822050000000000080e-47
7.861250000000000000e+02 1.822239999999999940e-47
7.862500000000000000e+02 1.822259999999999926e-47
7.863750000000000000e+02 1.822159999999999999e-47
7.865000000000000000e+02 1.822110000000000036e-47
7.866250000000000000e+02 1.822209999999999962e-47
7.867500000000000000e+02 1.822199999999999970e-47
7.868750000000000000e+02 1.822199999999999970e-47
7.870000000000000000e+02 1.822209999999999962e-47
7.871250000000000000e+02 1.822229999999999948e-47
7.872500000000000000e+02 1.822199999999999970e-47
7.873750000000000000e+02 1.822199999999999970e-47
7.875000000000000000e+02 1.822279999999999911e-47
7.876250000000000000e+02 1.822309999999999889e-47
7.877500000000000000e+02 1.822450000000000029e-47
7.878750000000000000e+02 1.822569999999999942e-47
7.880000000000000000e+02 1.822700000000000089e-47
7.881250000000000000e+02 1.822839999999999987e-47
7.882500000000000000e+02 1.822990000000000120e-47
7.883750000000000000e+02 1.823159999999999995e-47
7.885000000000000000e+02 1.823299999999999893e-47
7.886250000000000000e+02 1.823420000000000048e-47
7.887500000000000000e+02 1.823549999999999952e-47
7.888750000000000000e+02 1.823690000000000093e-47
7.890000000000000000e+02 1.823849999999999976e-47
7.891250000000000000e+02 1.824010000000000102e-47
7.892500000000000000e+02 1.824179999999999977e-47
7.893750000000000000e+02 1.824360000000000088e-47
7.895000000000000000e+02 1.824609999999999905e-47
7.896250000000000000e+02 1.824869999999999957e-47
7.897500000000000000e+02 1.825120000000000017e-47
7.898750000000000000e+02 1.825360000000000084e-47
7.900000000000000000e+02 1.825599999999999909e-47
7.901250000000000000e+02 1.825839999999999976e-47
7.902500000000000000e+02 1.826080000000000043e-47
7.903750000000000000e+02 1.826330000000000103e-47
7.905000000000000000e+02 1.826589999999999912e-47
7.906250000000000000e+02 1.826849999999999965e-47
7.907500000000000000e+02 1.827120000000000010e-47
7.908750000000000000e+02 1.827390000000000055e-47
7.910000000000000000e+02 1.827660000000000100e-47
7.911250000000000000e+02 1.827929999999999902e-47
7.912500000000000000e+02 1.828199999999999948e-47
7.913750000000000000e+02 1.828539999999999941e-47
7.915000000000000000e+02 1.828839999999999965e-47
7.916250000000000000e+02 1.829129999999999995e-47
7.917500000000000000e+02 1.829430000000000018e-47
7.918750000000000000e+02 1.829730000000000042e-47
7.920000000000000000e+02 1.830040000000000057e-47
7.921250000000000000e+02 1.830340000000000081e-47
7.922500000000000000e+02 1.830650000000000097e-47
7.923750000000000000e+02 1.830960000000000112e-47
7.925000000000000000e+02 1.831269999999999885e-47
7.926250000000000000e+02 1.831579999999999901e-47
7.927500000000000000e+02 1.831899999999999910e-47
7.928750000000000000e+02 1.832199999999999933e-47
7.930000000000000000e+02 1.832509999999999949e-47
7.931250000000000000e+02 1.832819999999999965e-47
7.932500000000000000e+02 1.833129999999999981e-47
7.933750000000000000e+02 1.833439999999999996e-47
7.935000000000000000e+02 1.833740000000000020e-47
7.936250000000000000e+02 1.834030000000000050e-47
7.937500000000000000e+02 1.834330000000000073e-47
7.938750000000000000e+02 1.834589999999999883e-47
7.940000000000000000e+02 1.834859999999999928e-47
7.941250000000000000e+02 1.835129999999999973e-47
7.942500000000000000e+02 1.835410000000000011e-47
7.943750000000000000e+02 1.835680000000000056e-47
7.945000000000000000e+02 1.835960000000000094e-47
7.946250000000000000e+02 1.836239999999999889e-47
7.947500000000000000e+02 1.836519999999999927e-47
7.948750000000000000e+02 1.836809999999999957e-47
7.950000000000000000e+02 1.837089999999999995e-47
7.951250000000000000e+02 1.837380000000000026e-47
7.952500000000000000e+02 1.837670000000000056e-47
7.953750000000000000e+02 1.837970000000000079e-47
7.955000000000000000e+02 1.838280000000000095e-47
7.956250000000000000e+02 1.838610000000000097e-47
7.957500000000000000e+02 1.838940000000000098e-47
7.958750000000000000e+02 1.839280000000000092e-47
7.960000000000000000e+02 1.839610000000000093e-47
7.961250000000000000e+02 1.839950000000000087e-47
7.962500000000000000e+02 1.840310000000000066e-47
7.963750000000000000e+02 1.840680000000000038e-47
7.965000000000000000e+02 1.841060000000000002e-47
7.966250000000000000e+02 1.841390000000000004e-47
7.967500000000000000e+02 1.841710000000000012e-47
7.968750000000000000e+02 1.842010000000000035e-47
7.970000000000000000e+02 1.842320000000000051e-47
7.971250000000000000e+02 1.842620000000000075e-47
7.972500000000000000e+02 1.842940000000000083e-47
7.973750000000000000e+02 1.843240000000000106e-47
7.975000000000000000e+02 1.843549999999999879e-47
7.976250000000000000e+02 1.843859999999999895e-47
7.977500000000000000e+02 1.844169999999999911e-47
7.978750000000000000e+02 1.844499999999999912e-47
7.980000000000000000e+02 1.844819999999999921e-47
7.981250000000000000e+02 1.845139999999999929e-47
7.982500000000000000e+02 1.845459999999999938e-47
7.983750000000000000e+02 1.845779999999999946e-47
7.985000000000000000e+02 1.847189999999999885e-47
7.986250000000000000e+02 1.846409999999999971e-47
7.987500000000000000e+02 1.846729999999999979e-47
7.988750000000000000e+02 1.847059999999999980e-47
7.990000000000000000e+02 1.847379999999999989e-47
7.991250000000000000e+02 1.847699999999999998e-47
7.992500000000000000e+02 1.848020000000000006e-47
7.993750000000000000e+02 1.848350000000000007e-47
7.995000000000000000e+02 1.848670000000000016e-47
7.996250000000000000e+02 1.849000000000000017e-47
7.997500000000000000e+02 1.849330000000000018e-47
7.998750000000000000e+02 1.849650000000000027e-47
8.000000000000000000e+02 1.849980000000000028e-47
8.001250000000000000e+02 1.850310000000000029e-47
8.002500000000000000e+02 1.850640000000000030e-47
8.003750000000000000e+02 1.850970000000000032e-47
8.005000000000000000e+02 1.851300000000000033e-47
8.006250000000000000e+02 1.851650000000000019e-47
8.007500000000000000e+02 1.852019999999999991e-47
8.008750000000000000e+02 1.852580000000000067e-47
8.010000000000000000e+02 1.852950000000000039e-47
8.011250000000000000e+02 1.853119999999999914e-47
8.012500000000000000e+02 1.853489999999999886e-47
8.013750000000000000e+02 1.853860000000000101e-47
8.015000000000000000e+02 1.854230000000000073e-47
8.016250000000000000e+02 1.854600000000000045e-47
8.017500000000000000e+02 1.854970000000000017e-47
8.018750000000000000e+02 1.855339999999999989e-47
8.020000000000000000e+02 1.855709999999999961e-47
8.021250000000000000e+02 1.856089999999999925e-47
8.022500000000000000e+02 1.856439999999999912e-47
8.023750000000000000e+02 1.856799999999999891e-47
8.025000000000000000e+02 1.857160000000000113e-47
8.026250000000000000e+02 1.857520000000000093e-47
8.027500000000000000e+02 1.857880000000000072e-47
8.028750000000000000e+02 1.858240000000000051e-47
8.030000000000000000e+02 1.858600000000000030e-47
8.031250000000000000e+02 1.858960000000000010e-47
8.032500000000000000e+02 1.859319999999999989e-47
8.033750000000000000e+02 1.859679999999999968e-47
8.035000000000000000e+02 1.860039999999999947e-47
8.036250000000000000e+02 1.860399999999999927e-47
8.037500000000000000e+02 1.860759999999999906e-47
8.038750000000000000e+02 1.861130000000000121e-47
8.040000000000000000e+02 1.861490000000000100e-47
8.041250000000000000e+02 1.861850000000000079e-47
8.042500000000000000e+02 1.862220000000000051e-47
8.043750000000000000e+02 1.862580000000000030e-47
8.045000000000000000e+02 1.862950000000000002e-47
8.046250000000000000e+02 1.863309999999999982e-47
8.047500000000000000e+02 1.863679999999999953e-47
8.048750000000000000e+02 1.864039999999999933e-47
8.050000000000000000e+02 1.864409999999999905e-47
8.051250000000000000e+02 1.864780000000000120e-47
8.052500000000000000e+02 1.865150000000000091e-47
8.053750000000000000e+02 1.865520000000000063e-47
8.055000000000000000e+02 1.865890000000000035e-47
8.056250000000000000e+02 1.866580000000000016e-47
8.057500000000000000e+02 1.866639999999999972e-47
8.058750000000000000e+02 1.867009999999999944e-47
8.060000000000000000e+02 1.867379999999999916e-47
8.061250000000000000e+02 1.867749999999999887e-47
8.062500000000000000e+02 1.868130000000000095e-47
8.063750000000000000e+02 1.868490000000000074e-47
8.065000000000000000e+02 1.868850000000000054e-47
8.066250000000000000e+02 1.869210000000000033e-47
8.067500000000000000e+02 1.869570000000000012e-47
8.068750000000000000e+02 1.869929999999999991e-47
8.070000000000000000e+02 1.870289999999999970e-47
8.071250000000000000e+02 1.870649999999999950e-47
8.072500000000000000e+02 1.871009999999999929e-47
8.073750000000000000e+02 1.871389999999999894e-47
8.075000000000000000e+02 1.871739999999999880e-47
8.076250000000000000e+02 1.872059999999999889e-47
8.077500000000000000e+02 1.872470000000000074e-47
8.078750000000000000e+02 1.872740000000000119e-47
8.080000000000000000e+02 1.873090000000000106e-47
8.081250000000000000e+02 1.873450000000000085e-47
8.082500000000000000e+02 1.873790000000000079e-47
8.083750000000000000e+02 1.874140000000000066e-47
8.085000000000000000e+02 1.874510000000000038e-47
8.086250000000000000e+02 1.874870000000000017e-47
8.087500000000000000e+02 1.875229999999999996e-47
8.088750000000000000e+02 1.875589999999999975e-47
8.090000000000000000e+02 1.876039999999999889e-47
8.091250000000000000e+02 1.876420000000000096e-47
8.092500000000000000e+02 1.876669999999999913e-47
8.093750000000000000e+02 1.877039999999999885e-47
8.095000000000000000e+02 1.877430000000000085e-47
8.096250000000000000e+02 1.877820000000000042e-47
8.097500000000000000e+02 1.878210000000000000e-47
8.098750000000000000e+02 1.878599999999999957e-47
8.100000000000000000e+02 1.878989999999999914e-47
8.101250000000000000e+02 1.879380000000000115e-47
8.102500000000000000e+02 1.879750000000000086e-47
8.103750000000000000e+02 1.880100000000000073e-47
8.105000000000000000e+02 1.880460000000000052e-47
8.106250000000000000e+02 1.880810000000000039e-47
8.107500000000000000e+02 1.881170000000000018e-47
8.108750000000000000e+02 1.881549999999999983e-47
8.110000000000000000e+02 1.881929999999999947e-47
8.111250000000000000e+02 1.882309999999999912e-47
8.112500000000000000e+02 1.882710000000000105e-47
8.113750000000000000e+02 1.883170000000000011e-47
8.115000000000000000e+02 1.883569999999999961e-47
8.116250000000000000e+02 1.883949999999999925e-47
8.117500000000000000e+02 1.884319999999999897e-47
8.118750000000000000e+02 1.884700000000000105e-47
8.120000000000000000e+02 1.885080000000000069e-47
8.121250000000000000e+02 1.885460000000000034e-47
8.122500000000000000e+02 1.885859999999999984e-47
8.123750000000000000e+02 1.886350000000000111e-47
8.125000000000000000e+02 1.886859999999999980e-47
8.126250000000000000e+02 1.887360000000000100e-47
8.127500000000000000e+02 1.887849999999999984e-47
8.128750000000000000e+02 1.888239999999999941e-47
8.130000000000000000e+02 1.888619999999999906e-47
8.131250000000000000e+02 1.889010000000000106e-47
8.132500000000000000e+02 1.889400000000000063e-47
8.133750000000000000e+02 1.889790000000000020e-47
8.135000000000000000e+02 1.890179999999999978e-47
8.136250000000000000e+02 1.890599999999999913e-47
8.137500000000000000e+02 1.891020000000000091e-47
8.138750000000000000e+02 1.891440000000000027e-47
8.140000000000000000e+02 1.891829999999999984e-47
8.141250000000000000e+02 1.892229999999999934e-47
8.142500000000000000e+02 1.892629999999999884e-47
8.143750000000000000e+02 1.893030000000000077e-47
8.145000000000000000e+02 1.893430000000000026e-47
8.146250000000000000e+02 1.893829999999999976e-47
8.147500000000000000e+02 1.894219999999999934e-47
8.148750000000000000e+02 1.894619999999999884e-47
8.150000000000000000e+02 1.895020000000000077e-47
8.151250000000000000e+02 1.895420000000000026e-47
8.152500000000000000e+02 1.895819999999999976e-47
8.153750000000000000e+02 1.896229999999999919e-47
8.155000000000000000e+02 1.896650000000000097e-47
8.156250000000000000e+02 1.897070000000000033e-47
8.157500000000000000e+02 1.897479999999999975e-47
8.158750000000000000e+02 1.897939999999999881e-47
8.160000000000000000e+02 1.898390000000000037e-47
8.161250000000000000e+02 1.898879999999999921e-47
8.162500000000000000e+02 1.899390000000000034e-47
8.163750000000000000e+02 1.899899999999999903e-47
8.165000000000000000e+02 1.900400000000000023e-47
8.166250000000000000e+02 1.900909999999999892e-47
8.167500000000000000e+02 1.901829999999999947e-47
8.168750000000000000e+02 1.903400000000000012e-47
8.170000000000000000e+02 1.903769999999999984e-47
8.171250000000000000e+02 1.903169999999999937e-47
8.172500000000000000e+02 1.903050000000000025e-47
8.173750000000000000e+02 1.903390000000000019e-47
8.175000000000000000e+02 1.903700000000000035e-47
8.176250000000000000e+02 1.904030000000000036e-47
8.177500000000000000e+02 1.904390000000000015e-47
8.178750000000000000e+02 1.905549999999999894e-47
8.180000000000000000e+02 1.905340000000000048e-47
8.181250000000000000e+02 1.905859999999999910e-47
8.182500000000000000e+02 1.906380000000000015e-47
8.183750000000000000e+02 1.906900000000000120e-47
8.185000000000000000e+02 1.907360000000000026e-47
8.186250000000000000e+02 1.907879999999999888e-47
8.187500000000000000e+02 1.908399999999999993e-47
8.188750000000000000e+02 1.908910000000000106e-47
8.190000000000000000e+02 1.909280000000000078e-47
8.191250000000000000e+02 1.909749999999999976e-47
8.192500000000000000e+02 1.910260000000000089e-47
8.193750000000000000e+02 1.910779999999999951e-47
8.195000000000000000e+02 1.911220000000000114e-47
8.196250000000000000e+02 1.911590000000000086e-47
8.197500000000000000e+02 1.911960000000000058e-47
8.198750000000000000e+02 1.912330000000000030e-47
8.200000000000000000e+02 1.912700000000000002e-47
8.201250000000000000e+02 1.913109999999999945e-47
8.202500000000000000e+02 1.913439999999999946e-47
8.203750000000000000e+02 1.913819999999999910e-47
8.205000000000000000e+02 1.914189999999999882e-47
8.206250000000000000e+02 1.914580000000000083e-47
8.207500000000000000e+02 1.914990000000000025e-47
8.208750000000000000e+02 1.915310000000000034e-47
8.210000000000000000e+02 1.915689999999999998e-47
8.211250000000000000e+02 1.916129999999999919e-47
8.212500000000000000e+02 1.916560000000000090e-47
8.213750000000000000e+02 1.917000000000000010e-47
8.215000000000000000e+02 1.917429999999999938e-47
8.216250000000000000e+02 1.917890000000000087e-47
8.217500000000000000e+02 1.918290000000000037e-47
8.218750000000000000e+02 1.918699999999999980e-47
8.220000000000000000e+02 1.919169999999999879e-47
8.221250000000000000e+02 1.919669999999999998e-47
8.222500000000000000e+02 1.920089999999999933e-47
8.223750000000000000e+02 1.920449999999999913e-47
8.225000000000000000e+02 1.920850000000000106e-47
8.226250000000000000e+02 1.921260000000000048e-47
8.227500000000000000e+02 1.921590000000000050e-47
8.228750000000000000e+02 1.921930000000000043e-47
8.230000000000000000e+02 1.922349999999999979e-47
8.231250000000000000e+02 1.922820000000000120e-47
8.232500000000000000e+02 1.923290000000000019e-47
8.233750000000000000e+02 1.923789999999999896e-47
8.235000000000000000e+02 1.924290000000000015e-47
8.236250000000000000e+02 1.924799999999999885e-47
8.237500000000000000e+02 1.925300000000000004e-47
8.238750000000000000e+02 1.925799999999999881e-47
8.240000000000000000e+02 1.926309999999999993e-47
8.241250000000000000e+02 1.926810000000000113e-47
8.242500000000000000e+02 1.927309999999999990e-47
8.243750000000000000e+02 1.927820000000000102e-47
8.245000000000000000e+02 1.928319999999999979e-47
8.246250000000000000e+02 1.929049999999999930e-47
8.247500000000000000e+02 1.929329999999999968e-47
8.248750000000000000e+02 1.929649999999999976e-47
8.250000000000000000e+02 1.929949999999999999e-47
8.251250000000000000e+02 1.930270000000000008e-47
8.252500000000000000e+02 1.930709999999999929e-47
8.253750000000000000e+02 1.931120000000000114e-47
8.255000000000000000e+02 1.931500000000000079e-47
8.256250000000000000e+02 1.931890000000000036e-47
8.257500000000000000e+02 1.932279999999999993e-47
8.258750000000000000e+02 1.932749999999999892e-47
8.260000000000000000e+02 1.933220000000000034e-47
8.261250000000000000e+02 1.933649999999999961e-47
8.262500000000000000e+02 1.934160000000000074e-47
8.263750000000000000e+02 1.934580000000000009e-47
8.265000000000000000e+02 1.935059999999999900e-47
8.266250000000000000e+02 1.935349999999999931e-47
8.267500000000000000e+02 1.935709999999999910e-47
8.268750000000000000e+02 1.936069999999999889e-47
8.270000000000000000e+02 1.936420000000000119e-47
8.271250000000000000e+02 1.936780000000000098e-47
8.272500000000000000e+02 1.937140000000000077e-47
8.273750000000000000e+02 1.937999999999999933e-47
8.275000000000000000e+02 1.937850000000000043e-47
8.276250000000000000e+02 1.938210000000000023e-47
8.277500000000000000e+02 1.938570000000000002e-47
8.278750000000000000e+02 1.938929999999999981e-47
8.280000000000000000e+02 1.939289999999999960e-47
8.281250000000000000e+02 1.939639999999999947e-47
8.282500000000000000e+02 1.939969999999999948e-47
8.283750000000000000e+02 1.940299999999999949e-47
8.285000000000000000e+02 1.940659999999999928e-47
8.286250000000000000e+02 1.941029999999999900e-47
8.287500000000000000e+02 1.941410000000000108e-47
8.288750000000000000e+02 1.941810000000000058e-47
8.290000000000000000e+02 1.942229999999999993e-47
8.291250000000000000e+02 1.942659999999999921e-47
8.292500000000000000e+02 1.943039999999999886e-47
8.293750000000000000e+02 1.943379999999999880e-47
8.295000000000000000e+02 1.943709999999999881e-47
8.296250000000000000e+02 1.944120000000000066e-47
8.297500000000000000e+02 1.944549999999999994e-47
8.298750000000000000e+02 1.944989999999999915e-47
8.300000000000000000e+02 1.945430000000000079e-47
8.301250000000000000e+02 1.945869999999999999e-47
8.302500000000000000e+02 1.946319999999999913e-47
8.303750000000000000e+02 1.946790000000000054e-47
8.305000000000000000e+02 1.947289999999999931e-47
8.306250000000000000e+02 1.947800000000000043e-47
8.307500000000000000e+02 1.948309999999999912e-47
8.308750000000000000e+02 1.948810000000000032e-47
8.310000000000000000e+02 1.949239999999999960e-47
8.311250000000000000e+02 1.949649999999999903e-47
8.312500000000000000e+02 1.950060000000000088e-47
8.313750000000000000e+02 1.950470000000000031e-47
8.315000000000000000e+02 1.950879999999999974e-47
8.316250000000000000e+02 1.951309999999999901e-47
8.317500000000000000e+02 1.951780000000000043e-47
8.318750000000000000e+02 1.952269999999999927e-47
8.320000000000000000e+02 1.952710000000000091e-47
8.321250000000000000e+02 1.953189999999999982e-47
8.322500000000000000e+02 1.953609999999999917e-47
8.323750000000000000e+02 1.954040000000000088e-47
8.325000000000000000e+02 1.955919999999999926e-47
8.326250000000000000e+02 1.955110000000000033e-47
8.327500000000000000e+02 1.955629999999999895e-47
8.328750000000000000e+02 1.956130000000000015e-47
8.330000000000000000e+02 1.956629999999999892e-47
8.331250000000000000e+02 1.957120000000000019e-47
8.332500000000000000e+02 1.957619999999999895e-47
8.333750000000000000e+02 1.958110000000000022e-47
8.335000000000000000e+02 1.958609999999999899e-47
8.336250000000000000e+02 1.959139999999999997e-47
8.337500000000000000e+02 1.959680000000000087e-47
8.338750000000000000e+02 1.960209999999999942e-47
8.340000000000000000e+02 1.960660000000000098e-47
8.341250000000000000e+02 1.961110000000000011e-47
8.342500000000000000e+02 1.961579999999999910e-47
8.343750000000000000e+02 1.962070000000000037e-47
8.345000000000000000e+02 1.962650000000000098e-47
8.346250000000000000e+02 1.963229999999999916e-47
8.347500000000000000e+02 1.963819999999999970e-47
8.348750000000000000e+02 1.964320000000000090e-47
8.350000000000000000e+02 1.964750000000000017e-47
8.351250000000000000e+02 1.965360000000000057e-47
8.352500000000000000e+02 1.965970000000000096e-47
8.353750000000000000e+02 1.966589999999999884e-47
8.355000000000000000e+02 1.967179999999999938e-47
8.356250000000000000e+02 1.967680000000000058e-47
8.357500000000000000e+02 1.968380000000000031e-47
8.358750000000000000e+02 1.969089999999999997e-47
8.360000000000000000e+02 1.969799999999999962e-47
8.361250000000000000e+02 1.970730000000000010e-47
8.362500000000000000e+02 1.971439999999999976e-47
8.363750000000000000e+02 1.972070000000000000e-47
8.365000000000000000e+02 1.972910000000000114e-47
8.366250000000000000e+02 1.973380000000000012e-47
8.367500000000000000e+02 1.974330000000000045e-47
8.368750000000000000e+02 1.974910000000000107e-47
8.370000000000000000e+02 1.975739999999999984e-47
8.371250000000000000e+02 1.976859999999999893e-47
8.372500000000000000e+02 1.978020000000000015e-47
8.373750000000000000e+02 1.979059999999999982e-47
8.375000000000000000e+02 1.980240000000000089e-47
8.376250000000000000e+02 1.981839999999999889e-47
8.377500000000000000e+02 1.983630000000000036e-47
8.378750000000000000e+02 1.985180000000000115e-47
8.380000000000000000e+02 1.987180000000000108e-47
8.381250000000000000e+02 1.990250000000000045e-47
8.382500000000000000e+02 1.992419999999999913e-47
8.383750000000000000e+02 1.995610000000000006e-47
8.385000000000000000e+02 1.998419999999999891e-47
8.386250000000000000e+02 2.000989999999999952e-47
8.387500000000000000e+02 2.003659999999999940e-47
8.388750000000000000e+02 2.005840000000000044e-47
8.390000000000000000e+02 2.008720000000000121e-47
8.391250000000000000e+02 2.013669999999999896e-47
8.392500000000000000e+02 2.020279999999999913e-47
8.393750000000000000e+02 2.028440000000000010e-47
8.395000000000000000e+02 2.037300000000000079e-47
8.396250000000000000e+02 2.046179999999999891e-47
8.397500000000000000e+02 2.057769999999999904e-47
8.398750000000000000e+02 2.076579999999999974e-47
8.400000000000000000e+02 2.103179999999999925e-47
8.401250000000000000e+02 2.133619999999999978e-47
8.402500000000000000e+02 2.197239999999999779e-47
8.403750000000000000e+02 2.330680000000000183e-47
8.405000000000000000e+02 2.759619999999999867e-47
8.406250000000000000e+02 4.499109999999999929e-47
8.407500000000000000e+02 2.159789999999999855e-46
8.408750000000000000e+02 8.316750000000000273e-47
8.410000000000000000e+02 3.292520000000000171e-47
8.411250000000000000e+02 2.555769999999999777e-47
8.412500000000000000e+02 2.252299999999999776e-47
8.413750000000000000e+02 2.166789999999999976e-47
8.415000000000000000e+02 2.122830000000000108e-47
8.416250000000000000e+02 2.091970000000000119e-47
8.417500000000000000e+02 2.070719999999999893e-47
8.418750000000000000e+02 2.054180000000000105e-47
8.420000000000000000e+02 2.045690000000000007e-47
8.421250000000000000e+02 2.040759999999999974e-47
8.422500000000000000e+02 2.033829999999999949e-47
8.423750000000000000e+02 2.026750000000000033e-47
8.425000000000000000e+02 2.022800000000000011e-47
8.426250000000000000e+02 2.020050000000000082e-47
8.427500000000000000e+02 2.016750000000000070e-47
8.428750000000000000e+02 2.014060000000000096e-47
8.430000000000000000e+02 2.012190000000000009e-47
8.431250000000000000e+02 2.011120000000000064e-47
8.432500000000000000e+02 2.009750000000000095e-47
8.433750000000000000e+02 2.008420000000000098e-47
8.435000000000000000e+02 2.006820000000000055e-47
8.436250000000000000e+02 2.005430000000000101e-47
8.437500000000000000e+02 2.003989999999999941e-47
8.438750000000000000e+02 2.003249999999999998e-47
8.440000000000000000e+02 2.002750000000000121e-47
8.441250000000000000e+02 2.002520000000000046e-47
8.442500000000000000e+02 2.002490000000000068e-47
8.443750000000000000e+02 2.002349999999999928e-47
8.445000000000000000e+02 2.001929999999999993e-47
8.446250000000000000e+02 2.001580000000000006e-47
8.447500000000000000e+02 2.001440000000000109e-47
8.448750000000000000e+02 2.001500000000000065e-47
8.450000000000000000e+02 2.001639999999999962e-47
8.451250000000000000e+02 2.001820000000000073e-47
8.452500000000000000e+02 2.001830000000000066e-47
8.453750000000000000e+02 2.002069999999999890e-47
8.455000000000000000e+02 2.002319999999999950e-47
8.456250000000000000e+02 2.002560000000000017e-47
8.457500000000000000e+02 2.002780000000000099e-47
8.458750000000000000e+02 2.003049999999999901e-47
8.460000000000000000e+02 2.003359999999999917e-47
8.461250000000000000e+02 2.003639999999999955e-47
8.462500000000000000e+02 2.003939999999999978e-47
8.463750000000000000e+02 2.004259999999999987e-47
8.465000000000000000e+02 2.004589999999999988e-47
8.466250000000000000e+02 2.004870000000000026e-47
8.467500000000000000e+02 2.005150000000000064e-47
8.468750000000000000e+02 2.005500000000000050e-47
8.470000000000000000e+02 2.005860000000000029e-47
8.471250000000000000e+02 2.006230000000000001e-47
8.472500000000000000e+02 2.006430000000000098e-47
8.473750000000000000e+02 2.006760000000000099e-47
8.475000000000000000e+02 2.007130000000000071e-47
8.476250000000000000e+02 2.007550000000000006e-47
8.477500000000000000e+02 2.007840000000000037e-47
8.478750000000000000e+02 2.008259999999999972e-47
8.480000000000000000e+02 2.008559999999999995e-47
8.481250000000000000e+02 2.008840000000000033e-47
8.482500000000000000e+02 2.009150000000000049e-47
8.483750000000000000e+02 2.009490000000000043e-47
8.485000000000000000e+02 2.009840000000000029e-47
8.486250000000000000e+02 2.010180000000000023e-47
8.487500000000000000e+02 2.010619999999999944e-47
8.488750000000000000e+02 2.011009999999999901e-47
8.490000000000000000e+02 2.011319999999999917e-47
8.491250000000000000e+02 2.011589999999999962e-47
8.492500000000000000e+02 2.011929999999999956e-47
8.493750000000000000e+02 2.012339999999999899e-47
8.495000000000000000e+02 2.012800000000000048e-47
8.496250000000000000e+02 2.013259999999999954e-47
8.497500000000000000e+02 2.013720000000000103e-47
8.498750000000000000e+02 2.014170000000000016e-47
8.500000000000000000e+02 2.014599999999999944e-47
8.501250000000000000e+02 2.015070000000000085e-47
8.502500000000000000e+02 2.015589999999999947e-47
8.503750000000000000e+02 2.016040000000000104e-47
8.505000000000000000e+02 2.016510000000000002e-47
8.506250000000000000e+02 2.016989999999999894e-47
8.507500000000000000e+02 2.017460000000000035e-47
8.508750000000000000e+02 2.017939999999999927e-47
8.510000000000000000e+02 2.018410000000000068e-47
8.511250000000000000e+02 2.018889999999999960e-47
8.512500000000000000e+02 2.019370000000000094e-47
8.513750000000000000e+02 2.019849999999999985e-47
8.515000000000000000e+02 2.020330000000000120e-47
8.516250000000000000e+02 2.020810000000000011e-47
8.517500000000000000e+02 2.021249999999999932e-47
8.518750000000000000e+02 2.021730000000000066e-47
8.520000000000000000e+02 2.022219999999999950e-47
8.521250000000000000e+02 2.022700000000000084e-47
8.522500000000000000e+02 2.023189999999999968e-47
8.523750000000000000e+02 2.023589999999999918e-47
8.525000000000000000e+02 2.024070000000000052e-47
8.526250000000000000e+02 2.024559999999999936e-47
8.527500000000000000e+02 2.025040000000000071e-47
8.528750000000000000e+02 2.025509999999999969e-47
8.530000000000000000e+02 2.025879999999999941e-47
8.531250000000000000e+02 2.026159999999999979e-47
8.532500000000000000e+02 2.026559999999999929e-47
8.533750000000000000e+02 2.027060000000000049e-47
8.535000000000000000e+02 2.027549999999999933e-47
8.536250000000000000e+02 2.027980000000000104e-47
8.537500000000000000e+02 2.028400000000000039e-47
8.538750000000000000e+02 2.028819999999999974e-47
8.540000000000000000e+02 2.029249999999999902e-47
8.541250000000000000e+02 2.029780000000000000e-47
8.542500000000000000e+02 2.030390000000000039e-47
8.543750000000000000e+02 2.030839999999999952e-47
8.545000000000000000e+02 2.031179999999999946e-47
8.546250000000000000e+02 2.031489999999999962e-47
8.547500000000000000e+02 2.031809999999999971e-47
8.548750000000000000e+02 2.032109999999999994e-47
8.550000000000000000e+02 2.032400000000000024e-47
8.551250000000000000e+02 2.032690000000000055e-47
8.552500000000000000e+02 2.032980000000000085e-47
8.553750000000000000e+02 2.033280000000000109e-47
8.555000000000000000e+02 2.033569999999999896e-47
8.556250000000000000e+02 2.033899999999999897e-47
8.557500000000000000e+02 2.034489999999999951e-47
8.558750000000000000e+02 2.034980000000000078e-47
8.560000000000000000e+02 2.035549999999999903e-47
8.561250000000000000e+02 2.035879999999999905e-47
8.562500000000000000e+02 2.036219999999999898e-47
8.563750000000000000e+02 2.036569999999999885e-47
8.565000000000000000e+02 2.036990000000000063e-47
8.566250000000000000e+02 2.037439999999999977e-47
8.567500000000000000e+02 2.037889999999999890e-47
8.568750000000000000e+02 2.038340000000000046e-47
8.570000000000000000e+02 2.038789999999999959e-47
8.571250000000000000e+02 2.039250000000000108e-47
8.572500000000000000e+02 2.039700000000000022e-47
8.573750000000000000e+02 2.040099999999999972e-47
8.575000000000000000e+02 2.040429999999999973e-47
8.576250000000000000e+02 2.040729999999999996e-47
8.577500000000000000e+02 2.041079999999999983e-47
8.578750000000000000e+02 2.041419999999999977e-47
8.580000000000000000e+02 2.041720000000000000e-47
8.581250000000000000e+02 2.042010000000000030e-47
8.582500000000000000e+02 2.042310000000000054e-47
8.583750000000000000e+02 2.042610000000000077e-47
8.585000000000000000e+02 2.042900000000000107e-47
8.586250000000000000e+02 2.043199999999999887e-47
8.587500000000000000e+02 2.043489999999999918e-47
8.588750000000000000e+02 2.043789999999999941e-47
8.590000000000000000e+02 2.044079999999999972e-47
8.591250000000000000e+02 2.044379999999999995e-47
8.592500000000000000e+02 2.044719999999999989e-47
8.593750000000000000e+02 2.045020000000000012e-47
8.595000000000000000e+02 2.045409999999999969e-47
8.596250000000000000e+02 2.045859999999999882e-47
8.597500000000000000e+02 2.046320000000000031e-47
8.598750000000000000e+02 2.046779999999999937e-47
8.600000000000000000e+02 2.047179999999999887e-47
8.601250000000000000e+02 2.047600000000000066e-47
8.602500000000000000e+02 2.048109999999999935e-47
8.603750000000000000e+02 2.048620000000000047e-47
8.605000000000000000e+02 2.049079999999999953e-47
8.606250000000000000e+02 2.049540000000000102e-47
8.607500000000000000e+02 2.050000000000000008e-47
8.608750000000000000e+02 2.050449999999999922e-47
8.610000000000000000e+02 2.050900000000000078e-47
8.611250000000000000e+02 2.051300000000000028e-47
8.612500000000000000e+02 2.051640000000000022e-47
8.613750000000000000e+02 2.052039999999999972e-47
8.615000000000000000e+02 2.052500000000000121e-47
8.616250000000000000e+02 2.052960000000000027e-47
8.617500000000000000e+02 2.053419999999999932e-47
8.618750000000000000e+02 2.053880000000000082e-47
8.620000000000000000e+02 2.054339999999999987e-47
8.621250000000000000e+02 2.054799999999999893e-47
8.622500000000000000e+02 2.055260000000000042e-47
8.623750000000000000e+02 2.055709999999999956e-47
8.625000000000000000e+02 2.056160000000000112e-47
8.626250000000000000e+02 2.056610000000000025e-47
8.627500000000000000e+02 2.057139999999999880e-47
8.628750000000000000e+02 2.057449999999999896e-47
8.630000000000000000e+02 2.057820000000000111e-47
8.631250000000000000e+02 2.058210000000000068e-47
8.632500000000000000e+02 2.058649999999999989e-47
8.633750000000000000e+02 2.059099999999999902e-47
8.635000000000000000e+02 2.059550000000000058e-47
8.636250000000000000e+02 2.059999999999999972e-47
8.637500000000000000e+02 2.060449999999999885e-47
8.638750000000000000e+02 2.060940000000000012e-47
8.640000000000000000e+02 2.061439999999999888e-47
8.641250000000000000e+02 2.061950000000000001e-47
8.642500000000000000e+02 2.062379999999999929e-47
8.643750000000000000e+02 2.062810000000000100e-47
8.645000000000000000e+02 2.063240000000000028e-47
8.646250000000000000e+02 2.063669999999999956e-47
8.647500000000000000e+02 2.064110000000000119e-47
8.648750000000000000e+02 2.064550000000000040e-47
8.650000000000000000e+02 2.064989999999999961e-47
8.651250000000000000e+02 2.065419999999999888e-47
8.652500000000000000e+02 2.065870000000000045e-47
8.653750000000000000e+02 2.066329999999999951e-47
8.655000000000000000e+02 2.066790000000000100e-47
8.656250000000000000e+02 2.067250000000000006e-47
8.657500000000000000e+02 2.067709999999999912e-47
8.658750000000000000e+02 2.068170000000000061e-47
8.660000000000000000e+02 2.068629999999999967e-47
8.661250000000000000e+02 2.069090000000000116e-47
8.662500000000000000e+02 2.069550000000000022e-47
8.663750000000000000e+02 2.070049999999999898e-47
8.665000000000000000e+02 2.070629999999999959e-47
8.666250000000000000e+02 2.071200000000000028e-47
8.667500000000000000e+02 2.071999999999999927e-47
8.668750000000000000e+02 2.077919999999999964e-47
8.670000000000000000e+02 2.078229999999999980e-47
8.671250000000000000e+02 2.073430000000000095e-47
8.672500000000000000e+02 2.073899999999999993e-47
8.673750000000000000e+02 2.074369999999999892e-47
8.675000000000000000e+02 2.074180000000000031e-47
8.676250000000000000e+02 2.074639999999999937e-47
8.677500000000000000e+02 2.075110000000000079e-47
8.678750000000000000e+02 2.075569999999999985e-47
8.680000000000000000e+02 2.076029999999999891e-47
8.681250000000000000e+02 2.076500000000000032e-47
8.682500000000000000e+02 2.076979999999999924e-47
8.683750000000000000e+02 2.077470000000000051e-47
8.685000000000000000e+02 2.078299999999999929e-47
8.686250000000000000e+02 2.078370000000000120e-47
8.687500000000000000e+02 2.078820000000000034e-47
8.688750000000000000e+02 2.079279999999999940e-47
8.690000000000000000e+02 2.079740000000000089e-47
8.691250000000000000e+02 2.080209999999999987e-47
8.692500000000000000e+02 2.085720000000000081e-47
8.693750000000000000e+02 2.081140000000000035e-47
8.695000000000000000e+02 2.081599999999999941e-47
8.696250000000000000e+02 2.082070000000000083e-47
8.697500000000000000e+02 2.082579999999999952e-47
8.698750000000000000e+02 2.083219999999999969e-47
8.700000000000000000e+02 2.083730000000000081e-47
8.701250000000000000e+02 2.084209999999999973e-47
8.702500000000000000e+02 2.084700000000000100e-47
8.703750000000000000e+02 2.085179999999999991e-47
8.705000000000000000e+02 2.085659999999999882e-47
8.706250000000000000e+02 2.086150000000000009e-47
8.707500000000000000e+02 2.086629999999999900e-47
8.708750000000000000e+02 2.087120000000000028e-47
8.710000000000000000e+02 2.087599999999999919e-47
8.711250000000000000e+02 2.088080000000000053e-47
8.712500000000000000e+02 2.088569999999999937e-47
8.713750000000000000e+02 2.089219999999999947e-47
8.715000000000000000e+02 2.089859999999999964e-47
8.716250000000000000e+02 2.090440000000000025e-47
8.717500000000000000e+02 2.090909999999999924e-47
8.718750000000000000e+02 2.091390000000000058e-47
8.720000000000000000e+02 2.092169999999999973e-47
8.721250000000000000e+02 2.092340000000000091e-47
8.722500000000000000e+02 2.092809999999999990e-47
8.723750000000000000e+02 2.093289999999999881e-47
8.725000000000000000e+02 2.093770000000000015e-47
8.726250000000000000e+02 2.094239999999999914e-47
8.727500000000000000e+02 2.094720000000000048e-47
8.728750000000000000e+02 2.095350000000000073e-47
8.730000000000000000e+02 2.095680000000000074e-47
8.731250000000000000e+02 2.096149999999999972e-47
8.732500000000000000e+02 2.096630000000000107e-47
8.733750000000000000e+02 2.097109999999999998e-47
8.735000000000000000e+02 2.097589999999999889e-47
8.736250000000000000e+02 2.098020000000000060e-47
8.737500000000000000e+02 2.098420000000000010e-47
8.738750000000000000e+02 2.098829999999999953e-47
8.740000000000000000e+02 2.099239999999999896e-47
8.741250000000000000e+02 2.099650000000000081e-47
8.742500000000000000e+02 2.100060000000000024e-47
8.743750000000000000e+02 2.100469999999999966e-47
8.745000000000000000e+02 2.100879999999999909e-47
8.746250000000000000e+02 2.101280000000000102e-47
8.747500000000000000e+02 2.101690000000000045e-47
8.748750000000000000e+02 2.102099999999999987e-47
8.750000000000000000e+02 2.102509999999999930e-47
8.751250000000000000e+02 2.102920000000000115e-47
8.752500000000000000e+02 2.103340000000000051e-47
8.753750000000000000e+02 2.103759999999999986e-47
8.755000000000000000e+02 2.104219999999999892e-47
8.756250000000000000e+02 2.104690000000000034e-47
8.757500000000000000e+02 2.105179999999999917e-47
8.758750000000000000e+02 2.105680000000000037e-47
8.760000000000000000e+02 2.106169999999999921e-47
8.761250000000000000e+02 2.106660000000000048e-47
8.762500000000000000e+02 2.107149999999999932e-47
8.763750000000000000e+02 2.107640000000000059e-47
8.765000000000000000e+02 2.108139999999999936e-47
8.766250000000000000e+02 2.108630000000000063e-47
8.767500000000000000e+02 2.109119999999999947e-47
8.768750000000000000e+02 2.109610000000000074e-47
8.770000000000000000e+02 2.110020000000000016e-47
8.771250000000000000e+02 2.110409999999999974e-47
8.772500000000000000e+02 2.110799999999999931e-47
8.773750000000000000e+02 2.111230000000000102e-47
8.775000000000000000e+02 2.111670000000000022e-47
8.776250000000000000e+02 2.112069999999999972e-47
8.777500000000000000e+02 2.112459999999999930e-47
8.778750000000000000e+02 2.113139999999999917e-47
8.780000000000000000e+02 2.114459999999999922e-47
8.781250000000000000e+02 2.117799999999999905e-47
8.782500000000000000e+02 2.118260000000000054e-47
8.783750000000000000e+02 2.118669999999999997e-47
8.785000000000000000e+02 2.119079999999999939e-47
8.786250000000000000e+02 2.119489999999999882e-47
8.787500000000000000e+02 2.119799999999999898e-47
8.788750000000000000e+02 2.118580000000000063e-47
8.790000000000000000e+02 2.118870000000000093e-47
8.791250000000000000e+02 2.118200000000000098e-47
8.792500000000000000e+02 2.118389999999999959e-47
8.793750000000000000e+02 2.118870000000000093e-47
8.795000000000000000e+02 2.119339999999999992e-47
8.796250000000000000e+02 2.119819999999999883e-47
8.797500000000000000e+02 2.120300000000000018e-47
8.798750000000000000e+02 2.120759999999999923e-47
8.800000000000000000e+02 2.121210000000000080e-47
8.801250000000000000e+02 2.121659999999999993e-47
8.802500000000000000e+02 2.122099999999999914e-47
8.803750000000000000e+02 2.122099999999999914e-47
8.805000000000000000e+02 2.121339999999999985e-47
8.806250000000000000e+02 2.121689999999999971e-47
8.807500000000000000e+02 2.122029999999999965e-47
8.808750000000000000e+02 2.122379999999999952e-47
8.810000000000000000e+02 2.122850000000000093e-47
8.811250000000000000e+02 2.123329999999999985e-47
8.812500000000000000e+02 2.123820000000000112e-47
8.813750000000000000e+02 2.124300000000000003e-47
8.815000000000000000e+02 2.124779999999999894e-47
8.816250000000000000e+02 2.125270000000000021e-47
8.817500000000000000e+02 2.125749999999999912e-47
8.818750000000000000e+02 2.126240000000000039e-47
8.820000000000000000e+02 2.126719999999999931e-47
8.821250000000000000e+02 2.127210000000000058e-47
8.822500000000000000e+02 2.127639999999999986e-47
8.823750000000000000e+02 2.128130000000000113e-47
8.825000000000000000e+02 2.128610000000000004e-47
8.826250000000000000e+02 2.129089999999999895e-47
8.827500000000000000e+02 2.129580000000000022e-47
8.828750000000000000e+02 2.130059999999999914e-47
8.830000000000000000e+02 2.130490000000000085e-47
8.831250000000000000e+02 2.130949999999999991e-47
8.832500000000000000e+02 2.131409999999999897e-47
8.833750000000000000e+02 2.131900000000000024e-47
8.835000000000000000e+02 2.132389999999999907e-47
8.836250000000000000e+02 2.132860000000000049e-47
8.837500000000000000e+02 2.133339999999999940e-47
8.838750000000000000e+02 2.133840000000000060e-47
8.840000000000000000e+02 2.134339999999999937e-47
8.841250000000000000e+02 2.134679999999999931e-47
8.842500000000000000e+02 2.135110000000000102e-47
8.843750000000000000e+02 2.135520000000000044e-47
8.845000000000000000e+02 2.135939999999999980e-47
8.846250000000000000e+02 2.136349999999999922e-47
8.847500000000000000e+02 2.136770000000000100e-47
8.848750000000000000e+02 2.137180000000000043e-47
8.850000000000000000e+02 2.137599999999999978e-47
8.851250000000000000e+02 2.138019999999999914e-47
8.852500000000000000e+02 2.138430000000000099e-47
8.853750000000000000e+02 2.138850000000000034e-47
8.855000000000000000e+02 2.139269999999999970e-47
8.856250000000000000e+02 2.139679999999999912e-47
8.857500000000000000e+02 2.140100000000000091e-47
8.858750000000000000e+02 2.140520000000000026e-47
8.860000000000000000e+02 2.140929999999999969e-47
8.861250000000000000e+02 2.141349999999999904e-47
8.862500000000000000e+02 2.141770000000000082e-47
8.863750000000000000e+02 2.142180000000000025e-47
8.865000000000000000e+02 2.142599999999999960e-47
8.866250000000000000e+02 2.143019999999999895e-47
8.867500000000000000e+02 2.143430000000000081e-47
8.868750000000000000e+02 2.143850000000000016e-47
8.870000000000000000e+02 2.144269999999999951e-47
8.871250000000000000e+02 2.144699999999999879e-47
8.872500000000000000e+02 2.145140000000000043e-47
8.873750000000000000e+02 2.145579999999999964e-47
8.875000000000000000e+02 2.146019999999999884e-47
8.876250000000000000e+02 2.146450000000000055e-47
8.877500000000000000e+02 2.146889999999999976e-47
8.878750000000000000e+02 2.147329999999999896e-47
8.880000000000000000e+02 2.147770000000000060e-47
8.881250000000000000e+02 2.148199999999999988e-47
8.882500000000000000e+02 2.148619999999999923e-47
8.883750000000000000e+02 2.149040000000000102e-47
8.885000000000000000e+02 2.149460000000000037e-47
8.886250000000000000e+02 2.149939999999999928e-47
8.887500000000000000e+02 2.150450000000000041e-47
8.888750000000000000e+02 2.150959999999999910e-47
8.890000000000000000e+02 2.151470000000000022e-47
8.891250000000000000e+02 2.152249999999999937e-47
8.892500000000000000e+02 2.152499999999999997e-47
8.893750000000000000e+02 2.153010000000000109e-47
8.895000000000000000e+02 2.153519999999999978e-47
8.896250000000000000e+02 2.154030000000000091e-47
8.897500000000000000e+02 2.154549999999999953e-47
8.898750000000000000e+02 2.155060000000000065e-47
8.900000000000000000e+02 2.155569999999999934e-47
8.901250000000000000e+02 2.155929999999999913e-47
8.902500000000000000e+02 2.156320000000000114e-47
8.903750000000000000e+02 2.156800000000000005e-47
8.905000000000000000e+02 2.157259999999999911e-47
8.906250000000000000e+02 2.157559999999999934e-47
8.907500000000000000e+02 2.157800000000000001e-47
8.908750000000000000e+02 2.158249999999999915e-47
8.910000000000000000e+02 2.158380000000000062e-47
8.911250000000000000e+02 2.158380000000000062e-47
8.912500000000000000e+02 2.158680000000000086e-47
8.913750000000000000e+02 2.159100000000000021e-47
8.915000000000000000e+02 2.159519999999999956e-47
8.916250000000000000e+02 2.159990000000000098e-47
8.917500000000000000e+02 2.160430000000000018e-47
8.918750000000000000e+02 2.160489999999999974e-47
8.920000000000000000e+02 2.160650000000000100e-47
8.921250000000000000e+02 2.160630000000000115e-47
8.922500000000000000e+02 2.160849999999999954e-47
8.923750000000000000e+02 2.161139999999999984e-47
8.925000000000000000e+02 2.161569999999999912e-47
8.926250000000000000e+02 2.162040000000000054e-47
8.927500000000000000e+02 2.162509999999999952e-47
8.928750000000000000e+02 2.162779999999999998e-47
8.930000000000000000e+02 2.162760000000000012e-47
8.931250000000000000e+02 2.162760000000000012e-47
8.932500000000000000e+02 2.163030000000000058e-47
8.933750000000000000e+02 2.163529999999999934e-47
8.935000000000000000e+02 2.164060000000000032e-47
8.936250000000000000e+02 2.164569999999999901e-47
8.937500000000000000e+02 2.164869999999999924e-47
8.938750000000000000e+02 2.165350000000000059e-47
8.940000000000000000e+02 2.165700000000000045e-47
8.941250000000000000e+02 2.165950000000000105e-47
8.942500000000000000e+02 2.166340000000000062e-47
8.943750000000000000e+02 2.166799999999999968e-47
8.945000000000000000e+02 2.167239999999999889e-47
8.946250000000000000e+02 2.167750000000000001e-47
8.947500000000000000e+02 2.168280000000000099e-47
8.948750000000000000e+02 2.168799999999999961e-47
8.950000000000000000e+02 2.169310000000000073e-47
8.951250000000000000e+02 2.169829999999999935e-47
8.952500000000000000e+02 2.170320000000000062e-47
8.953750000000000000e+02 2.170809999999999946e-47
8.955000000000000000e+02 2.171300000000000073e-47
8.956250000000000000e+02 2.171720000000000009e-47
8.957500000000000000e+02 2.171920000000000105e-47
8.958750000000000000e+02 2.172280000000000084e-47
8.960000000000000000e+02 2.172789999999999954e-47
8.961250000000000000e+02 2.173290000000000073e-47
8.962500000000000000e+02 2.173799999999999943e-47
8.963750000000000000e+02 2.174300000000000062e-47
8.965000000000000000e+02 2.174809999999999932e-47
8.966250000000000000e+02 2.175310000000000051e-47
8.967500000000000000e+02 2.175590000000000089e-47
8.968750000000000000e+02 2.176119999999999944e-47
8.970000000000000000e+02 2.176670000000000027e-47
8.971250000000000000e+02 2.177169999999999903e-47
8.972500000000000000e+02 2.177310000000000044e-47
8.973750000000000000e+02 2.177540000000000118e-47
8.975000000000000000e+02 2.178069999999999973e-47
8.976250000000000000e+02 2.178600000000000071e-47
8.977500000000000000e+02 2.179109999999999940e-47
8.978750000000000000e+02 2.179310000000000037e-47
8.980000000000000000e+02 2.179509999999999890e-47
8.981250000000000000e+02 2.180010000000000010e-47
8.982500000000000000e+02 2.180489999999999901e-47
8.983750000000000000e+02 2.181000000000000013e-47
8.985000000000000000e+02 2.181540000000000104e-47
8.986250000000000000e+02 2.182079999999999951e-47
8.987500000000000000e+02 2.182620000000000041e-47
8.988750000000000000e+02 2.183159999999999889e-47
8.990000000000000000e+02 2.183689999999999987e-47
8.991250000000000000e+02 2.184230000000000077e-47
8.992500000000000000e+02 2.184769999999999924e-47
8.993750000000000000e+02 2.185310000000000015e-47
8.995000000000000000e+02 2.185850000000000105e-47
8.996250000000000000e+02 2.186389999999999952e-47
8.997500000000000000e+02 2.186920000000000050e-47
8.998750000000000000e+02 2.187399999999999941e-47
9.000000000000000000e+02 2.187900000000000061e-47
9.001250000000000000e+02 2.188439999999999908e-47
9.002500000000000000e+02 2.188979999999999999e-47
9.003750000000000000e+02 2.189510000000000096e-47
9.005000000000000000e+02 2.190009999999999973e-47
9.006250000000000000e+02 2.190559999999999813e-47
9.007500000000000000e+02 2.190929999999999785e-47
9.008750000000000000e+02 2.191389999999999934e-47
9.010000000000000000e+02 2.191850000000000083e-47
9.011250000000000000e+02 2.192299999999999996e-47
9.012500000000000000e+02 2.192820000000000101e-47
9.013750000000000000e+02 2.193369999999999941e-47
9.015000000000000000e+02 2.193919999999999781e-47
9.016250000000000000e+02 2.194470000000000107e-47
9.017500000000000000e+02 2.194940000000000006e-47
9.018750000000000000e+02 2.195489999999999846e-47
9.020000000000000000e+02 2.195949999999999995e-47
9.021250000000000000e+02 2.196379999999999923e-47
9.022500000000000000e+02 2.196780000000000116e-47
9.023750000000000000e+02 2.197179999999999823e-47
9.025000000000000000e+02 2.197639999999999972e-47
9.026250000000000000e+02 2.198100000000000121e-47
9.027500000000000000e+02 2.198559999999999784e-47
9.028750000000000000e+02 2.198979999999999962e-47
9.030000000000000000e+02 2.199329999999999949e-47
9.031250000000000000e+02 2.199690000000000171e-47
9.032500000000000000e+02 2.200040000000000157e-47
9.033750000000000000e+02 2.200419999999999879e-47
9.035000000000000000e+02 2.200820000000000072e-47
9.036250000000000000e+02 2.201219999999999779e-47
9.037500000000000000e+02 2.201619999999999972e-47
9.038750000000000000e+02 2.202020000000000165e-47
9.040000000000000000e+02 2.202419999999999872e-47
9.041250000000000000e+02 2.202809999999999829e-47
9.042500000000000000e+02 2.203409999999999875e-47
9.043750000000000000e+02 2.203619999999999964e-47
9.045000000000000000e+02 2.203650000000000185e-47
9.046250000000000000e+02 2.204009999999999922e-47
9.047500000000000000e+02 2.204169999999999804e-47
9.048750000000000000e+02 2.204299999999999952e-47
9.050000000000000000e+02 2.204129999999999834e-47
9.051250000000000000e+02 2.203960000000000201e-47
9.052500000000000000e+02 2.203980000000000187e-47
9.053750000000000000e+02 2.204450000000000085e-47
9.055000000000000000e+02 2.204829999999999807e-47
9.056250000000000000e+02 2.204669999999999924e-47
9.057500000000000000e+02 2.204749999999999865e-47
9.058750000000000000e+02 2.204720000000000131e-47
9.060000000000000000e+02 2.205019999999999911e-47
9.061250000000000000e+02 2.205240000000000236e-47
9.062500000000000000e+02 2.205699999999999898e-47
9.063750000000000000e+02 2.206160000000000047e-47
9.065000000000000000e+02 2.206649999999999931e-47
9.066250000000000000e+02 2.207150000000000051e-47
9.067500000000000000e+02 2.207639999999999935e-47
9.068750000000000000e+02 2.208140000000000055e-47
9.070000000000000000e+02 2.208629999999999939e-47
9.071250000000000000e+02 2.209130000000000058e-47
9.072500000000000000e+02 2.209630000000000178e-47
9.073750000000000000e+02 2.210120000000000062e-47
9.075000000000000000e+02 2.210549999999999990e-47
9.076250000000000000e+02 2.210789999999999814e-47
9.077500000000000000e+02 2.211240000000000214e-47
9.078750000000000000e+02 2.211699999999999876e-47
9.080000000000000000e+02 2.212160000000000025e-47
9.081250000000000000e+02 2.212609999999999939e-47
9.082500000000000000e+02 2.212979999999999911e-47
9.083750000000000000e+02 2.213360000000000118e-47
9.085000000000000000e+02 2.213730000000000090e-47
9.086250000000000000e+02 2.214060000000000091e-47
9.087500000000000000e+02 2.214430000000000063e-47
9.088750000000000000e+02 2.214930000000000183e-47
9.090000000000000000e+02 2.215429999999999816e-47
9.091250000000000000e+02 2.215819999999999774e-47
9.092500000000000000e+02 2.216129999999999790e-47
9.093750000000000000e+02 2.216239999999999952e-47
9.095000000000000000e+02 2.216310000000000144e-47
9.096250000000000000e+02 2.216549999999999968e-47
9.097500000000000000e+02 2.216899999999999955e-47
9.098750000000000000e+02 2.217380000000000089e-47
9.100000000000000000e+02 2.217799999999999781e-47
9.101250000000000000e+02 2.218129999999999782e-47
9.102500000000000000e+02 2.218509999999999990e-47
9.103750000000000000e+02 2.218930000000000168e-47
9.105000000000000000e+02 2.219469999999999772e-47
9.106250000000000000e+02 2.219940000000000157e-47
9.107500000000000000e+02 2.220489999999999997e-47
9.108750000000000000e+02 2.221030000000000088e-47
9.110000000000000000e+02 2.221499999999999986e-47
9.111250000000000000e+02 2.221779999999999781e-47
9.112500000000000000e+02 2.222310000000000122e-47
9.113750000000000000e+02 2.222899999999999932e-47
9.115000000000000000e+02 2.223599999999999906e-47
9.116250000000000000e+02 2.224089999999999790e-47
9.117500000000000000e+02 2.224680000000000086e-47
9.118750000000000000e+02 2.225169999999999970e-47
9.120000000000000000e+02 2.225650000000000105e-47
9.121250000000000000e+02 2.226139999999999989e-47
9.122500000000000000e+02 2.226629999999999873e-47
9.123750000000000000e+02 2.227120000000000243e-47
9.125000000000000000e+02 2.227599999999999891e-47
9.126250000000000000e+02 2.227909999999999907e-47
9.127500000000000000e+02 2.228159999999999967e-47
9.128750000000000000e+02 2.228620000000000116e-47
9.130000000000000000e+02 2.229110000000000000e-47
9.131250000000000000e+02 2.229599999999999884e-47
9.132500000000000000e+02 2.230089999999999768e-47
9.133750000000000000e+02 2.230580000000000138e-47
9.135000000000000000e+02 2.231070000000000022e-47
9.136250000000000000e+02 2.231550000000000156e-47
9.137500000000000000e+02 2.231450000000000229e-47
9.138750000000000000e+02 2.231470000000000215e-47
9.140000000000000000e+02 2.231530000000000171e-47
9.141250000000000000e+02 2.231699999999999803e-47
9.142500000000000000e+02 2.231750000000000009e-47
9.143750000000000000e+02 2.231789999999999980e-47
9.145000000000000000e+02 2.231719999999999788e-47
9.146250000000000000e+02 2.231679999999999818e-47
9.147500000000000000e+02 2.231619999999999862e-47
9.148750000000000000e+02 2.231530000000000171e-47
9.150000000000000000e+02 2.231570000000000141e-47
9.151250000000000000e+02 2.231400000000000023e-47
9.152500000000000000e+02 2.231229999999999904e-47
9.153750000000000000e+02 2.231059999999999786e-47
9.155000000000000000e+02 2.230939999999999874e-47
9.156250000000000000e+02 2.230890000000000154e-47
9.157500000000000000e+02 2.231189999999999934e-47
9.158750000000000000e+02 2.231550000000000156e-47
9.160000000000000000e+02 2.231820000000000201e-47
9.161250000000000000e+02 2.231849999999999936e-47
9.162500000000000000e+02 2.231769999999999995e-47
9.163750000000000000e+02 2.231619999999999862e-47
9.165000000000000000e+02 2.231470000000000215e-47
9.166250000000000000e+02 2.231309999999999846e-47
9.167500000000000000e+02 2.231149999999999963e-47
9.168750000000000000e+02 2.231340000000000067e-47
9.170000000000000000e+02 2.231160000000000199e-47
9.171250000000000000e+02 2.231059999999999786e-47
9.172500000000000000e+02 2.231149999999999963e-47
9.173750000000000000e+02 2.230970000000000095e-47
9.175000000000000000e+02 2.230790000000000227e-47
9.176250000000000000e+02 2.230720000000000035e-47
9.177500000000000000e+02 2.230839999999999947e-47
9.178750000000000000e+02 2.231019999999999815e-47
9.180000000000000000e+02 2.231209999999999919e-47
9.181250000000000000e+02 2.231140000000000213e-47
9.182500000000000000e+02 2.230959999999999859e-47
9.183750000000000000e+02 2.230770000000000241e-47
9.185000000000000000e+02 2.230580000000000138e-47
9.186250000000000000e+02 2.230410000000000019e-47
9.187500000000000000e+02 2.230210000000000166e-47
9.188750000000000000e+02 2.230219999999999915e-47
9.190000000000000000e+02 2.230569999999999902e-47
9.191250000000000000e+02 2.230629999999999858e-47
9.192500000000000000e+02 2.230740000000000020e-47
9.193750000000000000e+02 2.230529999999999931e-47
9.195000000000000000e+02 2.230319999999999842e-47
9.196250000000000000e+02 2.230110000000000239e-47
9.197500000000000000e+02 2.230130000000000224e-47
9.198750000000000000e+02 2.230210000000000166e-47
9.200000000000000000e+02 2.230460000000000226e-47
9.201250000000000000e+02 2.230709999999999799e-47
9.202500000000000000e+02 2.230959999999999859e-47
9.203750000000000000e+02 2.231160000000000199e-47
9.205000000000000000e+02 2.231269999999999875e-47
9.206250000000000000e+02 2.231389999999999787e-47
9.207500000000000000e+02 2.231499999999999950e-47
9.208750000000000000e+02 2.231610000000000112e-47
9.210000000000000000e+02 2.231710000000000039e-47
9.211250000000000000e+02 2.231659999999999832e-47
9.212500000000000000e+02 2.231599999999999876e-47
9.213750000000000000e+02 2.231539999999999920e-47
9.215000000000000000e+02 2.231470000000000215e-47
9.216250000000000000e+02 2.231209999999999919e-47
9.217500000000000000e+02 2.230950000000000110e-47
9.218750000000000000e+02 2.230689999999999814e-47
9.220000000000000000e+02 2.230430000000000004e-47
9.221250000000000000e+02 2.230170000000000195e-47
9.222500000000000000e+02 2.229900000000000150e-47
9.223750000000000000e+02 2.229940000000000121e-47
9.225000000000000000e+02 2.229940000000000121e-47
9.226250000000000000e+02 2.230199999999999930e-47
9.227500000000000000e+02 2.230500000000000196e-47
9.228750000000000000e+02 2.230870000000000168e-47
9.230000000000000000e+02 2.231300000000000096e-47
9.231250000000000000e+02 2.231659999999999832e-47
9.232500000000000000e+02 2.231940000000000113e-47
9.233750000000000000e+02 2.232219999999999908e-47
9.235000000000000000e+02 2.232500000000000189e-47
9.236250000000000000e+02 2.232740000000000013e-47
9.237500000000000000e+02 2.232649999999999836e-47
9.238750000000000000e+02 2.232560000000000145e-47
9.240000000000000000e+02 2.232540000000000160e-47
9.241250000000000000e+02 2.232859999999999925e-47
9.242500000000000000e+02 2.233229999999999897e-47
9.243750000000000000e+02 2.233470000000000207e-47
9.245000000000000000e+02 2.233760000000000238e-47
9.246250000000000000e+02 2.234219999999999901e-47
9.247500000000000000e+02 2.234379999999999783e-47
9.248750000000000000e+02 2.234689999999999799e-47
9.250000000000000000e+02 2.234850000000000168e-47
9.251250000000000000e+02 2.234939999999999859e-47
9.252500000000000000e+02 2.235169999999999934e-47
9.253750000000000000e+02 2.235439999999999979e-47
9.255000000000000000e+02 2.235719999999999774e-47
9.256250000000000000e+02 2.236009999999999804e-47
9.257500000000000000e+02 2.236429999999999982e-47
9.258750000000000000e+02 2.236850000000000161e-47
9.260000000000000000e+02 2.237269999999999853e-47
9.261250000000000000e+02 2.237690000000000031e-47
9.262500000000000000e+02 2.238110000000000210e-47
9.263750000000000000e+02 2.238529999999999902e-47
9.265000000000000000e+02 2.238950000000000080e-47
9.266250000000000000e+02 2.239380000000000008e-47
9.267500000000000000e+02 2.239800000000000186e-47
9.268750000000000000e+02 2.240219999999999879e-47
9.270000000000000000e+02 2.240640000000000057e-47
9.271250000000000000e+02 2.241060000000000235e-47
9.272500000000000000e+02 2.241479999999999927e-47
9.273750000000000000e+02 2.241909999999999855e-47
9.275000000000000000e+02 2.242110000000000195e-47
9.276250000000000000e+02 2.242139999999999930e-47
9.277500000000000000e+02 2.242239999999999857e-47
9.278750000000000000e+02 2.242370000000000004e-47
9.280000000000000000e+02 2.242839999999999903e-47
9.281250000000000000e+02 2.243220000000000111e-47
9.282500000000000000e+02 2.243639999999999803e-47
9.283750000000000000e+02 2.244059999999999981e-47
9.285000000000000000e+02 2.244480000000000160e-47
9.286250000000000000e+02 2.244910000000000087e-47
9.287500000000000000e+02 2.245329999999999780e-47
9.288750000000000000e+02 2.245650000000000031e-47
9.290000000000000000e+02 2.245869999999999870e-47
9.291250000000000000e+02 2.246290000000000048e-47
9.292500000000000000e+02 2.246819999999999903e-47
9.293750000000000000e+02 2.247370000000000229e-47
9.295000000000000000e+02 2.247869999999999863e-47
9.296250000000000000e+02 2.248009999999999760e-47
9.297500000000000000e+02 2.248330000000000012e-47
9.298750000000000000e+02 2.248799999999999910e-47
9.300000000000000000e+02 2.249269999999999809e-47
9.301250000000000000e+02 2.249729999999999958e-47
9.302500000000000000e+02 2.250199999999999857e-47
9.303750000000000000e+02 2.250670000000000241e-47
9.305000000000000000e+02 2.251140000000000140e-47
9.306250000000000000e+02 2.251599999999999803e-47
9.307500000000000000e+02 2.252070000000000188e-47
9.308750000000000000e+02 2.252520000000000101e-47
9.310000000000000000e+02 2.252950000000000029e-47
9.311250000000000000e+02 2.253399999999999942e-47
9.312500000000000000e+02 2.253900000000000062e-47
9.313750000000000000e+02 2.254409999999999931e-47
9.315000000000000000e+02 2.254819999999999874e-47
9.316250000000000000e+02 2.255149999999999875e-47
9.317500000000000000e+02 2.255639999999999759e-47
9.318750000000000000e+02 2.255909999999999804e-47
9.320000000000000000e+02 2.256159999999999864e-47
9.321250000000000000e+02 2.256259999999999791e-47
9.322500000000000000e+02 2.256320000000000233e-47
9.323750000000000000e+02 2.256440000000000145e-47
9.325000000000000000e+02 2.256650000000000234e-47
9.326250000000000000e+02 2.256750000000000161e-47
9.327500000000000000e+02 2.257160000000000103e-47
9.328750000000000000e+02 2.257610000000000017e-47
9.330000000000000000e+02 2.258039999999999944e-47
9.331250000000000000e+02 2.258449999999999887e-47
9.332500000000000000e+02 2.258859999999999830e-47
9.333750000000000000e+02 2.259299999999999993e-47
9.335000000000000000e+02 2.259749999999999907e-47
9.336250000000000000e+02 2.260170000000000085e-47
9.337500000000000000e+02 2.260520000000000071e-47
9.338750000000000000e+02 2.261000000000000206e-47
9.340000000000000000e+02 2.261470000000000104e-47
9.341250000000000000e+02 2.261740000000000150e-47
9.342500000000000000e+02 2.262179999999999827e-47
9.343750000000000000e+02 2.262610000000000241e-47
9.345000000000000000e+02 2.263040000000000169e-47
9.346250000000000000e+02 2.263470000000000097e-47
9.347500000000000000e+02 2.263909999999999775e-47
9.348750000000000000e+02 2.264340000000000189e-47
9.350000000000000000e+02 2.264759999999999881e-47
9.351250000000000000e+02 2.264929999999999999e-47
9.352500000000000000e+02 2.265359999999999927e-47
9.353750000000000000e+02 2.265519999999999810e-47
9.355000000000000000e+02 2.265920000000000003e-47
9.356250000000000000e+02 2.266340000000000181e-47
9.357500000000000000e+02 2.266759999999999874e-47
9.358750000000000000e+02 2.267189999999999801e-47
9.360000000000000000e+02 2.267609999999999980e-47
9.361250000000000000e+02 2.268019999999999922e-47
9.362500000000000000e+02 2.268010000000000173e-47
9.363750000000000000e+02 2.267700000000000157e-47
9.365000000000000000e+02 2.268090000000000114e-47
9.366250000000000000e+02 2.268569999999999762e-47
9.367500000000000000e+02 2.268859999999999793e-47
9.368750000000000000e+02 2.268190000000000041e-47
9.370000000000000000e+02 2.267809999999999833e-47
9.371250000000000000e+02 2.267680000000000172e-47
9.372500000000000000e+02 2.268110000000000100e-47
9.373750000000000000e+02 2.268540000000000027e-47
9.375000000000000000e+02 2.268960000000000206e-47
9.376250000000000000e+02 2.269180000000000045e-47
9.377500000000000000e+02 2.269439999999999854e-47
9.378750000000000000e+02 2.269869999999999782e-47
9.380000000000000000e+02 2.270309999999999946e-47
9.381250000000000000e+02 2.270739999999999873e-47
9.382500000000000000e+02 2.271040000000000140e-47
9.383750000000000000e+02 2.271430000000000097e-47
9.385000000000000000e+02 2.271749999999999862e-47
9.386250000000000000e+02 2.272190000000000026e-47
9.387500000000000000e+02 2.272610000000000205e-47
9.388750000000000000e+02 2.273049999999999882e-47
9.390000000000000000e+02 2.273379999999999883e-47
9.391250000000000000e+02 2.273820000000000047e-47
9.392500000000000000e+02 2.273800000000000062e-47
9.393750000000000000e+02 2.273180000000000030e-47
9.395000000000000000e+02 2.272699999999999895e-47
9.396250000000000000e+02 2.272870000000000014e-47
9.397500000000000000e+02 2.272739999999999866e-47
9.398750000000000000e+02 2.272719999999999881e-47
9.400000000000000000e+02 2.272799999999999822e-47
9.401250000000000000e+02 2.273120000000000074e-47
9.402500000000000000e+02 2.272730000000000117e-47
9.403750000000000000e+02 2.272139999999999820e-47
9.405000000000000000e+02 2.271510000000000038e-47
9.406250000000000000e+02 2.270879999999999771e-47
9.407500000000000000e+02 2.270289999999999960e-47
9.408750000000000000e+02 2.269640000000000194e-47
9.410000000000000000e+02 2.268949999999999970e-47
9.411250000000000000e+02 2.268320000000000189e-47
9.412500000000000000e+02 2.267729999999999892e-47
9.413750000000000000e+02 2.267069999999999889e-47
9.415000000000000000e+02 2.266759999999999874e-47
9.416250000000000000e+02 2.266679999999999932e-47
9.417500000000000000e+02 2.266230000000000019e-47
9.418750000000000000e+02 2.266269999999999990e-47
9.420000000000000000e+02 2.266839999999999815e-47
9.421250000000000000e+02 2.267410000000000126e-47
9.422500000000000000e+02 2.267990000000000187e-47
9.423750000000000000e+02 2.268560000000000013e-47
9.425000000000000000e+02 2.269129999999999838e-47
9.426250000000000000e+02 2.269669999999999928e-47
9.427500000000000000e+02 2.269999999999999930e-47
9.428750000000000000e+02 2.270409999999999872e-47
9.430000000000000000e+02 2.270989999999999933e-47
9.431250000000000000e+02 2.271559999999999759e-47
9.432500000000000000e+02 2.272139999999999820e-47
9.433750000000000000e+02 2.272710000000000131e-47
9.435000000000000000e+02 2.273290000000000192e-47
9.436250000000000000e+02 2.273860000000000018e-47
9.437500000000000000e+02 2.273270000000000207e-47
9.438750000000000000e+02 2.273840000000000032e-47
9.440000000000000000e+02 2.274409999999999858e-47
9.441250000000000000e+02 2.274989999999999919e-47
9.442500000000000000e+02 2.275560000000000230e-47
9.443750000000000000e+02 2.276130000000000055e-47
9.445000000000000000e+02 2.276099999999999834e-47
9.446250000000000000e+02 2.276400000000000101e-47
9.447500000000000000e+02 2.276980000000000162e-47
9.448750000000000000e+02 2.277450000000000060e-47
9.450000000000000000e+02 2.277000000000000147e-47
9.451250000000000000e+02 2.276449999999999821e-47
9.452500000000000000e+02 2.275939999999999952e-47
9.453750000000000000e+02 2.275809999999999804e-47
9.455000000000000000e+02 2.275760000000000084e-47
9.456250000000000000e+02 2.276070000000000099e-47
9.457500000000000000e+02 2.276369999999999880e-47
9.458750000000000000e+02 2.276670000000000146e-47
9.460000000000000000e+02 2.276969999999999926e-47
9.461250000000000000e+02 2.277279999999999942e-47
9.462500000000000000e+02 2.277160000000000030e-47
9.463750000000000000e+02 2.277600000000000193e-47
9.465000000000000000e+02 2.277649999999999914e-47
9.466250000000000000e+02 2.277319999999999913e-47
9.467500000000000000e+02 2.277180000000000015e-47
9.468750000000000000e+02 2.277009999999999897e-47
9.470000000000000000e+02 2.277230000000000222e-47
9.471250000000000000e+02 2.277379999999999869e-47
9.472500000000000000e+02 2.277200000000000000e-47
9.473750000000000000e+02 2.277749999999999840e-47
9.475000000000000000e+02 2.277430000000000075e-47
9.476250000000000000e+02 2.276900000000000220e-47
9.477500000000000000e+02 2.276900000000000220e-47
9.478750000000000000e+02 2.276650000000000161e-47
9.480000000000000000e+02 2.276639999999999925e-47
9.481250000000000000e+02 2.275959999999999937e-47
9.482500000000000000e+02 2.275339999999999905e-47
9.483750000000000000e+02 2.275129999999999816e-47
9.485000000000000000e+02 2.274449999999999828e-47
9.486250000000000000e+02 2.274010000000000151e-47
9.487500000000000000e+02 2.273660000000000164e-47
9.488750000000000000e+02 2.273279999999999957e-47
9.490000000000000000e+02 2.272670000000000161e-47
9.491250000000000000e+02 2.272099999999999849e-47
9.492500000000000000e+02 2.271530000000000024e-47
9.493750000000000000e+02 2.270870000000000021e-47
9.495000000000000000e+02 2.270329999999999931e-47
9.496250000000000000e+02 2.270369999999999902e-47
9.497500000000000000e+02 2.270750000000000109e-47
9.498750000000000000e+02 2.271279999999999964e-47
9.500000000000000000e+02 2.271649999999999936e-47
9.501250000000000000e+02 2.272050000000000129e-47
9.502500000000000000e+02 2.272559999999999998e-47
9.503750000000000000e+02 2.273089999999999853e-47
9.505000000000000000e+02 2.273620000000000194e-47
9.506250000000000000e+02 2.274110000000000077e-47
9.507500000000000000e+02 2.273849999999999782e-47
9.508750000000000000e+02 2.273080000000000103e-47
9.510000000000000000e+02 2.272679999999999910e-47
9.511250000000000000e+02 2.273129999999999823e-47
9.512500000000000000e+02 2.273470000000000060e-47
9.513750000000000000e+02 2.273769999999999840e-47
9.515000000000000000e+02 2.274289999999999946e-47
9.516250000000000000e+02 2.274819999999999800e-47
9.517500000000000000e+02 2.275350000000000141e-47
9.518750000000000000e+02 2.275890000000000231e-47
9.520000000000000000e+02 2.276420000000000086e-47
9.521250000000000000e+02 2.276880000000000235e-47
9.522500000000000000e+02 2.277410000000000090e-47
9.523750000000000000e+02 2.277210000000000236e-47
9.525000000000000000e+02 2.277450000000000060e-47
9.526250000000000000e+02 2.277620000000000179e-47
9.527500000000000000e+02 2.277519999999999766e-47
9.528750000000000000e+02 2.278050000000000107e-47
9.530000000000000000e+02 2.278019999999999886e-47
9.531250000000000000e+02 2.278220000000000225e-47
9.532500000000000000e+02 2.278530000000000241e-47
9.533750000000000000e+02 2.278719999999999859e-47
9.535000000000000000e+02 2.278790000000000051e-47
9.536250000000000000e+02 2.278799999999999800e-47
9.537500000000000000e+02 2.278940000000000184e-47
9.538750000000000000e+02 2.279009999999999889e-47
9.540000000000000000e+02 2.279080000000000081e-47
9.541250000000000000e+02 2.279160000000000022e-47
9.542500000000000000e+02 2.279279999999999935e-47
9.543750000000000000e+02 2.279350000000000126e-47
9.545000000000000000e+02 2.279419999999999832e-47
9.546250000000000000e+02 2.279490000000000024e-47
9.547500000000000000e+02 2.279580000000000201e-47
9.548750000000000000e+02 2.280039999999999864e-47
9.550000000000000000e+02 2.280579999999999954e-47
9.551250000000000000e+02 2.281120000000000044e-47
9.552500000000000000e+02 2.281649999999999899e-47
9.553750000000000000e+02 2.282019999999999871e-47
9.555000000000000000e+02 2.282340000000000123e-47
9.556250000000000000e+02 2.281499999999999766e-47
9.557500000000000000e+02 2.280469999999999792e-47
9.558750000000000000e+02 2.280200000000000233e-47
9.560000000000000000e+02 2.280269999999999938e-47
9.561250000000000000e+02 2.279499999999999773e-47
9.562500000000000000e+02 2.278480000000000035e-47
9.563750000000000000e+02 2.277470000000000046e-47
9.565000000000000000e+02 2.276449999999999821e-47
9.566250000000000000e+02 2.275430000000000082e-47
9.567500000000000000e+02 2.274449999999999828e-47
9.568750000000000000e+02 2.273450000000000075e-47
9.570000000000000000e+02 2.272429999999999850e-47
9.571250000000000000e+02 2.271700000000000142e-47
9.572500000000000000e+02 2.271530000000000024e-47
9.573750000000000000e+02 2.271350000000000156e-47
9.575000000000000000e+02 2.271160000000000052e-47
9.576250000000000000e+02 2.270540000000000020e-47
9.577500000000000000e+02 2.269539999999999781e-47
9.578750000000000000e+02 2.268529999999999792e-47
9.580000000000000000e+02 2.267519999999999803e-47
9.581250000000000000e+02 2.266500000000000064e-47
9.582500000000000000e+02 2.265479999999999839e-47
9.583750000000000000e+02 2.264500000000000071e-47
9.585000000000000000e+02 2.263510000000000068e-47
9.586250000000000000e+02 2.262529999999999814e-47
9.587500000000000000e+02 2.261499999999999839e-47
9.588750000000000000e+02 2.260480000000000101e-47
9.590000000000000000e+02 2.259450000000000126e-47
9.591250000000000000e+02 2.258429999999999902e-47
9.592500000000000000e+02 2.257470000000000119e-47
9.593750000000000000e+02 2.256469999999999880e-47
9.595000000000000000e+02 2.255450000000000141e-47
9.596250000000000000e+02 2.254480000000000123e-47
9.597500000000000000e+02 2.253689999999999973e-47
9.598750000000000000e+02 2.253000000000000235e-47
9.600000000000000000e+02 2.251980000000000010e-47
9.601250000000000000e+02 2.250959999999999786e-47
9.602500000000000000e+02 2.250039999999999974e-47
9.603750000000000000e+02 2.249300000000000030e-47
9.605000000000000000e+02 2.248540000000000101e-47
9.606250000000000000e+02 2.247809999999999907e-47
9.607500000000000000e+02 2.246959999999999800e-47
9.608750000000000000e+02 2.246609999999999814e-47
9.610000000000000000e+02 2.246690000000000241e-47
9.611250000000000000e+02 2.246230000000000092e-47
9.612500000000000000e+02 2.245320000000000030e-47
9.613750000000000000e+02 2.244580000000000086e-47
9.615000000000000000e+02 2.243820000000000157e-47
9.616250000000000000e+02 2.242810000000000168e-47
9.617500000000000000e+02 2.241740000000000223e-47
9.618750000000000000e+02 2.240660000000000042e-47
9.620000000000000000e+02 2.239590000000000097e-47
9.621250000000000000e+02 2.238509999999999916e-47
9.622500000000000000e+02 2.237430000000000222e-47
9.623750000000000000e+02 2.236339999999999805e-47
9.625000000000000000e+02 2.235349999999999802e-47
9.626250000000000000e+02 2.234429999999999990e-47
9.627500000000000000e+02 2.234069999999999767e-47
9.628750000000000000e+02 2.233409999999999765e-47
9.630000000000000000e+02 2.232509999999999939e-47
9.631250000000000000e+02 2.232489999999999953e-47
9.632500000000000000e+02 2.232669999999999821e-47
9.633750000000000000e+02 2.232859999999999925e-47
9.635000000000000000e+02 2.233050000000000029e-47
9.636250000000000000e+02 2.233240000000000133e-47
9.637500000000000000e+02 2.233439999999999986e-47
9.638750000000000000e+02 2.233639999999999840e-47
9.640000000000000000e+02 2.233840000000000179e-47
9.641250000000000000e+02 2.234029999999999797e-47
9.642500000000000000e+02 2.234230000000000136e-47
9.643750000000000000e+02 2.234429999999999990e-47
9.645000000000000000e+02 2.234629999999999843e-47
9.646250000000000000e+02 2.234830000000000183e-47
9.647500000000000000e+02 2.235030000000000036e-47
9.648750000000000000e+02 2.235229999999999890e-47
9.650000000000000000e+02 2.235430000000000229e-47
9.651250000000000000e+02 2.235630000000000083e-47
9.652500000000000000e+02 2.235829999999999936e-47
9.653750000000000000e+02 2.236040000000000025e-47
9.655000000000000000e+02 2.236239999999999879e-47
9.656250000000000000e+02 2.236449999999999968e-47
9.657500000000000000e+02 2.236660000000000057e-47
9.658750000000000000e+02 2.236859999999999910e-47
9.660000000000000000e+02 2.237070000000000000e-47
9.661250000000000000e+02 2.237280000000000089e-47
9.662500000000000000e+02 2.237419999999999986e-47
9.663750000000000000e+02 2.237459999999999957e-47
9.665000000000000000e+02 2.237579999999999869e-47
9.666250000000000000e+02 2.237809999999999943e-47
9.667500000000000000e+02 2.238049999999999767e-47
9.668750000000000000e+02 2.237559999999999884e-47
9.670000000000000000e+02 2.236700000000000028e-47
9.671250000000000000e+02 2.236310000000000070e-47
9.672500000000000000e+02 2.236239999999999879e-47
9.673750000000000000e+02 2.235530000000000156e-47
9.675000000000000000e+02 2.235059999999999771e-47
9.676250000000000000e+02 2.234859999999999918e-47
9.677500000000000000e+02 2.234000000000000062e-47
9.678750000000000000e+02 2.233109999999999985e-47
9.680000000000000000e+02 2.232210000000000158e-47
9.681250000000000000e+02 2.231309999999999846e-47
9.682500000000000000e+02 2.230930000000000124e-47
9.683750000000000000e+02 2.230060000000000033e-47
9.685000000000000000e+02 2.229149999999999970e-47
9.686250000000000000e+02 2.228230000000000158e-47
9.687500000000000000e+02 2.227699999999999818e-47
9.688750000000000000e+02 2.227269999999999890e-47
9.690000000000000000e+02 2.227249999999999904e-47
9.691250000000000000e+02 2.226879999999999932e-47
9.692500000000000000e+02 2.225909999999999914e-47
9.693750000000000000e+02 2.224930000000000146e-47
9.695000000000000000e+02 2.223960000000000128e-47
9.696250000000000000e+02 2.222990000000000110e-47
9.697500000000000000e+02 2.222009999999999856e-47
9.698750000000000000e+02 2.221039999999999837e-47
9.700000000000000000e+02 2.220069999999999819e-47
9.701250000000000000e+02 2.219090000000000051e-47
9.702500000000000000e+02 2.218120000000000033e-47
9.703750000000000000e+02 2.217150000000000014e-47
9.705000000000000000e+02 2.216179999999999996e-47
9.706250000000000000e+02 2.215209999999999978e-47
9.707500000000000000e+02 2.214250000000000195e-47
9.708750000000000000e+02 2.213309999999999912e-47
9.710000000000000000e+02 2.212350000000000129e-47
9.711250000000000000e+02 2.211389999999999860e-47
9.712500000000000000e+02 2.210450000000000063e-47
9.713750000000000000e+02 2.209489999999999795e-47
9.715000000000000000e+02 2.208530000000000012e-47
9.716250000000000000e+02 2.207570000000000229e-47
9.717500000000000000e+02 2.206620000000000196e-47
9.718750000000000000e+02 2.205659999999999928e-47
9.720000000000000000e+02 2.204709999999999895e-47
9.721250000000000000e+02 2.203870000000000024e-47
9.722500000000000000e+02 2.202939999999999977e-47
9.723750000000000000e+02 2.201989999999999944e-47
9.725000000000000000e+02 2.201119999999999852e-47
9.726250000000000000e+02 2.200279999999999982e-47
9.727500000000000000e+02 2.199449999999999861e-47
9.728750000000000000e+02 2.198609999999999990e-47
9.730000000000000000e+02 2.197779999999999869e-47
9.731250000000000000e+02 2.196950000000000234e-47
9.732500000000000000e+02 2.195469999999999861e-47
9.733750000000000000e+02 2.194550000000000049e-47
9.735000000000000000e+02 2.193630000000000237e-47
9.736250000000000000e+02 2.192720000000000175e-47
9.737500000000000000e+02 2.191830000000000098e-47
9.738750000000000000e+02 2.191050000000000183e-47
9.740000000000000000e+02 2.190020000000000209e-47
9.741250000000000000e+02 2.189059999999999940e-47
9.742500000000000000e+02 2.188180000000000099e-47
9.743750000000000000e+02 2.187349999999999978e-47
9.745000000000000000e+02 2.186469999999999894e-47
9.746250000000000000e+02 2.185600000000000045e-47
9.747500000000000000e+02 2.184840000000000116e-47
9.748750000000000000e+02 2.183860000000000105e-47
9.750000000000000000e+02 2.183009999999999999e-47
9.751250000000000000e+02 2.182159999999999892e-47
9.752500000000000000e+02 2.181310000000000029e-47
9.753750000000000000e+02 2.180469999999999916e-47
9.755000000000000000e+02 2.179600000000000067e-47
9.756250000000000000e+02 2.178749999999999961e-47
9.757500000000000000e+02 2.177890000000000105e-47
9.758750000000000000e+02 2.177049999999999991e-47
9.760000000000000000e+02 2.176210000000000121e-47
9.761250000000000000e+02 2.175370000000000007e-47
9.762500000000000000e+02 2.174549999999999879e-47
9.763750000000000000e+02 2.173940000000000083e-47
9.765000000000000000e+02 2.173449999999999956e-47
9.766250000000000000e+02 2.172950000000000079e-47
9.767500000000000000e+02 2.172199999999999900e-47
9.768750000000000000e+02 2.170930000000000101e-47
9.770000000000000000e+02 2.169740000000000001e-47
9.771250000000000000e+02 2.168960000000000087e-47
9.772500000000000000e+02 2.168189999999999922e-47
9.773750000000000000e+02 2.167040000000000035e-47
9.775000000000000000e+02 2.164249999999999893e-47
9.776250000000000000e+02 2.156360000000000084e-47
9.777500000000000000e+02 2.151269999999999926e-47
9.778750000000000000e+02 2.138760000000000100e-47
9.780000000000000000e+02 2.136450000000000092e-47
9.781250000000000000e+02 2.136510000000000048e-47
9.782500000000000000e+02 2.131679999999999942e-47
9.783750000000000000e+02 2.126850000000000079e-47
9.785000000000000000e+02 2.123779999999999898e-47
9.786250000000000000e+02 2.123319999999999992e-47
9.787500000000000000e+02 2.122870000000000079e-47
9.788750000000000000e+02 2.122429999999999915e-47
9.790000000000000000e+02 2.122429999999999915e-47
9.791250000000000000e+02 2.122799999999999887e-47
9.792500000000000000e+02 2.123190000000000087e-47
9.793750000000000000e+02 2.122880000000000071e-47
9.795000000000000000e+02 2.122759999999999916e-47
9.796250000000000000e+02 2.123200000000000080e-47
9.797500000000000000e+02 2.123649999999999993e-47
9.798750000000000000e+02 2.123520000000000088e-47
9.800000000000000000e+02 2.122530000000000085e-47
9.801250000000000000e+02 2.122640000000000004e-47
9.802500000000000000e+02 2.122840000000000101e-47
9.803750000000000000e+02 2.122580000000000048e-47
9.805000000000000000e+02 2.123069999999999932e-47
9.806250000000000000e+02 2.121699999999999964e-47
9.807500000000000000e+02 2.124160000000000105e-47
9.808750000000000000e+02 2.124820000000000108e-47
9.810000000000000000e+02 2.125520000000000081e-47
9.811250000000000000e+02 2.125840000000000090e-47
9.812500000000000000e+02 2.125439999999999897e-47
9.813750000000000000e+02 2.126969999999999991e-47
9.815000000000000000e+02 2.133230000000000021e-47
9.816250000000000000e+02 2.134570000000000011e-47
9.817500000000000000e+02 2.135379999999999904e-47
9.818750000000000000e+02 2.136530000000000033e-47
9.820000000000000000e+02 2.146150000000000032e-47
9.821250000000000000e+02 2.151929999999999928e-47
9.822500000000000000e+02 2.163269999999999882e-47
9.823750000000000000e+02 2.168179999999999929e-47
9.825000000000000000e+02 2.167040000000000035e-47
9.826250000000000000e+02 2.192209999999999819e-47
9.827500000000000000e+02 2.202629999999999961e-47
9.828750000000000000e+02 2.231619999999999862e-47
9.830000000000000000e+02 2.258699999999999947e-47
9.831250000000000000e+02 2.282900000000000198e-47
9.832500000000000000e+02 2.296929999999999882e-47
9.833750000000000000e+02 2.302010000000000048e-47
9.835000000000000000e+02 2.324020000000000203e-47
9.836250000000000000e+02 2.397570000000000018e-47
9.837500000000000000e+02 2.481119999999999796e-47
9.838750000000000000e+02 2.531689999999999924e-47
9.840000000000000000e+02 2.585409999999999931e-47
9.841250000000000000e+02 2.593070000000000151e-47
9.842500000000000000e+02 2.604749999999999855e-47
9.843750000000000000e+02 2.696409999999999767e-47
9.845000000000000000e+02 2.824289999999999871e-47
9.846250000000000000e+02 2.970289999999999821e-47
9.847500000000000000e+02 3.130370000000000147e-47
9.848750000000000000e+02 3.332480000000000054e-47
9.850000000000000000e+02 3.583410000000000156e-47
9.851250000000000000e+02 3.845630000000000005e-47
9.852500000000000000e+02 4.137410000000000066e-47
9.853750000000000000e+02 4.464409999999999595e-47
9.855000000000000000e+02 4.884060000000000011e-47
9.856250000000000000e+02 5.355510000000000382e-47
9.857500000000000000e+02 5.844399999999999640e-47
9.858750000000000000e+02 6.298100000000000137e-47
9.860000000000000000e+02 6.864390000000000034e-47
9.861250000000000000e+02 7.518549999999999946e-47
9.862500000000000000e+02 8.178400000000000307e-47
9.863750000000000000e+02 8.976989999999999618e-47
9.865000000000000000e+02 9.807700000000000669e-47
9.866250000000000000e+02 1.077419999999999967e-46
9.867500000000000000e+02 1.323619999999999987e-46
9.868750000000000000e+02 1.895329999999999898e-46
9.870000000000000000e+02 2.957190000000000185e-46
9.871250000000000000e+02 5.003919999999999770e-46
9.872500000000000000e+02 9.211969999999999596e-46
9.873750000000000000e+02 1.834489999999999956e-45
9.875000000000000000e+02 3.801320000000000053e-45
9.876250000000000000e+02 8.169829999999999675e-45
9.877500000000000000e+02 1.810279999999999928e-44
9.878750000000000000e+02 4.141950000000000018e-44
9.880000000000000000e+02 9.253599999999999743e-44
9.881250000000000000e+02 2.009119999999999911e-43
9.882500000000000000e+02 4.521239999999999755e-43
9.883750000000000000e+02 9.366519999999999505e-43
9.885000000000000000e+02 2.009180000000000118e-42
9.886250000000000000e+02 4.325580000000000226e-42
9.887500000000000000e+02 1.032800000000000017e-41
9.888750000000000000e+02 3.026399999999999831e-41
9.890000000000000000e+02 2.567280000000000148e-40
9.891250000000000000e+02 1.586590000000000014e-40
9.892500000000000000e+02 1.886629999999999884e-41
9.893750000000000000e+02 5.533310000000000233e-42
9.895000000000000000e+02 2.060930000000000002e-42
9.896250000000000000e+02 8.906759999999999560e-43
9.897500000000000000e+02 3.983899999999999603e-43
9.898750000000000000e+02 1.898939999999999830e-43
9.900000000000000000e+02 8.773660000000000111e-44
9.901250000000000000e+02 4.179869999999999948e-44
9.902500000000000000e+02 1.981980000000000033e-44
9.903750000000000000e+02 9.348839999999999597e-45
9.905000000000000000e+02 4.561780000000000212e-45
9.906250000000000000e+02 2.284709999999999893e-45
9.907500000000000000e+02 1.171109999999999937e-45
9.908750000000000000e+02 6.379559999999999843e-46
9.910000000000000000e+02 3.692239999999999686e-46
9.911250000000000000e+02 2.292600000000000090e-46
9.912500000000000000e+02 1.539150000000000073e-46
9.913750000000000000e+02 1.128750000000000024e-46
9.915000000000000000e+02 9.067650000000000749e-47
9.916250000000000000e+02 7.920239999999999913e-47
9.917500000000000000e+02 6.977659999999999908e-47
9.918750000000000000e+02 6.185850000000000003e-47
9.920000000000000000e+02 5.519770000000000076e-47
9.921250000000000000e+02 4.936790000000000014e-47
9.922500000000000000e+02 4.448949999999999744e-47
9.923750000000000000e+02 4.051059999999999909e-47
9.925000000000000000e+02 3.706389999999999962e-47
9.926250000000000000e+02 3.405200000000000234e-47
9.927500000000000000e+02 3.157439999999999997e-47
9.928750000000000000e+02 2.941219999999999979e-47
9.930000000000000000e+02 2.756219999999999929e-47
9.931250000000000000e+02 2.598020000000000169e-47
9.932500000000000000e+02 2.467759999999999865e-47
9.933750000000000000e+02 2.364480000000000205e-47
9.935000000000000000e+02 2.289760000000000032e-47
9.936250000000000000e+02 2.232210000000000158e-47
9.937500000000000000e+02 2.204530000000000027e-47
9.938750000000000000e+02 2.199549999999999787e-47
9.940000000000000000e+02 2.233980000000000077e-47
9.941250000000000000e+02 2.308320000000000042e-47
9.942500000000000000e+02 2.421359999999999841e-47
9.943750000000000000e+02 2.617969999999999889e-47
9.945000000000000000e+02 2.896810000000000198e-47
9.946250000000000000e+02 3.363400000000000242e-47
9.947500000000000000e+02 4.115599999999999765e-47
9.948750000000000000e+02 5.394369999999999613e-47
9.950000000000000000e+02 7.844170000000000000e-47
9.951250000000000000e+02 1.233620000000000026e-46
9.952500000000000000e+02 1.733139999999999903e-46
9.953750000000000000e+02 2.228269999999999837e-46
9.955000000000000000e+02 1.587409999999999998e-46
9.956250000000000000e+02 1.038860000000000031e-46
9.957500000000000000e+02 7.562349999999999931e-47
9.958750000000000000e+02 5.786119999999999572e-47
9.960000000000000000e+02 4.745649999999999603e-47
9.961250000000000000e+02 4.162590000000000086e-47
9.962500000000000000e+02 3.884309999999999853e-47
9.963750000000000000e+02 3.792749999999999869e-47
9.965000000000000000e+02 3.793850000000000035e-47
9.966250000000000000e+02 3.905380000000000211e-47
9.967500000000000000e+02 4.057679999999999919e-47
9.968750000000000000e+02 4.362429999999999955e-47
9.970000000000000000e+02 4.844469999999999614e-47
9.971250000000000000e+02 5.483730000000000237e-47
9.972500000000000000e+02 6.527589999999999910e-47
9.973750000000000000e+02 8.013850000000000097e-47
9.975000000000000000e+02 1.056179999999999977e-46
9.976250000000000000e+02 1.542689999999999909e-46
9.977500000000000000e+02 2.750680000000000002e-46
9.978750000000000000e+02 7.303579999999999255e-46
9.980000000000000000e+02 6.282629999999999953e-45
9.981250000000000000e+02 4.888480000000000136e-45
9.982500000000000000e+02 1.306770000000000017e-45
9.983750000000000000e+02 8.078839999999999379e-46
9.985000000000000000e+02 7.209549999999999477e-46
9.986250000000000000e+02 8.519430000000000297e-46
9.987500000000000000e+02 1.114409999999999936e-45
9.988750000000000000e+02 1.587820000000000038e-45
9.990000000000000000e+02 2.425959999999999970e-45
9.991250000000000000e+02 3.899110000000000266e-45
9.992500000000000000e+02 6.202759999999999675e-45
9.993750000000000000e+02 1.001340000000000048e-44
9.995000000000000000e+02 1.608279999999999950e-44
9.996250000000000000e+02 2.607730000000000055e-44
9.997500000000000000e+02 4.129529999999999930e-44
9.998750000000000000e+02 7.066989999999999946e-44
1.000000000000000000e+03 1.389330000000000050e-43
1.000120000000000005e+03 3.917979999999999602e-43
1.000250000000000000e+03 4.020200000000000318e-42
1.000379999999999995e+03 2.218520000000000158e-42
1.000500000000000000e+03 2.669790000000000169e-43
1.000620000000000005e+03 9.804950000000000310e-44
1.000750000000000000e+03 4.377149999999999947e-44
1.000879999999999995e+03 2.075109999999999931e-44
1.001000000000000000e+03 1.091000000000000006e-44
1.001120000000000005e+03 5.884830000000000160e-45
1.001250000000000000e+03 3.256600000000000167e-45
1.001379999999999995e+03 1.867330000000000117e-45
1.001500000000000000e+03 1.088819999999999974e-45
1.001620000000000005e+03 6.645829999999999787e-46
1.001750000000000000e+03 4.298299999999999750e-46
1.001879999999999995e+03 2.932549999999999964e-46
1.002000000000000000e+03 2.154019999999999855e-46
1.002120000000000005e+03 1.743489999999999950e-46
1.002250000000000000e+03 1.571510000000000081e-46
1.002379999999999995e+03 1.575839999999999970e-46
1.002500000000000000e+03 1.626589999999999966e-46
1.002620000000000005e+03 1.704009999999999910e-46
1.002750000000000000e+03 1.840189999999999959e-46
1.002879999999999995e+03 2.104070000000000050e-46
1.003000000000000000e+03 3.174359999999999847e-46
1.003120000000000005e+03 6.494949999999999446e-45
1.003250000000000000e+03 3.699309999999999803e-46
1.003379999999999995e+03 2.764479999999999806e-46
1.003500000000000000e+03 2.816549999999999807e-46
1.003620000000000005e+03 3.005400000000000001e-46
1.003750000000000000e+03 3.300869999999999934e-46
1.003879999999999995e+03 3.721159999999999687e-46
1.004000000000000000e+03 4.349650000000000279e-46
1.004120000000000005e+03 5.418490000000000020e-46
1.004250000000000000e+03 7.357320000000000414e-46
1.004379999999999995e+03 1.140950000000000028e-45
1.004500000000000000e+03 2.131670000000000124e-45
1.004620000000000005e+03 5.002700000000000217e-45
1.004750000000000000e+03 1.499670000000000033e-44
1.004879999999999995e+03 4.987460000000000224e-44
1.005000000000000000e+03 3.148579999999999949e-43
1.005120000000000005e+03 2.679330000000000100e-42
1.005250000000000000e+03 1.479269999999999960e-43
1.005379999999999995e+03 5.357829999999999833e-44
1.005500000000000000e+03 2.088560000000000044e-44
1.005620000000000005e+03 1.082009999999999958e-44
1.005750000000000000e+03 7.042419999999999816e-45
1.005879999999999995e+03 5.495530000000000106e-45
1.006000000000000000e+03 5.047000000000000049e-45
1.006120000000000005e+03 5.190460000000000208e-45
1.006250000000000000e+03 5.704469999999999840e-45
1.006379999999999995e+03 6.521750000000000106e-45
1.006500000000000000e+03 7.620409999999999947e-45
1.006620000000000005e+03 9.171549999999999837e-45
1.006750000000000000e+03 1.168910000000000048e-44
1.006879999999999995e+03 1.562319999999999946e-44
1.007000000000000000e+03 2.167869999999999970e-44
1.007120000000000005e+03 3.099850000000000121e-44
1.007250000000000000e+03 4.562400000000000228e-44
1.007379999999999995e+03 6.974519999999999965e-44
1.007500000000000000e+03 1.045529999999999986e-43
1.007620000000000005e+03 1.578870000000000015e-43
1.007750000000000000e+03 2.368580000000000108e-43
1.007879999999999995e+03 3.641389999999999926e-43
1.008000000000000000e+03 5.508629999999999800e-43
1.008120000000000005e+03 8.636570000000000719e-43
1.008250000000000000e+03 1.412079999999999972e-42
1.008379999999999995e+03 2.539510000000000053e-42
1.008500000000000000e+03 6.022479999999999814e-42
1.008620000000000005e+03 3.289110000000000133e-41
1.008750000000000000e+03 2.073599999999999829e-40
1.008879999999999995e+03 8.430149999999999547e-42
1.009000000000000000e+03 2.139070000000000124e-42
1.009120000000000005e+03 7.663860000000000440e-43
1.009250000000000000e+03 3.133100000000000079e-43
1.009379999999999995e+03 1.355119999999999986e-43
1.009500000000000000e+03 6.185079999999999768e-44
1.009620000000000005e+03 2.855010000000000108e-44
1.009750000000000000e+03 1.315550000000000089e-44
1.009879999999999995e+03 6.224240000000000229e-45
1.010000000000000000e+03 3.068409999999999781e-45
1.010120000000000005e+03 1.593349999999999903e-45
1.010250000000000000e+03 8.901699999999999231e-46
1.010379999999999995e+03 5.488629999999999660e-46
1.010500000000000000e+03 3.740179999999999845e-46
1.010620000000000005e+03 2.889329999999999846e-46
1.010750000000000000e+03 2.401069999999999981e-46
1.010879999999999995e+03 2.039330000000000147e-46
1.011000000000000000e+03 1.715499999999999997e-46
1.011120000000000005e+03 1.444139999999999943e-46
1.011250000000000000e+03 1.213089999999999953e-46
1.011379999999999995e+03 1.019360000000000030e-46
1.011500000000000000e+03 8.573640000000000382e-47
1.011620000000000005e+03 7.301950000000000207e-47
1.011750000000000000e+03 6.270070000000000019e-47
1.011879999999999995e+03 5.424489999999999901e-47
1.012000000000000000e+03 4.734680000000000107e-47
1.012120000000000005e+03 4.174900000000000057e-47
1.012250000000000000e+03 3.724969999999999957e-47
1.012379999999999995e+03 3.370860000000000122e-47
1.012500000000000000e+03 3.090889999999999913e-47
1.012620000000000005e+03 2.871859999999999767e-47
1.012750000000000000e+03 2.703689999999999779e-47
1.012879999999999995e+03 2.570080000000000228e-47
1.013000000000000000e+03 2.511720000000000219e-47
1.013120000000000005e+03 2.481590000000000181e-47
1.013250000000000000e+03 2.472769999999999839e-47
1.013379999999999995e+03 2.443170000000000142e-47
1.013500000000000000e+03 2.443179999999999892e-47
1.013620000000000005e+03 2.443290000000000054e-47
1.013750000000000000e+03 2.443480000000000158e-47
1.013879999999999995e+03 2.443689999999999761e-47
1.014000000000000000e+03 2.443930000000000071e-47
1.014120000000000005e+03 2.444260000000000073e-47
1.014250000000000000e+03 2.444650000000000030e-47
1.014379999999999995e+03 2.445099999999999943e-47
1.014500000000000000e+03 2.445600000000000063e-47
1.014620000000000005e+03 2.446140000000000153e-47
1.014750000000000000e+03 2.446740000000000200e-47
1.014879999999999995e+03 2.447389999999999966e-47
1.015000000000000000e+03 2.447999999999999762e-47
1.015120000000000005e+03 2.448740000000000192e-47
1.015250000000000000e+03 2.449549999999999842e-47
1.015379999999999995e+03 2.450619999999999787e-47
1.015500000000000000e+03 2.451580000000000055e-47
1.015620000000000005e+03 2.452619999999999779e-47
1.015750000000000000e+03 2.453770000000000152e-47
1.015879999999999995e+03 2.455050000000000186e-47
1.016000000000000000e+03 2.456490000000000103e-47
1.016120000000000005e+03 2.458120000000000124e-47
1.016250000000000000e+03 2.459989999999999969e-47
1.016379999999999995e+03 2.462009999999999947e-47
1.016500000000000000e+03 2.472450000000000074e-47
1.016620000000000005e+03 2.468609999999999971e-47
1.016750000000000000e+03 2.474919999999999965e-47
1.016879999999999995e+03 2.482270000000000169e-47
1.017000000000000000e+03 2.491160000000000216e-47
1.017120000000000005e+03 2.508600000000000075e-47
1.017250000000000000e+03 2.539999999999999911e-47
1.017379999999999995e+03 2.583950000000000029e-47
1.017500000000000000e+03 2.632899999999999886e-47
1.017620000000000005e+03 2.707859999999999883e-47
1.017750000000000000e+03 2.841059999999999977e-47
1.017879999999999995e+03 3.096269999999999859e-47
1.018000000000000000e+03 3.835140000000000158e-47
1.018120000000000005e+03 7.892919999999999517e-47
1.018250000000000000e+03 4.145010000000000136e-46
1.018379999999999995e+03 5.987409999999999594e-47
1.018500000000000000e+03 3.515440000000000140e-47
1.018620000000000005e+03 2.999520000000000032e-47
1.018750000000000000e+03 2.790440000000000129e-47
1.018879999999999995e+03 2.677560000000000213e-47
1.019000000000000000e+03 2.615429999999999806e-47
1.019120000000000005e+03 2.559629999999999865e-47
1.019250000000000000e+03 2.526670000000000200e-47
1.019379999999999995e+03 2.507280000000000070e-47
1.019500000000000000e+03 2.499690000000000042e-47
1.019620000000000005e+03 2.494830000000000200e-47
1.019750000000000000e+03 2.491260000000000143e-47
1.019879999999999995e+03 2.488549999999999942e-47
1.020000000000000000e+03 2.486500000000000229e-47
1.020120000000000005e+03 2.484939999999999913e-47
1.020250000000000000e+03 2.483770000000000042e-47
1.020379999999999995e+03 2.482879999999999965e-47
1.020500000000000000e+03 2.482170000000000242e-47
1.020620000000000005e+03 2.481679999999999872e-47
1.020750000000000000e+03 2.481409999999999827e-47
1.020879999999999995e+03 2.481189999999999988e-47
1.021000000000000000e+03 2.481059999999999840e-47
1.021120000000000005e+03 2.481030000000000105e-47
1.021250000000000000e+03 2.481180000000000238e-47
1.021379999999999995e+03 2.481200000000000224e-47
1.021500000000000000e+03 2.481659999999999887e-47
1.021620000000000005e+03 2.482009999999999873e-47
1.021750000000000000e+03 2.482370000000000095e-47
1.021879999999999995e+03 2.482769999999999802e-47
1.022000000000000000e+03 2.484080000000000058e-47
1.022120000000000005e+03 2.484689999999999854e-47
1.022250000000000000e+03 2.485889999999999946e-47
1.022379999999999995e+03 2.486500000000000229e-47
1.022500000000000000e+03 2.486890000000000186e-47
1.022620000000000005e+03 2.487289999999999893e-47
1.022750000000000000e+03 2.487730000000000056e-47
1.022879999999999995e+03 2.488219999999999940e-47
1.023000000000000000e+03 2.488669999999999854e-47
1.023120000000000005e+03 2.489429999999999783e-47
1.023250000000000000e+03 2.490000000000000094e-47
1.023379999999999995e+03 2.490589999999999905e-47
1.023500000000000000e+03 2.491189999999999951e-47
1.023620000000000005e+03 2.491719999999999806e-47
1.023750000000000000e+03 2.492210000000000176e-47
1.023879999999999995e+03 2.492720000000000045e-47
1.024000000000000000e+03 2.493229999999999915e-47
1.024119999999999891e+03 2.493739999999999784e-47
1.024250000000000000e+03 2.494259999999999889e-47
1.024380000000000109e+03 2.495169999999999951e-47
1.024500000000000000e+03 2.496529999999999927e-47
1.024619999999999891e+03 2.497769999999999990e-47
1.024750000000000000e+03 2.498680000000000053e-47
1.024880000000000109e+03 2.499340000000000055e-47
1.025000000000000000e+03 2.500009999999999807e-47
1.025119999999999891e+03 2.500689999999999795e-47
1.025250000000000000e+03 2.501280000000000092e-47
1.025380000000000109e+03 2.501749999999999990e-47
1.025500000000000000e+03 2.503169999999999922e-47
1.025619999999999891e+03 2.503100000000000216e-47
1.025750000000000000e+03 2.502970000000000068e-47
1.025880000000000109e+03 2.502939999999999847e-47
1.026000000000000000e+03 2.503160000000000172e-47
1.026119999999999891e+03 2.503579999999999864e-47
1.026250000000000000e+03 2.504139999999999940e-47
1.026380000000000109e+03 2.504709999999999766e-47
1.026500000000000000e+03 2.505269999999999841e-47
1.026619999999999891e+03 2.505840000000000153e-47
1.026750000000000000e+03 2.507670000000000027e-47
1.026880000000000109e+03 2.506990000000000039e-47
1.027000000000000000e+03 2.507550000000000115e-47
1.027119999999999891e+03 2.508119999999999940e-47
1.027250000000000000e+03 2.508689999999999765e-47
1.027380000000000109e+03 2.509260000000000077e-47
1.027500000000000000e+03 2.509829999999999902e-47
1.027619999999999891e+03 2.510400000000000214e-47
1.027750000000000000e+03 2.510979999999999789e-47
1.027880000000000109e+03 2.511539999999999864e-47
1.028000000000000000e+03 2.512079999999999955e-47
1.028119999999999891e+03 2.512629999999999795e-47
1.028250000000000000e+03 2.513169999999999885e-47
1.028380000000000109e+03 2.513720000000000211e-47
1.028500000000000000e+03 2.514270000000000051e-47
1.028619999999999891e+03 2.514819999999999891e-47
1.028750000000000000e+03 2.515370000000000217e-47
1.028880000000000109e+03 2.516039999999999969e-47
1.029000000000000000e+03 2.516620000000000031e-47
1.029119999999999891e+03 2.517149999999999885e-47
1.029250000000000000e+03 2.517669999999999990e-47
1.029380000000000109e+03 2.518190000000000095e-47
1.029500000000000000e+03 2.518730000000000186e-47
1.029619999999999891e+03 2.519260000000000040e-47
1.029750000000000000e+03 2.519789999999999895e-47
1.029880000000000109e+03 2.520320000000000236e-47
1.030000000000000000e+03 2.520850000000000090e-47
1.030119999999999891e+03 2.521379999999999945e-47
1.030250000000000000e+03 2.522019999999999962e-47
1.030380000000000109e+03 2.522560000000000052e-47
1.030500000000000000e+03 2.523100000000000143e-47
1.030619999999999891e+03 2.523640000000000233e-47
1.030750000000000000e+03 2.524179999999999837e-47
1.030880000000000109e+03 2.524719999999999928e-47
1.031000000000000000e+03 2.525260000000000018e-47
1.031119999999999891e+03 2.525800000000000109e-47
1.031250000000000000e+03 2.526349999999999949e-47
1.031380000000000109e+03 2.526890000000000039e-47
1.031500000000000000e+03 2.527439999999999879e-47
1.031619999999999891e+03 2.527990000000000205e-47
1.031750000000000000e+03 2.528540000000000045e-47
1.031880000000000109e+03 2.529080000000000135e-47
1.032000000000000000e+03 2.529629999999999975e-47
1.032119999999999891e+03 2.530190000000000051e-47
1.032250000000000000e+03 2.530739999999999891e-47
1.032380000000000109e+03 2.531290000000000217e-47
1.032500000000000000e+03 2.531840000000000057e-47
1.032619999999999891e+03 2.532400000000000133e-47
1.032750000000000000e+03 2.533009999999999929e-47
1.032880000000000109e+03 2.533570000000000005e-47
1.033000000000000000e+03 2.534130000000000080e-47
1.033119999999999891e+03 2.534679999999999920e-47
1.033250000000000000e+03 2.535239999999999996e-47
1.033380000000000109e+03 2.535800000000000072e-47
1.033500000000000000e+03 2.536360000000000148e-47
1.033619999999999891e+03 2.536920000000000223e-47
1.033750000000000000e+03 2.537479999999999813e-47
1.033880000000000109e+03 2.538039999999999889e-47
1.034000000000000000e+03 2.538610000000000200e-47
1.034119999999999891e+03 2.539169999999999790e-47
1.034250000000000000e+03 2.539729999999999865e-47
1.034380000000000109e+03 2.540300000000000177e-47
1.034500000000000000e+03 2.540859999999999766e-47
1.034619999999999891e+03 2.541359999999999886e-47
1.034750000000000000e+03 2.542059999999999859e-47
1.034880000000000109e+03 2.542639999999999920e-47
1.035000000000000000e+03 2.543849999999999763e-47
1.035119999999999891e+03 2.544480000000000030e-47
1.035250000000000000e+03 2.545190000000000239e-47
1.035380000000000109e+03 2.545729999999999843e-47
1.035500000000000000e+03 2.546240000000000199e-47
1.035619999999999891e+03 2.546790000000000039e-47
1.035750000000000000e+03 2.547339999999999879e-47
1.035880000000000109e+03 2.547870000000000220e-47
1.036000000000000000e+03 2.548409999999999824e-47
1.036119999999999891e+03 2.548949999999999914e-47
1.036250000000000000e+03 2.549509999999999990e-47
1.036380000000000109e+03 2.550090000000000051e-47
1.036500000000000000e+03 2.550670000000000112e-47
1.036619999999999891e+03 2.551230000000000188e-47
1.036750000000000000e+03 2.551789999999999777e-47
1.036880000000000109e+03 2.552360000000000089e-47
1.037000000000000000e+03 2.552920000000000165e-47
1.037119999999999891e+03 2.553489999999999990e-47
1.037250000000000000e+03 2.554050000000000066e-47
1.037380000000000109e+03 2.554619999999999891e-47
1.037500000000000000e+03 2.556790000000000002e-47
1.037619999999999891e+03 2.555749999999999792e-47
1.037750000000000000e+03 2.556320000000000104e-47
1.037880000000000109e+03 2.556889999999999929e-47
1.038000000000000000e+03 2.557460000000000240e-47
1.038119999999999891e+03 2.558030000000000066e-47
1.038250000000000000e+03 2.558599999999999891e-47
1.038380000000000109e+03 2.559170000000000202e-47
1.038500000000000000e+03 2.559740000000000028e-47
1.038619999999999891e+03 2.560309999999999853e-47
1.038750000000000000e+03 2.560789999999999987e-47
1.038880000000000109e+03 2.561560000000000152e-47
1.039000000000000000e+03 2.561950000000000110e-47
1.039119999999999891e+03 2.562389999999999787e-47
1.039250000000000000e+03 2.562860000000000172e-47
1.039380000000000109e+03 2.563379999999999791e-47
1.039500000000000000e+03 2.563959999999999852e-47
1.039619999999999891e+03 2.564550000000000149e-47
1.039750000000000000e+03 2.565130000000000210e-47
1.039880000000000109e+03 2.565720000000000020e-47
1.040000000000000000e+03 2.566309999999999831e-47
1.040119999999999891e+03 2.566889999999999892e-47
1.040250000000000000e+03 2.567480000000000189e-47
1.040380000000000109e+03 2.568070000000000000e-47
1.040500000000000000e+03 2.568659999999999810e-47
1.040619999999999891e+03 2.569259999999999857e-47
1.040750000000000000e+03 2.570610000000000083e-47
1.040880000000000109e+03 2.571199999999999893e-47
1.041000000000000000e+03 2.571790000000000190e-47
1.041119999999999891e+03 2.572390000000000237e-47
1.041250000000000000e+03 2.573210000000000122e-47
1.041380000000000109e+03 2.573890000000000109e-47
1.041500000000000000e+03 2.574490000000000156e-47
1.041619999999999891e+03 2.575090000000000202e-47
1.041750000000000000e+03 2.575689999999999763e-47
1.041880000000000109e+03 2.576289999999999809e-47
1.042000000000000000e+03 2.576889999999999855e-47
1.042119999999999891e+03 2.577489999999999902e-47
1.042250000000000000e+03 2.577850000000000124e-47
1.042380000000000109e+03 2.578129999999999919e-47
1.042500000000000000e+03 2.578399999999999964e-47
1.042619999999999891e+03 2.578880000000000098e-47
1.042750000000000000e+03 2.579699999999999984e-47
1.042880000000000109e+03 2.580390000000000207e-47
1.043000000000000000e+03 2.580709999999999973e-47
1.043119999999999891e+03 2.581099999999999930e-47
1.043250000000000000e+03 2.581670000000000241e-47
1.043380000000000109e+03 2.582289999999999787e-47
1.043500000000000000e+03 2.582889999999999833e-47
1.043619999999999891e+03 2.583489999999999880e-47
1.043750000000000000e+03 2.584089999999999926e-47
1.043880000000000109e+03 2.584689999999999973e-47
1.044000000000000000e+03 2.585329999999999990e-47
1.044119999999999891e+03 2.586029999999999963e-47
1.044250000000000000e+03 2.586720000000000186e-47
1.044380000000000109e+03 2.587420000000000159e-47
1.044500000000000000e+03 2.588120000000000133e-47
1.044619999999999891e+03 2.588820000000000106e-47
1.044750000000000000e+03 2.589520000000000079e-47
1.044880000000000109e+03 2.590220000000000052e-47
1.045000000000000000e+03 2.590920000000000025e-47
1.045119999999999891e+03 2.591619999999999998e-47
1.045250000000000000e+03 2.592330000000000207e-47
1.045380000000000109e+03 2.593030000000000180e-47
1.045500000000000000e+03 2.593739999999999903e-47
1.045619999999999891e+03 2.594689999999999936e-47
1.045750000000000000e+03 2.595710000000000161e-47
1.045880000000000109e+03 2.596740000000000135e-47
1.046000000000000000e+03 2.597360000000000167e-47
1.046119999999999891e+03 2.597980000000000198e-47
1.046250000000000000e+03 2.598970000000000202e-47
1.046380000000000109e+03 2.599940000000000220e-47
1.046500000000000000e+03 2.600880000000000018e-47
1.046619999999999891e+03 2.602270000000000214e-47
1.046750000000000000e+03 2.603679999999999910e-47
1.046880000000000109e+03 2.605030000000000136e-47
1.047000000000000000e+03 2.605730000000000109e-47
1.047119999999999891e+03 2.606950000000000187e-47
1.047250000000000000e+03 2.608490000000000031e-47
1.047380000000000109e+03 2.609449999999999814e-47
1.047500000000000000e+03 2.610219999999999979e-47
1.047619999999999891e+03 2.611280000000000174e-47
1.047750000000000000e+03 2.611929999999999941e-47
1.047880000000000109e+03 2.612600000000000179e-47
1.048000000000000000e+03 2.613200000000000225e-47
1.048119999999999891e+03 2.613810000000000021e-47
1.048250000000000000e+03 2.614669999999999877e-47
1.048380000000000109e+03 2.615980000000000132e-47
1.048500000000000000e+03 2.617229999999999945e-47
1.048619999999999891e+03 2.617849999999999977e-47
1.048750000000000000e+03 2.618620000000000142e-47
1.048880000000000109e+03 2.619479999999999998e-47
1.049000000000000000e+03 2.620319999999999869e-47
1.049119999999999891e+03 2.621260000000000152e-47
1.049250000000000000e+03 2.622120000000000008e-47
1.049380000000000109e+03 2.623229999999999923e-47
1.049500000000000000e+03 2.624350000000000075e-47
1.049619999999999891e+03 2.625349999999999828e-47
1.049750000000000000e+03 2.626159999999999964e-47
1.049880000000000109e+03 2.627129999999999982e-47
1.050000000000000000e+03 2.627750000000000014e-47
1.050119999999999891e+03 2.628779999999999988e-47
1.050250000000000000e+03 2.629750000000000006e-47
1.050380000000000109e+03 2.630879999999999908e-47
1.050500000000000000e+03 2.632009999999999809e-47
1.050619999999999891e+03 2.633070000000000004e-47
1.050750000000000000e+03 2.633730000000000006e-47
1.050880000000000109e+03 2.634339999999999802e-47
1.051000000000000000e+03 2.634950000000000085e-47
1.051119999999999891e+03 2.635570000000000116e-47
1.051250000000000000e+03 2.636179999999999912e-47
1.051380000000000109e+03 2.636790000000000195e-47
1.051500000000000000e+03 2.637399999999999991e-47
1.051619999999999891e+03 2.638020000000000022e-47
1.051750000000000000e+03 2.638629999999999818e-47
1.051880000000000109e+03 2.639240000000000100e-47
1.052000000000000000e+03 2.639860000000000132e-47
1.052119999999999891e+03 2.640469999999999928e-47
1.052250000000000000e+03 2.641080000000000210e-47
1.052380000000000109e+03 2.641700000000000242e-47
1.052500000000000000e+03 2.642310000000000038e-47
1.052619999999999891e+03 2.642930000000000070e-47
1.052750000000000000e+03 2.643550000000000102e-47
1.052880000000000109e+03 2.644159999999999898e-47
1.053000000000000000e+03 2.644730000000000209e-47
1.053119999999999891e+03 2.645309999999999784e-47
1.053250000000000000e+03 2.645920000000000066e-47
1.053380000000000109e+03 2.646540000000000098e-47
1.053500000000000000e+03 2.647149999999999894e-47
1.053619999999999891e+03 2.647769999999999926e-47
1.053750000000000000e+03 2.648389999999999957e-47
1.053880000000000109e+03 2.649009999999999989e-47
1.054000000000000000e+03 2.649820000000000125e-47
1.054119999999999891e+03 2.650429999999999921e-47
1.054250000000000000e+03 2.651269999999999791e-47
1.054380000000000109e+03 2.652170000000000104e-47
1.054500000000000000e+03 2.652759999999999915e-47
1.054619999999999891e+03 2.653450000000000138e-47
1.054750000000000000e+03 2.654449999999999891e-47
1.054880000000000109e+03 2.655390000000000175e-47
1.055000000000000000e+03 2.655949999999999764e-47
1.055119999999999891e+03 2.656500000000000091e-47
1.055250000000000000e+03 2.657060000000000166e-47
1.055380000000000109e+03 2.657620000000000242e-47
1.055500000000000000e+03 2.658179999999999832e-47
1.055619999999999891e+03 2.658739999999999907e-47
1.055750000000000000e+03 2.659299999999999983e-47
1.055880000000000109e+03 2.660859999999999812e-47
1.056000000000000000e+03 2.661880000000000037e-47
1.056119999999999891e+03 2.662460000000000098e-47
1.056250000000000000e+03 2.663029999999999923e-47
1.056380000000000109e+03 2.664389999999999899e-47
1.056500000000000000e+03 2.664159999999999824e-47
1.056619999999999891e+03 2.664750000000000121e-47
1.056750000000000000e+03 2.665589999999999992e-47
1.056880000000000109e+03 2.666199999999999788e-47
1.057000000000000000e+03 2.666819999999999819e-47
1.057119999999999891e+03 2.667490000000000057e-47
1.057250000000000000e+03 2.668249999999999987e-47
1.057380000000000109e+03 2.668900000000000239e-47
1.057500000000000000e+03 2.670280000000000200e-47
1.057619999999999891e+03 2.671539999999999763e-47
1.057750000000000000e+03 2.672420000000000090e-47
1.057880000000000109e+03 2.672969999999999930e-47
1.058000000000000000e+03 2.673499999999999785e-47
1.058119999999999891e+03 2.674030000000000126e-47
1.058250000000000000e+03 2.674559999999999980e-47
1.058380000000000109e+03 2.675160000000000027e-47
1.058500000000000000e+03 2.675829999999999779e-47
1.058619999999999891e+03 2.676520000000000002e-47
1.058750000000000000e+03 2.677109999999999813e-47
1.058880000000000109e+03 2.677689999999999874e-47
1.059000000000000000e+03 2.678269999999999935e-47
1.059119999999999891e+03 2.678849999999999996e-47
1.059250000000000000e+03 2.679430000000000057e-47
1.059380000000000109e+03 2.680010000000000118e-47
1.059500000000000000e+03 2.680599999999999929e-47
1.059619999999999891e+03 2.681179999999999990e-47
1.059750000000000000e+03 2.681800000000000022e-47
1.059880000000000109e+03 2.682980000000000129e-47
1.060000000000000000e+03 2.684229999999999943e-47
1.060119999999999891e+03 2.684759999999999797e-47
1.060250000000000000e+03 2.685310000000000123e-47
1.060380000000000109e+03 2.686249999999999921e-47
1.060500000000000000e+03 2.687239999999999924e-47
1.060619999999999891e+03 2.688229999999999928e-47
1.060750000000000000e+03 2.689210000000000182e-47
1.060880000000000109e+03 2.689890000000000170e-47
1.061000000000000000e+03 2.690409999999999789e-47
1.061119999999999891e+03 2.690920000000000144e-47
1.061250000000000000e+03 2.691439999999999763e-47
1.061380000000000109e+03 2.691959999999999868e-47
1.061500000000000000e+03 2.692479999999999973e-47
1.061619999999999891e+03 2.692989999999999842e-47
1.061750000000000000e+03 2.693509999999999947e-47
1.061880000000000109e+03 2.694030000000000052e-47
1.062000000000000000e+03 2.694550000000000157e-47
1.062119999999999891e+03 2.695069999999999776e-47
1.062250000000000000e+03 2.695600000000000117e-47
1.062380000000000109e+03 2.696120000000000222e-47
1.062500000000000000e+03 2.696809999999999960e-47
1.062619999999999891e+03 2.697390000000000021e-47
1.062750000000000000e+03 2.698189999999999920e-47
1.062880000000000109e+03 2.699000000000000056e-47
1.063000000000000000e+03 2.699520000000000161e-47
1.063119999999999891e+03 2.700039999999999780e-47
1.063250000000000000e+03 2.700780000000000210e-47
1.063380000000000109e+03 2.701620000000000080e-47
1.063500000000000000e+03 2.702149999999999935e-47
1.063619999999999891e+03 2.702679999999999790e-47
1.063750000000000000e+03 2.703219999999999880e-47
1.063880000000000109e+03 2.703750000000000221e-47
1.064000000000000000e+03 2.704349999999999781e-47
1.064119999999999891e+03 2.704880000000000122e-47
1.064250000000000000e+03 2.705489999999999918e-47
1.064380000000000109e+03 2.706109999999999950e-47
1.064500000000000000e+03 2.706650000000000040e-47
1.064619999999999891e+03 2.707319999999999792e-47
1.064750000000000000e+03 2.708160000000000149e-47
1.064880000000000109e+03 2.709030000000000240e-47
1.065000000000000000e+03 2.709910000000000082e-47
1.065119999999999891e+03 2.710880000000000100e-47
1.065250000000000000e+03 2.711850000000000118e-47
1.065380000000000109e+03 2.712729999999999959e-47
1.065500000000000000e+03 2.713420000000000183e-47
1.065619999999999891e+03 2.714049999999999964e-47
1.065750000000000000e+03 2.714689999999999981e-47
1.065880000000000109e+03 2.715420000000000176e-47
1.066000000000000000e+03 2.716160000000000119e-47
1.066119999999999891e+03 2.717039999999999961e-47
1.066250000000000000e+03 2.717750000000000170e-47
1.066380000000000109e+03 2.718399999999999936e-47
1.066500000000000000e+03 2.719050000000000189e-47
1.066619999999999891e+03 2.719690000000000206e-47
1.066750000000000000e+03 2.720350000000000209e-47
1.066880000000000109e+03 2.721130000000000123e-47
1.067000000000000000e+03 2.721910000000000038e-47
1.067119999999999891e+03 2.722700000000000188e-47
1.067250000000000000e+03 2.723480000000000102e-47
1.067380000000000109e+03 2.724260000000000017e-47
1.067500000000000000e+03 2.725050000000000167e-47
1.067619999999999891e+03 2.725839999999999831e-47
1.067750000000000000e+03 2.726590000000000011e-47
1.067880000000000109e+03 2.727329999999999954e-47
1.068000000000000000e+03 2.727949999999999986e-47
1.068119999999999891e+03 2.728689999999999930e-47
1.068250000000000000e+03 2.729480000000000080e-47
1.068380000000000109e+03 2.730169999999999818e-47
1.068500000000000000e+03 2.730809999999999835e-47
1.068619999999999891e+03 2.731449999999999852e-47
1.068750000000000000e+03 2.732089999999999869e-47
1.068880000000000109e+03 2.732729999999999886e-47
1.069000000000000000e+03 2.733380000000000139e-47
1.069119999999999891e+03 2.734020000000000156e-47
1.069250000000000000e+03 2.734749999999999864e-47
1.069380000000000109e+03 2.735719999999999882e-47
1.069500000000000000e+03 2.736700000000000136e-47
1.069619999999999891e+03 2.737679999999999904e-47
1.069750000000000000e+03 2.738649999999999923e-47
1.069880000000000109e+03 2.739599999999999956e-47
1.070000000000000000e+03 2.740390000000000106e-47
1.070119999999999891e+03 2.741099999999999829e-47
1.070250000000000000e+03 2.741699999999999875e-47
1.070380000000000109e+03 2.742279999999999936e-47
1.070500000000000000e+03 2.742859999999999997e-47
1.070619999999999891e+03 2.743440000000000058e-47
1.070750000000000000e+03 2.744020000000000119e-47
1.070880000000000109e+03 2.744609999999999930e-47
1.071000000000000000e+03 2.745300000000000153e-47
1.071119999999999891e+03 2.746009999999999876e-47
1.071250000000000000e+03 2.746720000000000085e-47
1.071380000000000109e+03 2.747420000000000058e-47
1.071500000000000000e+03 2.748000000000000119e-47
1.071619999999999891e+03 2.748589999999999930e-47
1.071750000000000000e+03 2.749169999999999991e-47
1.071880000000000109e+03 2.749750000000000052e-47
1.072000000000000000e+03 2.750359999999999848e-47
1.072119999999999891e+03 2.750999999999999865e-47
1.072250000000000000e+03 2.751639999999999882e-47
1.072380000000000109e+03 2.752270000000000150e-47
1.072500000000000000e+03 2.752910000000000167e-47
1.072619999999999891e+03 2.753550000000000184e-47
1.072750000000000000e+03 2.754190000000000201e-47
1.072880000000000109e+03 2.754819999999999982e-47
1.073000000000000000e+03 2.755459999999999999e-47
1.073119999999999891e+03 2.756100000000000017e-47
1.073250000000000000e+03 2.756740000000000034e-47
1.073380000000000109e+03 2.757380000000000051e-47
1.073500000000000000e+03 2.758020000000000068e-47
1.073619999999999891e+03 2.758660000000000085e-47
1.073750000000000000e+03 2.759360000000000058e-47
1.073880000000000109e+03 2.760279999999999870e-47
1.074000000000000000e+03 2.761019999999999814e-47
1.074119999999999891e+03 2.761849999999999935e-47
1.074250000000000000e+03 2.762709999999999791e-47
1.074380000000000109e+03 2.763409999999999764e-47
1.074500000000000000e+03 2.764060000000000016e-47
1.074619999999999891e+03 2.764720000000000019e-47
1.074750000000000000e+03 2.765470000000000198e-47
1.074880000000000109e+03 2.766159999999999936e-47
1.075000000000000000e+03 2.766810000000000189e-47
1.075119999999999891e+03 2.767450000000000206e-47
1.075250000000000000e+03 2.768099999999999972e-47
1.075380000000000109e+03 2.768750000000000225e-47
1.075500000000000000e+03 2.769390000000000242e-47
1.075619999999999891e+03 2.770040000000000009e-47
1.075750000000000000e+03 2.770689999999999776e-47
1.075880000000000109e+03 2.771340000000000029e-47
1.076000000000000000e+03 2.771989999999999795e-47
1.076119999999999891e+03 2.772689999999999768e-47
1.076250000000000000e+03 2.773340000000000021e-47
1.076380000000000109e+03 2.773989999999999788e-47
1.076500000000000000e+03 2.774629999999999805e-47
1.076619999999999891e+03 2.775280000000000058e-47
1.076750000000000000e+03 2.775929999999999825e-47
1.076880000000000109e+03 2.776580000000000077e-47
1.077000000000000000e+03 2.777229999999999844e-47
1.077119999999999891e+03 2.777880000000000097e-47
1.077250000000000000e+03 2.778529999999999864e-47
1.077380000000000109e+03 2.779189999999999866e-47
1.077500000000000000e+03 2.779840000000000119e-47
1.077619999999999891e+03 2.780489999999999886e-47
1.077750000000000000e+03 2.781140000000000139e-47
1.077880000000000109e+03 2.781789999999999905e-47
1.078000000000000000e+03 2.782440000000000158e-47
1.078119999999999891e+03 2.783100000000000160e-47
1.078250000000000000e+03 2.783749999999999927e-47
1.078380000000000109e+03 2.784400000000000180e-47
1.078500000000000000e+03 2.785049999999999947e-47
1.078619999999999891e+03 2.785709999999999949e-47
1.078750000000000000e+03 2.786360000000000202e-47
1.078880000000000109e+03 2.787009999999999969e-47
1.079000000000000000e+03 2.787669999999999971e-47
1.079119999999999891e+03 2.788320000000000224e-47
1.079250000000000000e+03 2.788980000000000226e-47
1.079380000000000109e+03 2.789629999999999993e-47
1.079500000000000000e+03 2.790289999999999996e-47
1.079619999999999891e+03 2.790939999999999762e-47
1.079750000000000000e+03 2.791640000000000221e-47
1.079880000000000109e+03 2.792500000000000077e-47
1.080000000000000000e+03 2.793350000000000184e-47
1.080119999999999891e+03 2.794210000000000039e-47
1.080250000000000000e+03 2.795069999999999895e-47
1.080380000000000109e+03 2.795920000000000002e-47
1.080500000000000000e+03 2.796779999999999857e-47
1.080619999999999891e+03 2.797629999999999964e-47
1.080750000000000000e+03 2.798480000000000070e-47
1.080880000000000109e+03 2.799239999999999999e-47
1.081000000000000000e+03 2.799950000000000208e-47
1.081119999999999891e+03 2.800739999999999872e-47
1.081250000000000000e+03 2.801559999999999757e-47
1.081380000000000109e+03 2.802199999999999774e-47
1.081500000000000000e+03 2.802819999999999806e-47
1.081619999999999891e+03 2.803439999999999838e-47
1.081750000000000000e+03 2.804090000000000091e-47
1.081880000000000109e+03 2.804750000000000093e-47
1.082000000000000000e+03 2.805419999999999845e-47
1.082119999999999891e+03 2.806090000000000083e-47
1.082250000000000000e+03 2.806750000000000086e-47
1.082380000000000109e+03 2.807459999999999809e-47
1.082500000000000000e+03 2.808240000000000209e-47
1.082619999999999891e+03 2.808940000000000182e-47
1.082750000000000000e+03 2.809609999999999934e-47
1.082880000000000109e+03 2.810280000000000173e-47
1.083000000000000000e+03 2.811279999999999926e-47
1.083119999999999891e+03 2.811950000000000164e-47
1.083250000000000000e+03 2.812619999999999916e-47
1.083380000000000109e+03 2.813299999999999904e-47
1.083500000000000000e+03 2.813629999999999905e-47
1.083619999999999891e+03 2.814300000000000143e-47
1.083750000000000000e+03 2.814969999999999895e-47
1.083880000000000109e+03 2.815640000000000133e-47
1.084000000000000000e+03 2.816309999999999885e-47
1.084119999999999891e+03 2.816980000000000124e-47
1.084250000000000000e+03 2.817660000000000111e-47
1.084380000000000109e+03 2.818300000000000128e-47
1.084500000000000000e+03 2.818929999999999910e-47
1.084619999999999891e+03 2.819569999999999927e-47
1.084750000000000000e+03 2.820200000000000194e-47
1.084880000000000109e+03 2.820829999999999976e-47
1.085000000000000000e+03 2.821430000000000022e-47
1.085119999999999891e+03 2.822019999999999833e-47
1.085250000000000000e+03 2.822610000000000130e-47
1.085380000000000109e+03 2.823210000000000176e-47
1.085500000000000000e+03 2.823799999999999987e-47
1.085619999999999891e+03 2.824389999999999797e-47
1.085750000000000000e+03 2.824989999999999844e-47
1.085880000000000109e+03 2.825580000000000141e-47
1.086000000000000000e+03 2.826320000000000084e-47
1.086119999999999891e+03 2.826920000000000131e-47
1.086250000000000000e+03 2.827770000000000237e-47
1.086380000000000109e+03 2.828610000000000108e-47
1.086500000000000000e+03 2.829379999999999786e-47
1.086619999999999891e+03 2.830209999999999907e-47
1.086750000000000000e+03 2.830949999999999851e-47
1.086880000000000109e+03 2.831799999999999957e-47
1.087000000000000000e+03 2.832699999999999784e-47
1.087119999999999891e+03 2.833339999999999801e-47
1.087250000000000000e+03 2.834120000000000202e-47
1.087380000000000109e+03 2.834969999999999822e-47
1.087500000000000000e+03 2.835689999999999780e-47
1.087619999999999891e+03 2.836399999999999989e-47
1.087750000000000000e+03 2.837210000000000125e-47
1.087880000000000109e+03 2.837910000000000098e-47
1.088000000000000000e+03 2.838599999999999835e-47
1.088119999999999891e+03 2.839279999999999823e-47
1.088250000000000000e+03 2.839970000000000046e-47
1.088380000000000109e+03 2.840650000000000034e-47
1.088500000000000000e+03 2.841440000000000184e-47
1.088619999999999891e+03 2.842240000000000084e-47
1.088750000000000000e+03 2.843950000000000046e-47
1.088880000000000109e+03 2.844069999999999958e-47
1.089000000000000000e+03 2.844989999999999770e-47
1.089119999999999891e+03 2.845770000000000171e-47
1.089250000000000000e+03 2.846160000000000128e-47
1.089380000000000109e+03 2.847039999999999969e-47
1.089500000000000000e+03 2.847899999999999825e-47
1.089619999999999891e+03 2.848630000000000020e-47
1.089750000000000000e+03 2.849239999999999816e-47
1.089880000000000109e+03 2.849850000000000098e-47
1.090000000000000000e+03 2.850459999999999894e-47
1.090119999999999891e+03 2.851059999999999940e-47
1.090250000000000000e+03 2.851830000000000105e-47
1.090380000000000109e+03 2.852530000000000078e-47
1.090500000000000000e+03 2.853440000000000140e-47
1.090619999999999891e+03 2.854319999999999982e-47
1.090750000000000000e+03 2.855250000000000029e-47
1.090880000000000109e+03 2.856060000000000165e-47
1.091000000000000000e+03 2.856979999999999977e-47
1.091119999999999891e+03 2.857910000000000024e-47
1.091250000000000000e+03 2.858840000000000072e-47
1.091380000000000109e+03 2.859730000000000149e-47
1.091500000000000000e+03 2.860350000000000181e-47
1.091619999999999891e+03 2.860959999999999977e-47
1.091750000000000000e+03 2.861730000000000142e-47
1.091880000000000109e+03 2.862330000000000188e-47
1.092000000000000000e+03 2.862999999999999940e-47
1.092119999999999891e+03 2.863619999999999972e-47
1.092250000000000000e+03 2.864240000000000004e-47
1.092380000000000109e+03 2.864849999999999800e-47
1.092500000000000000e+03 2.865520000000000038e-47
1.092619999999999891e+03 2.866140000000000069e-47
1.092750000000000000e+03 2.866760000000000101e-47
1.092880000000000109e+03 2.867369999999999897e-47
1.093000000000000000e+03 2.868000000000000165e-47
1.093119999999999891e+03 2.868680000000000153e-47
1.093250000000000000e+03 2.869300000000000184e-47
1.093380000000000109e+03 2.869920000000000216e-47
1.093500000000000000e+03 2.870539999999999762e-47
1.093619999999999891e+03 2.871159999999999793e-47
1.093750000000000000e+03 2.871819999999999796e-47
1.093880000000000109e+03 2.872629999999999931e-47
1.094000000000000000e+03 2.873369999999999875e-47
1.094119999999999891e+03 2.873980000000000157e-47
1.094250000000000000e+03 2.874580000000000204e-47
1.094380000000000109e+03 2.875190000000000000e-47
1.094500000000000000e+03 2.875880000000000223e-47
1.094619999999999891e+03 2.876649999999999902e-47
1.094750000000000000e+03 2.877260000000000184e-47
1.094880000000000109e+03 2.877980000000000143e-47
1.095000000000000000e+03 2.878820000000000013e-47
1.095119999999999891e+03 2.879659999999999884e-47
1.095250000000000000e+03 2.880500000000000240e-47
1.095380000000000109e+03 2.881340000000000111e-47
1.095500000000000000e+03 2.882179999999999981e-47
1.095619999999999891e+03 2.883019999999999852e-47
1.095750000000000000e+03 2.883860000000000209e-47
1.095880000000000109e+03 2.884629999999999887e-47
1.096000000000000000e+03 2.885260000000000155e-47
1.096119999999999891e+03 2.885880000000000187e-47
1.096250000000000000e+03 2.886500000000000218e-47
1.096380000000000109e+03 2.887130000000000000e-47
1.096500000000000000e+03 2.887750000000000031e-47
1.096619999999999891e+03 2.888370000000000063e-47
1.096750000000000000e+03 2.888999999999999845e-47
1.096880000000000109e+03 2.889619999999999876e-47
1.097000000000000000e+03 2.890299999999999864e-47
1.097119999999999891e+03 2.891209999999999926e-47
1.097250000000000000e+03 2.892130000000000224e-47
1.097380000000000109e+03 2.893059999999999786e-47
1.097500000000000000e+03 2.894000000000000069e-47
1.097619999999999891e+03 2.894919999999999881e-47
1.097750000000000000e+03 2.895840000000000179e-47
1.097880000000000109e+03 2.896720000000000020e-47
1.098000000000000000e+03 2.897340000000000052e-47
1.098119999999999891e+03 2.898020000000000040e-47
1.098250000000000000e+03 2.898589999999999865e-47
1.098380000000000109e+03 2.899209999999999897e-47
1.098500000000000000e+03 2.899829999999999929e-47
1.098619999999999891e+03 2.900420000000000226e-47
1.098750000000000000e+03 2.901129999999999948e-47
1.098880000000000109e+03 2.901760000000000216e-47
1.099000000000000000e+03 2.902379999999999761e-47
1.099119999999999891e+03 2.902990000000000044e-47
1.099250000000000000e+03 2.903599999999999840e-47
1.099380000000000109e+03 2.904219999999999871e-47
1.099500000000000000e+03 2.904879999999999874e-47
1.099619999999999891e+03 2.905499999999999906e-47
1.099750000000000000e+03 2.906130000000000173e-47
1.099880000000000109e+03 2.906750000000000205e-47
1.100000000000000000e+03 2.907419999999999957e-47
1.100119999999999891e+03 2.908039999999999989e-47
1.100250000000000000e+03 2.908799999999999918e-47
1.100380000000000109e+03 2.909519999999999876e-47
1.100500000000000000e+03 2.910210000000000100e-47
1.100619999999999891e+03 2.911049999999999970e-47
1.100750000000000000e+03 2.911969999999999782e-47
1.100880000000000109e+03 2.912830000000000124e-47
1.101000000000000000e+03 2.913700000000000216e-47
1.101119999999999891e+03 2.914620000000000028e-47
1.101250000000000000e+03 2.915539999999999839e-47
1.101380000000000109e+03 2.916469999999999887e-47
1.101500000000000000e+03 2.917390000000000185e-47
1.101619999999999891e+03 2.918309999999999997e-47
1.101750000000000000e+03 2.919229999999999809e-47
1.101880000000000109e+03 2.920159999999999857e-47
1.102000000000000000e+03 2.921080000000000155e-47
1.102119999999999891e+03 2.922010000000000202e-47
1.102250000000000000e+03 2.922930000000000014e-47
1.102380000000000109e+03 2.923590000000000017e-47
1.102500000000000000e+03 2.924349999999999946e-47
1.102619999999999891e+03 2.925069999999999904e-47
1.102750000000000000e+03 2.925849999999999819e-47
1.102880000000000109e+03 2.926630000000000219e-47
1.103000000000000000e+03 2.927279999999999986e-47
1.103119999999999891e+03 2.927820000000000076e-47
1.103250000000000000e+03 2.928360000000000167e-47
1.103380000000000109e+03 2.928929999999999992e-47
1.103500000000000000e+03 2.929579999999999759e-47
1.103619999999999891e+03 2.930230000000000012e-47
1.103750000000000000e+03 2.930890000000000014e-47
1.103880000000000109e+03 2.931539999999999781e-47
1.104000000000000000e+03 2.932170000000000048e-47
1.104119999999999891e+03 2.932750000000000109e-47
1.104250000000000000e+03 2.933399999999999876e-47
1.104380000000000109e+03 2.934059999999999878e-47
1.104500000000000000e+03 2.934859999999999778e-47
1.104619999999999891e+03 2.935589999999999972e-47
1.104750000000000000e+03 2.936249999999999975e-47
1.104880000000000109e+03 2.936909999999999977e-47
1.105000000000000000e+03 2.937669999999999906e-47
1.105119999999999891e+03 2.939479999999999795e-47
1.105250000000000000e+03 2.940240000000000211e-47
1.105380000000000109e+03 2.940989999999999904e-47
1.105500000000000000e+03 2.941749999999999833e-47
1.105619999999999891e+03 2.942420000000000071e-47
1.105750000000000000e+03 2.943089999999999823e-47
1.105880000000000109e+03 2.943740000000000076e-47
1.106000000000000000e+03 2.944389999999999843e-47
1.106119999999999891e+03 2.944610000000000168e-47
1.106250000000000000e+03 2.945270000000000170e-47
1.106380000000000109e+03 2.945930000000000173e-47
1.106500000000000000e+03 2.946590000000000175e-47
1.106619999999999891e+03 2.947250000000000178e-47
1.106750000000000000e+03 2.947919999999999930e-47
1.106880000000000109e+03 2.948690000000000095e-47
1.107000000000000000e+03 2.949459999999999773e-47
1.107119999999999891e+03 2.950240000000000174e-47
1.107250000000000000e+03 2.950969999999999882e-47
1.107380000000000109e+03 2.951629999999999884e-47
1.107500000000000000e+03 2.952289999999999887e-47
1.107619999999999891e+03 2.952949999999999889e-47
1.107750000000000000e+03 2.953609999999999892e-47
1.107880000000000109e+03 2.954269999999999894e-47
1.108000000000000000e+03 2.954929999999999897e-47
1.108119999999999891e+03 2.955589999999999899e-47
1.108250000000000000e+03 2.956249999999999901e-47
1.108380000000000109e+03 2.956920000000000140e-47
1.108500000000000000e+03 2.957580000000000142e-47
1.108619999999999891e+03 2.958309999999999850e-47
1.108750000000000000e+03 2.959239999999999898e-47
1.108880000000000109e+03 2.959959999999999856e-47
1.109000000000000000e+03 2.960780000000000228e-47
1.109119999999999891e+03 2.961449999999999980e-47
1.109250000000000000e+03 2.961950000000000099e-47
1.109380000000000109e+03 2.962610000000000102e-47
1.109500000000000000e+03 2.963279999999999854e-47
1.109619999999999891e+03 2.963939999999999856e-47
1.109750000000000000e+03 2.964599999999999859e-47
1.109880000000000109e+03 2.965270000000000097e-47
1.110000000000000000e+03 2.966109999999999967e-47
1.110119999999999891e+03 2.966789999999999955e-47
1.110250000000000000e+03 2.967460000000000193e-47
1.110380000000000109e+03 2.968129999999999945e-47
1.110500000000000000e+03 2.968800000000000184e-47
1.110619999999999891e+03 2.969469999999999936e-47
1.110750000000000000e+03 2.970140000000000174e-47
1.110880000000000109e+03 2.970849999999999896e-47
1.111000000000000000e+03 2.971560000000000105e-47
1.111119999999999891e+03 2.972269999999999828e-47
1.111250000000000000e+03 2.972989999999999787e-47
1.111380000000000109e+03 2.973660000000000025e-47
1.111500000000000000e+03 2.974329999999999777e-47
1.111619999999999891e+03 2.975000000000000015e-47
1.111750000000000000e+03 2.975669999999999767e-47
1.111880000000000109e+03 2.976479999999999903e-47
1.112000000000000000e+03 2.976900000000000081e-47
1.112119999999999891e+03 2.977750000000000187e-47
1.112250000000000000e+03 2.978229999999999835e-47
1.112380000000000109e+03 2.978809999999999896e-47
1.112500000000000000e+03 2.979340000000000237e-47
1.112619999999999891e+03 2.979879999999999841e-47
1.112750000000000000e+03 2.980410000000000182e-47
1.112880000000000109e+03 2.980989999999999757e-47
1.113000000000000000e+03 2.981649999999999760e-47
1.113119999999999891e+03 2.982319999999999998e-47
1.113250000000000000e+03 2.982999999999999986e-47
1.113380000000000109e+03 2.983670000000000224e-47
1.113500000000000000e+03 2.984339999999999976e-47
1.113619999999999891e+03 2.985010000000000214e-47
1.113750000000000000e+03 2.985679999999999966e-47
1.113880000000000109e+03 2.986359999999999954e-47
1.114000000000000000e+03 2.987030000000000192e-47
1.114119999999999891e+03 2.987690000000000194e-47
1.114250000000000000e+03 2.988319999999999976e-47
1.114380000000000109e+03 2.988990000000000214e-47
1.114500000000000000e+03 2.989670000000000202e-47
1.114619999999999891e+03 2.990350000000000190e-47
1.114750000000000000e+03 2.991019999999999942e-47
1.114880000000000109e+03 2.991699999999999929e-47
1.115000000000000000e+03 2.992379999999999917e-47
1.115119999999999891e+03 2.993050000000000155e-47
1.115250000000000000e+03 2.993730000000000143e-47
1.115380000000000109e+03 2.994399999999999895e-47
1.115500000000000000e+03 2.995079999999999883e-47
1.115619999999999891e+03 2.995759999999999871e-47
1.115750000000000000e+03 2.996439999999999858e-47
1.115880000000000109e+03 2.997110000000000097e-47
1.116000000000000000e+03 2.997839999999999805e-47
1.116119999999999891e+03 2.998470000000000072e-47
1.116250000000000000e+03 2.999150000000000060e-47
1.116380000000000109e+03 2.999859999999999783e-47
1.116500000000000000e+03 3.000550000000000006e-47
1.116619999999999891e+03 3.001229999999999994e-47
1.116750000000000000e+03 3.001929999999999967e-47
1.116880000000000109e+03 3.002640000000000176e-47
1.117000000000000000e+03 3.003349999999999899e-47
1.117119999999999891e+03 3.004089999999999842e-47
1.117250000000000000e+03 3.004820000000000037e-47
1.117380000000000109e+03 3.005559999999999981e-47
1.117500000000000000e+03 3.006290000000000175e-47
1.117619999999999891e+03 3.006999999999999897e-47
1.117750000000000000e+03 3.007719999999999856e-47
1.117880000000000109e+03 3.008439999999999814e-47
1.118000000000000000e+03 3.009179999999999758e-47
1.118119999999999891e+03 3.009900000000000203e-47
1.118250000000000000e+03 3.010580000000000191e-47
1.118380000000000109e+03 3.011260000000000178e-47
1.118500000000000000e+03 3.011989999999999886e-47
1.118619999999999891e+03 3.012740000000000066e-47
1.118750000000000000e+03 3.013539999999999966e-47
1.118880000000000109e+03 3.014279999999999910e-47
1.119000000000000000e+03 3.015030000000000089e-47
1.119119999999999891e+03 3.015829999999999989e-47
1.119250000000000000e+03 3.016569999999999933e-47
1.119380000000000109e+03 3.017189999999999965e-47
1.119500000000000000e+03 3.017920000000000159e-47
1.119619999999999891e+03 3.018660000000000103e-47
1.119750000000000000e+03 3.019400000000000046e-47
1.119880000000000109e+03 3.020199999999999946e-47
1.120000000000000000e+03 3.020939999999999890e-47
1.120119999999999891e+03 3.021679999999999834e-47
1.120250000000000000e+03 3.022430000000000013e-47
1.120380000000000109e+03 3.023189999999999943e-47
1.120500000000000000e+03 3.023920000000000137e-47
1.120619999999999891e+03 3.024649999999999845e-47
1.120750000000000000e+03 3.025329999999999833e-47
1.120880000000000109e+03 3.026069999999999776e-47
1.121000000000000000e+03 3.026810000000000206e-47
1.121119999999999891e+03 3.027550000000000150e-47
1.121250000000000000e+03 3.028279999999999858e-47
1.121380000000000109e+03 3.029019999999999802e-47
1.121500000000000000e+03 3.029769999999999982e-47
1.121619999999999891e+03 3.030509999999999925e-47
1.121750000000000000e+03 3.031209999999999898e-47
1.121880000000000109e+03 3.031929999999999857e-47
1.122000000000000000e+03 3.032689999999999786e-47
1.122119999999999891e+03 3.033439999999999966e-47
1.122250000000000000e+03 3.034199999999999895e-47
1.122380000000000109e+03 3.034959999999999824e-47
1.122500000000000000e+03 3.035720000000000239e-47
1.122619999999999891e+03 3.036469999999999933e-47
1.122750000000000000e+03 3.037220000000000112e-47
1.122880000000000109e+03 3.037960000000000056e-47
1.123000000000000000e+03 3.038640000000000044e-47
1.123119999999999891e+03 3.039309999999999796e-47
1.123250000000000000e+03 3.039980000000000034e-47
1.123380000000000109e+03 3.040660000000000022e-47
1.123500000000000000e+03 3.041340000000000010e-47
1.123619999999999891e+03 3.042009999999999762e-47
1.123750000000000000e+03 3.042699999999999985e-47
1.123880000000000109e+03 3.043450000000000165e-47
1.124000000000000000e+03 3.044159999999999887e-47
1.124119999999999891e+03 3.044850000000000111e-47
1.124250000000000000e+03 3.045550000000000084e-47
1.124380000000000109e+03 3.046259999999999807e-47
1.124500000000000000e+03 3.046959999999999780e-47
1.124619999999999891e+03 3.047669999999999989e-47
1.124750000000000000e+03 3.048369999999999962e-47
1.124880000000000109e+03 3.049069999999999935e-47
1.125000000000000000e+03 3.050179999999999851e-47
1.125119999999999891e+03 3.050899999999999809e-47
1.125250000000000000e+03 3.051570000000000047e-47
1.125380000000000109e+03 3.052239999999999799e-47
1.125500000000000000e+03 3.052910000000000038e-47
1.125619999999999891e+03 3.053579999999999790e-47
1.125750000000000000e+03 3.054250000000000028e-47
1.125880000000000109e+03 3.054739999999999912e-47
1.126000000000000000e+03 3.055519999999999826e-47
1.126119999999999891e+03 3.056289999999999991e-47
1.126250000000000000e+03 3.057009999999999950e-47
1.126380000000000109e+03 3.057720000000000158e-47
1.126500000000000000e+03 3.058449999999999867e-47
1.126619999999999891e+03 3.059229999999999781e-47
1.126750000000000000e+03 3.060010000000000182e-47
1.126880000000000109e+03 3.060790000000000096e-47
1.127000000000000000e+03 3.061570000000000011e-47
1.127119999999999891e+03 3.062320000000000190e-47
1.127250000000000000e+03 3.063060000000000134e-47
1.127380000000000109e+03 3.063800000000000078e-47
1.127500000000000000e+03 3.064540000000000022e-47
1.127619999999999891e+03 3.065279999999999965e-47
1.127750000000000000e+03 3.066019999999999909e-47
1.127880000000000109e+03 3.066750000000000103e-47
1.128000000000000000e+03 3.067459999999999826e-47
1.128119999999999891e+03 3.068170000000000035e-47
1.128250000000000000e+03 3.068870000000000008e-47
1.128380000000000109e+03 3.069580000000000217e-47
1.128500000000000000e+03 3.070289999999999940e-47
1.128619999999999891e+03 3.071000000000000149e-47
1.128750000000000000e+03 3.071709999999999871e-47
1.128880000000000109e+03 3.072420000000000080e-47
1.129000000000000000e+03 3.073149999999999788e-47
1.129119999999999891e+03 3.073899999999999968e-47
1.129250000000000000e+03 3.074710000000000103e-47
1.129380000000000109e+03 3.075370000000000106e-47
1.129500000000000000e+03 3.076090000000000064e-47
1.129619999999999891e+03 3.076839999999999758e-47
1.129750000000000000e+03 3.077549999999999967e-47
1.129880000000000109e+03 3.078269999999999925e-47
1.130000000000000000e+03 3.078980000000000134e-47
1.130119999999999891e+03 3.079689999999999857e-47
1.130250000000000000e+03 3.080400000000000065e-47
1.130380000000000109e+03 3.081109999999999788e-47
1.130500000000000000e+03 3.081830000000000233e-47
1.130619999999999891e+03 3.082539999999999956e-47
1.130750000000000000e+03 3.083250000000000164e-47
1.130880000000000109e+03 3.083970000000000123e-47
1.131000000000000000e+03 3.084679999999999846e-47
1.131119999999999891e+03 3.085399999999999804e-47
1.131250000000000000e+03 3.086110000000000013e-47
1.131380000000000109e+03 3.086829999999999971e-47
1.131500000000000000e+03 3.087540000000000180e-47
1.131619999999999891e+03 3.088329999999999844e-47
1.131750000000000000e+03 3.089130000000000230e-47
1.131880000000000109e+03 3.089930000000000130e-47
1.132000000000000000e+03 3.090730000000000030e-47
1.132119999999999891e+03 3.091529999999999930e-47
1.132250000000000000e+03 3.092329999999999830e-47
1.132380000000000109e+03 3.093130000000000216e-47
1.132500000000000000e+03 3.093979999999999836e-47
1.132619999999999891e+03 3.094739999999999765e-47
1.132750000000000000e+03 3.095500000000000180e-47
1.132880000000000109e+03 3.096260000000000109e-47
1.133000000000000000e+03 3.097020000000000038e-47
1.133119999999999891e+03 3.097790000000000203e-47
1.133250000000000000e+03 3.098570000000000118e-47
1.133380000000000109e+03 3.099339999999999797e-47
1.133500000000000000e+03 3.100080000000000227e-47
1.133619999999999891e+03 3.100809999999999935e-47
1.133750000000000000e+03 3.101540000000000129e-47
1.133880000000000109e+03 3.102280000000000073e-47
1.134000000000000000e+03 3.103009999999999781e-47
1.134119999999999891e+03 3.103750000000000211e-47
1.134250000000000000e+03 3.104479999999999919e-47
1.134380000000000109e+03 3.105219999999999863e-47
1.134500000000000000e+03 3.105959999999999806e-47
1.134619999999999891e+03 3.106700000000000236e-47
1.134750000000000000e+03 3.107440000000000180e-47
1.134880000000000109e+03 3.108180000000000124e-47
1.135000000000000000e+03 3.108929999999999817e-47
1.135119999999999891e+03 3.109719999999999968e-47
1.135250000000000000e+03 3.110599999999999809e-47
1.135380000000000109e+03 3.111360000000000224e-47
1.135500000000000000e+03 3.112029999999999976e-47
1.135619999999999891e+03 3.112659999999999757e-47
1.135750000000000000e+03 3.113409999999999937e-47
1.135880000000000109e+03 3.114160000000000117e-47
1.136000000000000000e+03 3.114920000000000046e-47
1.136119999999999891e+03 3.115670000000000225e-47
1.136250000000000000e+03 3.116430000000000154e-47
1.136380000000000109e+03 3.117190000000000084e-47
1.136500000000000000e+03 3.117950000000000013e-47
1.136619999999999891e+03 3.118709999999999942e-47
1.136750000000000000e+03 3.119480000000000107e-47
1.136880000000000109e+03 3.120249999999999785e-47
1.137000000000000000e+03 3.121019999999999950e-47
1.137119999999999891e+03 3.121790000000000115e-47
1.137250000000000000e+03 3.122570000000000030e-47
1.137380000000000109e+03 3.123349999999999944e-47
1.137500000000000000e+03 3.124129999999999859e-47
1.137619999999999891e+03 3.124920000000000009e-47
1.137750000000000000e+03 3.125569999999999776e-47
1.137880000000000109e+03 3.126160000000000072e-47
1.138000000000000000e+03 3.126749999999999883e-47
1.138119999999999891e+03 3.127489999999999827e-47
1.138250000000000000e+03 3.128279999999999977e-47
1.138380000000000109e+03 3.129110000000000098e-47
1.138500000000000000e+03 3.130080000000000116e-47
1.138619999999999891e+03 3.131059999999999884e-47
1.138750000000000000e+03 3.131719999999999887e-47
1.138880000000000109e+03 3.132310000000000184e-47
1.139000000000000000e+03 3.133050000000000127e-47
1.139119999999999891e+03 3.133839999999999791e-47
1.139250000000000000e+03 3.134689999999999898e-47
1.139380000000000109e+03 3.135540000000000004e-47
1.139500000000000000e+03 3.136370000000000125e-47
1.139619999999999891e+03 3.137150000000000039e-47
1.139750000000000000e+03 3.138330000000000147e-47
1.139880000000000109e+03 3.138709999999999868e-47
1.140000000000000000e+03 3.139489999999999783e-47
1.140119999999999891e+03 3.140270000000000184e-47
1.140250000000000000e+03 3.141059999999999848e-47
1.140380000000000109e+03 3.141839999999999762e-47
1.140500000000000000e+03 3.142620000000000163e-47
1.140619999999999891e+03 3.143409999999999827e-47
1.140750000000000000e+03 3.144190000000000227e-47
1.140880000000000109e+03 3.145019999999999862e-47
1.141000000000000000e+03 3.146020000000000102e-47
1.141119999999999891e+03 3.147059999999999826e-47
1.141250000000000000e+03 3.147909999999999932e-47
1.141380000000000109e+03 3.148689999999999846e-47
1.141500000000000000e+03 3.149579999999999923e-47
1.141619999999999891e+03 3.150749999999999795e-47
1.141750000000000000e+03 3.151960000000000124e-47
1.141880000000000109e+03 3.153079999999999789e-47
1.142000000000000000e+03 3.154000000000000087e-47
1.142119999999999891e+03 3.155120000000000238e-47
1.142250000000000000e+03 3.156009999999999829e-47
1.142380000000000109e+03 3.156830000000000201e-47
1.142500000000000000e+03 3.157619999999999865e-47
1.142619999999999891e+03 3.158399999999999779e-47
1.142750000000000000e+03 3.159189999999999929e-47
1.142880000000000109e+03 3.159969999999999844e-47
1.143000000000000000e+03 3.160759999999999994e-47
1.143119999999999891e+03 3.161550000000000144e-47
1.143250000000000000e+03 3.162330000000000059e-47
1.143380000000000109e+03 3.163120000000000209e-47
1.143500000000000000e+03 3.163909999999999873e-47
1.143619999999999891e+03 3.164700000000000023e-47
1.143750000000000000e+03 3.165490000000000174e-47
1.143880000000000109e+03 3.166290000000000073e-47
1.144000000000000000e+03 3.167080000000000224e-47
1.144119999999999891e+03 3.167889999999999873e-47
1.144250000000000000e+03 3.168890000000000112e-47
1.144380000000000109e+03 3.169690000000000012e-47
1.144500000000000000e+03 3.170489999999999912e-47
1.144619999999999891e+03 3.171289999999999812e-47
1.144750000000000000e+03 3.172090000000000198e-47
1.144880000000000109e+03 3.174369999999999985e-47
1.145000000000000000e+03 3.175300000000000033e-47
1.145119999999999891e+03 3.176199999999999860e-47
1.145250000000000000e+03 3.177040000000000216e-47
1.145380000000000109e+03 3.177880000000000087e-47
1.145500000000000000e+03 3.178719999999999957e-47
1.145619999999999891e+03 3.179559999999999828e-47
1.145750000000000000e+03 3.180400000000000184e-47
1.145880000000000109e+03 3.181249999999999805e-47
1.146000000000000000e+03 3.182090000000000161e-47
1.146119999999999891e+03 3.182939999999999781e-47
1.146250000000000000e+03 3.183789999999999888e-47
1.146380000000000109e+03 3.184629999999999758e-47
1.146500000000000000e+03 3.185479999999999864e-47
1.146619999999999891e+03 3.186329999999999971e-47
1.146750000000000000e+03 3.187180000000000077e-47
1.146880000000000109e+03 3.188030000000000183e-47
1.147000000000000000e+03 3.188890000000000039e-47
1.147119999999999891e+03 3.189740000000000145e-47
1.147250000000000000e+03 3.190600000000000001e-47
1.147380000000000109e+03 3.191459999999999857e-47
1.147500000000000000e+03 3.192329999999999949e-47
1.147619999999999891e+03 3.193189999999999804e-47
1.147750000000000000e+03 3.194050000000000146e-47
1.147880000000000109e+03 3.194679999999999928e-47
1.148000000000000000e+03 3.195669999999999931e-47
1.148119999999999891e+03 3.196590000000000230e-47
1.148250000000000000e+03 3.197450000000000085e-47
1.148380000000000109e+03 3.198300000000000192e-47
1.148500000000000000e+03 3.199149999999999812e-47
1.148619999999999891e+03 3.200010000000000154e-47
1.148750000000000000e+03 3.200340000000000155e-47
1.148880000000000109e+03 3.200159999999999801e-47
1.149000000000000000e+03 3.201180000000000026e-47
1.149119999999999891e+03 3.202199999999999764e-47
1.149250000000000000e+03 3.203219999999999989e-47
1.149380000000000109e+03 3.204240000000000214e-47
1.149500000000000000e+03 3.205270000000000188e-47
1.149619999999999891e+03 3.206289999999999927e-47
1.149750000000000000e+03 3.207250000000000195e-47
1.149880000000000109e+03 3.208220000000000214e-47
1.150000000000000000e+03 3.208369999999999861e-47
1.150119999999999891e+03 3.208369999999999861e-47
1.150250000000000000e+03 3.208619999999999920e-47
1.150380000000000109e+03 3.209419999999999820e-47
1.150500000000000000e+03 3.210200000000000221e-47
1.150619999999999891e+03 3.211049999999999841e-47
1.150750000000000000e+03 3.211919999999999933e-47
1.150880000000000109e+03 3.212790000000000024e-47
1.151000000000000000e+03 3.213680000000000101e-47
1.151119999999999891e+03 3.214570000000000178e-47
1.151250000000000000e+03 3.215459999999999769e-47
1.151380000000000109e+03 3.216360000000000082e-47
1.151500000000000000e+03 3.217259999999999908e-47
1.151619999999999891e+03 3.218169999999999970e-47
1.151750000000000000e+03 3.219089999999999782e-47
1.151880000000000109e+03 3.220010000000000080e-47
1.152000000000000000e+03 3.220940000000000128e-47
1.152119999999999891e+03 3.221870000000000176e-47
1.152250000000000000e+03 3.222820000000000209e-47
1.152380000000000109e+03 3.223770000000000242e-47
1.152500000000000000e+03 3.224730000000000024e-47
1.152619999999999891e+03 3.225700000000000042e-47
1.152750000000000000e+03 3.226679999999999810e-47
1.152880000000000109e+03 3.227669999999999814e-47
1.153000000000000000e+03 3.228670000000000053e-47
1.153119999999999891e+03 3.229689999999999792e-47
1.153250000000000000e+03 3.230719999999999766e-47
1.153380000000000109e+03 3.231759999999999976e-47
1.153500000000000000e+03 3.232820000000000172e-47
1.153619999999999891e+03 3.233899999999999866e-47
1.153750000000000000e+03 3.234989999999999797e-47
1.153880000000000109e+03 3.236109999999999948e-47
1.154000000000000000e+03 3.237250000000000085e-47
1.154119999999999891e+03 3.238360000000000001e-47
1.154250000000000000e+03 3.239369999999999990e-47
1.154380000000000109e+03 3.240399999999999964e-47
1.154500000000000000e+03 3.241469999999999909e-47
1.154619999999999891e+03 3.242570000000000075e-47
1.154750000000000000e+03 3.243710000000000212e-47
1.154880000000000109e+03 3.244880000000000084e-47
1.155000000000000000e+03 3.246109999999999912e-47
1.155119999999999891e+03 3.247380000000000196e-47
1.155250000000000000e+03 3.248829999999999863e-47
1.155380000000000109e+03 3.250419999999999913e-47
1.155500000000000000e+03 3.252069999999999919e-47
1.155619999999999891e+03 3.253779999999999881e-47
1.155750000000000000e+03 3.255409999999999902e-47
1.155880000000000109e+03 3.257280000000000233e-47
1.156000000000000000e+03 3.259269999999999990e-47
1.156119999999999891e+03 3.261420000000000115e-47
1.156250000000000000e+03 3.263509999999999799e-47
1.156380000000000109e+03 3.265889999999999999e-47
1.156500000000000000e+03 3.268299999999999935e-47
1.156619999999999891e+03 3.271019999999999886e-47
1.156750000000000000e+03 3.273480000000000027e-47
1.156880000000000109e+03 3.277579999999999939e-47
1.157000000000000000e+03 3.280190000000000214e-47
1.157119999999999891e+03 3.284020000000000081e-47
1.157250000000000000e+03 3.288689999999999818e-47
1.157380000000000109e+03 3.294020000000000044e-47
1.157500000000000000e+03 3.300279999999999832e-47
1.157619999999999891e+03 3.308170000000000126e-47
1.157750000000000000e+03 3.317530000000000072e-47
1.157880000000000109e+03 3.327930000000000229e-47
1.158000000000000000e+03 3.340730000000000084e-47
1.158119999999999891e+03 3.355310000000000094e-47
1.158250000000000000e+03 3.375330000000000006e-47
1.158380000000000109e+03 3.401520000000000014e-47
1.158500000000000000e+03 3.436020000000000009e-47
1.158619999999999891e+03 3.478480000000000004e-47
1.158750000000000000e+03 3.529119999999999837e-47
1.158880000000000109e+03 3.613470000000000002e-47
1.159000000000000000e+03 3.746530000000000199e-47
1.159119999999999891e+03 3.952600000000000120e-47
1.159250000000000000e+03 4.322869999999999779e-47
1.159380000000000109e+03 5.089410000000000460e-47
1.159500000000000000e+03 7.464750000000000484e-47
1.159619999999999891e+03 2.013470000000000140e-46
1.159750000000000000e+03 9.535780000000000442e-46
1.159880000000000109e+03 1.295420000000000042e-46
1.160000000000000000e+03 6.321729999999999591e-47
1.160119999999999891e+03 4.773150000000000352e-47
1.160250000000000000e+03 4.163009999999999778e-47
1.160380000000000109e+03 3.868839999999999767e-47
1.160500000000000000e+03 3.682319999999999858e-47
1.160619999999999891e+03 3.590679999999999932e-47
1.160750000000000000e+03 3.531819999999999803e-47
1.160880000000000109e+03 3.485399999999999794e-47
1.161000000000000000e+03 3.445999999999999987e-47
1.161119999999999891e+03 3.415160000000000227e-47
1.161250000000000000e+03 3.390900000000000019e-47
1.161380000000000109e+03 3.371990000000000023e-47
1.161500000000000000e+03 3.357799999999999971e-47
1.161619999999999891e+03 3.346650000000000121e-47
1.161750000000000000e+03 3.338489999999999781e-47
1.161880000000000109e+03 3.332190000000000023e-47
1.162000000000000000e+03 3.326969999999999960e-47
1.162119999999999891e+03 3.322899999999999783e-47
1.162250000000000000e+03 3.320070000000000155e-47
1.162380000000000109e+03 3.317339999999999968e-47
1.162500000000000000e+03 3.314629999999999767e-47
1.162619999999999891e+03 3.312640000000000010e-47
1.162750000000000000e+03 3.310710000000000209e-47
1.162880000000000109e+03 3.309680000000000235e-47
1.163000000000000000e+03 3.308879999999999849e-47
1.163119999999999891e+03 3.307849999999999874e-47
1.163250000000000000e+03 3.307329999999999769e-47
1.163380000000000109e+03 3.306710000000000224e-47
1.163500000000000000e+03 3.306219999999999854e-47
1.163619999999999891e+03 3.305849999999999882e-47
1.163750000000000000e+03 3.305639999999999793e-47
1.163880000000000109e+03 3.305689999999999999e-47
1.164000000000000000e+03 3.306070000000000207e-47
1.164119999999999891e+03 3.306290000000000046e-47
1.164250000000000000e+03 3.306400000000000208e-47
1.164380000000000109e+03 3.306020000000000000e-47
1.164500000000000000e+03 3.305920000000000074e-47
1.164619999999999891e+03 3.305900000000000088e-47
1.164750000000000000e+03 3.306210000000000104e-47
1.164880000000000109e+03 3.306549999999999855e-47
1.165000000000000000e+03 3.306990000000000019e-47
1.165119999999999891e+03 3.307470000000000153e-47
1.165250000000000000e+03 3.307969999999999787e-47
1.165380000000000109e+03 3.308489999999999892e-47
1.165500000000000000e+03 3.309029999999999982e-47
1.165619999999999891e+03 3.309579999999999822e-47
1.165750000000000000e+03 3.310119999999999912e-47
1.165880000000000109e+03 3.310679999999999988e-47
1.166000000000000000e+03 3.311240000000000064e-47
1.166119999999999891e+03 3.311820000000000125e-47
1.166250000000000000e+03 3.312409999999999936e-47
1.166380000000000109e+03 3.313020000000000218e-47
1.166500000000000000e+03 3.313649999999999999e-47
1.166619999999999891e+03 3.314369999999999957e-47
1.166750000000000000e+03 3.315849999999999845e-47
1.166880000000000109e+03 3.317849999999999838e-47
1.167000000000000000e+03 3.331089999999999857e-47
1.167119999999999891e+03 3.375420000000000183e-47
1.167250000000000000e+03 3.457979999999999958e-47
1.167380000000000109e+03 3.672660000000000132e-47
1.167500000000000000e+03 5.565630000000000009e-47
1.167619999999999891e+03 2.173949999999999979e-46
1.167750000000000000e+03 2.529610000000000068e-45
1.167880000000000109e+03 1.917070000000000008e-46
1.168000000000000000e+03 5.874810000000000445e-47
1.168119999999999891e+03 3.833030000000000003e-47
1.168250000000000000e+03 3.440460000000000158e-47
1.168380000000000109e+03 3.352610000000000128e-47
1.168500000000000000e+03 3.331729999999999874e-47
1.168619999999999891e+03 3.326309999999999957e-47
1.168750000000000000e+03 3.325809999999999838e-47
1.168880000000000109e+03 3.326110000000000104e-47
1.169000000000000000e+03 3.326670000000000180e-47
1.169119999999999891e+03 3.327000000000000181e-47
1.169250000000000000e+03 3.327720000000000139e-47
1.169380000000000109e+03 3.328429999999999862e-47
1.169500000000000000e+03 3.329140000000000071e-47
1.169619999999999891e+03 3.329860000000000029e-47
1.169750000000000000e+03 3.330480000000000061e-47
1.169880000000000109e+03 3.330960000000000196e-47
1.170000000000000000e+03 3.331439999999999844e-47
1.170119999999999891e+03 3.331930000000000214e-47
1.170250000000000000e+03 3.332420000000000098e-47
1.170380000000000109e+03 3.333049999999999879e-47
1.170500000000000000e+03 3.333689999999999896e-47
1.170619999999999891e+03 3.334329999999999913e-47
1.170750000000000000e+03 3.334980000000000166e-47
1.170880000000000109e+03 3.335629999999999933e-47
1.171000000000000000e+03 3.336289999999999935e-47
1.171119999999999891e+03 3.336940000000000188e-47
1.171250000000000000e+03 3.337680000000000132e-47
1.171380000000000109e+03 3.338429999999999825e-47
1.171500000000000000e+03 3.339169999999999769e-47
1.171619999999999891e+03 3.339919999999999949e-47
1.171750000000000000e+03 3.340670000000000128e-47
1.171880000000000109e+03 3.341419999999999822e-47
1.172000000000000000e+03 3.342180000000000237e-47
1.172119999999999891e+03 3.342940000000000166e-47
1.172250000000000000e+03 3.343689999999999860e-47
1.172380000000000109e+03 3.344449999999999789e-47
1.172500000000000000e+03 3.345219999999999954e-47
1.172619999999999891e+03 3.345979999999999883e-47
1.172750000000000000e+03 3.346750000000000048e-47
1.172880000000000109e+03 3.347509999999999977e-47
1.173000000000000000e+03 3.348280000000000142e-47
1.173119999999999891e+03 3.349049999999999820e-47
1.173250000000000000e+03 3.349819999999999985e-47
1.173380000000000109e+03 3.352619999999999878e-47
1.173500000000000000e+03 3.353600000000000132e-47
1.173619999999999891e+03 3.351819999999999978e-47
1.173750000000000000e+03 3.352459999999999995e-47
1.173880000000000109e+03 3.353119999999999998e-47
1.174000000000000000e+03 3.353879999999999927e-47
1.174119999999999891e+03 3.354650000000000092e-47
1.174250000000000000e+03 3.355399999999999785e-47
1.174380000000000109e+03 3.356070000000000023e-47
1.174500000000000000e+03 3.356750000000000011e-47
1.174619999999999891e+03 3.357429999999999999e-47
1.174750000000000000e+03 3.358209999999999913e-47
1.174880000000000109e+03 3.358989999999999828e-47
1.175000000000000000e+03 3.359770000000000228e-47
1.175119999999999891e+03 3.360559999999999892e-47
1.175250000000000000e+03 3.361339999999999807e-47
1.175380000000000109e+03 3.362120000000000208e-47
1.175500000000000000e+03 3.362909999999999872e-47
1.175619999999999891e+03 3.363669999999999801e-47
1.175750000000000000e+03 3.364410000000000231e-47
1.175880000000000109e+03 3.365150000000000175e-47
1.176000000000000000e+03 3.365890000000000118e-47
1.176119999999999891e+03 3.366630000000000062e-47
1.176250000000000000e+03 3.367370000000000006e-47
1.176380000000000109e+03 3.368120000000000186e-47
1.176500000000000000e+03 3.368860000000000129e-47
1.176619999999999891e+03 3.369469999999999925e-47
1.176750000000000000e+03 3.370200000000000120e-47
1.176880000000000109e+03 3.371020000000000005e-47
1.177000000000000000e+03 3.371839999999999890e-47
1.177119999999999891e+03 3.372659999999999775e-47
1.177250000000000000e+03 3.373480000000000146e-47
1.177380000000000109e+03 3.374300000000000032e-47
1.177500000000000000e+03 3.375119999999999917e-47
1.177619999999999891e+03 3.375939999999999802e-47
1.177750000000000000e+03 3.376760000000000173e-47
1.177880000000000109e+03 3.377580000000000058e-47
1.178000000000000000e+03 3.378399999999999944e-47
1.178119999999999891e+03 3.379230000000000065e-47
1.178250000000000000e+03 3.380049999999999950e-47
1.178380000000000109e+03 3.380860000000000085e-47
1.178500000000000000e+03 3.381679999999999970e-47
1.178619999999999891e+03 3.382499999999999856e-47
1.178750000000000000e+03 3.383320000000000227e-47
1.178880000000000109e+03 3.384149999999999862e-47
1.179000000000000000e+03 3.384970000000000233e-47
1.179119999999999891e+03 3.385799999999999868e-47
1.179250000000000000e+03 3.386620000000000239e-47
1.179380000000000109e+03 3.387440000000000124e-47
1.179500000000000000e+03 3.388249999999999774e-47
1.179619999999999891e+03 3.389070000000000145e-47
1.179750000000000000e+03 3.389899999999999780e-47
1.179880000000000109e+03 3.390720000000000151e-47
1.180000000000000000e+03 3.391549999999999786e-47
1.180119999999999891e+03 3.392370000000000157e-47
1.180250000000000000e+03 3.393199999999999792e-47
1.180380000000000109e+03 3.394029999999999913e-47
1.180500000000000000e+03 3.394840000000000049e-47
1.180619999999999891e+03 3.395570000000000243e-47
1.180750000000000000e+03 3.396390000000000128e-47
1.180880000000000109e+03 3.397159999999999807e-47
1.181000000000000000e+03 3.397960000000000193e-47
1.181119999999999891e+03 3.398740000000000107e-47
1.181250000000000000e+03 3.399520000000000022e-47
1.181380000000000109e+03 3.400310000000000172e-47
1.181500000000000000e+03 3.401090000000000086e-47
1.181619999999999891e+03 3.401880000000000237e-47
1.181750000000000000e+03 3.402669999999999901e-47
1.181880000000000109e+03 3.403409999999999844e-47
1.182000000000000000e+03 3.404100000000000068e-47
1.182119999999999891e+03 3.404820000000000026e-47
1.182250000000000000e+03 3.405530000000000235e-47
1.182380000000000109e+03 3.406219999999999973e-47
1.182500000000000000e+03 3.406890000000000211e-47
1.182619999999999891e+03 3.407639999999999904e-47
1.182750000000000000e+03 3.408399999999999833e-47
1.182880000000000109e+03 3.409150000000000013e-47
1.183000000000000000e+03 3.409900000000000193e-47
1.183119999999999891e+03 3.410649999999999886e-47
1.183250000000000000e+03 3.411409999999999815e-47
1.183380000000000109e+03 3.412159999999999995e-47
1.183500000000000000e+03 3.412910000000000174e-47
1.183619999999999891e+03 3.413670000000000103e-47
1.183750000000000000e+03 3.414419999999999797e-47
1.183880000000000109e+03 3.415169999999999976e-47
1.184000000000000000e+03 3.415929999999999905e-47
1.184119999999999891e+03 3.416680000000000085e-47
1.184250000000000000e+03 3.417440000000000014e-47
1.184380000000000109e+03 3.418190000000000194e-47
1.184500000000000000e+03 3.418939999999999887e-47
1.184619999999999891e+03 3.419699999999999816e-47
1.184750000000000000e+03 3.420449999999999996e-47
1.184880000000000109e+03 3.421209999999999925e-47
1.185000000000000000e+03 3.421960000000000105e-47
1.185119999999999891e+03 3.422720000000000034e-47
1.185250000000000000e+03 3.423530000000000169e-47
1.185380000000000109e+03 3.424339999999999819e-47
1.185500000000000000e+03 3.425149999999999954e-47
1.185619999999999891e+03 3.425960000000000090e-47
1.185750000000000000e+03 3.426770000000000225e-47
1.185880000000000109e+03 3.427590000000000111e-47
1.186000000000000000e+03 3.428399999999999760e-47
1.186119999999999891e+03 3.429240000000000117e-47
1.186250000000000000e+03 3.430079999999999987e-47
1.186380000000000109e+03 3.430910000000000108e-47
1.186500000000000000e+03 3.431679999999999787e-47
1.186619999999999891e+03 3.432389999999999996e-47
1.186750000000000000e+03 3.433100000000000205e-47
1.186880000000000109e+03 3.433820000000000163e-47
1.187000000000000000e+03 3.434529999999999886e-47
1.187119999999999891e+03 3.435240000000000095e-47
1.187250000000000000e+03 3.435949999999999817e-47
1.187380000000000109e+03 3.436660000000000026e-47
1.187500000000000000e+03 3.437370000000000235e-47
1.187619999999999891e+03 3.438079999999999958e-47
1.187750000000000000e+03 3.438790000000000167e-47
1.187880000000000109e+03 3.439499999999999889e-47
1.188000000000000000e+03 3.440509999999999878e-47
1.188119999999999891e+03 3.440919999999999821e-47
1.188250000000000000e+03 3.441630000000000030e-47
1.188380000000000109e+03 3.442360000000000224e-47
1.188500000000000000e+03 3.443120000000000153e-47
1.188619999999999891e+03 3.443880000000000082e-47
1.188750000000000000e+03 3.444640000000000012e-47
1.188880000000000109e+03 3.445339999999999985e-47
1.189000000000000000e+03 3.446039999999999958e-47
1.189119999999999891e+03 3.446750000000000167e-47
1.189250000000000000e+03 3.447479999999999875e-47
1.189380000000000109e+03 3.448210000000000069e-47
1.189500000000000000e+03 3.448950000000000013e-47
1.189619999999999891e+03 3.449709999999999942e-47
1.189750000000000000e+03 3.450460000000000121e-47
1.189880000000000109e+03 3.451450000000000125e-47
1.190000000000000000e+03 3.452210000000000054e-47
1.190119999999999891e+03 3.452969999999999983e-47
1.190250000000000000e+03 3.453729999999999913e-47
1.190380000000000109e+03 3.454239999999999782e-47
1.190500000000000000e+03 3.454989999999999961e-47
1.190619999999999891e+03 3.455709999999999920e-47
1.190750000000000000e+03 3.456440000000000114e-47
1.190880000000000109e+03 3.457160000000000073e-47
1.191000000000000000e+03 3.457889999999999781e-47
1.191119999999999891e+03 3.458619999999999975e-47
1.191250000000000000e+03 3.459339999999999933e-47
1.191380000000000109e+03 3.460070000000000127e-47
1.191500000000000000e+03 3.460799999999999835e-47
1.191619999999999891e+03 3.461600000000000221e-47
1.191750000000000000e+03 3.462409999999999871e-47
1.191880000000000109e+03 3.463230000000000242e-47
1.192000000000000000e+03 3.464070000000000113e-47
1.192119999999999891e+03 3.464920000000000219e-47
1.192250000000000000e+03 3.465769999999999839e-47
1.192380000000000109e+03 3.466559999999999989e-47
1.192500000000000000e+03 3.467350000000000140e-47
1.192619999999999891e+03 3.468139999999999804e-47
1.192750000000000000e+03 3.468920000000000204e-47
1.192880000000000109e+03 3.469709999999999868e-47
1.193000000000000000e+03 3.470500000000000019e-47
1.193119999999999891e+03 3.471270000000000184e-47
1.193250000000000000e+03 3.471970000000000157e-47
1.193380000000000109e+03 3.472699999999999865e-47
1.193500000000000000e+03 3.473459999999999794e-47
1.193619999999999891e+03 3.474189999999999988e-47
1.193750000000000000e+03 3.474860000000000226e-47
1.193880000000000109e+03 3.475529999999999978e-47
1.194000000000000000e+03 3.476200000000000217e-47
1.194119999999999891e+03 3.476869999999999969e-47
1.194250000000000000e+03 3.477540000000000207e-47
1.194380000000000109e+03 3.478260000000000165e-47
1.194500000000000000e+03 3.478989999999999873e-47
1.194619999999999891e+03 3.479709999999999832e-47
1.194750000000000000e+03 3.480440000000000026e-47
1.194880000000000109e+03 3.481170000000000220e-47
1.195000000000000000e+03 3.481970000000000120e-47
1.195119999999999891e+03 3.482790000000000005e-47
1.195250000000000000e+03 3.483600000000000141e-47
1.195380000000000109e+03 3.484420000000000026e-47
1.195500000000000000e+03 3.485239999999999911e-47
1.195619999999999891e+03 3.486050000000000047e-47
1.195750000000000000e+03 3.486869999999999932e-47
1.195880000000000109e+03 3.487689999999999817e-47
1.196000000000000000e+03 3.488510000000000188e-47
1.196119999999999891e+03 3.489319999999999838e-47
1.196250000000000000e+03 3.490140000000000209e-47
1.196380000000000109e+03 3.490960000000000094e-47
1.196500000000000000e+03 3.491770000000000230e-47
1.196619999999999891e+03 3.492590000000000115e-47
1.196750000000000000e+03 3.493410000000000000e-47
1.196880000000000109e+03 3.494229999999999885e-47
1.197000000000000000e+03 3.495049999999999771e-47
1.197119999999999891e+03 3.495859999999999906e-47
1.197250000000000000e+03 3.496679999999999791e-47
1.197380000000000109e+03 3.497500000000000163e-47
1.197500000000000000e+03 3.498349999999999783e-47
1.197619999999999891e+03 3.500780000000000189e-47
1.197750000000000000e+03 3.501600000000000075e-47
1.197880000000000109e+03 3.502419999999999960e-47
1.198000000000000000e+03 3.503230000000000095e-47
1.198119999999999891e+03 3.504049999999999981e-47
1.198250000000000000e+03 3.505179999999999882e-47
1.198380000000000109e+03 3.506300000000000033e-47
1.198500000000000000e+03 3.507409999999999949e-47
1.198619999999999891e+03 3.508200000000000099e-47
1.198750000000000000e+03 3.508999999999999999e-47
1.198880000000000109e+03 3.509750000000000178e-47
1.199000000000000000e+03 3.510479999999999886e-47
1.199119999999999891e+03 3.511199999999999845e-47
1.199250000000000000e+03 3.511930000000000039e-47
1.199380000000000109e+03 3.512860000000000087e-47
1.199500000000000000e+03 3.513830000000000105e-47
1.199619999999999891e+03 3.514800000000000123e-47
1.199750000000000000e+03 3.515520000000000082e-47
1.199880000000000109e+03 3.516379999999999938e-47
1.200000000000000000e+03 3.517259999999999779e-47
1.200119999999999891e+03 3.518120000000000121e-47
1.200250000000000000e+03 3.518029999999999944e-47
1.200380000000000109e+03 3.517119999999999882e-47
1.200500000000000000e+03 3.517930000000000017e-47
1.200619999999999891e+03 3.518749999999999902e-47
1.200750000000000000e+03 3.519569999999999787e-47
1.200880000000000109e+03 3.520390000000000159e-47
1.201000000000000000e+03 3.521199999999999808e-47
1.201119999999999891e+03 3.522020000000000180e-47
1.201250000000000000e+03 3.522840000000000065e-47
1.201380000000000109e+03 3.523659999999999950e-47
1.201500000000000000e+03 3.524470000000000085e-47
1.201619999999999891e+03 3.525289999999999971e-47
1.201750000000000000e+03 3.526100000000000106e-47
1.201880000000000109e+03 3.526919999999999991e-47
1.202000000000000000e+03 3.527730000000000127e-47
1.202119999999999891e+03 3.528550000000000012e-47
1.202250000000000000e+03 3.529360000000000148e-47
1.202380000000000109e+03 3.530169999999999797e-47
1.202500000000000000e+03 3.530990000000000168e-47
1.202619999999999891e+03 3.531810000000000054e-47
1.202750000000000000e+03 3.532629999999999939e-47
1.202880000000000109e+03 3.533440000000000074e-47
1.203000000000000000e+03 3.534259999999999960e-47
1.203119999999999891e+03 3.535079999999999845e-47
1.203250000000000000e+03 3.535889999999999980e-47
1.203380000000000109e+03 3.536709999999999865e-47
1.203500000000000000e+03 3.537530000000000237e-47
1.203619999999999891e+03 3.538350000000000122e-47
1.203750000000000000e+03 3.539159999999999771e-47
1.203880000000000109e+03 3.539980000000000143e-47
1.204000000000000000e+03 3.540800000000000028e-47
1.204119999999999891e+03 3.541619999999999913e-47
1.204250000000000000e+03 3.542430000000000049e-47
1.204380000000000109e+03 3.543249999999999934e-47
1.204500000000000000e+03 3.544069999999999819e-47
1.204619999999999891e+03 3.544890000000000190e-47
1.204750000000000000e+03 3.545699999999999840e-47
1.204880000000000109e+03 3.546520000000000211e-47
1.205000000000000000e+03 3.547340000000000096e-47
1.205119999999999891e+03 3.548150000000000232e-47
1.205250000000000000e+03 3.548970000000000117e-47
1.205380000000000109e+03 3.549790000000000002e-47
1.205500000000000000e+03 3.550609999999999887e-47
1.205619999999999891e+03 3.551420000000000023e-47
1.205750000000000000e+03 3.552239999999999908e-47
1.205880000000000109e+03 3.553070000000000029e-47
1.206000000000000000e+03 3.553889999999999914e-47
1.206119999999999891e+03 3.554709999999999799e-47
1.206250000000000000e+03 3.555510000000000185e-47
1.206380000000000109e+03 3.556319999999999835e-47
1.206500000000000000e+03 3.557140000000000206e-47
1.206619999999999891e+03 3.557960000000000091e-47
1.206750000000000000e+03 3.558779999999999976e-47
1.206880000000000109e+03 3.559590000000000112e-47
1.207000000000000000e+03 3.560409999999999997e-47
1.207119999999999891e+03 3.561229999999999882e-47
1.207250000000000000e+03 3.562040000000000018e-47
1.207380000000000109e+03 3.562830000000000168e-47
1.207500000000000000e+03 3.563610000000000083e-47
1.207619999999999891e+03 3.564379999999999761e-47
1.207750000000000000e+03 3.565140000000000177e-47
1.207880000000000109e+03 3.565909999999999855e-47
1.208000000000000000e+03 3.566669999999999785e-47
1.208119999999999891e+03 3.567430000000000200e-47
1.208250000000000000e+03 3.568199999999999879e-47
1.208380000000000109e+03 3.568959999999999808e-47
1.208500000000000000e+03 3.569720000000000223e-47
1.208619999999999891e+03 3.570489999999999902e-47
1.208750000000000000e+03 3.571249999999999831e-47
1.208880000000000109e+03 3.571969999999999789e-47
1.209000000000000000e+03 3.572690000000000234e-47
1.209119999999999891e+03 3.573399999999999957e-47
1.209250000000000000e+03 3.574119999999999915e-47
1.209380000000000109e+03 3.574830000000000124e-47
1.209500000000000000e+03 3.575519999999999862e-47
1.209619999999999891e+03 3.576279999999999791e-47
1.209750000000000000e+03 3.576950000000000029e-47
1.209880000000000109e+03 3.578349999999999975e-47
1.210000000000000000e+03 3.578299999999999769e-47
1.210119999999999891e+03 3.579649999999999995e-47
1.210250000000000000e+03 3.580739999999999925e-47
1.210380000000000109e+03 3.582460000000000123e-47
1.210500000000000000e+03 3.583439999999999891e-47
1.210619999999999891e+03 3.584199999999999820e-47
1.210750000000000000e+03 3.584949999999999999e-47
1.210880000000000109e+03 3.585740000000000150e-47
1.211000000000000000e+03 3.586560000000000035e-47
1.211119999999999891e+03 3.587370000000000170e-47
1.211250000000000000e+03 3.587100000000000125e-47
1.211380000000000109e+03 3.587640000000000216e-47
1.211500000000000000e+03 3.587479999999999847e-47
1.211619999999999891e+03 3.588090000000000129e-47
1.211750000000000000e+03 3.588919999999999764e-47
1.211880000000000109e+03 3.589749999999999885e-47
1.212000000000000000e+03 3.590569999999999770e-47
1.212119999999999891e+03 3.591399999999999891e-47
1.212250000000000000e+03 3.592230000000000012e-47
1.212380000000000109e+03 3.593060000000000133e-47
1.212500000000000000e+03 3.593880000000000018e-47
1.212619999999999891e+03 3.594710000000000139e-47
1.212750000000000000e+03 3.595539999999999773e-47
1.212880000000000109e+03 3.596599999999999969e-47
1.213000000000000000e+03 3.597189999999999780e-47
1.213119999999999891e+03 3.598019999999999900e-47
1.213250000000000000e+03 3.598770000000000080e-47
1.213380000000000109e+03 3.599569999999999980e-47
1.213500000000000000e+03 3.600360000000000130e-47
1.213619999999999891e+03 3.601330000000000148e-47
1.213750000000000000e+03 3.602019999999999886e-47
1.213880000000000109e+03 3.606420000000000064e-47
1.214000000000000000e+03 3.603680000000000128e-47
1.214119999999999891e+03 3.604650000000000146e-47
1.214250000000000000e+03 3.605279999999999927e-47
1.214380000000000109e+03 3.606110000000000048e-47
1.214500000000000000e+03 3.606940000000000169e-47
1.214619999999999891e+03 3.607749999999999819e-47
1.214750000000000000e+03 3.608530000000000219e-47
1.214880000000000109e+03 3.609350000000000104e-47
1.215000000000000000e+03 3.610030000000000092e-47
1.215119999999999891e+03 3.610619999999999903e-47
1.215250000000000000e+03 3.611259999999999920e-47
1.215380000000000109e+03 3.611879999999999952e-47
1.215500000000000000e+03 3.612599999999999910e-47
1.215619999999999891e+03 3.614010000000000092e-47
1.215750000000000000e+03 3.613899999999999930e-47
1.215880000000000109e+03 3.614730000000000051e-47
1.216000000000000000e+03 3.615549999999999936e-47
1.216119999999999891e+03 3.616759999999999778e-47
1.216250000000000000e+03 3.617589999999999899e-47
1.216380000000000109e+03 3.618030000000000063e-47
1.216500000000000000e+03 3.618860000000000184e-47
1.216619999999999891e+03 3.619689999999999818e-47
1.216750000000000000e+03 3.620519999999999939e-47
1.216880000000000109e+03 3.621350000000000060e-47
1.217000000000000000e+03 3.622180000000000181e-47
1.217119999999999891e+03 3.623009999999999816e-47
1.217250000000000000e+03 3.623770000000000231e-47
1.217380000000000109e+03 3.624670000000000058e-47
1.217500000000000000e+03 3.625500000000000179e-47
1.217619999999999891e+03 3.626309999999999828e-47
1.217750000000000000e+03 3.627090000000000229e-47
1.217880000000000109e+03 3.627919999999999864e-47
1.218000000000000000e+03 3.628740000000000235e-47
1.218119999999999891e+03 3.629549999999999884e-47
1.218250000000000000e+03 3.630329999999999799e-47
1.218380000000000109e+03 3.631110000000000199e-47
1.218500000000000000e+03 3.631890000000000114e-47
1.218619999999999891e+03 3.632670000000000028e-47
1.218750000000000000e+03 3.633449999999999943e-47
1.218880000000000109e+03 3.634220000000000108e-47
1.219000000000000000e+03 3.635000000000000022e-47
1.219119999999999891e+03 3.635779999999999937e-47
1.219250000000000000e+03 3.636559999999999851e-47
1.219380000000000109e+03 3.637339999999999766e-47
1.219500000000000000e+03 3.637859999999999871e-47
1.219619999999999891e+03 3.638479999999999903e-47
1.219750000000000000e+03 3.639319999999999773e-47
1.219880000000000109e+03 3.640149999999999894e-47
1.220000000000000000e+03 3.640820000000000132e-47
1.220119999999999891e+03 3.641589999999999811e-47
1.220250000000000000e+03 3.642410000000000182e-47
1.220380000000000109e+03 3.643230000000000067e-47
1.220500000000000000e+03 3.644049999999999953e-47
1.220619999999999891e+03 3.644680000000000220e-47
1.220750000000000000e+03 3.645480000000000120e-47
1.220880000000000109e+03 3.646040000000000196e-47
1.221000000000000000e+03 3.646849999999999845e-47
1.221119999999999891e+03 3.647549999999999818e-47
1.221250000000000000e+03 3.648189999999999835e-47
1.221380000000000109e+03 3.648649999999999984e-47
1.221500000000000000e+03 3.649110000000000133e-47
1.221619999999999891e+03 3.649679999999999959e-47
1.221750000000000000e+03 3.650479999999999859e-47
1.221880000000000109e+03 3.651279999999999758e-47
1.222000000000000000e+03 3.652080000000000144e-47
1.222119999999999891e+03 3.652820000000000088e-47
1.222250000000000000e+03 3.653380000000000164e-47
1.222380000000000109e+03 3.653960000000000225e-47
1.222500000000000000e+03 3.654550000000000036e-47
1.222619999999999891e+03 3.655010000000000185e-47
1.222750000000000000e+03 3.656769999999999867e-47
1.222880000000000109e+03 3.656120000000000100e-47
1.223000000000000000e+03 3.657260000000000237e-47
1.223119999999999891e+03 3.657170000000000060e-47
1.223250000000000000e+03 3.657690000000000165e-47
1.223380000000000109e+03 3.658419999999999873e-47
1.223500000000000000e+03 3.659190000000000038e-47
1.223619999999999891e+03 3.659969999999999953e-47
1.223750000000000000e+03 3.660720000000000132e-47
1.223880000000000109e+03 3.661500000000000047e-47
1.224000000000000000e+03 3.662290000000000197e-47
1.224119999999999891e+03 3.663090000000000097e-47
1.224250000000000000e+03 3.663859999999999775e-47
1.224380000000000109e+03 3.664649999999999926e-47
1.224500000000000000e+03 3.665440000000000076e-47
1.224619999999999891e+03 3.666270000000000197e-47
1.224750000000000000e+03 3.667260000000000200e-47
1.224880000000000109e+03 3.667909999999999967e-47
1.225000000000000000e+03 3.668600000000000191e-47
1.225119999999999891e+03 3.669369999999999869e-47
1.225250000000000000e+03 3.670149999999999784e-47
1.225380000000000109e+03 3.670939999999999934e-47
1.225500000000000000e+03 3.671730000000000084e-47
1.225619999999999891e+03 3.672509999999999999e-47
1.225750000000000000e+03 3.673300000000000149e-47
1.225880000000000109e+03 3.674080000000000064e-47
1.226000000000000000e+03 3.674879999999999963e-47
1.226119999999999891e+03 3.675710000000000084e-47
1.226250000000000000e+03 3.676509999999999984e-47
1.226380000000000109e+03 3.677320000000000120e-47
1.226500000000000000e+03 3.678120000000000020e-47
1.226619999999999891e+03 3.678850000000000214e-47
1.226750000000000000e+03 3.679670000000000099e-47
1.226880000000000109e+03 3.680450000000000013e-47
1.227000000000000000e+03 3.681149999999999987e-47
1.227119999999999891e+03 3.681929999999999901e-47
1.227250000000000000e+03 3.682720000000000051e-47
1.227380000000000109e+03 3.683499999999999966e-47
1.227500000000000000e+03 3.684290000000000116e-47
1.227619999999999891e+03 3.685070000000000031e-47
1.227750000000000000e+03 3.685860000000000181e-47
1.227880000000000109e+03 3.686640000000000095e-47
1.228000000000000000e+03 3.687420000000000010e-47
1.228119999999999891e+03 3.688210000000000160e-47
1.228250000000000000e+03 3.688990000000000074e-47
1.228380000000000109e+03 3.689769999999999989e-47
1.228500000000000000e+03 3.690560000000000139e-47
1.228619999999999891e+03 3.691340000000000054e-47
1.228750000000000000e+03 3.692119999999999968e-47
1.228880000000000109e+03 3.692910000000000118e-47
1.229000000000000000e+03 3.693690000000000033e-47
1.229119999999999891e+03 3.694379999999999770e-47
1.229250000000000000e+03 3.694950000000000082e-47
1.229380000000000109e+03 3.695419999999999980e-47
1.229500000000000000e+03 3.696150000000000175e-47
1.229619999999999891e+03 3.696680000000000029e-47
1.229750000000000000e+03 3.697149999999999928e-47
1.229880000000000109e+03 3.697619999999999826e-47
1.230000000000000000e+03 3.698090000000000211e-47
1.230119999999999891e+03 3.698560000000000110e-47
1.230250000000000000e+03 3.699030000000000008e-47
1.230380000000000109e+03 3.699639999999999804e-47
1.230500000000000000e+03 3.700339999999999778e-47
1.230619999999999891e+03 3.701089999999999957e-47
1.230750000000000000e+03 3.701869999999999872e-47
1.230880000000000109e+03 3.702629999999999801e-47
1.231000000000000000e+03 3.703229999999999847e-47
1.231119999999999891e+03 3.703729999999999967e-47
1.231250000000000000e+03 3.704330000000000013e-47
1.231380000000000109e+03 3.705100000000000178e-47
1.231500000000000000e+03 3.705860000000000107e-47
1.231619999999999891e+03 3.706620000000000036e-47
1.231750000000000000e+03 3.707379999999999966e-47
1.231880000000000109e+03 3.708139999999999895e-47
1.232000000000000000e+03 3.708770000000000162e-47
1.232119999999999891e+03 3.709399999999999944e-47
1.232250000000000000e+03 3.713999999999999975e-47
1.232380000000000109e+03 3.714779999999999890e-47
1.232500000000000000e+03 3.710790000000000140e-47
1.232619999999999891e+03 3.711359999999999966e-47
1.232750000000000000e+03 3.711949999999999776e-47
1.232880000000000109e+03 3.712480000000000117e-47
1.233000000000000000e+03 3.713240000000000046e-47
1.233119999999999891e+03 3.713949999999999769e-47
1.233250000000000000e+03 3.714620000000000007e-47
1.233380000000000109e+03 3.715289999999999759e-47
1.233500000000000000e+03 3.715840000000000085e-47
1.233619999999999891e+03 3.716389999999999925e-47
1.233750000000000000e+03 3.717060000000000163e-47
1.233880000000000109e+03 3.717720000000000166e-47
1.234000000000000000e+03 3.718389999999999918e-47
1.234119999999999891e+03 3.719060000000000156e-47
1.234250000000000000e+03 3.719820000000000085e-47
1.234380000000000109e+03 3.720639999999999970e-47
1.234500000000000000e+03 3.721459999999999856e-47
1.234619999999999891e+03 3.722300000000000212e-47
1.234750000000000000e+03 3.723140000000000083e-47
1.234880000000000109e+03 3.723990000000000189e-47
1.235000000000000000e+03 3.724830000000000060e-47
1.235119999999999891e+03 3.725680000000000166e-47
1.235250000000000000e+03 3.726520000000000036e-47
1.235380000000000109e+03 3.727359999999999907e-47
1.235500000000000000e+03 3.728119999999999836e-47
1.235619999999999891e+03 3.728719999999999882e-47
1.235750000000000000e+03 3.729279999999999958e-47
1.235880000000000109e+03 3.730139999999999814e-47
1.236000000000000000e+03 3.731000000000000156e-47
1.236119999999999891e+03 3.731860000000000012e-47
1.236250000000000000e+03 3.732639999999999926e-47
1.236380000000000109e+03 3.733470000000000047e-47
1.236500000000000000e+03 3.734309999999999918e-47
1.236619999999999891e+03 3.735140000000000039e-47
1.236750000000000000e+03 3.735990000000000145e-47
1.236880000000000109e+03 3.736850000000000001e-47
1.237000000000000000e+03 3.737589999999999945e-47
1.237119999999999891e+03 3.738340000000000124e-47
1.237250000000000000e+03 3.738989999999999891e-47
1.237380000000000109e+03 3.739709999999999849e-47
1.237500000000000000e+03 3.740460000000000029e-47
1.237619999999999891e+03 3.741290000000000150e-47
1.237750000000000000e+03 3.742050000000000079e-47
1.237880000000000109e+03 3.742810000000000008e-47
1.238000000000000000e+03 3.743540000000000202e-47
1.238119999999999891e+03 3.744189999999999969e-47
1.238250000000000000e+03 3.744929999999999913e-47
1.238380000000000109e+03 3.745780000000000019e-47
1.238500000000000000e+03 3.746519999999999963e-47
1.238619999999999891e+03 3.747139999999999995e-47
1.238750000000000000e+03 3.747789999999999761e-47
1.238880000000000109e+03 3.748630000000000118e-47
1.239000000000000000e+03 3.749460000000000239e-47
1.239119999999999891e+03 3.750289999999999874e-47
1.239250000000000000e+03 3.751119999999999995e-47
1.239380000000000109e+03 3.751959999999999865e-47
1.239500000000000000e+03 3.752789999999999986e-47
1.239619999999999891e+03 3.753620000000000107e-47
1.239750000000000000e+03 3.754459999999999977e-47
1.239880000000000109e+03 3.755290000000000098e-47
1.240000000000000000e+03 3.756120000000000219e-47
1.240119999999999891e+03 3.756960000000000090e-47
1.240250000000000000e+03 3.757680000000000048e-47
1.240380000000000109e+03 3.758329999999999815e-47
1.240500000000000000e+03 3.759069999999999759e-47
1.240619999999999891e+03 3.759839999999999924e-47
1.240750000000000000e+03 3.760630000000000074e-47
1.240880000000000109e+03 3.761400000000000239e-47
1.241000000000000000e+03 3.762149999999999932e-47
1.241119999999999891e+03 3.762980000000000053e-47
1.241250000000000000e+03 3.763810000000000174e-47
1.241380000000000109e+03 3.764639999999999809e-47
1.241500000000000000e+03 3.765480000000000166e-47
1.241619999999999891e+03 3.766249999999999844e-47
1.241750000000000000e+03 3.767029999999999759e-47
1.241880000000000109e+03 3.767819999999999909e-47
1.242000000000000000e+03 3.768700000000000236e-47
1.242119999999999891e+03 3.769529999999999871e-47
1.242250000000000000e+03 3.770289999999999800e-47
1.242380000000000109e+03 3.771119999999999921e-47
1.242500000000000000e+03 3.772029999999999983e-47
1.242619999999999891e+03 3.772590000000000059e-47
1.242750000000000000e+03 3.773500000000000121e-47
1.242880000000000109e+03 3.774209999999999844e-47
1.243000000000000000e+03 3.775050000000000201e-47
1.243119999999999891e+03 3.775930000000000042e-47
1.243250000000000000e+03 3.776709999999999957e-47
1.243380000000000109e+03 3.777549999999999827e-47
1.243500000000000000e+03 3.778330000000000228e-47
1.243619999999999891e+03 3.779079999999999921e-47
1.243750000000000000e+03 3.779830000000000101e-47
1.243880000000000109e+03 3.780619999999999765e-47
1.244000000000000000e+03 3.781119999999999884e-47
1.244119999999999891e+03 3.781540000000000063e-47
1.244250000000000000e+03 3.782280000000000007e-47
1.244380000000000109e+03 3.783130000000000113e-47
1.244500000000000000e+03 3.783739999999999909e-47
1.244619999999999891e+03 3.784310000000000220e-47
1.244750000000000000e+03 3.785099999999999884e-47
1.244880000000000109e+03 3.785899999999999784e-47
1.245000000000000000e+03 3.786700000000000170e-47
1.245119999999999891e+03 3.787549999999999790e-47
1.245250000000000000e+03 3.788399999999999897e-47
1.245380000000000109e+03 3.789260000000000239e-47
1.245500000000000000e+03 3.790109999999999859e-47
1.245619999999999891e+03 3.790959999999999965e-47
1.245750000000000000e+03 3.791810000000000071e-47
1.245880000000000109e+03 3.793579999999999989e-47
1.246000000000000000e+03 3.794439999999999845e-47
1.246119999999999891e+03 3.795300000000000187e-47
1.246250000000000000e+03 3.796160000000000043e-47
1.246380000000000109e+03 3.796840000000000031e-47
1.246500000000000000e+03 3.797309999999999930e-47
1.246619999999999891e+03 3.797960000000000182e-47
1.246750000000000000e+03 3.796519999999999779e-47
1.246880000000000109e+03 3.797249999999999974e-47
1.247000000000000000e+03 3.797830000000000035e-47
1.247119999999999891e+03 3.798649999999999920e-47
1.247250000000000000e+03 3.799440000000000070e-47
1.247380000000000109e+03 3.800230000000000220e-47
1.247500000000000000e+03 3.800899999999999972e-47
1.247619999999999891e+03 3.801630000000000166e-47
1.247750000000000000e+03 3.802419999999999831e-47
1.247880000000000109e+03 3.802859999999999994e-47
1.248000000000000000e+03 3.803179999999999760e-47
1.248119999999999891e+03 3.803599999999999938e-47
1.248250000000000000e+03 3.804190000000000235e-47
1.248380000000000109e+03 3.804990000000000135e-47
1.248500000000000000e+03 3.805799999999999784e-47
1.248619999999999891e+03 3.806620000000000155e-47
1.248750000000000000e+03 3.807469999999999776e-47
1.248880000000000109e+03 3.808190000000000220e-47
1.249000000000000000e+03 3.809139999999999767e-47
1.249119999999999891e+03 3.809579999999999931e-47
1.249250000000000000e+03 3.810210000000000198e-47
1.249380000000000109e+03 3.810749999999999802e-47
1.249500000000000000e+03 3.811550000000000188e-47
1.249619999999999891e+03 3.812330000000000103e-47
1.249750000000000000e+03 3.813110000000000017e-47
1.249880000000000109e+03 3.813849999999999961e-47
1.250000000000000000e+03 3.814509999999999964e-47
1.250119999999999891e+03 3.815030000000000069e-47
1.250250000000000000e+03 3.815440000000000011e-47
1.250380000000000109e+03 3.815849999999999954e-47
1.250500000000000000e+03 3.816250000000000147e-47
1.250619999999999891e+03 3.816660000000000089e-47
1.250750000000000000e+03 3.817129999999999988e-47
1.250880000000000109e+03 3.817849999999999946e-47
1.251000000000000000e+03 3.818560000000000155e-47
1.251119999999999891e+03 3.819360000000000055e-47
1.251250000000000000e+03 3.820250000000000132e-47
1.251380000000000109e+03 3.821149999999999959e-47
1.251500000000000000e+03 3.822040000000000036e-47
1.251619999999999891e+03 3.822890000000000142e-47
1.251750000000000000e+03 3.823789999999999968e-47
1.251880000000000109e+03 3.824480000000000192e-47
1.252000000000000000e+03 3.824999999999999811e-47
1.252119999999999891e+03 3.825389999999999768e-47
1.252250000000000000e+03 3.825789999999999961e-47
1.252380000000000109e+03 3.826190000000000154e-47
1.252500000000000000e+03 3.826589999999999861e-47
1.252619999999999891e+03 3.826979999999999818e-47
1.252750000000000000e+03 3.827599999999999850e-47
1.252880000000000109e+03 3.828290000000000073e-47
1.253000000000000000e+03 3.828919999999999855e-47
1.253119999999999891e+03 3.829479999999999931e-47
1.253250000000000000e+03 3.830029999999999771e-47
1.253380000000000109e+03 3.830449999999999949e-47
1.253500000000000000e+03 3.831010000000000025e-47
1.253619999999999891e+03 3.831399999999999982e-47
1.253750000000000000e+03 3.831690000000000012e-47
1.253880000000000109e+03 3.831960000000000058e-47
1.254000000000000000e+03 3.832460000000000177e-47
1.254119999999999891e+03 3.833120000000000180e-47
1.254250000000000000e+03 3.833700000000000241e-47
1.254380000000000109e+03 3.834159999999999904e-47
1.254500000000000000e+03 3.837960000000000036e-47
1.254619999999999891e+03 3.835080000000000202e-47
1.254750000000000000e+03 3.835550000000000100e-47
1.254880000000000109e+03 3.836099999999999940e-47
1.255000000000000000e+03 3.836629999999999795e-47
1.255119999999999891e+03 3.837160000000000136e-47
1.255250000000000000e+03 3.837689999999999990e-47
1.255380000000000109e+03 3.838230000000000081e-47
1.255500000000000000e+03 3.839009999999999995e-47
1.255619999999999891e+03 3.839789999999999910e-47
1.255750000000000000e+03 3.840580000000000060e-47
1.255880000000000109e+03 3.841370000000000210e-47
1.256000000000000000e+03 3.842159999999999874e-47
1.256119999999999891e+03 3.842819999999999877e-47
1.256250000000000000e+03 3.844159999999999867e-47
1.256380000000000109e+03 3.844130000000000132e-47
1.256500000000000000e+03 3.844779999999999899e-47
1.256619999999999891e+03 3.845439999999999901e-47
1.256750000000000000e+03 3.846090000000000154e-47
1.256880000000000109e+03 3.846750000000000156e-47
1.257000000000000000e+03 3.847479999999999864e-47
1.257119999999999891e+03 3.848270000000000015e-47
1.257250000000000000e+03 3.849020000000000194e-47
1.257380000000000109e+03 3.849760000000000138e-47
1.257500000000000000e+03 3.850500000000000082e-47
1.257619999999999891e+03 3.851229999999999790e-47
1.257750000000000000e+03 3.851970000000000220e-47
1.257880000000000109e+03 3.852710000000000164e-47
1.258000000000000000e+03 3.853450000000000107e-47
1.258119999999999891e+03 3.854179999999999816e-47
1.258250000000000000e+03 3.854839999999999818e-47
1.258380000000000109e+03 3.855370000000000159e-47
1.258500000000000000e+03 3.855900000000000013e-47
1.258619999999999891e+03 3.856429999999999868e-47
1.258750000000000000e+03 3.856969999999999958e-47
1.258880000000000109e+03 3.857499999999999813e-47
1.259000000000000000e+03 3.858030000000000154e-47
1.259119999999999891e+03 3.858799999999999833e-47
1.259250000000000000e+03 3.859609999999999968e-47
1.259380000000000109e+03 3.860420000000000104e-47
1.259500000000000000e+03 3.861220000000000004e-47
1.259619999999999891e+03 3.862030000000000139e-47
1.259750000000000000e+03 3.862830000000000039e-47
1.259880000000000109e+03 3.863519999999999776e-47
1.260000000000000000e+03 3.864190000000000015e-47
1.260119999999999891e+03 3.864850000000000017e-47
1.260250000000000000e+03 3.865510000000000019e-47
1.260380000000000109e+03 3.866179999999999771e-47
1.260500000000000000e+03 3.866909999999999966e-47
1.260619999999999891e+03 3.867709999999999866e-47
1.260750000000000000e+03 3.868509999999999765e-47
1.260880000000000109e+03 3.869310000000000151e-47
1.261000000000000000e+03 3.870110000000000051e-47
1.261119999999999891e+03 3.870710000000000098e-47
1.261250000000000000e+03 3.871069999999999834e-47
1.261380000000000109e+03 3.871660000000000131e-47
1.261500000000000000e+03 3.872389999999999839e-47
1.261619999999999891e+03 3.873080000000000062e-47
1.261750000000000000e+03 3.873780000000000035e-47
1.261880000000000109e+03 3.874659999999999876e-47
1.262000000000000000e+03 3.875560000000000189e-47
1.262119999999999891e+03 3.876260000000000162e-47
1.262250000000000000e+03 3.876790000000000017e-47
1.262380000000000109e+03 3.877330000000000107e-47
1.262500000000000000e+03 3.877859999999999962e-47
1.262619999999999891e+03 3.878389999999999817e-47
1.262750000000000000e+03 3.879029999999999834e-47
1.262880000000000109e+03 3.879930000000000146e-47
1.263000000000000000e+03 3.880820000000000223e-47
1.263119999999999891e+03 3.881709999999999814e-47
1.263250000000000000e+03 3.882300000000000111e-47
1.263380000000000109e+03 3.882829999999999966e-47
1.263500000000000000e+03 3.883489999999999968e-47
1.263619999999999891e+03 3.884300000000000104e-47
1.263750000000000000e+03 3.885100000000000003e-47
1.263880000000000109e+03 3.885899999999999903e-47
1.264000000000000000e+03 3.886530000000000171e-47
1.264119999999999891e+03 3.887000000000000069e-47
1.264250000000000000e+03 3.887469999999999968e-47
1.264380000000000109e+03 3.887979999999999837e-47
1.264500000000000000e+03 3.888579999999999884e-47
1.264619999999999891e+03 3.889190000000000166e-47
1.264750000000000000e+03 3.889799999999999962e-47
1.264880000000000109e+03 3.890409999999999758e-47
1.265000000000000000e+03 3.891020000000000040e-47
1.265119999999999891e+03 3.891700000000000028e-47
1.265250000000000000e+03 3.892380000000000016e-47
1.265380000000000109e+03 3.893049999999999768e-47
1.265500000000000000e+03 3.893730000000000242e-47
1.265619999999999891e+03 3.894410000000000229e-47
1.265750000000000000e+03 3.895090000000000217e-47
1.265880000000000109e+03 3.895759999999999969e-47
1.266000000000000000e+03 3.896439999999999957e-47
1.266119999999999891e+03 3.897400000000000226e-47
1.266250000000000000e+03 3.898089999999999963e-47
1.266380000000000109e+03 3.898470000000000171e-47
1.266500000000000000e+03 3.900269999999999824e-47
1.266619999999999891e+03 3.899830000000000146e-47
1.266750000000000000e+03 3.900499999999999898e-47
1.266880000000000109e+03 3.901179999999999886e-47
1.267000000000000000e+03 3.901859999999999874e-47
1.267119999999999891e+03 3.902450000000000171e-47
1.267250000000000000e+03 3.902889999999999848e-47
1.267380000000000109e+03 3.903529999999999865e-47
1.267500000000000000e+03 3.904200000000000103e-47
1.267619999999999891e+03 3.904889999999999841e-47
1.267750000000000000e+03 3.905660000000000006e-47
1.267880000000000109e+03 3.906419999999999935e-47
1.268000000000000000e+03 3.907250000000000056e-47
1.268119999999999891e+03 3.908109999999999912e-47
1.268250000000000000e+03 3.908780000000000150e-47
1.268380000000000109e+03 3.909529999999999843e-47
1.268500000000000000e+03 3.910350000000000215e-47
1.268619999999999891e+03 3.910999999999999981e-47
1.268750000000000000e+03 3.911609999999999777e-47
1.268880000000000109e+03 3.912209999999999824e-47
1.269000000000000000e+03 3.912820000000000106e-47
1.269119999999999891e+03 3.913420000000000152e-47
1.269250000000000000e+03 3.914040000000000184e-47
1.269380000000000109e+03 3.914709999999999936e-47
1.269500000000000000e+03 3.915389999999999924e-47
1.269619999999999891e+03 3.916069999999999912e-47
1.269750000000000000e+03 3.916740000000000150e-47
1.269880000000000109e+03 3.917420000000000138e-47
1.270000000000000000e+03 3.918089999999999890e-47
1.270119999999999891e+03 3.918769999999999877e-47
1.270250000000000000e+03 3.919449999999999865e-47
1.270380000000000109e+03 3.920120000000000103e-47
1.270500000000000000e+03 3.920800000000000091e-47
1.270619999999999891e+03 3.921469999999999843e-47
1.270750000000000000e+03 3.922149999999999831e-47
1.270880000000000109e+03 3.922829999999999819e-47
1.271000000000000000e+03 3.923500000000000057e-47
1.271119999999999891e+03 3.924180000000000045e-47
1.271250000000000000e+03 3.924849999999999797e-47
1.271380000000000109e+03 3.925529999999999784e-47
1.271500000000000000e+03 3.926250000000000229e-47
1.271619999999999891e+03 3.927079999999999864e-47
1.271750000000000000e+03 3.927929999999999970e-47
1.271880000000000109e+03 3.928729999999999870e-47
1.272000000000000000e+03 3.929400000000000108e-47
1.272119999999999891e+03 3.930080000000000096e-47
1.272250000000000000e+03 3.930760000000000084e-47
1.272380000000000109e+03 3.931429999999999836e-47
1.272500000000000000e+03 3.932129999999999809e-47
1.272619999999999891e+03 3.932729999999999855e-47
1.272750000000000000e+03 3.933320000000000152e-47
1.272880000000000109e+03 3.934140000000000037e-47
1.273000000000000000e+03 3.934809999999999789e-47
1.273119999999999891e+03 3.935090000000000070e-47
1.273250000000000000e+03 3.935610000000000175e-47
1.273380000000000109e+03 3.936180000000000001e-47
1.273500000000000000e+03 3.936789999999999797e-47
1.273619999999999891e+03 3.937389999999999843e-47
1.273750000000000000e+03 3.938000000000000125e-47
1.273880000000000109e+03 3.938600000000000172e-47
1.274000000000000000e+03 3.939200000000000218e-47
1.274119999999999891e+03 3.939719999999999837e-47
1.274250000000000000e+03 3.940250000000000178e-47
1.274380000000000109e+03 3.940780000000000032e-47
1.274500000000000000e+03 3.941320000000000123e-47
1.274619999999999891e+03 3.941849999999999977e-47
1.274750000000000000e+03 3.942379999999999832e-47
1.274880000000000109e+03 3.942910000000000173e-47
1.275000000000000000e+03 3.943449999999999777e-47
1.275119999999999891e+03 3.943980000000000118e-47
1.275250000000000000e+03 3.944509999999999972e-47
1.275380000000000109e+03 3.945050000000000063e-47
1.275500000000000000e+03 3.945579999999999917e-47
1.275619999999999891e+03 3.946120000000000008e-47
1.275750000000000000e+03 3.946649999999999862e-47
1.275880000000000109e+03 3.947180000000000203e-47
1.276000000000000000e+03 3.947719999999999808e-47
1.276119999999999891e+03 3.948250000000000148e-47
1.276250000000000000e+03 3.948790000000000239e-47
1.276380000000000109e+03 3.949329999999999843e-47
1.276500000000000000e+03 3.949860000000000184e-47
1.276619999999999891e+03 3.950399999999999788e-47
1.276750000000000000e+03 3.950939999999999878e-47
1.276880000000000109e+03 3.951479999999999969e-47
1.277000000000000000e+03 3.952130000000000222e-47
1.277119999999999891e+03 3.952910000000000136e-47
1.277250000000000000e+03 3.953650000000000080e-47
1.277380000000000109e+03 3.954370000000000038e-47
1.277500000000000000e+03 3.955169999999999938e-47
1.277619999999999891e+03 3.955960000000000088e-47
1.277750000000000000e+03 3.956750000000000239e-47
1.277880000000000109e+03 3.957539999999999903e-47
1.278000000000000000e+03 3.958339999999999803e-47
1.278119999999999891e+03 3.959149999999999938e-47
1.278250000000000000e+03 3.959929999999999853e-47
1.278380000000000109e+03 3.962509999999999906e-47
1.278500000000000000e+03 3.963049999999999997e-47
1.278619999999999891e+03 3.963590000000000087e-47
1.278750000000000000e+03 3.964819999999999915e-47
1.278880000000000109e+03 3.965479999999999917e-47
1.279000000000000000e+03 3.966119999999999934e-47
1.279119999999999891e+03 3.966560000000000098e-47
1.279250000000000000e+03 3.966310000000000038e-47
1.279380000000000109e+03 3.967049999999999982e-47
1.279500000000000000e+03 3.967729999999999970e-47
1.279619999999999891e+03 3.968190000000000119e-47
1.279750000000000000e+03 3.968979999999999783e-47
1.279880000000000109e+03 3.969769999999999933e-47
1.280000000000000000e+03 3.970560000000000083e-47
1.280119999999999891e+03 3.971350000000000234e-47
1.280250000000000000e+03 3.972139999999999898e-47
1.280380000000000109e+03 3.972779999999999915e-47
1.280500000000000000e+03 3.973530000000000094e-47
1.280619999999999891e+03 3.974210000000000082e-47
1.280750000000000000e+03 3.974950000000000026e-47
1.280880000000000109e+03 3.975599999999999793e-47
1.281000000000000000e+03 3.976250000000000046e-47
1.281119999999999891e+03 3.976930000000000033e-47
1.281250000000000000e+03 3.977590000000000036e-47
1.281380000000000109e+03 3.978239999999999802e-47
1.281500000000000000e+03 3.978899999999999805e-47
1.281619999999999891e+03 3.979559999999999807e-47
1.281750000000000000e+03 3.980219999999999810e-47
1.281880000000000109e+03 3.980879999999999812e-47
1.282000000000000000e+03 3.981539999999999815e-47
1.282119999999999891e+03 3.982199999999999817e-47
1.282250000000000000e+03 3.982859999999999819e-47
1.282380000000000109e+03 3.983519999999999822e-47
1.282500000000000000e+03 3.984190000000000060e-47
1.282619999999999891e+03 3.984859999999999812e-47
1.282750000000000000e+03 3.985519999999999815e-47
1.282880000000000109e+03 3.986250000000000009e-47
1.283000000000000000e+03 3.986980000000000203e-47
1.283119999999999891e+03 3.987720000000000147e-47
1.283250000000000000e+03 3.988460000000000091e-47
1.283380000000000109e+03 3.989200000000000034e-47
1.283500000000000000e+03 3.989990000000000185e-47
1.283619999999999891e+03 3.990810000000000070e-47
1.283750000000000000e+03 3.991620000000000205e-47
1.283880000000000109e+03 3.992429999999999855e-47
1.284000000000000000e+03 3.993250000000000226e-47
1.284119999999999891e+03 3.994070000000000111e-47
1.284250000000000000e+03 3.994799999999999819e-47
1.284380000000000109e+03 3.995350000000000146e-47
1.284500000000000000e+03 3.995910000000000221e-47
1.284619999999999891e+03 3.996389999999999869e-47
1.284750000000000000e+03 3.996870000000000004e-47
1.284880000000000109e+03 3.997600000000000198e-47
1.285000000000000000e+03 3.998240000000000215e-47
1.285119999999999891e+03 3.998859999999999761e-47
1.285250000000000000e+03 3.999399999999999851e-47
1.285380000000000109e+03 3.999820000000000029e-47
1.285500000000000000e+03 4.000449999999999811e-47
1.285619999999999891e+03 4.001140000000000034e-47
1.285750000000000000e+03 4.001829999999999772e-47
1.285880000000000109e+03 4.002519999999999995e-47
1.286000000000000000e+03 4.003219999999999968e-47
1.286119999999999891e+03 4.003879999999999971e-47
1.286250000000000000e+03 4.004579999999999944e-47
1.286380000000000109e+03 4.005290000000000153e-47
1.286500000000000000e+03 4.006550000000000202e-47
1.286619999999999891e+03 4.006790000000000026e-47
1.286750000000000000e+03 4.007459999999999778e-47
1.286880000000000109e+03 4.008180000000000222e-47
1.287000000000000000e+03 4.008630000000000136e-47
1.287119999999999891e+03 4.009100000000000034e-47
1.287250000000000000e+03 4.009800000000000007e-47
1.287380000000000109e+03 4.010599999999999907e-47
1.287500000000000000e+03 4.011419999999999792e-47
1.287619999999999891e+03 4.012229999999999928e-47
1.287750000000000000e+03 4.013000000000000093e-47
1.287880000000000109e+03 4.013760000000000022e-47
1.288000000000000000e+03 4.014650000000000099e-47
1.288119999999999891e+03 4.015419999999999778e-47
1.288250000000000000e+03 4.016200000000000178e-47
1.288380000000000109e+03 4.016980000000000093e-47
1.288500000000000000e+03 4.017749999999999772e-47
1.288619999999999891e+03 4.018490000000000202e-47
1.288750000000000000e+03 4.019049999999999791e-47
1.288880000000000109e+03 4.019850000000000177e-47
1.289000000000000000e+03 4.020690000000000048e-47
1.289119999999999891e+03 4.021549999999999903e-47
1.289250000000000000e+03 4.022089999999999994e-47
1.289380000000000109e+03 4.022590000000000114e-47
1.289500000000000000e+03 4.023379999999999778e-47
1.289619999999999891e+03 4.024349999999999796e-47
1.289750000000000000e+03 4.024980000000000063e-47
1.289880000000000109e+03 4.025990000000000052e-47
1.290000000000000000e+03 4.027119999999999954e-47
1.290119999999999891e+03 4.028229999999999869e-47
1.290250000000000000e+03 4.029150000000000167e-47
1.290380000000000109e+03 4.029700000000000007e-47
1.290500000000000000e+03 4.030260000000000083e-47
1.290619999999999891e+03 4.030829999999999908e-47
1.290750000000000000e+03 4.031790000000000177e-47
1.290880000000000109e+03 4.032570000000000092e-47
1.291000000000000000e+03 4.033629999999999801e-47
1.291119999999999891e+03 4.034829999999999894e-47
1.291250000000000000e+03 4.036260000000000061e-47
1.291380000000000109e+03 4.037799999999999905e-47
1.291500000000000000e+03 4.039299999999999778e-47
1.291619999999999891e+03 4.040450000000000150e-47
1.291750000000000000e+03 4.041910000000000052e-47
1.291880000000000109e+03 4.044780000000000137e-47
1.292000000000000000e+03 4.047380000000000176e-47
1.292119999999999891e+03 4.049320000000000212e-47
1.292250000000000000e+03 4.050880000000000041e-47
1.292380000000000109e+03 4.053190000000000050e-47
1.292500000000000000e+03 4.056580000000000239e-47
1.292619999999999891e+03 4.059540000000000014e-47
1.292750000000000000e+03 4.064419999999999841e-47
1.292880000000000109e+03 4.068700000000000107e-47
1.293000000000000000e+03 4.072890000000000196e-47
1.293119999999999891e+03 4.079510000000000206e-47
1.293250000000000000e+03 4.085329999999999830e-47
1.293380000000000109e+03 4.091329999999999808e-47
1.293500000000000000e+03 4.099559999999999853e-47
1.293619999999999891e+03 4.109120000000000139e-47
1.293750000000000000e+03 4.119800000000000090e-47
1.293880000000000109e+03 4.134849999999999998e-47
1.294000000000000000e+03 4.160229999999999871e-47
1.294119999999999891e+03 4.203329999999999883e-47
1.294250000000000000e+03 4.249990000000000202e-47
1.294380000000000109e+03 4.324680000000000154e-47
1.294500000000000000e+03 4.462039999999999630e-47
1.294619999999999891e+03 4.689649999999999808e-47
1.294750000000000000e+03 5.095560000000000085e-47
1.294880000000000109e+03 5.941939999999999617e-47
1.295000000000000000e+03 8.715610000000000126e-47
1.295119999999999891e+03 2.454510000000000096e-46
1.295250000000000000e+03 3.465260000000000067e-46
1.295380000000000109e+03 9.462820000000000632e-47
1.295500000000000000e+03 6.153699999999999987e-47
1.295619999999999891e+03 5.170599999999999537e-47
1.295750000000000000e+03 4.738400000000000298e-47
1.295880000000000109e+03 4.501879999999999601e-47
1.296000000000000000e+03 4.375189999999999840e-47
1.296119999999999891e+03 4.285210000000000156e-47
1.296250000000000000e+03 4.230230000000000100e-47
1.296380000000000109e+03 4.183480000000000089e-47
1.296500000000000000e+03 4.147410000000000030e-47
1.296619999999999891e+03 4.134719999999999850e-47
1.296750000000000000e+03 4.121009999999999932e-47
1.296880000000000109e+03 4.111909999999999795e-47
1.297000000000000000e+03 4.104110000000000164e-47
1.297119999999999891e+03 4.098359999999999760e-47
1.297250000000000000e+03 4.093740000000000229e-47
1.297380000000000109e+03 4.088359999999999797e-47
1.297500000000000000e+03 4.083530000000000177e-47
1.297619999999999891e+03 4.080390000000000047e-47
1.297750000000000000e+03 4.079189999999999954e-47
1.297880000000000109e+03 4.078129999999999759e-47
1.298000000000000000e+03 4.076170000000000223e-47
1.298119999999999891e+03 4.074789999999999776e-47
1.298250000000000000e+03 4.072700000000000092e-47
1.298380000000000109e+03 4.071030000000000101e-47
1.298500000000000000e+03 4.070680000000000114e-47
1.298619999999999891e+03 4.070490000000000011e-47
1.298750000000000000e+03 4.069489999999999771e-47
1.298880000000000109e+03 4.068629999999999915e-47
1.299000000000000000e+03 4.068350000000000121e-47
1.299119999999999891e+03 4.068140000000000031e-47
1.299250000000000000e+03 4.067570000000000206e-47
1.299380000000000109e+03 4.067249999999999954e-47
1.299500000000000000e+03 4.067189999999999998e-47
1.299619999999999891e+03 4.066769999999999820e-47
1.299750000000000000e+03 4.065940000000000185e-47
1.299880000000000109e+03 4.065710000000000111e-47
1.300000000000000000e+03 4.065839999999999772e-47
1.300119999999999891e+03 4.065730000000000096e-47
1.300250000000000000e+03 4.066169999999999774e-47
1.300380000000000109e+03 4.066129999999999803e-47
1.300500000000000000e+03 4.066049999999999862e-47
1.300619999999999891e+03 4.066089999999999832e-47
1.300750000000000000e+03 4.066199999999999995e-47
1.300880000000000109e+03 4.066359999999999877e-47
1.301000000000000000e+03 4.066680000000000129e-47
1.301119999999999891e+03 4.066999999999999895e-47
1.301250000000000000e+03 4.067360000000000117e-47
1.301380000000000109e+03 4.067690000000000118e-47
1.301500000000000000e+03 4.068080000000000075e-47
1.301619999999999891e+03 4.068359999999999870e-47
1.301750000000000000e+03 4.068490000000000018e-47
1.301880000000000109e+03 4.068640000000000151e-47
1.302000000000000000e+03 4.068789999999999798e-47
1.302119999999999891e+03 4.069039999999999858e-47
1.302250000000000000e+03 4.069550000000000213e-47
1.302380000000000109e+03 4.069949999999999920e-47
1.302500000000000000e+03 4.070279999999999921e-47
1.302619999999999891e+03 4.070499999999999760e-47
1.302750000000000000e+03 4.070720000000000085e-47
1.302880000000000109e+03 4.070950000000000160e-47
1.303000000000000000e+03 4.071260000000000176e-47
1.303119999999999891e+03 4.071719999999999838e-47
1.303250000000000000e+03 4.072060000000000075e-47
1.303380000000000109e+03 4.072410000000000062e-47
1.303500000000000000e+03 4.072780000000000034e-47
1.303619999999999891e+03 4.073169999999999991e-47
1.303750000000000000e+03 4.073570000000000184e-47
1.303880000000000109e+03 4.074219999999999951e-47
1.304000000000000000e+03 4.074899999999999939e-47
1.304119999999999891e+03 4.075469999999999764e-47
1.304250000000000000e+03 4.076150000000000238e-47
1.304380000000000109e+03 4.076620000000000136e-47
1.304500000000000000e+03 4.076910000000000167e-47
1.304619999999999891e+03 4.077200000000000197e-47
1.304750000000000000e+03 4.077490000000000228e-47
1.304880000000000109e+03 4.077799999999999758e-47
1.305000000000000000e+03 4.078279999999999892e-47
1.305119999999999891e+03 4.078580000000000158e-47
1.305250000000000000e+03 4.078890000000000174e-47
1.305380000000000109e+03 4.079200000000000190e-47
1.305500000000000000e+03 4.079519999999999956e-47
1.305619999999999891e+03 4.079829999999999971e-47
1.305750000000000000e+03 4.080150000000000223e-47
1.305880000000000109e+03 4.080469999999999989e-47
1.306000000000000000e+03 4.080830000000000211e-47
1.306119999999999891e+03 4.081180000000000197e-47
1.306250000000000000e+03 4.081530000000000184e-47
1.306380000000000109e+03 4.081849999999999949e-47
1.306500000000000000e+03 4.082179999999999951e-47
1.306619999999999891e+03 4.082509999999999952e-47
1.306750000000000000e+03 4.082839999999999953e-47
1.306880000000000109e+03 4.083169999999999954e-47
1.307000000000000000e+03 4.083499999999999956e-47
1.307119999999999891e+03 4.084440000000000239e-47
1.307250000000000000e+03 4.084859999999999931e-47
1.307380000000000109e+03 4.085260000000000124e-47
1.307500000000000000e+03 4.085670000000000067e-47
1.307619999999999891e+03 4.086080000000000009e-47
1.307750000000000000e+03 4.086500000000000188e-47
1.307880000000000109e+03 4.086910000000000130e-47
1.308000000000000000e+03 4.087320000000000073e-47
1.308119999999999891e+03 4.087739999999999765e-47
1.308250000000000000e+03 4.088150000000000194e-47
1.308380000000000109e+03 4.088580000000000122e-47
1.308500000000000000e+03 4.088999999999999814e-47
1.308619999999999891e+03 4.089490000000000184e-47
1.308750000000000000e+03 4.090020000000000039e-47
1.308880000000000109e+03 4.090689999999999791e-47
1.309000000000000000e+03 4.092170000000000164e-47
1.309119999999999891e+03 4.092649999999999813e-47
1.309250000000000000e+03 4.096620000000000063e-47
1.309380000000000109e+03 4.097220000000000109e-47
1.309500000000000000e+03 4.101599999999999816e-47
1.309619999999999891e+03 4.108440000000000151e-47
1.309750000000000000e+03 4.110609999999999776e-47
1.309880000000000109e+03 4.112380000000000180e-47
1.310000000000000000e+03 4.112759999999999902e-47
1.310119999999999891e+03 4.115129999999999866e-47
1.310250000000000000e+03 4.117909999999999773e-47
1.310380000000000109e+03 4.120739999999999887e-47
1.310500000000000000e+03 4.122460000000000085e-47
1.310619999999999891e+03 4.124380000000000136e-47
1.310750000000000000e+03 4.125089999999999859e-47
1.310880000000000109e+03 4.125620000000000200e-47
1.311000000000000000e+03 4.126219999999999760e-47
1.311119999999999891e+03 4.126830000000000042e-47
1.311250000000000000e+03 4.127419999999999853e-47
1.311380000000000109e+03 4.127829999999999795e-47
1.311500000000000000e+03 4.127600000000000207e-47
1.311619999999999891e+03 4.125849999999999788e-47
1.311750000000000000e+03 4.118380000000000158e-47
1.311880000000000109e+03 4.118460000000000099e-47
1.312000000000000000e+03 4.114340000000000202e-47
1.312119999999999891e+03 4.103650000000000015e-47
1.312250000000000000e+03 4.102699999999999982e-47
1.312380000000000109e+03 4.101880000000000097e-47
1.312500000000000000e+03 4.102170000000000128e-47
1.312619999999999891e+03 4.102500000000000129e-47
1.312750000000000000e+03 4.102690000000000233e-47
1.312880000000000109e+03 4.102059999999999965e-47
1.313000000000000000e+03 4.102480000000000144e-47
1.313119999999999891e+03 4.102899999999999836e-47
1.313250000000000000e+03 4.103320000000000014e-47
1.313380000000000109e+03 4.103840000000000119e-47
1.313500000000000000e+03 4.104449999999999915e-47
1.313619999999999891e+03 4.104529999999999856e-47
1.313750000000000000e+03 4.105089999999999932e-47
1.313880000000000109e+03 4.105499999999999875e-47
1.314000000000000000e+03 4.105900000000000068e-47
1.314119999999999891e+03 4.105840000000000112e-47
1.314250000000000000e+03 4.106290000000000025e-47
1.314380000000000109e+03 4.106719999999999953e-47
1.314500000000000000e+03 4.107370000000000206e-47
1.314619999999999891e+03 4.107669999999999986e-47
1.314750000000000000e+03 4.108219999999999826e-47
1.314880000000000109e+03 4.108839999999999858e-47
1.315000000000000000e+03 4.109229999999999815e-47
1.315119999999999891e+03 4.109760000000000156e-47
1.315250000000000000e+03 4.110130000000000128e-47
1.315380000000000109e+03 4.110489999999999864e-47
1.315500000000000000e+03 4.110859999999999836e-47
1.315619999999999891e+03 4.111220000000000058e-47
1.315750000000000000e+03 4.111590000000000030e-47
1.315880000000000109e+03 4.111949999999999766e-47
1.316000000000000000e+03 4.112320000000000224e-47
1.316119999999999891e+03 4.112690000000000196e-47
1.316250000000000000e+03 4.113049999999999932e-47
1.316380000000000109e+03 4.113419999999999904e-47
1.316500000000000000e+03 4.113780000000000126e-47
1.316619999999999891e+03 4.114150000000000098e-47
1.316750000000000000e+03 4.114529999999999820e-47
1.316880000000000109e+03 4.114899999999999792e-47
1.317000000000000000e+03 4.115319999999999970e-47
1.317119999999999891e+03 4.115740000000000148e-47
1.317250000000000000e+03 4.116079999999999899e-47
1.317380000000000109e+03 4.116420000000000136e-47
1.317500000000000000e+03 4.116890000000000035e-47
1.317619999999999891e+03 4.117530000000000052e-47
1.317750000000000000e+03 4.118030000000000172e-47
1.317880000000000109e+03 4.118300000000000217e-47
1.318000000000000000e+03 4.119069999999999895e-47
1.318119999999999891e+03 4.119519999999999809e-47
1.318250000000000000e+03 4.119120000000000102e-47
1.318380000000000109e+03 4.119470000000000088e-47
1.318500000000000000e+03 4.119829999999999825e-47
1.318619999999999891e+03 4.120239999999999767e-47
1.318750000000000000e+03 4.120659999999999946e-47
1.318880000000000109e+03 4.121080000000000124e-47
1.319000000000000000e+03 4.121939999999999980e-47
1.319119999999999891e+03 4.121919999999999994e-47
1.319250000000000000e+03 4.122300000000000202e-47
1.319380000000000109e+03 4.122639999999999953e-47
1.319500000000000000e+03 4.122980000000000190e-47
1.319619999999999891e+03 4.123319999999999941e-47
1.319750000000000000e+03 4.123660000000000178e-47
1.319880000000000109e+03 4.124010000000000164e-47
1.320000000000000000e+03 4.124349999999999915e-47
1.320119999999999891e+03 4.124690000000000152e-47
1.320250000000000000e+03 4.125029999999999903e-47
1.320380000000000109e+03 4.125370000000000140e-47
1.320500000000000000e+03 4.125680000000000156e-47
1.320619999999999891e+03 4.125970000000000186e-47
1.320750000000000000e+03 4.126340000000000158e-47
1.320880000000000109e+03 4.126710000000000130e-47
1.321000000000000000e+03 4.127120000000000073e-47
1.321119999999999891e+03 4.127649999999999927e-47
1.321250000000000000e+03 4.128170000000000032e-47
1.321380000000000109e+03 4.128659999999999916e-47
1.321500000000000000e+03 4.128969999999999932e-47
1.321619999999999891e+03 4.129299999999999933e-47
1.321750000000000000e+03 4.129729999999999861e-47
1.321880000000000109e+03 4.130249999999999966e-47
1.322000000000000000e+03 4.130570000000000218e-47
1.322119999999999891e+03 4.130969999999999925e-47
1.322250000000000000e+03 4.131470000000000044e-47
1.322380000000000109e+03 4.131999999999999899e-47
1.322500000000000000e+03 4.132539999999999989e-47
1.322619999999999891e+03 4.133069999999999844e-47
1.322750000000000000e+03 4.135169999999999763e-47
1.322880000000000109e+03 4.135069999999999837e-47
1.323000000000000000e+03 4.134679999999999879e-47
1.323119999999999891e+03 4.134659999999999894e-47
1.323250000000000000e+03 4.135169999999999763e-47
1.323380000000000109e+03 4.135700000000000104e-47
1.323500000000000000e+03 4.136240000000000195e-47
1.323619999999999891e+03 4.136770000000000049e-47
1.323750000000000000e+03 4.137299999999999904e-47
1.323880000000000109e+03 4.137839999999999994e-47
1.324000000000000000e+03 4.138369999999999849e-47
1.324119999999999891e+03 4.138900000000000190e-47
1.324250000000000000e+03 4.139439999999999794e-47
1.324380000000000109e+03 4.139970000000000135e-47
1.324500000000000000e+03 4.140499999999999989e-47
1.324619999999999891e+03 4.141040000000000080e-47
1.324750000000000000e+03 4.141569999999999934e-47
1.324880000000000109e+03 4.142099999999999789e-47
1.325000000000000000e+03 4.142539999999999953e-47
1.325119999999999891e+03 4.142980000000000116e-47
1.325250000000000000e+03 4.143399999999999809e-47
1.325380000000000109e+03 4.143769999999999780e-47
1.325500000000000000e+03 4.144140000000000239e-47
1.325619999999999891e+03 4.144519999999999960e-47
1.325750000000000000e+03 4.144900000000000168e-47
1.325880000000000109e+03 4.145540000000000185e-47
1.326000000000000000e+03 4.146059999999999804e-47
1.326119999999999891e+03 4.146459999999999997e-47
1.326250000000000000e+03 4.146860000000000190e-47
1.326380000000000109e+03 4.147259999999999896e-47
1.326500000000000000e+03 4.147660000000000089e-47
1.326619999999999891e+03 4.148070000000000032e-47
1.326750000000000000e+03 4.148519999999999945e-47
1.326880000000000109e+03 4.149089999999999771e-47
1.327000000000000000e+03 4.149680000000000067e-47
1.327119999999999891e+03 4.150269999999999878e-47
1.327250000000000000e+03 4.150860000000000175e-47
1.327380000000000109e+03 4.151460000000000221e-47
1.327500000000000000e+03 4.152059999999999782e-47
1.327619999999999891e+03 4.152659999999999828e-47
1.327750000000000000e+03 4.153270000000000110e-47
1.327880000000000109e+03 4.153870000000000157e-47
1.328000000000000000e+03 4.154479999999999953e-47
1.328119999999999891e+03 4.155000000000000058e-47
1.328250000000000000e+03 4.155429999999999986e-47
1.328380000000000109e+03 4.155859999999999913e-47
1.328500000000000000e+03 4.156289999999999841e-47
1.328619999999999891e+03 4.156710000000000020e-47
1.328750000000000000e+03 4.157139999999999948e-47
1.328880000000000109e+03 4.157569999999999876e-47
1.329000000000000000e+03 4.158229999999999878e-47
1.329119999999999891e+03 4.159009999999999793e-47
1.329250000000000000e+03 4.159549999999999883e-47
1.329380000000000109e+03 4.160229999999999871e-47
1.329500000000000000e+03 4.160329999999999797e-47
1.329619999999999891e+03 4.160619999999999828e-47
1.329750000000000000e+03 4.161219999999999874e-47
1.329880000000000109e+03 4.161649999999999802e-47
1.330000000000000000e+03 4.162080000000000216e-47
1.330119999999999891e+03 4.162510000000000144e-47
1.330250000000000000e+03 4.162929999999999836e-47
1.330380000000000109e+03 4.163710000000000237e-47
1.330500000000000000e+03 4.163950000000000061e-47
1.330619999999999891e+03 4.164740000000000211e-47
1.330750000000000000e+03 4.165259999999999830e-47
1.330880000000000109e+03 4.165529999999999876e-47
1.331000000000000000e+03 4.165879999999999862e-47
1.331119999999999891e+03 4.166359999999999996e-47
1.331250000000000000e+03 4.166900000000000087e-47
1.331380000000000109e+03 4.167449999999999927e-47
1.331500000000000000e+03 4.167990000000000017e-47
1.331619999999999891e+03 4.168539999999999857e-47
1.331750000000000000e+03 4.169079999999999948e-47
1.331880000000000109e+03 4.169629999999999788e-47
1.332000000000000000e+03 4.170169999999999878e-47
1.332119999999999891e+03 4.170709999999999968e-47
1.332250000000000000e+03 4.171259999999999808e-47
1.332380000000000109e+03 4.171810000000000134e-47
1.332500000000000000e+03 4.172269999999999797e-47
1.332619999999999891e+03 4.172740000000000182e-47
1.332750000000000000e+03 4.173199999999999845e-47
1.332880000000000109e+03 4.173659999999999994e-47
1.333000000000000000e+03 4.174080000000000172e-47
1.333119999999999891e+03 4.174450000000000144e-47
1.333250000000000000e+03 4.174960000000000014e-47
1.333380000000000109e+03 4.175469999999999883e-47
1.333500000000000000e+03 4.175970000000000003e-47
1.333619999999999891e+03 4.176439999999999901e-47
1.333750000000000000e+03 4.176900000000000050e-47
1.333880000000000109e+03 4.177360000000000199e-47
1.334000000000000000e+03 4.177819999999999862e-47
1.334119999999999891e+03 4.178289999999999761e-47
1.334250000000000000e+03 4.178749999999999910e-47
1.334380000000000109e+03 4.179210000000000059e-47
1.334500000000000000e+03 4.179679999999999957e-47
1.334619999999999891e+03 4.180140000000000106e-47
1.334750000000000000e+03 4.180740000000000153e-47
1.334880000000000109e+03 4.181320000000000214e-47
1.335000000000000000e+03 4.181830000000000083e-47
1.335119999999999891e+03 4.182359999999999938e-47
1.335250000000000000e+03 4.182959999999999984e-47
1.335380000000000109e+03 4.183449999999999868e-47
1.335500000000000000e+03 4.183879999999999796e-47
1.335619999999999891e+03 4.184299999999999974e-47
1.335750000000000000e+03 4.184720000000000153e-47
1.335880000000000109e+03 4.185139999999999845e-47
1.336000000000000000e+03 4.185560000000000023e-47
1.336119999999999891e+03 4.185989999999999951e-47
1.336250000000000000e+03 4.186459999999999850e-47
1.336380000000000109e+03 4.186919999999999999e-47
1.336500000000000000e+03 4.187380000000000148e-47
1.336619999999999891e+03 4.187830000000000061e-47
1.336750000000000000e+03 4.188259999999999989e-47
1.336880000000000109e+03 4.188689999999999917e-47
1.337000000000000000e+03 4.189119999999999845e-47
1.337119999999999891e+03 4.189560000000000009e-47
1.337250000000000000e+03 4.190020000000000158e-47
1.337380000000000109e+03 4.190490000000000056e-47
1.337500000000000000e+03 4.190910000000000235e-47
1.337619999999999891e+03 4.191460000000000074e-47
1.337750000000000000e+03 4.192020000000000150e-47
1.337880000000000109e+03 4.192580000000000226e-47
1.338000000000000000e+03 4.193130000000000066e-47
1.338119999999999891e+03 4.193690000000000142e-47
1.338250000000000000e+03 4.194160000000000040e-47
1.338380000000000109e+03 4.194669999999999910e-47
1.338500000000000000e+03 4.195229999999999985e-47
1.338619999999999891e+03 4.195799999999999811e-47
1.338750000000000000e+03 4.196410000000000093e-47
1.338880000000000109e+03 4.197790000000000054e-47
1.339000000000000000e+03 4.198560000000000219e-47
1.339119999999999891e+03 4.199010000000000132e-47
1.339250000000000000e+03 4.199469999999999795e-47
1.339380000000000109e+03 4.199900000000000209e-47
1.339500000000000000e+03 4.200330000000000137e-47
1.339619999999999891e+03 4.200760000000000065e-47
1.339750000000000000e+03 4.201189999999999993e-47
1.339880000000000109e+03 4.201619999999999920e-47
1.340000000000000000e+03 4.201909999999999951e-47
1.340119999999999891e+03 4.202419999999999820e-47
1.340250000000000000e+03 4.202910000000000190e-47
1.340380000000000109e+03 4.203340000000000118e-47
1.340500000000000000e+03 4.203779999999999796e-47
1.340619999999999891e+03 4.204210000000000210e-47
1.340750000000000000e+03 4.204640000000000138e-47
1.340880000000000109e+03 4.205070000000000066e-47
1.341000000000000000e+03 4.205499999999999994e-47
1.341119999999999891e+03 4.205940000000000157e-47
1.341250000000000000e+03 4.206370000000000085e-47
1.341380000000000109e+03 4.206800000000000013e-47
1.341500000000000000e+03 4.207240000000000177e-47
1.341619999999999891e+03 4.207670000000000105e-47
1.341750000000000000e+03 4.208100000000000033e-47
1.341880000000000109e+03 4.208549999999999946e-47
1.342000000000000000e+03 4.208990000000000110e-47
1.342119999999999891e+03 4.209409999999999802e-47
1.342250000000000000e+03 4.209840000000000216e-47
1.342380000000000109e+03 4.210279999999999894e-47
1.342500000000000000e+03 4.210709999999999821e-47
1.342619999999999891e+03 4.211149999999999985e-47
1.342750000000000000e+03 4.211590000000000149e-47
1.342880000000000109e+03 4.212020000000000077e-47
1.343000000000000000e+03 4.212460000000000240e-47
1.343119999999999891e+03 4.212899999999999918e-47
1.343250000000000000e+03 4.213559999999999920e-47
1.343380000000000109e+03 4.214040000000000055e-47
1.343500000000000000e+03 4.214509999999999953e-47
1.343619999999999891e+03 4.214970000000000102e-47
1.343750000000000000e+03 4.215570000000000149e-47
1.343880000000000109e+03 4.216259999999999886e-47
1.344000000000000000e+03 4.216979999999999845e-47
1.344119999999999891e+03 4.217499999999999950e-47
1.344250000000000000e+03 4.217940000000000113e-47
1.344380000000000109e+03 4.218379999999999791e-47
1.344500000000000000e+03 4.218879999999999911e-47
1.344619999999999891e+03 4.219329999999999824e-47
1.344750000000000000e+03 4.219880000000000150e-47
1.344880000000000109e+03 4.220440000000000226e-47
1.345000000000000000e+03 4.221129999999999963e-47
1.345119999999999891e+03 4.221809999999999951e-47
1.345250000000000000e+03 4.222500000000000174e-47
1.345380000000000109e+03 4.223180000000000162e-47
1.345500000000000000e+03 4.223869999999999900e-47
1.345619999999999891e+03 4.224549999999999887e-47
1.345750000000000000e+03 4.225109999999999963e-47
1.345880000000000109e+03 4.225610000000000083e-47
1.346000000000000000e+03 4.226099999999999967e-47
1.346119999999999891e+03 4.226560000000000116e-47
1.346250000000000000e+03 4.227039999999999764e-47
1.346380000000000109e+03 4.227650000000000046e-47
1.346500000000000000e+03 4.228179999999999901e-47
1.346619999999999891e+03 4.228839999999999903e-47
1.346750000000000000e+03 4.229510000000000141e-47
1.346880000000000109e+03 4.230170000000000144e-47
1.347000000000000000e+03 4.230810000000000161e-47
1.347119999999999891e+03 4.231390000000000222e-47
1.347250000000000000e+03 4.231869999999999870e-47
1.347380000000000109e+03 4.232350000000000005e-47
1.347500000000000000e+03 4.232830000000000139e-47
1.347619999999999891e+03 4.233229999999999846e-47
1.347750000000000000e+03 4.233619999999999803e-47
1.347880000000000109e+03 4.234019999999999996e-47
1.348000000000000000e+03 4.234469999999999909e-47
1.348119999999999891e+03 4.234950000000000044e-47
1.348250000000000000e+03 4.235419999999999942e-47
1.348380000000000109e+03 4.235900000000000077e-47
1.348500000000000000e+03 4.236110000000000166e-47
1.348619999999999891e+03 4.236290000000000034e-47
1.348750000000000000e+03 4.236509999999999873e-47
1.348880000000000109e+03 4.237209999999999846e-47
1.349000000000000000e+03 4.237900000000000069e-47
1.349119999999999891e+03 4.238589999999999807e-47
1.349250000000000000e+03 4.239280000000000030e-47
1.349380000000000109e+03 4.239980000000000003e-47
1.349500000000000000e+03 4.240469999999999887e-47
1.349619999999999891e+03 4.240600000000000035e-47
1.349750000000000000e+03 4.240719999999999947e-47
1.349880000000000109e+03 4.240850000000000095e-47
1.350000000000000000e+03 4.241550000000000068e-47
1.350119999999999891e+03 4.241769999999999907e-47
1.350250000000000000e+03 4.241920000000000040e-47
1.350380000000000109e+03 4.242560000000000057e-47
1.350500000000000000e+03 4.243200000000000074e-47
1.350619999999999891e+03 4.243840000000000091e-47
1.350750000000000000e+03 4.245729999999999921e-47
1.350880000000000109e+03 4.246230000000000041e-47
1.351000000000000000e+03 4.246770000000000131e-47
1.351119999999999891e+03 4.247080000000000147e-47
1.351250000000000000e+03 4.247499999999999840e-47
1.351380000000000109e+03 4.247970000000000224e-47
1.351500000000000000e+03 4.248440000000000123e-47
1.351619999999999891e+03 4.248949999999999992e-47
1.351750000000000000e+03 4.249709999999999921e-47
1.351880000000000109e+03 4.249950000000000232e-47
1.352000000000000000e+03 4.250480000000000086e-47
1.352119999999999891e+03 4.251000000000000191e-47
1.352250000000000000e+03 4.252139999999999842e-47
1.352380000000000109e+03 4.251669999999999943e-47
1.352500000000000000e+03 4.252380000000000152e-47
1.352619999999999891e+03 4.253270000000000229e-47
1.352750000000000000e+03 4.253849999999999804e-47
1.352880000000000109e+03 4.254440000000000101e-47
1.353000000000000000e+03 4.254989999999999941e-47
1.353119999999999891e+03 4.255700000000000150e-47
1.353250000000000000e+03 4.256179999999999798e-47
1.353380000000000109e+03 4.256690000000000153e-47
1.353500000000000000e+03 4.257140000000000067e-47
1.353619999999999891e+03 4.257569999999999995e-47
1.353750000000000000e+03 4.258010000000000158e-47
1.353880000000000109e+03 4.258449999999999836e-47
1.354000000000000000e+03 4.259009999999999912e-47
1.354119999999999891e+03 4.259780000000000076e-47
1.354250000000000000e+03 4.260599999999999962e-47
1.354380000000000109e+03 4.263069999999999853e-47
1.354500000000000000e+03 4.262249999999999968e-47
1.354619999999999891e+03 4.263069999999999853e-47
1.354750000000000000e+03 4.263899999999999974e-47
1.354880000000000109e+03 4.264730000000000095e-47
1.355000000000000000e+03 4.265560000000000216e-47
1.355119999999999891e+03 4.266389999999999850e-47
1.355250000000000000e+03 4.267160000000000015e-47
1.355380000000000109e+03 4.267870000000000224e-47
1.355500000000000000e+03 4.268500000000000006e-47
1.355619999999999891e+03 4.269120000000000037e-47
1.355750000000000000e+03 4.269910000000000188e-47
1.355880000000000109e+03 4.270559999999999954e-47
1.356000000000000000e+03 4.271359999999999854e-47
1.356119999999999891e+03 4.272160000000000240e-47
1.356250000000000000e+03 4.273000000000000111e-47
1.356380000000000109e+03 4.273839999999999981e-47
1.356500000000000000e+03 4.274670000000000102e-47
1.356619999999999891e+03 4.275500000000000223e-47
1.356750000000000000e+03 4.276340000000000093e-47
1.356880000000000109e+03 4.277179999999999964e-47
1.357000000000000000e+03 4.278019999999999834e-47
1.357119999999999891e+03 4.278869999999999941e-47
1.357250000000000000e+03 4.279620000000000120e-47
1.357380000000000109e+03 4.280659999999999844e-47
1.357500000000000000e+03 4.281330000000000082e-47
1.357619999999999891e+03 4.282160000000000203e-47
1.357750000000000000e+03 4.282989999999999838e-47
1.357880000000000109e+03 4.283810000000000209e-47
1.358000000000000000e+03 4.284610000000000109e-47
1.358119999999999891e+03 4.285419999999999759e-47
1.358250000000000000e+03 4.286229999999999894e-47
1.358380000000000109e+03 4.287049999999999779e-47
1.358500000000000000e+03 4.287879999999999900e-47
1.358619999999999891e+03 4.288719999999999771e-47
1.358750000000000000e+03 4.289540000000000142e-47
1.358880000000000109e+03 4.290309999999999821e-47
1.359000000000000000e+03 4.291070000000000236e-47
1.359119999999999891e+03 4.291870000000000136e-47
1.359250000000000000e+03 4.292809999999999933e-47
1.359380000000000109e+03 4.293709999999999760e-47
1.359500000000000000e+03 4.294450000000000190e-47
1.359619999999999891e+03 4.295139999999999927e-47
1.359750000000000000e+03 4.295839999999999900e-47
1.359880000000000109e+03 4.296550000000000109e-47
1.360000000000000000e+03 4.297270000000000068e-47
1.360119999999999891e+03 4.298069999999999967e-47
1.360250000000000000e+03 4.298900000000000088e-47
1.360380000000000109e+03 4.299690000000000239e-47
1.360500000000000000e+03 4.300479999999999903e-47
1.360619999999999891e+03 4.301299999999999788e-47
1.360750000000000000e+03 4.302900000000000074e-47
1.360880000000000109e+03 4.303119999999999912e-47
1.361000000000000000e+03 4.304020000000000225e-47
1.361119999999999891e+03 4.304949999999999787e-47
1.361250000000000000e+03 4.305930000000000041e-47
1.361380000000000109e+03 4.306940000000000030e-47
1.361500000000000000e+03 4.308009999999999975e-47
1.361619999999999891e+03 4.309139999999999876e-47
1.361750000000000000e+03 4.310399999999999925e-47
1.361880000000000109e+03 4.311659999999999973e-47
1.362000000000000000e+03 4.313309999999999980e-47
1.362119999999999891e+03 4.314459999999999866e-47
1.362250000000000000e+03 4.316089999999999887e-47
1.362380000000000109e+03 4.318450000000000102e-47
1.362500000000000000e+03 4.320470000000000080e-47
1.362619999999999891e+03 4.322620000000000205e-47
1.362750000000000000e+03 4.324990000000000170e-47
1.362880000000000109e+03 4.327920000000000210e-47
1.363000000000000000e+03 4.331170000000000016e-47
1.363119999999999891e+03 4.335139999999999780e-47
1.363250000000000000e+03 4.339699999999999841e-47
1.363380000000000109e+03 4.344540000000000183e-47
1.363500000000000000e+03 4.350839999999999941e-47
1.363619999999999891e+03 4.358870000000000133e-47
1.363750000000000000e+03 4.369570000000000070e-47
1.363880000000000109e+03 4.385010000000000421e-47
1.364000000000000000e+03 4.404569999999999698e-47
1.364119999999999891e+03 4.437000000000000481e-47
1.364250000000000000e+03 4.474860000000000444e-47
1.364380000000000109e+03 4.542299999999999632e-47
1.364500000000000000e+03 4.689630000000000309e-47
1.364619999999999891e+03 4.993909999999999960e-47
1.364750000000000000e+03 5.865490000000000469e-47
1.364880000000000109e+03 1.051720000000000037e-46
1.365000000000000000e+03 5.852420000000000082e-46
1.365119999999999891e+03 8.574570000000000430e-47
1.365250000000000000e+03 5.553540000000000363e-47
1.365380000000000109e+03 4.911650000000000452e-47
1.365500000000000000e+03 4.664959999999999673e-47
1.365619999999999891e+03 4.544149999999999978e-47
1.365750000000000000e+03 4.474429999999999543e-47
1.365880000000000109e+03 4.437750000000000174e-47
1.366000000000000000e+03 4.411519999999999709e-47
1.366119999999999891e+03 4.394450000000000309e-47
1.366250000000000000e+03 4.381779999999999628e-47
1.366380000000000109e+03 4.371990000000000241e-47
1.366500000000000000e+03 4.365010000000000008e-47
1.366619999999999891e+03 4.360230000000000109e-47
1.366750000000000000e+03 4.357209999999999891e-47
1.366880000000000109e+03 4.353929999999999864e-47
1.367000000000000000e+03 4.351430000000000238e-47
1.367119999999999891e+03 4.349780000000000232e-47
1.367250000000000000e+03 4.348430000000000006e-47
1.367380000000000109e+03 4.347409999999999781e-47
1.367500000000000000e+03 4.346970000000000104e-47
1.367619999999999891e+03 4.346680000000000073e-47
1.367750000000000000e+03 4.346290000000000116e-47
1.367880000000000109e+03 4.346310000000000101e-47
1.368000000000000000e+03 4.346560000000000161e-47
1.368119999999999891e+03 4.346580000000000147e-47
1.368250000000000000e+03 4.346819999999999971e-47
1.368380000000000109e+03 4.346899999999999912e-47
1.368500000000000000e+03 4.346950000000000119e-47
1.368619999999999891e+03 4.347099999999999766e-47
1.368750000000000000e+03 4.347400000000000032e-47
1.368880000000000109e+03 4.347829999999999960e-47
1.369000000000000000e+03 4.348170000000000197e-47
1.369119999999999891e+03 4.348799999999999978e-47
1.369250000000000000e+03 4.350099999999999998e-47
1.369380000000000109e+03 4.351360000000000046e-47
1.369500000000000000e+03 4.351880000000000151e-47
1.369619999999999891e+03 4.352489999999999947e-47
1.369750000000000000e+03 4.352190000000000167e-47
1.369880000000000109e+03 4.352749999999999757e-47
1.370000000000000000e+03 4.353329999999999818e-47
1.370119999999999891e+03 4.353929999999999864e-47
1.370250000000000000e+03 4.354629999999999838e-47
1.370380000000000109e+03 4.355200000000000149e-47
1.370500000000000000e+03 4.355389999999999767e-47
1.370619999999999891e+03 4.355499999999999929e-47
1.370750000000000000e+03 4.355820000000000181e-47
1.370880000000000109e+03 4.356199999999999902e-47
1.371000000000000000e+03 4.356600000000000095e-47
1.371119999999999891e+03 4.356730000000000243e-47
1.371250000000000000e+03 4.357080000000000230e-47
1.371380000000000109e+03 4.357740000000000232e-47
1.371500000000000000e+03 4.358449999999999955e-47
1.371619999999999891e+03 4.359189999999999899e-47
1.371750000000000000e+03 4.359949999999999828e-47
1.371880000000000109e+03 4.360549999999999874e-47
1.372000000000000000e+03 4.361249999999999847e-47
1.372119999999999891e+03 4.361980000000000041e-47
1.372250000000000000e+03 4.362719999999999985e-47
1.372380000000000109e+03 4.363129999999999928e-47
1.372500000000000000e+03 4.364090000000000197e-47
1.372619999999999891e+03 4.364600000000000066e-47
1.372750000000000000e+03 4.364910000000000082e-47
1.372880000000000109e+03 4.365419999999999951e-47
1.373000000000000000e+03 4.366460000000000161e-47
1.373119999999999891e+03 4.367399999999999958e-47
1.373250000000000000e+03 4.368420000000000183e-47
1.373380000000000109e+03 4.369379999999999966e-47
1.373500000000000000e+03 4.369820000000000129e-47
1.373619999999999891e+03 4.370859999999999853e-47
1.373750000000000000e+03 4.372070000000000182e-47
1.373880000000000109e+03 4.373140000000000127e-47
1.374000000000000000e+03 4.374449999999999896e-47
1.374119999999999891e+03 4.375940000000000019e-47
1.374250000000000000e+03 4.377080000000000156e-47
1.374380000000000109e+03 4.378690000000000192e-47
1.374500000000000000e+03 4.379709999999999930e-47
1.374619999999999891e+03 4.380780000000000361e-47
1.374750000000000000e+03 4.381859999999999570e-47
1.374880000000000109e+03 4.382990000000000443e-47
1.375000000000000000e+03 4.384179999999999814e-47
1.375119999999999891e+03 4.385429999999999627e-47
1.375250000000000000e+03 4.386749999999999632e-47
1.375380000000000109e+03 4.388130000000000079e-47
1.375500000000000000e+03 4.389609999999999967e-47
1.375619999999999891e+03 4.391200000000000017e-47
1.375750000000000000e+03 4.393619999999999702e-47
1.375880000000000109e+03 4.397630000000000409e-47
1.376000000000000000e+03 4.400029999999999622e-47
1.376119999999999891e+03 4.401720000000000085e-47
1.376250000000000000e+03 4.403930000000000167e-47
1.376380000000000109e+03 4.407209999999999708e-47
1.376500000000000000e+03 4.410579999999999912e-47
1.376619999999999891e+03 4.414480000000000456e-47
1.376750000000000000e+03 4.420110000000000462e-47
1.376880000000000109e+03 4.426699999999999765e-47
1.377000000000000000e+03 4.435079999999999943e-47
1.377119999999999891e+03 4.445740000000000395e-47
1.377250000000000000e+03 4.454090000000000352e-47
1.377380000000000109e+03 4.472009999999999859e-47
1.377500000000000000e+03 4.492329999999999551e-47
1.377619999999999891e+03 4.519609999999999976e-47
1.377750000000000000e+03 4.553530000000000396e-47
1.377880000000000109e+03 4.602220000000000443e-47
1.378000000000000000e+03 4.679859999999999934e-47
1.378119999999999891e+03 4.792770000000000071e-47
1.378250000000000000e+03 4.972930000000000265e-47
1.378380000000000109e+03 5.300869999999999591e-47
1.378500000000000000e+03 5.977830000000000295e-47
1.378619999999999891e+03 7.910739999999999583e-47
1.378750000000000000e+03 1.686710000000000047e-46
1.378880000000000109e+03 5.508000000000000194e-46
1.379000000000000000e+03 1.588450000000000014e-46
1.379119999999999891e+03 7.551089999999999919e-47
1.379250000000000000e+03 5.880739999999999745e-47
1.379380000000000109e+03 5.262210000000000214e-47
1.379500000000000000e+03 4.963859999999999864e-47
1.379619999999999891e+03 4.804549999999999702e-47
1.379750000000000000e+03 4.707380000000000183e-47
1.379880000000000109e+03 4.627019999999999768e-47
1.380000000000000000e+03 4.569770000000000161e-47
1.380119999999999891e+03 4.529909999999999719e-47
1.380250000000000000e+03 4.505209999999999834e-47
1.380380000000000109e+03 4.486290000000000088e-47
1.380500000000000000e+03 4.472019999999999608e-47
1.380619999999999891e+03 4.460570000000000465e-47
1.380750000000000000e+03 4.450990000000000194e-47
1.380880000000000109e+03 4.443049999999999693e-47
1.381000000000000000e+03 4.435979999999999770e-47
1.381119999999999891e+03 4.432940000000000053e-47
1.381250000000000000e+03 4.430020000000000249e-47
1.381380000000000109e+03 4.427019999999999530e-47
1.381500000000000000e+03 4.424409999999999742e-47
1.381619999999999891e+03 4.421950000000000086e-47
1.381750000000000000e+03 4.419880000000000388e-47
1.381880000000000109e+03 4.418450000000000221e-47
1.382000000000000000e+03 4.416240000000000139e-47
1.382119999999999891e+03 4.415009999999999825e-47
1.382250000000000000e+03 4.413619999999999628e-47
1.382380000000000109e+03 4.412040000000000300e-47
1.382500000000000000e+03 4.410229999999999925e-47
1.382619999999999891e+03 4.408219999999999697e-47
1.382750000000000000e+03 4.407989999999999622e-47
1.382880000000000109e+03 4.407230000000000179e-47
1.383000000000000000e+03 4.406690000000000089e-47
1.383119999999999891e+03 4.406669999999999617e-47
1.383250000000000000e+03 4.406429999999999793e-47
1.383380000000000109e+03 4.405729999999999820e-47
1.383500000000000000e+03 4.405579999999999687e-47
1.383619999999999891e+03 4.405170000000000230e-47
1.383750000000000000e+03 4.404700000000000332e-47
1.383880000000000109e+03 4.404449999999999786e-47
1.384000000000000000e+03 4.403780000000000034e-47
1.384119999999999891e+03 4.403859999999999975e-47
1.384250000000000000e+03 4.403599999999999680e-47
1.384380000000000109e+03 4.403359999999999855e-47
1.384500000000000000e+03 4.403519999999999738e-47
1.384619999999999891e+03 4.403599999999999680e-47
1.384750000000000000e+03 4.403470000000000018e-47
1.384880000000000109e+03 4.403329999999999634e-47
1.385000000000000000e+03 4.403199999999999973e-47
1.385119999999999891e+03 4.403080000000000061e-47
1.385250000000000000e+03 4.403080000000000061e-47
1.385380000000000109e+03 4.403540000000000210e-47
1.385500000000000000e+03 4.404010000000000108e-47
1.385619999999999891e+03 4.404480000000000007e-47
1.385750000000000000e+03 4.404959999999999655e-47
1.385880000000000109e+03 4.405450000000000025e-47
1.386000000000000000e+03 4.405950000000000145e-47
1.386119999999999891e+03 4.406450000000000265e-47
1.386250000000000000e+03 4.406950000000000384e-47
1.386380000000000109e+03 4.407340000000000342e-47
1.386500000000000000e+03 4.407880000000000432e-47
1.386619999999999891e+03 4.408200000000000197e-47
1.386750000000000000e+03 4.408890000000000421e-47
1.386880000000000109e+03 4.409560000000000173e-47
1.387000000000000000e+03 4.410100000000000263e-47
1.387119999999999891e+03 4.410659999999999853e-47
1.387250000000000000e+03 4.411369999999999576e-47
1.387380000000000109e+03 4.412090000000000020e-47
1.387500000000000000e+03 4.412789999999999993e-47
1.387619999999999891e+03 4.413459999999999745e-47
1.387750000000000000e+03 4.414170000000000441e-47
1.387880000000000109e+03 4.414899999999999662e-47
1.388000000000000000e+03 4.415490000000000445e-47
1.388119999999999891e+03 4.415570000000000387e-47
1.388250000000000000e+03 4.415960000000000344e-47
1.388380000000000109e+03 4.416599999999999875e-47
1.388500000000000000e+03 4.417149999999999715e-47
1.388619999999999891e+03 4.417459999999999731e-47
1.388750000000000000e+03 4.417919999999999880e-47
1.388880000000000109e+03 4.418640000000000324e-47
1.389000000000000000e+03 4.419369999999999546e-47
1.389119999999999891e+03 4.420099999999999741e-47
1.389250000000000000e+03 4.420679999999999802e-47
1.389380000000000109e+03 4.421430000000000467e-47
1.389500000000000000e+03 4.422180000000000161e-47
1.389619999999999891e+03 4.422650000000000059e-47
1.389750000000000000e+03 4.423209999999999649e-47
1.389880000000000109e+03 4.423679999999999548e-47
1.390000000000000000e+03 4.424439999999999963e-47
1.390119999999999891e+03 4.424649999999999566e-47
1.390250000000000000e+03 4.424810000000000421e-47
1.390380000000000109e+03 4.425379999999999760e-47
1.390500000000000000e+03 4.425959999999999821e-47
1.390619999999999891e+03 4.426530000000000133e-47
1.390750000000000000e+03 4.427110000000000194e-47
1.390880000000000109e+03 4.427690000000000255e-47
1.391000000000000000e+03 4.428270000000000316e-47
1.391119999999999891e+03 4.428850000000000377e-47
1.391250000000000000e+03 4.429440000000000188e-47
1.391380000000000109e+03 4.430020000000000249e-47
1.391500000000000000e+03 4.430530000000000118e-47
1.391619999999999891e+03 4.430589999999999588e-47
1.391750000000000000e+03 4.430659999999999780e-47
1.391880000000000109e+03 4.430720000000000222e-47
1.392000000000000000e+03 4.430790000000000414e-47
1.392119999999999891e+03 4.430859999999999633e-47
1.392250000000000000e+03 4.430929999999999825e-47
1.392380000000000109e+03 4.431070000000000208e-47
1.392500000000000000e+03 4.431380000000000224e-47
1.392619999999999891e+03 4.431460000000000166e-47
1.392750000000000000e+03 4.431540000000000107e-47
1.392880000000000109e+03 4.431800000000000403e-47
1.393000000000000000e+03 4.432080000000000197e-47
1.393119999999999891e+03 4.432860000000000112e-47
1.393250000000000000e+03 4.433269999999999568e-47
1.393380000000000109e+03 4.433860000000000351e-47
1.393500000000000000e+03 4.434159999999999645e-47
1.393619999999999891e+03 4.434419999999999941e-47
1.393750000000000000e+03 4.434619999999999794e-47
1.393880000000000109e+03 4.434680000000000236e-47
1.394000000000000000e+03 4.435399999999999709e-47
1.394119999999999891e+03 4.436179999999999623e-47
1.394250000000000000e+03 4.436959999999999538e-47
1.394380000000000109e+03 4.437740000000000424e-47
1.394500000000000000e+03 4.438530000000000089e-47
1.394619999999999891e+03 4.439310000000000003e-47
1.394750000000000000e+03 4.440099999999999667e-47
1.394880000000000109e+03 4.440890000000000304e-47
1.395000000000000000e+03 4.441679999999999968e-47
1.395119999999999891e+03 4.442469999999999632e-47
1.395250000000000000e+03 4.443260000000000268e-47
1.395380000000000109e+03 4.444049999999999932e-47
1.395500000000000000e+03 4.444850000000000318e-47
1.395619999999999891e+03 4.445639999999999982e-47
1.395750000000000000e+03 4.446440000000000368e-47
1.395880000000000109e+03 4.447230000000000032e-47
1.396000000000000000e+03 4.448030000000000418e-47
1.396119999999999891e+03 4.448829999999999832e-47
1.396250000000000000e+03 4.449630000000000218e-47
1.396380000000000109e+03 4.450429999999999632e-47
1.396500000000000000e+03 4.451230000000000018e-47
1.396619999999999891e+03 4.452030000000000404e-47
1.396750000000000000e+03 4.452829999999999817e-47
1.396880000000000109e+03 4.453630000000000203e-47
1.397000000000000000e+03 4.454440000000000339e-47
1.397119999999999891e+03 4.455250000000000474e-47
1.397250000000000000e+03 4.456049999999999888e-47
1.397380000000000109e+03 4.456860000000000024e-47
1.397500000000000000e+03 4.457670000000000159e-47
1.397619999999999891e+03 4.458480000000000295e-47
1.397750000000000000e+03 4.459290000000000430e-47
1.397880000000000109e+03 4.460080000000000095e-47
1.398000000000000000e+03 4.460829999999999788e-47
1.398119999999999891e+03 4.461580000000000454e-47
1.398250000000000000e+03 4.462320000000000397e-47
1.398380000000000109e+03 4.463070000000000091e-47
1.398500000000000000e+03 4.463819999999999784e-47
1.398619999999999891e+03 4.464580000000000200e-47
1.398750000000000000e+03 4.465360000000000114e-47
1.398880000000000109e+03 4.466170000000000250e-47
1.399000000000000000e+03 4.466900000000000444e-47
1.399119999999999891e+03 4.467509999999999754e-47
1.399250000000000000e+03 4.468129999999999785e-47
1.399380000000000109e+03 4.468749999999999817e-47
1.399500000000000000e+03 4.469360000000000099e-47
1.399619999999999891e+03 4.469980000000000131e-47
1.399750000000000000e+03 4.470600000000000163e-47
1.399880000000000109e+03 4.471220000000000195e-47
1.400000000000000000e+03 4.471830000000000477e-47
1.400119999999999891e+03 4.472449999999999536e-47
1.400250000000000000e+03 4.473069999999999568e-47
1.400380000000000109e+03 4.473689999999999600e-47
1.400500000000000000e+03 4.474309999999999631e-47
1.400619999999999891e+03 4.474929999999999663e-47
1.400750000000000000e+03 4.475549999999999695e-47
1.400880000000000109e+03 4.476169999999999727e-47
1.401000000000000000e+03 4.476780000000000009e-47
1.401119999999999891e+03 4.477400000000000041e-47
1.401250000000000000e+03 4.478020000000000072e-47
1.401380000000000109e+03 4.478720000000000046e-47
1.401500000000000000e+03 4.479499999999999960e-47
1.401619999999999891e+03 4.480209999999999683e-47
1.401750000000000000e+03 4.481029999999999568e-47
1.401880000000000109e+03 4.481850000000000425e-47
1.402000000000000000e+03 4.482680000000000060e-47
1.402119999999999891e+03 4.483499999999999945e-47
1.402250000000000000e+03 4.484310000000000081e-47
1.402380000000000109e+03 4.485129999999999966e-47
1.402500000000000000e+03 4.485919999999999630e-47
1.402619999999999891e+03 4.486680000000000045e-47
1.402750000000000000e+03 4.487499999999999931e-47
1.402880000000000109e+03 4.488329999999999565e-47
1.403000000000000000e+03 4.489160000000000172e-47
1.403119999999999891e+03 4.489989999999999807e-47
1.403250000000000000e+03 4.490769999999999722e-47
1.403380000000000109e+03 4.491349999999999783e-47
1.403500000000000000e+03 4.491929999999999844e-47
1.403619999999999891e+03 4.492509999999999905e-47
1.403750000000000000e+03 4.494139999999999926e-47
1.403880000000000109e+03 4.493670000000000027e-47
1.404000000000000000e+03 4.494259999999999838e-47
1.404119999999999891e+03 4.494889999999999619e-47
1.404250000000000000e+03 4.497460000000000409e-47
1.404380000000000109e+03 4.498349999999999514e-47
1.404500000000000000e+03 4.499149999999999900e-47
1.404619999999999891e+03 4.499969999999999785e-47
1.404750000000000000e+03 4.500800000000000392e-47
1.404880000000000109e+03 4.501639999999999777e-47
1.405000000000000000e+03 4.502470000000000384e-47
1.405119999999999891e+03 4.503309999999999768e-47
1.405250000000000000e+03 4.504150000000000125e-47
1.405380000000000109e+03 4.504990000000000481e-47
1.405500000000000000e+03 4.505829999999999866e-47
1.405619999999999891e+03 4.506660000000000473e-47
1.405750000000000000e+03 4.507499999999999857e-47
1.405880000000000109e+03 4.508340000000000214e-47
1.406000000000000000e+03 4.509169999999999849e-47
1.406119999999999891e+03 4.509919999999999542e-47
1.406250000000000000e+03 4.510799999999999869e-47
1.406380000000000109e+03 4.511530000000000064e-47
1.406500000000000000e+03 4.512150000000000095e-47
1.406619999999999891e+03 4.512749999999999656e-47
1.406750000000000000e+03 4.513390000000000159e-47
1.406880000000000109e+03 4.514269999999999514e-47
1.407000000000000000e+03 4.515199999999999562e-47
1.407119999999999891e+03 4.515800000000000094e-47
1.407250000000000000e+03 4.516559999999999537e-47
1.407380000000000109e+03 4.517160000000000070e-47
1.407500000000000000e+03 4.517810000000000323e-47
1.407619999999999891e+03 4.518579999999999515e-47
1.407750000000000000e+03 4.519229999999999768e-47
1.407880000000000109e+03 4.519840000000000050e-47
1.408000000000000000e+03 4.520450000000000332e-47
1.408119999999999891e+03 4.521110000000000335e-47
1.408250000000000000e+03 4.521679999999999674e-47
1.408380000000000109e+03 4.522289999999999956e-47
1.408500000000000000e+03 4.522970000000000430e-47
1.408619999999999891e+03 4.523619999999999710e-47
1.408750000000000000e+03 4.524579999999999979e-47
1.408880000000000109e+03 4.525359999999999894e-47
1.409000000000000000e+03 4.526069999999999616e-47
1.409119999999999891e+03 4.526980000000000165e-47
1.409250000000000000e+03 4.527929999999999712e-47
1.409380000000000109e+03 4.528800000000000289e-47
1.409500000000000000e+03 4.529549999999999983e-47
1.409619999999999891e+03 4.530849999999999516e-47
1.409750000000000000e+03 4.531910000000000198e-47
1.409880000000000109e+03 4.532770000000000054e-47
1.410000000000000000e+03 4.533660000000000131e-47
1.410119999999999891e+03 4.534660000000000370e-47
1.410250000000000000e+03 4.536659999999999877e-47
1.410380000000000109e+03 4.537799999999999527e-47
1.410500000000000000e+03 4.538750000000000046e-47
1.410619999999999891e+03 4.539710000000000315e-47
1.410750000000000000e+03 4.540589999999999670e-47
1.410880000000000109e+03 4.541409999999999555e-47
1.411000000000000000e+03 4.542430000000000266e-47
1.411119999999999891e+03 4.543079999999999547e-47
1.411250000000000000e+03 4.544110000000000007e-47
1.411380000000000109e+03 4.545759999999999527e-47
1.411500000000000000e+03 4.546719999999999796e-47
1.411619999999999891e+03 4.547590000000000374e-47
1.411750000000000000e+03 4.548450000000000229e-47
1.411880000000000109e+03 4.549319999999999835e-47
1.412000000000000000e+03 4.550230000000000383e-47
1.412119999999999891e+03 4.551219999999999901e-47
1.412250000000000000e+03 4.552100000000000228e-47
1.412380000000000109e+03 4.552960000000000084e-47
1.412500000000000000e+03 4.553829999999999689e-47
1.412619999999999891e+03 4.554700000000000267e-47
1.412750000000000000e+03 4.555569999999999873e-47
1.412880000000000109e+03 4.556450000000000200e-47
1.413000000000000000e+03 4.557319999999999806e-47
1.413119999999999891e+03 4.558190000000000383e-47
1.413250000000000000e+03 4.559059999999999989e-47
1.413380000000000109e+03 4.559940000000000316e-47
1.413500000000000000e+03 4.560800000000000172e-47
1.413619999999999891e+03 4.561650000000000278e-47
1.413750000000000000e+03 4.562500000000000384e-47
1.413880000000000109e+03 4.563349999999999518e-47
1.414000000000000000e+03 4.564199999999999625e-47
1.414119999999999891e+03 4.565060000000000453e-47
1.414250000000000000e+03 4.565909999999999587e-47
1.414380000000000109e+03 4.566759999999999693e-47
1.414500000000000000e+03 4.567640000000000020e-47
1.414619999999999891e+03 4.568520000000000348e-47
1.414750000000000000e+03 4.569389999999999953e-47
1.414880000000000109e+03 4.570080000000000177e-47
1.415000000000000000e+03 4.570909999999999812e-47
1.415119999999999891e+03 4.571710000000000198e-47
1.415250000000000000e+03 4.572459999999999891e-47
1.415380000000000109e+03 4.573209999999999584e-47
1.415500000000000000e+03 4.573960000000000250e-47
1.415619999999999891e+03 4.574709999999999943e-47
1.415750000000000000e+03 4.575459999999999637e-47
1.415880000000000109e+03 4.576279999999999522e-47
1.416000000000000000e+03 4.578219999999999559e-47
1.416119999999999891e+03 4.580760000000000128e-47
1.416250000000000000e+03 4.581979999999999720e-47
1.416380000000000109e+03 4.582869999999999797e-47
1.416500000000000000e+03 4.581760000000000367e-47
1.416619999999999891e+03 4.582650000000000444e-47
1.416750000000000000e+03 4.583529999999999799e-47
1.416880000000000109e+03 4.584419999999999876e-47
1.417000000000000000e+03 4.585309999999999953e-47
1.417119999999999891e+03 4.586200000000000030e-47
1.417250000000000000e+03 4.587090000000000107e-47
1.417380000000000109e+03 4.587980000000000184e-47
1.417500000000000000e+03 4.588870000000000261e-47
1.417619999999999891e+03 4.589770000000000087e-47
1.417750000000000000e+03 4.590660000000000164e-47
1.417880000000000109e+03 4.591550000000000241e-47
1.418000000000000000e+03 4.596609999999999936e-47
1.418119999999999891e+03 4.593340000000000145e-47
1.418250000000000000e+03 4.594230000000000222e-47
1.418380000000000109e+03 4.595130000000000048e-47
1.418500000000000000e+03 4.596020000000000125e-47
1.418619999999999891e+03 4.596919999999999952e-47
1.418750000000000000e+03 4.597819999999999778e-47
1.418880000000000109e+03 4.598939999999999930e-47
1.419000000000000000e+03 4.599689999999999623e-47
1.419119999999999891e+03 4.600630000000000393e-47
1.419250000000000000e+03 4.601570000000000190e-47
1.419380000000000109e+03 4.602509999999999987e-47
1.419500000000000000e+03 4.603409999999999814e-47
1.419619999999999891e+03 4.604339999999999861e-47
1.419750000000000000e+03 4.605309999999999880e-47
1.419880000000000109e+03 4.606249999999999677e-47
1.420000000000000000e+03 4.607249999999999916e-47
1.420119999999999891e+03 4.608219999999999935e-47
1.420250000000000000e+03 4.609189999999999953e-47
1.420380000000000109e+03 4.610059999999999558e-47
1.420500000000000000e+03 4.610899999999999915e-47
1.420619999999999891e+03 4.611729999999999550e-47
1.420750000000000000e+03 4.612569999999999906e-47
1.420880000000000109e+03 4.613410000000000263e-47
1.421000000000000000e+03 4.614420000000000252e-47
1.421119999999999891e+03 4.616640000000000084e-47
1.421250000000000000e+03 4.617610000000000102e-47
1.421380000000000109e+03 4.618589999999999870e-47
1.421500000000000000e+03 4.619559999999999888e-47
1.421619999999999891e+03 4.620529999999999906e-47
1.421750000000000000e+03 4.621440000000000455e-47
1.421880000000000109e+03 4.622350000000000031e-47
1.422000000000000000e+03 4.623259999999999607e-47
1.422119999999999891e+03 4.625039999999999761e-47
1.422250000000000000e+03 4.625849999999999897e-47
1.422380000000000109e+03 4.626650000000000283e-47
1.422500000000000000e+03 4.626909999999999606e-47
1.422619999999999891e+03 4.627820000000000154e-47
1.422750000000000000e+03 4.628729999999999730e-47
1.422880000000000109e+03 4.629610000000000058e-47
1.423000000000000000e+03 4.630469999999999914e-47
1.423119999999999891e+03 4.631909999999999831e-47
1.423250000000000000e+03 4.632799999999999908e-47
1.423380000000000109e+03 4.633050000000000454e-47
1.423500000000000000e+03 4.633870000000000339e-47
1.423619999999999891e+03 4.634680000000000474e-47
1.423750000000000000e+03 4.635489999999999638e-47
1.423880000000000109e+03 4.636309999999999523e-47
1.424000000000000000e+03 4.637119999999999658e-47
1.424119999999999891e+03 4.637939999999999544e-47
1.424250000000000000e+03 4.638760000000000401e-47
1.424380000000000109e+03 4.639580000000000286e-47
1.424500000000000000e+03 4.640409999999999921e-47
1.424619999999999891e+03 4.641229999999999806e-47
1.424750000000000000e+03 4.642060000000000413e-47
1.424880000000000109e+03 4.642890000000000048e-47
1.425000000000000000e+03 4.643719999999999683e-47
1.425119999999999891e+03 4.644560000000000039e-47
1.425250000000000000e+03 4.645389999999999674e-47
1.425380000000000109e+03 4.646230000000000031e-47
1.425500000000000000e+03 4.647120000000000108e-47
1.425619999999999891e+03 4.647909999999999772e-47
1.425750000000000000e+03 4.648750000000000129e-47
1.425880000000000109e+03 4.649590000000000485e-47
1.426000000000000000e+03 4.650410000000000370e-47
1.426119999999999891e+03 4.651219999999999534e-47
1.426250000000000000e+03 4.652029999999999669e-47
1.426380000000000109e+03 4.652839999999999805e-47
1.426500000000000000e+03 4.653649999999999940e-47
1.426619999999999891e+03 4.654450000000000326e-47
1.426750000000000000e+03 4.655209999999999769e-47
1.426880000000000109e+03 4.655979999999999934e-47
1.427000000000000000e+03 4.656750000000000099e-47
1.427119999999999891e+03 4.657509999999999542e-47
1.427250000000000000e+03 4.658279999999999707e-47
1.427380000000000109e+03 4.659049999999999872e-47
1.427500000000000000e+03 4.659820000000000037e-47
1.427619999999999891e+03 4.660590000000000202e-47
1.427750000000000000e+03 4.661360000000000367e-47
1.427880000000000109e+03 4.662330000000000385e-47
1.428000000000000000e+03 4.663099999999999578e-47
1.428119999999999891e+03 4.664489999999999774e-47
1.428250000000000000e+03 4.665990000000000133e-47
1.428380000000000109e+03 4.666870000000000461e-47
1.428500000000000000e+03 4.667749999999999816e-47
1.428619999999999891e+03 4.668639999999999893e-47
1.428750000000000000e+03 4.669529999999999970e-47
1.428880000000000109e+03 4.670420000000000047e-47
1.429000000000000000e+03 4.671310000000000124e-47
1.429119999999999891e+03 4.672200000000000200e-47
1.429250000000000000e+03 4.673100000000000027e-47
1.429380000000000109e+03 4.673999999999999854e-47
1.429500000000000000e+03 4.679049999999999799e-47
1.429619999999999891e+03 4.684029999999999552e-47
1.429750000000000000e+03 4.684989999999999820e-47
1.429880000000000109e+03 4.690570000000000106e-47
1.430000000000000000e+03 4.696359999999999995e-47
1.430119999999999891e+03 4.697109999999999688e-47
1.430250000000000000e+03 4.697849999999999632e-47
1.430380000000000109e+03 4.698870000000000343e-47
1.430500000000000000e+03 4.707779999999999890e-47
1.430619999999999891e+03 4.708749999999999908e-47
1.430750000000000000e+03 4.709719999999999927e-47
1.430880000000000109e+03 4.710689999999999945e-47
1.431000000000000000e+03 4.711659999999999963e-47
1.431119999999999891e+03 4.712629999999999982e-47
1.431250000000000000e+03 4.714189999999999810e-47
1.431380000000000109e+03 4.715159999999999829e-47
1.431500000000000000e+03 4.716709999999999908e-47
1.431619999999999891e+03 4.717679999999999926e-47
1.431750000000000000e+03 4.718649999999999945e-47
1.431880000000000109e+03 4.719619999999999963e-47
1.432000000000000000e+03 4.720599999999999731e-47
1.432119999999999891e+03 4.721569999999999749e-47
1.432250000000000000e+03 4.722539999999999768e-47
1.432380000000000109e+03 4.723500000000000036e-47
1.432500000000000000e+03 4.724439999999999834e-47
1.432619999999999891e+03 4.725390000000000353e-47
1.432750000000000000e+03 4.726330000000000150e-47
1.432880000000000109e+03 4.727279999999999697e-47
1.433000000000000000e+03 4.728230000000000216e-47
1.433119999999999891e+03 4.729170000000000013e-47
1.433250000000000000e+03 4.730119999999999560e-47
1.433380000000000109e+03 4.731070000000000079e-47
1.433500000000000000e+03 4.732009999999999876e-47
1.433619999999999891e+03 4.732930000000000174e-47
1.433750000000000000e+03 4.733850000000000472e-47
1.433880000000000109e+03 4.734779999999999548e-47
1.434000000000000000e+03 4.735709999999999595e-47
1.434119999999999891e+03 4.736639999999999643e-47
1.434250000000000000e+03 4.737620000000000383e-47
1.434380000000000109e+03 4.738609999999999901e-47
1.434500000000000000e+03 4.739589999999999669e-47
1.434619999999999891e+03 4.740580000000000158e-47
1.434750000000000000e+03 4.741559999999999926e-47
1.434880000000000109e+03 4.742229999999999678e-47
1.435000000000000000e+03 4.743159999999999726e-47
1.435119999999999891e+03 4.744099999999999523e-47
1.435250000000000000e+03 4.745040000000000293e-47
1.435380000000000109e+03 4.745970000000000340e-47
1.435500000000000000e+03 4.746950000000000108e-47
1.435619999999999891e+03 4.747939999999999626e-47
1.435750000000000000e+03 4.748930000000000116e-47
1.435880000000000109e+03 4.749930000000000355e-47
1.436000000000000000e+03 4.750919999999999873e-47
1.436119999999999891e+03 4.751910000000000362e-47
1.436250000000000000e+03 4.752909999999999629e-47
1.436380000000000109e+03 4.753639999999999824e-47
1.436500000000000000e+03 4.754480000000000180e-47
1.436619999999999891e+03 4.755530000000000140e-47
1.436750000000000000e+03 4.756380000000000246e-47
1.436880000000000109e+03 4.757329999999999793e-47
1.437000000000000000e+03 4.758290000000000062e-47
1.437119999999999891e+03 4.759239999999999609e-47
1.437250000000000000e+03 4.760199999999999877e-47
1.437380000000000109e+03 4.761160000000000146e-47
1.437500000000000000e+03 4.762109999999999693e-47
1.437619999999999891e+03 4.763069999999999962e-47
1.437750000000000000e+03 4.764039999999999980e-47
1.437880000000000109e+03 4.765000000000000249e-47
1.438000000000000000e+03 4.765959999999999545e-47
1.438119999999999891e+03 4.766929999999999563e-47
1.438250000000000000e+03 4.767889999999999832e-47
1.438380000000000109e+03 4.768979999999999762e-47
1.438500000000000000e+03 4.770940000000000271e-47
1.438619999999999891e+03 4.771950000000000260e-47
1.438750000000000000e+03 4.772960000000000249e-47
1.438880000000000109e+03 4.773970000000000238e-47
1.439000000000000000e+03 4.774980000000000227e-47
1.439119999999999891e+03 4.775990000000000216e-47
1.439250000000000000e+03 4.777000000000000205e-47
1.439380000000000109e+03 4.778010000000000194e-47
1.439500000000000000e+03 4.779020000000000183e-47
1.439619999999999891e+03 4.780039999999999921e-47
1.439750000000000000e+03 4.781049999999999910e-47
1.439880000000000109e+03 4.782069999999999649e-47
1.440000000000000000e+03 4.783079999999999638e-47
1.440119999999999891e+03 4.784100000000000349e-47
1.440250000000000000e+03 4.783859999999999552e-47
1.440380000000000109e+03 4.785000000000000175e-47
1.440500000000000000e+03 4.786149999999999575e-47
1.440619999999999891e+03 4.787290000000000198e-47
1.440750000000000000e+03 4.788429999999999849e-47
1.440880000000000109e+03 4.789580000000000222e-47
1.441000000000000000e+03 4.790729999999999622e-47
1.441119999999999891e+03 4.791870000000000245e-47
1.441250000000000000e+03 4.793000000000000146e-47
1.441380000000000109e+03 4.794029999999999634e-47
1.441500000000000000e+03 4.795050000000000345e-47
1.441619999999999891e+03 4.796079999999999833e-47
1.441750000000000000e+03 4.797099999999999572e-47
1.441880000000000109e+03 4.798130000000000032e-47
1.442000000000000000e+03 4.798299999999999664e-47
1.442119999999999891e+03 4.799320000000000375e-47
1.442250000000000000e+03 4.800330000000000364e-47
1.442380000000000109e+03 4.801350000000000103e-47
1.442500000000000000e+03 4.802139999999999767e-47
1.442619999999999891e+03 4.796150000000000025e-47
1.442750000000000000e+03 4.790759999999999843e-47
1.442880000000000109e+03 4.791830000000000274e-47
1.443000000000000000e+03 4.792910000000000455e-47
1.443119999999999891e+03 4.792450000000000306e-47
1.443250000000000000e+03 4.791819999999999552e-47
1.443380000000000109e+03 4.790590000000000211e-47
1.443500000000000000e+03 4.792539999999999997e-47
1.443619999999999891e+03 4.793620000000000178e-47
1.443750000000000000e+03 4.791010000000000389e-47
1.443880000000000109e+03 4.792030000000000128e-47
1.444000000000000000e+03 4.793059999999999616e-47
1.444119999999999891e+03 4.794080000000000327e-47
1.444250000000000000e+03 4.795109999999999815e-47
1.444380000000000109e+03 4.796060000000000334e-47
1.444500000000000000e+03 4.796840000000000248e-47
1.444619999999999891e+03 4.797540000000000222e-47
1.444750000000000000e+03 4.798249999999999944e-47
1.444880000000000109e+03 4.799090000000000301e-47
1.445000000000000000e+03 4.800129999999999539e-47
1.445119999999999891e+03 4.801169999999999749e-47
1.445250000000000000e+03 4.802209999999999959e-47
1.445380000000000109e+03 4.803250000000000169e-47
1.445500000000000000e+03 4.804300000000000129e-47
1.445619999999999891e+03 4.805340000000000339e-47
1.445750000000000000e+03 4.806379999999999576e-47
1.445880000000000109e+03 4.808549999999999688e-47
1.446000000000000000e+03 4.809589999999999898e-47
1.446119999999999891e+03 4.810630000000000108e-47
1.446250000000000000e+03 4.811670000000000318e-47
1.446380000000000109e+03 4.812709999999999556e-47
1.446500000000000000e+03 4.813759999999999515e-47
1.446619999999999891e+03 4.814799999999999725e-47
1.446750000000000000e+03 4.815870000000000157e-47
1.446880000000000109e+03 4.817169999999999690e-47
1.447000000000000000e+03 4.818989999999999815e-47
1.447119999999999891e+03 4.818890000000000374e-47
1.447250000000000000e+03 4.820030000000000025e-47
1.447380000000000109e+03 4.821100000000000456e-47
1.447500000000000000e+03 4.822190000000000386e-47
1.447619999999999891e+03 4.823330000000000037e-47
1.447750000000000000e+03 4.824480000000000409e-47
1.447880000000000109e+03 4.825629999999999810e-47
1.448000000000000000e+03 4.826780000000000182e-47
1.448119999999999891e+03 4.827940000000000304e-47
1.448250000000000000e+03 4.829089999999999705e-47
1.448380000000000109e+03 4.830249999999999827e-47
1.448500000000000000e+03 4.831409999999999949e-47
1.448619999999999891e+03 4.832579999999999821e-47
1.448750000000000000e+03 4.833749999999999692e-47
1.448880000000000109e+03 4.835010000000000227e-47
1.449000000000000000e+03 4.836300000000000011e-47
1.449119999999999891e+03 4.837599999999999544e-47
1.449250000000000000e+03 4.838909999999999800e-47
1.449380000000000109e+03 4.840220000000000055e-47
1.449500000000000000e+03 4.841530000000000310e-47
1.449619999999999891e+03 4.842839999999999593e-47
1.449750000000000000e+03 4.844159999999999598e-47
1.449880000000000109e+03 4.844980000000000456e-47
1.450000000000000000e+03 4.843910000000000025e-47
1.450119999999999891e+03 4.845330000000000442e-47
1.450250000000000000e+03 4.846749999999999888e-47
1.450380000000000109e+03 4.848889999999999778e-47
1.450500000000000000e+03 4.851489999999999817e-47
1.450619999999999891e+03 4.851109999999999609e-47
1.450750000000000000e+03 4.852590000000000469e-47
1.450880000000000109e+03 4.854070000000000357e-47
1.451000000000000000e+03 4.855559999999999994e-47
1.451119999999999891e+03 4.857049999999999631e-47
1.451250000000000000e+03 4.856779999999999586e-47
1.451380000000000109e+03 4.855630000000000186e-47
1.451500000000000000e+03 4.856739999999999615e-47
1.451619999999999891e+03 4.857070000000000103e-47
1.451750000000000000e+03 4.858200000000000004e-47
1.451880000000000109e+03 4.856550000000000484e-47
1.452000000000000000e+03 4.857819999999999796e-47
1.452119999999999891e+03 4.858620000000000182e-47
1.452250000000000000e+03 4.855949999999999951e-47
1.452380000000000109e+03 4.852940000000000456e-47
1.452500000000000000e+03 4.849309999999999956e-47
1.452619999999999891e+03 4.845770000000000120e-47
1.452750000000000000e+03 4.845819999999999840e-47
1.452880000000000109e+03 4.846049999999999915e-47
1.453000000000000000e+03 4.846820000000000079e-47
1.453119999999999891e+03 4.848269999999999746e-47
1.453250000000000000e+03 4.850219999999999532e-47
1.453380000000000109e+03 4.852180000000000040e-47
1.453500000000000000e+03 4.853669999999999678e-47
1.453619999999999891e+03 4.854510000000000034e-47
1.453750000000000000e+03 4.855350000000000391e-47
1.453880000000000109e+03 4.856199999999999525e-47
1.454000000000000000e+03 4.857060000000000353e-47
1.454119999999999891e+03 4.857920000000000209e-47
1.454250000000000000e+03 4.858799999999999564e-47
1.454380000000000109e+03 4.859679999999999891e-47
1.454500000000000000e+03 4.860569999999999968e-47
1.454619999999999891e+03 4.861469999999999795e-47
1.454750000000000000e+03 4.862660000000000138e-47
1.454880000000000109e+03 4.863240000000000199e-47
1.455000000000000000e+03 4.863480000000000023e-47
1.455119999999999891e+03 4.864550000000000454e-47
1.455250000000000000e+03 4.865760000000000297e-47
1.455380000000000109e+03 4.867390000000000318e-47
1.455500000000000000e+03 4.869600000000000399e-47
1.455619999999999891e+03 4.871820000000000231e-47
1.455750000000000000e+03 4.874049999999999812e-47
1.455880000000000109e+03 4.876309999999999614e-47
1.456000000000000000e+03 4.878559999999999666e-47
1.456119999999999891e+03 4.880849999999999690e-47
1.456250000000000000e+03 4.883150000000000435e-47
1.456380000000000109e+03 4.885469999999999707e-47
1.456500000000000000e+03 4.887799999999999700e-47
1.456619999999999891e+03 4.890159999999999915e-47
1.456750000000000000e+03 4.892539999999999630e-47
1.456880000000000109e+03 4.894949999999999565e-47
1.457000000000000000e+03 4.897239999999999588e-47
1.457119999999999891e+03 4.899519999999999862e-47
1.457250000000000000e+03 4.901290000000000266e-47
1.457380000000000109e+03 4.896259999999999820e-47
1.457500000000000000e+03 4.891270000000000317e-47
1.457619999999999891e+03 4.892769999999999704e-47
1.457750000000000000e+03 4.896269999999999570e-47
1.457880000000000109e+03 4.899839999999999627e-47
1.458000000000000000e+03 4.903439999999999906e-47
1.458119999999999891e+03 4.905360000000000443e-47
1.458250000000000000e+03 4.909180000000000074e-47
1.458380000000000109e+03 4.922399999999999622e-47
1.458500000000000000e+03 4.917069999999999882e-47
1.458619999999999891e+03 4.921159999999999559e-47
1.458750000000000000e+03 4.925349999999999648e-47
1.458880000000000109e+03 4.929649999999999899e-47
1.459000000000000000e+03 4.934079999999999813e-47
1.459119999999999891e+03 4.938189999999999960e-47
1.459250000000000000e+03 4.942130000000000476e-47
1.459380000000000109e+03 4.946159999999999710e-47
1.459500000000000000e+03 4.951220000000000377e-47
1.459619999999999891e+03 4.953130000000000192e-47
1.459750000000000000e+03 4.949520000000000164e-47
1.459880000000000109e+03 4.954180000000000152e-47
1.460000000000000000e+03 4.959140000000000406e-47
1.460119999999999891e+03 4.964420000000000426e-47
1.460250000000000000e+03 4.970079999999999680e-47
1.460380000000000109e+03 4.976139999999999614e-47
1.460500000000000000e+03 4.982680000000000169e-47
1.460619999999999891e+03 4.991150000000000038e-47
1.460750000000000000e+03 5.000589999999999926e-47
1.460880000000000109e+03 5.018029999999999784e-47
1.461000000000000000e+03 5.022339999999999785e-47
1.461119999999999891e+03 5.024629999999999808e-47
1.461250000000000000e+03 5.034200000000000330e-47
1.461380000000000109e+03 5.043260000000000010e-47
1.461500000000000000e+03 5.053030000000000385e-47
1.461619999999999891e+03 5.063309999999999656e-47
1.461750000000000000e+03 5.072210000000000426e-47
1.461880000000000109e+03 5.086089999999999976e-47
1.462000000000000000e+03 5.103940000000000263e-47
1.462119999999999891e+03 5.116069999999999881e-47
1.462250000000000000e+03 5.131759999999999806e-47
1.462380000000000109e+03 5.161870000000000345e-47
1.462500000000000000e+03 5.221130000000000181e-47
1.462619999999999891e+03 5.571429999999999648e-47
1.462750000000000000e+03 6.423729999999999703e-47
1.462880000000000109e+03 7.881430000000000403e-47
1.463000000000000000e+03 1.024980000000000092e-46
1.463119999999999891e+03 1.450490000000000005e-46
1.463250000000000000e+03 2.122420000000000068e-46
1.463380000000000109e+03 3.249610000000000069e-46
1.463500000000000000e+03 5.142369999999999954e-46
1.463619999999999891e+03 8.403299999999999700e-46
1.463750000000000000e+03 1.361710000000000063e-45
1.463880000000000109e+03 2.419540000000000105e-45
1.464000000000000000e+03 4.431279999999999734e-45
1.464119999999999891e+03 8.637690000000000179e-45
1.464250000000000000e+03 1.979640000000000057e-44
1.464380000000000109e+03 7.756380000000000129e-44
1.464500000000000000e+03 4.786090000000000169e-42
1.464619999999999891e+03 2.522460000000000118e-43
1.464750000000000000e+03 2.144230000000000001e-43
1.464880000000000109e+03 4.407179999999999725e-43
1.465000000000000000e+03 8.952069999999999480e-42
1.465119999999999891e+03 9.725699999999999824e-43
1.465250000000000000e+03 2.885579999999999876e-43
1.465380000000000109e+03 1.945330000000000129e-43
1.465500000000000000e+03 1.622679999999999938e-43
1.465619999999999891e+03 1.430660000000000008e-43
1.465750000000000000e+03 1.299110000000000064e-43
1.465880000000000109e+03 1.208700000000000034e-43
1.466000000000000000e+03 1.243910000000000029e-43
1.466119999999999891e+03 6.588210000000000147e-43
1.466250000000000000e+03 1.215359999999999947e-42
1.466380000000000109e+03 9.315669999999999539e-44
1.466500000000000000e+03 6.954680000000000442e-44
1.466619999999999891e+03 6.108830000000000271e-44
1.466750000000000000e+03 5.502929999999999653e-44
1.466880000000000109e+03 5.077130000000000437e-44
1.467000000000000000e+03 5.037769999999999601e-44
1.467119999999999891e+03 5.812410000000000456e-44
1.467250000000000000e+03 1.099369999999999963e-43
1.467380000000000109e+03 1.332569999999999970e-42
1.467500000000000000e+03 1.372430000000000035e-43
1.467619999999999891e+03 4.062120000000000014e-44
1.467750000000000000e+03 2.561149999999999910e-44
1.467880000000000109e+03 2.055579999999999981e-44
1.468000000000000000e+03 1.872850000000000039e-44
1.468119999999999891e+03 1.822349999999999920e-44
1.468250000000000000e+03 2.047639999999999970e-44
1.468380000000000109e+03 2.834689999999999786e-44
1.468500000000000000e+03 1.041230000000000022e-43
1.468619999999999891e+03 2.370019999999999818e-43
1.468750000000000000e+03 3.971630000000000032e-44
1.468880000000000109e+03 2.371079999999999837e-44
1.469000000000000000e+03 2.056230000000000016e-44
1.469119999999999891e+03 2.060259999999999935e-44
1.469250000000000000e+03 2.349379999999999892e-44
1.469380000000000109e+03 2.796819999999999762e-44
1.469500000000000000e+03 3.415279999999999808e-44
1.469619999999999891e+03 4.291049999999999862e-44
1.469750000000000000e+03 5.614289999999999929e-44
1.469880000000000109e+03 7.242719999999999721e-44
1.470000000000000000e+03 9.302739999999999505e-44
1.470119999999999891e+03 1.215599999999999938e-43
1.470250000000000000e+03 1.581870000000000008e-43
1.470380000000000109e+03 2.042910000000000159e-43
1.470500000000000000e+03 2.536849999999999825e-43
1.470619999999999891e+03 3.127309999999999901e-43
1.470750000000000000e+03 3.821049999999999756e-43
1.470880000000000109e+03 4.605829999999999863e-43
1.471000000000000000e+03 5.389970000000000364e-43
1.471119999999999891e+03 6.596110000000000183e-43
1.471250000000000000e+03 8.661510000000000111e-43
1.471380000000000109e+03 1.317000000000000069e-42
1.471500000000000000e+03 2.706670000000000124e-42
1.471619999999999891e+03 1.530870000000000003e-41
1.471750000000000000e+03 1.454330000000000090e-41
1.471880000000000109e+03 1.428969999999999966e-42
1.472000000000000000e+03 4.866220000000000212e-43
1.472119999999999891e+03 2.450589999999999839e-43
1.472250000000000000e+03 1.792499999999999957e-43
1.472380000000000109e+03 1.970139999999999962e-43
1.472500000000000000e+03 2.941540000000000090e-43
1.472619999999999891e+03 5.940450000000000359e-43
1.472750000000000000e+03 2.170069999999999948e-42
1.472880000000000109e+03 5.094689999999999901e-42
1.473000000000000000e+03 2.726130000000000075e-43
1.473119999999999891e+03 4.430850000000000086e-44
1.473250000000000000e+03 9.340890000000000202e-45
1.473380000000000109e+03 2.774109999999999992e-45
1.473500000000000000e+03 1.075960000000000046e-45
1.473619999999999891e+03 5.250539999999999968e-46
1.473750000000000000e+03 3.114720000000000192e-46
1.473880000000000109e+03 2.139930000000000118e-46
1.474000000000000000e+03 1.712440000000000003e-46
1.474119999999999891e+03 1.502839999999999995e-46
1.474250000000000000e+03 1.359989999999999924e-46
1.474380000000000109e+03 1.237890000000000056e-46
1.474500000000000000e+03 1.140290000000000026e-46
1.474619999999999891e+03 1.057019999999999945e-46
1.474750000000000000e+03 9.926680000000000489e-47
1.474880000000000109e+03 9.355109999999999601e-47
1.475000000000000000e+03 8.686170000000000312e-47
1.475119999999999891e+03 8.091200000000000044e-47
1.475250000000000000e+03 7.377190000000000485e-47
1.475380000000000109e+03 6.769929999999999744e-47
1.475500000000000000e+03 6.179449999999999832e-47
1.475619999999999891e+03 5.737499999999999716e-47
1.475750000000000000e+03 5.361000000000000005e-47
1.475880000000000109e+03 5.126589999999999949e-47
1.476000000000000000e+03 4.921029999999999897e-47
1.476119999999999891e+03 4.738870000000000196e-47
1.476250000000000000e+03 4.588349999999999670e-47
1.476380000000000109e+03 4.447869999999999563e-47
1.476500000000000000e+03 4.334499999999999763e-47
1.476619999999999891e+03 4.203770000000000046e-47
1.476750000000000000e+03 4.098910000000000086e-47
1.476880000000000109e+03 4.044240000000000046e-47
1.477000000000000000e+03 4.021779999999999978e-47
1.477119999999999891e+03 4.040929999999999798e-47
1.477250000000000000e+03 4.126540000000000011e-47
1.477380000000000109e+03 4.213559999999999920e-47
1.477500000000000000e+03 4.399489999999999532e-47
1.477619999999999891e+03 4.542109999999999528e-47
1.477750000000000000e+03 4.756690000000000262e-47
1.477880000000000109e+03 4.986649999999999933e-47
1.478000000000000000e+03 5.246050000000000390e-47
1.478119999999999891e+03 5.559140000000000148e-47
1.478250000000000000e+03 5.962079999999999927e-47
1.478380000000000109e+03 6.507879999999999527e-47
1.478500000000000000e+03 7.127720000000000285e-47
1.478619999999999891e+03 7.788429999999999529e-47
1.478750000000000000e+03 8.546049999999999941e-47
1.478880000000000109e+03 9.431909999999999708e-47
1.479000000000000000e+03 1.028850000000000026e-46
1.479119999999999891e+03 1.080010000000000062e-46
1.479250000000000000e+03 1.196080000000000023e-46
1.479380000000000109e+03 1.306920000000000073e-46
1.479500000000000000e+03 1.453440000000000030e-46
1.479619999999999891e+03 1.629719999999999957e-46
1.479750000000000000e+03 1.884819999999999968e-46
1.479880000000000109e+03 2.212730000000000045e-46
1.480000000000000000e+03 2.621039999999999924e-46
1.480119999999999891e+03 3.181089999999999922e-46
1.480250000000000000e+03 3.897409999999999975e-46
1.480380000000000109e+03 4.901469999999999648e-46
1.480500000000000000e+03 6.426470000000000320e-46
1.480619999999999891e+03 8.963560000000000078e-46
1.480750000000000000e+03 1.351879999999999985e-45
1.480880000000000109e+03 2.257580000000000145e-45
1.481000000000000000e+03 4.105919999999999781e-45
1.481119999999999891e+03 8.276470000000000469e-45
1.481250000000000000e+03 1.821969999999999930e-44
1.481380000000000109e+03 4.539459999999999505e-44
1.481500000000000000e+03 1.253459999999999981e-43
1.481619999999999891e+03 3.360030000000000165e-43
1.481750000000000000e+03 1.132039999999999985e-42
1.481880000000000109e+03 1.192949999999999997e-41
1.482000000000000000e+03 1.644630000000000002e-41
1.482119999999999891e+03 2.211540000000000004e-42
1.482250000000000000e+03 9.258239999999999472e-43
1.482380000000000109e+03 5.258179999999999672e-43
1.482500000000000000e+03 2.801019999999999912e-43
1.482619999999999891e+03 1.659929999999999920e-43
1.482750000000000000e+03 1.104809999999999996e-43
1.482880000000000109e+03 8.185339999999999837e-44
1.483000000000000000e+03 6.674859999999999608e-44
1.483119999999999891e+03 5.742349999999999995e-44
1.483250000000000000e+03 5.513520000000000458e-44
1.483380000000000109e+03 5.469859999999999659e-44
1.483500000000000000e+03 5.800699999999999943e-44
1.483619999999999891e+03 6.515270000000000266e-44
1.483750000000000000e+03 7.540639999999999732e-44
1.483880000000000109e+03 9.002350000000000307e-44
1.484000000000000000e+03 1.096520000000000089e-43
1.484119999999999891e+03 1.398809999999999933e-43
1.484250000000000000e+03 1.994469999999999891e-43
1.484380000000000109e+03 3.198710000000000060e-43
1.484500000000000000e+03 5.948560000000000203e-43
1.484619999999999891e+03 1.576980000000000027e-42
1.484750000000000000e+03 1.174419999999999996e-41
1.484880000000000109e+03 1.620719999999999929e-41
1.485000000000000000e+03 1.934439999999999883e-42
1.485119999999999891e+03 8.217780000000000407e-43
1.485250000000000000e+03 5.086560000000000015e-43
1.485380000000000109e+03 3.784509999999999647e-43
1.485500000000000000e+03 2.984190000000000180e-43
1.485619999999999891e+03 2.480280000000000149e-43
1.485750000000000000e+03 1.939190000000000005e-43
1.485880000000000109e+03 1.412599999999999961e-43
1.486000000000000000e+03 9.574910000000000635e-44
1.486119999999999891e+03 6.061719999999999917e-44
1.486250000000000000e+03 3.652900000000000014e-44
1.486380000000000109e+03 2.113560000000000070e-44
1.486500000000000000e+03 1.151810000000000007e-44
1.486619999999999891e+03 6.147799999999999741e-45
1.486750000000000000e+03 3.350090000000000167e-45
1.486880000000000109e+03 1.859270000000000094e-45
1.487000000000000000e+03 1.051809999999999962e-45
1.487119999999999891e+03 6.033659999999999679e-46
1.487250000000000000e+03 3.714150000000000011e-46
1.487380000000000109e+03 2.480349999999999826e-46
1.487500000000000000e+03 1.846070000000000123e-46
1.487619999999999891e+03 1.514949999999999919e-46
1.487750000000000000e+03 1.280430000000000090e-46
1.487880000000000109e+03 1.061079999999999983e-46
1.488000000000000000e+03 9.111980000000000102e-47
1.488119999999999891e+03 7.868089999999999971e-47
1.488250000000000000e+03 6.835739999999999884e-47
1.488380000000000109e+03 6.043659999999999934e-47
1.488500000000000000e+03 5.425069999999999962e-47
1.488619999999999891e+03 5.025999999999999533e-47
1.488750000000000000e+03 4.736759999999999555e-47
1.488880000000000109e+03 4.513369999999999687e-47
1.489000000000000000e+03 4.414440000000000486e-47
1.489119999999999891e+03 4.371419999999999929e-47
1.489250000000000000e+03 4.397900000000000454e-47
1.489380000000000109e+03 4.584029999999999919e-47
1.489500000000000000e+03 4.896149999999999658e-47
1.489619999999999891e+03 5.317789999999999831e-47
1.489750000000000000e+03 5.926470000000000017e-47
1.489880000000000109e+03 6.718310000000000143e-47
1.490000000000000000e+03 7.827719999999999659e-47
1.490119999999999891e+03 9.632280000000000404e-47
1.490250000000000000e+03 1.218950000000000033e-46
1.490380000000000109e+03 1.622809999999999917e-46
1.490500000000000000e+03 2.270879999999999868e-46
1.490619999999999891e+03 3.360220000000000044e-46
1.490750000000000000e+03 5.195880000000000067e-46
1.490880000000000109e+03 8.115569999999999247e-46
1.491000000000000000e+03 1.303919999999999938e-45
1.491119999999999891e+03 2.087059999999999848e-45
1.491250000000000000e+03 3.532310000000000037e-45
1.491380000000000109e+03 6.130730000000000341e-45
1.491500000000000000e+03 1.162999999999999944e-44
1.491619999999999891e+03 2.460309999999999773e-44
1.491750000000000000e+03 6.114949999999999636e-44
1.491880000000000109e+03 2.667899999999999903e-43
1.492000000000000000e+03 1.113649999999999963e-41
1.492119999999999891e+03 6.397889999999999842e-43
1.492250000000000000e+03 1.824760000000000065e-43
1.492380000000000109e+03 1.057060000000000037e-43
1.492500000000000000e+03 7.951500000000000264e-44
1.492619999999999891e+03 6.930370000000000475e-44
1.492750000000000000e+03 6.520720000000000081e-44
1.492880000000000109e+03 6.498570000000000476e-44
1.493000000000000000e+03 6.499569999999999611e-44
1.493119999999999891e+03 6.713660000000000091e-44
1.493250000000000000e+03 6.957099999999999722e-44
1.493380000000000109e+03 7.613129999999999853e-44
1.493500000000000000e+03 8.587040000000000090e-44
1.493619999999999891e+03 1.008030000000000070e-43
1.493750000000000000e+03 1.246189999999999968e-43
1.493880000000000109e+03 1.709269999999999908e-43
1.494000000000000000e+03 2.805899999999999991e-43
1.494119999999999891e+03 6.223970000000000084e-43
1.494250000000000000e+03 3.178490000000000169e-42
1.494380000000000109e+03 1.987719999999999954e-41
1.494500000000000000e+03 1.242060000000000046e-42
1.494619999999999891e+03 4.626389999999999838e-43
1.494750000000000000e+03 2.675940000000000076e-43
1.494880000000000109e+03 1.919930000000000000e-43
1.495000000000000000e+03 1.580379999999999993e-43
1.495119999999999891e+03 1.409719999999999943e-43
1.495250000000000000e+03 1.314029999999999980e-43
1.495380000000000109e+03 1.260380000000000048e-43
1.495500000000000000e+03 1.236009999999999993e-43
1.495619999999999891e+03 1.220890000000000051e-43
1.495750000000000000e+03 1.227290000000000090e-43
1.495880000000000109e+03 1.254170000000000054e-43
1.496000000000000000e+03 1.288879999999999984e-43
1.496119999999999891e+03 1.363569999999999994e-43
1.496250000000000000e+03 1.530700000000000041e-43
1.496380000000000109e+03 1.860529999999999815e-43
1.496500000000000000e+03 2.748210000000000009e-43
1.496619999999999891e+03 5.325020000000000350e-43
1.496750000000000000e+03 1.412320000000000004e-42
1.496880000000000109e+03 5.032030000000000127e-42
1.497000000000000000e+03 2.727830000000000034e-41
1.497119999999999891e+03 2.717420000000000032e-40
1.497250000000000000e+03 2.804060000000000041e-40
1.497380000000000109e+03 3.400670000000000052e-41
1.497500000000000000e+03 7.506500000000000135e-42
1.497619999999999891e+03 2.462810000000000119e-42
1.497750000000000000e+03 1.062750000000000003e-42
1.497880000000000109e+03 5.938510000000000385e-43
1.498000000000000000e+03 4.155210000000000036e-43
1.498119999999999891e+03 3.732960000000000187e-43
1.498250000000000000e+03 3.820360000000000044e-43
1.498380000000000109e+03 4.040299999999999794e-43
1.498500000000000000e+03 4.644879999999999881e-43
1.498619999999999891e+03 5.505790000000000305e-43
1.498750000000000000e+03 6.669199999999999785e-43
1.498880000000000109e+03 8.242099999999999757e-43
1.499000000000000000e+03 1.060569999999999997e-42
1.499119999999999891e+03 1.418330000000000012e-42
1.499250000000000000e+03 1.853750000000000085e-42
1.499380000000000109e+03 3.136900000000000177e-42
1.499500000000000000e+03 1.137849999999999951e-41
1.499619999999999891e+03 8.557360000000000494e-41
1.499750000000000000e+03 6.034179999999999788e-42
1.499880000000000109e+03 3.506439999999999857e-42
1.500000000000000000e+03 3.169069999999999935e-42
1.500119999999999891e+03 3.061169999999999752e-42
1.500250000000000000e+03 3.254539999999999998e-42
1.500380000000000109e+03 8.614650000000000407e-42
1.500500000000000000e+03 2.284860000000000094e-42
1.500619999999999891e+03 9.747299999999999457e-43
1.500750000000000000e+03 4.422809999999999913e-43
1.500880000000000109e+03 2.065700000000000167e-43
1.501000000000000000e+03 9.318379999999999873e-44
1.501119999999999891e+03 4.080159999999999899e-44
1.501250000000000000e+03 1.756620000000000064e-44
1.501380000000000109e+03 7.624670000000000383e-45
1.501500000000000000e+03 3.412839999999999769e-45
1.501619999999999891e+03 1.614960000000000040e-45
1.501750000000000000e+03 8.320669999999999928e-46
1.501880000000000109e+03 4.759110000000000336e-46
1.502000000000000000e+03 3.074400000000000185e-46
1.502119999999999891e+03 2.356099999999999930e-46
1.502250000000000000e+03 2.046510000000000038e-46
1.502380000000000109e+03 1.857569999999999959e-46
1.502500000000000000e+03 1.714639999999999946e-46
1.502619999999999891e+03 1.582230000000000002e-46
1.502750000000000000e+03 1.460989999999999991e-46
1.502880000000000109e+03 1.357430000000000050e-46
1.503000000000000000e+03 1.260480000000000078e-46
1.503119999999999891e+03 1.172149999999999914e-46
1.503250000000000000e+03 1.093999999999999970e-46
1.503380000000000109e+03 1.023530000000000036e-46
1.503500000000000000e+03 9.619799999999999827e-47
1.503619999999999891e+03 9.067119999999999435e-47
1.503750000000000000e+03 8.562359999999999898e-47
1.503880000000000109e+03 8.106460000000000041e-47
1.504000000000000000e+03 7.683739999999999687e-47
1.504119999999999891e+03 7.315679999999999624e-47
1.504250000000000000e+03 6.982780000000000044e-47
1.504380000000000109e+03 6.689439999999999668e-47
1.504500000000000000e+03 6.429990000000000462e-47
1.504619999999999891e+03 6.199679999999999833e-47
1.504750000000000000e+03 6.030130000000000370e-47
1.504880000000000109e+03 5.964660000000000467e-47
1.505000000000000000e+03 5.926949999999999665e-47
1.505119999999999891e+03 5.853009999999999893e-47
1.505250000000000000e+03 5.843590000000000477e-47
1.505380000000000109e+03 5.757619999999999555e-47
1.505500000000000000e+03 5.648859999999999536e-47
1.505619999999999891e+03 5.604600000000000374e-47
1.505750000000000000e+03 5.571010000000000442e-47
1.505880000000000109e+03 5.530510000000000469e-47
1.506000000000000000e+03 5.513830000000000054e-47
1.506119999999999891e+03 5.500340000000000461e-47
1.506250000000000000e+03 5.495199999999999852e-47
1.506380000000000109e+03 5.490960000000000043e-47
1.506500000000000000e+03 5.484839999999999667e-47
1.506619999999999891e+03 5.481470000000000435e-47
1.506750000000000000e+03 5.475669999999999824e-47
1.506880000000000109e+03 5.465240000000000419e-47
1.507000000000000000e+03 5.458659999999999894e-47
1.507119999999999891e+03 5.440310000000000460e-47
1.507250000000000000e+03 5.426380000000000217e-47
1.507380000000000109e+03 5.422490000000000394e-47
1.507500000000000000e+03 5.418589999999999849e-47
1.507619999999999891e+03 5.414679999999999555e-47
1.507750000000000000e+03 5.410749999999999761e-47
1.507880000000000109e+03 5.406800000000000469e-47
1.508000000000000000e+03 5.402840000000000454e-47
1.508119999999999891e+03 5.398690000000000336e-47
1.508250000000000000e+03 5.394880000000000454e-47
1.508380000000000109e+03 5.390880000000000469e-47
1.508500000000000000e+03 5.386869999999999762e-47
1.508619999999999891e+03 5.388330000000000150e-47
1.508750000000000000e+03 5.417140000000000183e-47
1.508880000000000109e+03 5.414669999999999805e-47
1.509000000000000000e+03 5.410760000000000483e-47
1.509119999999999891e+03 5.406829999999999717e-47
1.509250000000000000e+03 5.402810000000000233e-47
1.509380000000000109e+03 5.399970000000000370e-47
1.509500000000000000e+03 5.394709999999999849e-47
1.509619999999999891e+03 5.390650000000000394e-47
1.509750000000000000e+03 5.388569999999999974e-47
1.509880000000000109e+03 5.384689999999999901e-47
1.510000000000000000e+03 5.380800000000000078e-47
1.510119999999999891e+03 5.379310000000000441e-47
1.510250000000000000e+03 5.375470000000000338e-47
1.510380000000000109e+03 5.374160000000000083e-47
1.510500000000000000e+03 5.379310000000000441e-47
1.510619999999999891e+03 5.391630000000000162e-47
1.510750000000000000e+03 5.387769999999999588e-47
1.510880000000000109e+03 5.384429999999999605e-47
1.511000000000000000e+03 5.380570000000000004e-47
1.511119999999999891e+03 5.378070000000000377e-47
1.511250000000000000e+03 5.381859999999999787e-47
1.511380000000000109e+03 5.386329999999999671e-47
1.511500000000000000e+03 5.382160000000000054e-47
1.511619999999999891e+03 5.377969999999999964e-47
1.511750000000000000e+03 5.377230000000000021e-47
1.511880000000000109e+03 5.378820000000000071e-47
1.512000000000000000e+03 5.375069999999999659e-47
1.512119999999999891e+03 5.371280000000000249e-47
1.512250000000000000e+03 5.367480000000000117e-47
1.512380000000000109e+03 5.363660000000000486e-47
1.512500000000000000e+03 5.359820000000000384e-47
1.512619999999999891e+03 5.359029999999999747e-47
1.512750000000000000e+03 5.352109999999999957e-47
1.512880000000000109e+03 5.348109999999999972e-47
1.513000000000000000e+03 5.344109999999999987e-47
1.513119999999999891e+03 5.340089999999999530e-47
1.513250000000000000e+03 5.336049999999999574e-47
1.513380000000000109e+03 5.332009999999999618e-47
1.513500000000000000e+03 5.327959999999999912e-47
1.513619999999999891e+03 5.323990000000000148e-47
1.513750000000000000e+03 5.320020000000000384e-47
1.513880000000000109e+03 5.316030000000000148e-47
1.514000000000000000e+03 5.312030000000000163e-47
1.514119999999999891e+03 5.308530000000000297e-47
1.514250000000000000e+03 5.306310000000000466e-47
1.514380000000000109e+03 5.302120000000000377e-47
1.514500000000000000e+03 5.297919999999999566e-47
1.514619999999999891e+03 5.293709999999999977e-47
1.514750000000000000e+03 5.290649999999999789e-47
1.514880000000000109e+03 5.285399999999999991e-47
1.515000000000000000e+03 5.281249999999999872e-47
1.515119999999999891e+03 5.278130000000000214e-47
1.515250000000000000e+03 5.274480000000000216e-47
1.515380000000000109e+03 5.270419999999999788e-47
1.515500000000000000e+03 5.266339999999999861e-47
1.515619999999999891e+03 5.262539999999999730e-47
1.515750000000000000e+03 5.259730000000000087e-47
1.515880000000000109e+03 5.256890000000000224e-47
1.516000000000000000e+03 5.252759999999999605e-47
1.516119999999999891e+03 5.248780000000000091e-47
1.516250000000000000e+03 5.246250000000000244e-47
1.516380000000000109e+03 5.244179999999999573e-47
1.516500000000000000e+03 5.242119999999999625e-47
1.516619999999999891e+03 5.240040000000000177e-47
1.516750000000000000e+03 5.237959999999999757e-47
1.516880000000000109e+03 5.235880000000000309e-47
1.517000000000000000e+03 5.233780000000000389e-47
1.517119999999999891e+03 5.231690000000000220e-47
1.517250000000000000e+03 5.229579999999999578e-47
1.517380000000000109e+03 5.227469999999999909e-47
1.517500000000000000e+03 5.225360000000000240e-47
1.517619999999999891e+03 5.222389999999999743e-47
1.517750000000000000e+03 5.220259999999999603e-47
1.517880000000000109e+03 5.216900000000000121e-47
1.518000000000000000e+03 5.214800000000000201e-47
1.518119999999999891e+03 5.212869999999999914e-47
1.518250000000000000e+03 5.211239999999999894e-47
1.518380000000000109e+03 5.209309999999999607e-47
1.518500000000000000e+03 5.207329999999999599e-47
1.518619999999999891e+03 5.213320000000000314e-47
1.518750000000000000e+03 5.201849999999999726e-47
1.518880000000000109e+03 5.199030000000000335e-47
1.519000000000000000e+03 5.197060000000000077e-47
1.519119999999999891e+03 5.195279999999999923e-47
1.519250000000000000e+03 5.193360000000000358e-47
1.519380000000000109e+03 5.191489999999999541e-47
1.519500000000000000e+03 5.188040000000000368e-47
1.519619999999999891e+03 5.185809999999999814e-47
1.519750000000000000e+03 5.180719999999999899e-47
1.519880000000000109e+03 5.174119999999999874e-47
1.520000000000000000e+03 5.167519999999999850e-47
1.520119999999999891e+03 5.160929999999999575e-47
1.520250000000000000e+03 5.158150000000000154e-47
1.520380000000000109e+03 5.153990000000000286e-47
1.520500000000000000e+03 5.152820000000000414e-47
1.520619999999999891e+03 5.151559999999999879e-47
1.520750000000000000e+03 5.150500000000000170e-47
1.520880000000000109e+03 5.149440000000000461e-47
1.521000000000000000e+03 5.146369999999999551e-47
1.521119999999999891e+03 5.144290000000000103e-47
1.521250000000000000e+03 5.141199999999999694e-47
1.521380000000000109e+03 5.139270000000000379e-47
1.521500000000000000e+03 5.133659999999999872e-47
1.521619999999999891e+03 5.127959999999999674e-47
1.521750000000000000e+03 5.123430000000000321e-47
1.521880000000000109e+03 5.121140000000000297e-47
1.522000000000000000e+03 5.119609999999999717e-47
1.522119999999999891e+03 5.118070000000000360e-47
1.522250000000000000e+03 5.116109999999999852e-47
1.522380000000000109e+03 5.114519999999999801e-47
1.522500000000000000e+03 5.112980000000000444e-47
1.522619999999999891e+03 5.111029999999999685e-47
1.522750000000000000e+03 5.108520000000000310e-47
1.522880000000000109e+03 5.103849999999999600e-47
1.523000000000000000e+03 5.101509999999999857e-47
1.523119999999999891e+03 5.098890000000000318e-47
1.523250000000000000e+03 5.093920000000000315e-47
1.523380000000000109e+03 5.088330000000000279e-47
1.523500000000000000e+03 5.082749999999999993e-47
1.523619999999999891e+03 5.077169999999999708e-47
1.523750000000000000e+03 5.071609999999999893e-47
1.523880000000000109e+03 5.066059999999999829e-47
1.524000000000000000e+03 5.060509999999999764e-47
1.524119999999999891e+03 5.054980000000000171e-47
1.524250000000000000e+03 5.049460000000000327e-47
1.524380000000000109e+03 5.043950000000000233e-47
1.524500000000000000e+03 5.038449999999999889e-47
1.524619999999999891e+03 5.032960000000000266e-47
1.524750000000000000e+03 5.027490000000000143e-47
1.524880000000000109e+03 5.022029999999999769e-47
1.525000000000000000e+03 5.016580000000000117e-47
1.525119999999999891e+03 5.010900000000000391e-47
1.525250000000000000e+03 5.005209999999999943e-47
1.525380000000000109e+03 4.999539999999999966e-47
1.525500000000000000e+03 4.993879999999999739e-47
1.525619999999999891e+03 4.988230000000000234e-47
1.525750000000000000e+03 4.982590000000000478e-47
1.525880000000000109e+03 4.976970000000000221e-47
1.526000000000000000e+03 4.971380000000000186e-47
1.526119999999999891e+03 4.965780000000000401e-47
1.526250000000000000e+03 4.960209999999999865e-47
1.526380000000000109e+03 4.954640000000000301e-47
1.526500000000000000e+03 4.949099999999999986e-47
1.526619999999999891e+03 4.943570000000000393e-47
1.526750000000000000e+03 4.938049999999999577e-47
1.526880000000000109e+03 4.932980000000000133e-47
1.527000000000000000e+03 4.927740000000000084e-47
1.527119999999999891e+03 4.922509999999999785e-47
1.527250000000000000e+03 4.917299999999999957e-47
1.527380000000000109e+03 4.912109999999999628e-47
1.527500000000000000e+03 4.906939999999999771e-47
1.527619999999999891e+03 4.901750000000000415e-47
1.527750000000000000e+03 4.896510000000000366e-47
1.527880000000000109e+03 4.891280000000000067e-47
1.528000000000000000e+03 4.886140000000000431e-47
1.528119999999999891e+03 4.881070000000000014e-47
1.528250000000000000e+03 4.876449999999999997e-47
1.528380000000000109e+03 4.871519999999999964e-47
1.528500000000000000e+03 4.868029999999999848e-47
1.528619999999999891e+03 4.864720000000000087e-47
1.528750000000000000e+03 4.859849999999999524e-47
1.528880000000000109e+03 4.854890000000000242e-47
1.529000000000000000e+03 4.851139999999999830e-47
1.529119999999999891e+03 4.848379999999999908e-47
1.529250000000000000e+03 4.844260000000000011e-47
1.529380000000000109e+03 4.840999999999999970e-47
1.529500000000000000e+03 4.837030000000000205e-47
1.529619999999999891e+03 4.832039999999999730e-47
1.529750000000000000e+03 4.827400000000000214e-47
1.529880000000000109e+03 4.822489999999999680e-47
1.530000000000000000e+03 4.817580000000000119e-47
1.530119999999999891e+03 4.813960000000000341e-47
1.530250000000000000e+03 4.808539999999999938e-47
1.530380000000000109e+03 4.803990000000000113e-47
1.530500000000000000e+03 4.800690000000000101e-47
1.530619999999999891e+03 4.797319999999999897e-47
1.530750000000000000e+03 4.791870000000000245e-47
1.530880000000000109e+03 4.786879999999999770e-47
1.531000000000000000e+03 4.782090000000000120e-47
1.531119999999999891e+03 4.777319999999999970e-47
1.531250000000000000e+03 4.772580000000000041e-47
1.531380000000000109e+03 4.767849999999999861e-47
1.531500000000000000e+03 4.763149999999999903e-47
1.531619999999999891e+03 4.758470000000000416e-47
1.531750000000000000e+03 4.754480000000000180e-47
1.531880000000000109e+03 4.750379999999999782e-47
1.532000000000000000e+03 4.745639999999999853e-47
1.532119999999999891e+03 4.742400000000000283e-47
1.532250000000000000e+03 4.738969999999999637e-47
1.532380000000000109e+03 4.735399999999999579e-47
1.532500000000000000e+03 4.731359999999999623e-47
1.532619999999999891e+03 4.728199999999999995e-47
1.532750000000000000e+03 4.724939999999999953e-47
1.532880000000000109e+03 4.721280000000000205e-47
1.533000000000000000e+03 4.717630000000000206e-47
1.533119999999999891e+03 4.714010000000000429e-47
1.533250000000000000e+03 4.710640000000000225e-47
1.533380000000000109e+03 4.707009999999999725e-47
1.533500000000000000e+03 4.703410000000000419e-47
1.533619999999999891e+03 4.699810000000000140e-47
1.533750000000000000e+03 4.695770000000000184e-47
1.533880000000000109e+03 4.691749999999999728e-47
1.534000000000000000e+03 4.688029999999999537e-47
1.534119999999999891e+03 4.684470000000000202e-47
1.534250000000000000e+03 4.681309999999999601e-47
1.534380000000000109e+03 4.680550000000000158e-47
1.534500000000000000e+03 4.677149999999999733e-47
1.534619999999999891e+03 4.674060000000000296e-47
1.534750000000000000e+03 4.672150000000000480e-47
1.534880000000000109e+03 4.667880000000000450e-47
1.535000000000000000e+03 4.664029999999999625e-47
1.535119999999999891e+03 4.661290000000000175e-47
1.535250000000000000e+03 4.658690000000000136e-47
1.535380000000000109e+03 4.655529999999999535e-47
1.535500000000000000e+03 4.651829999999999816e-47
1.535619999999999891e+03 4.648350000000000422e-47
1.535750000000000000e+03 4.645840000000000074e-47
1.535880000000000109e+03 4.643340000000000447e-47
1.536000000000000000e+03 4.640700000000000438e-47
1.536119999999999891e+03 4.637699999999999719e-47
1.536250000000000000e+03 4.634709999999999723e-47
1.536380000000000109e+03 4.632250000000000068e-47
1.536500000000000000e+03 4.629619999999999807e-47
1.536619999999999891e+03 4.626850000000000136e-47
1.536750000000000000e+03 4.623540000000000374e-47
1.536880000000000109e+03 4.620269999999999611e-47
1.537000000000000000e+03 4.617020000000000291e-47
1.537119999999999891e+03 4.614140000000000457e-47
1.537250000000000000e+03 4.611919999999999654e-47
1.537380000000000109e+03 4.609739999999999793e-47
1.537500000000000000e+03 4.607580000000000404e-47
1.537619999999999891e+03 4.604640000000000128e-47
1.537750000000000000e+03 4.601600000000000411e-47
1.537880000000000109e+03 4.598199999999999986e-47
1.538000000000000000e+03 4.595839999999999771e-47
1.538119999999999891e+03 4.593119999999999820e-47
1.538250000000000000e+03 4.589500000000000042e-47
1.538380000000000109e+03 4.585890000000000014e-47
1.538500000000000000e+03 4.582310000000000207e-47
1.538619999999999891e+03 4.578949999999999753e-47
1.538750000000000000e+03 4.576239999999999551e-47
1.538880000000000109e+03 4.573420000000000160e-47
1.539000000000000000e+03 4.571579999999999564e-47
1.539119999999999891e+03 4.569930000000000044e-47
1.539250000000000000e+03 4.568189999999999860e-47
1.539380000000000109e+03 4.565960000000000279e-47
1.539500000000000000e+03 4.563229999999999606e-47
1.539619999999999891e+03 4.559659999999999549e-47
1.539750000000000000e+03 4.555990000000000051e-47
1.539880000000000109e+03 4.552530000000000156e-47
1.540000000000000000e+03 4.550179999999999691e-47
1.540119999999999891e+03 4.548309999999999846e-47
1.540250000000000000e+03 4.545460000000000233e-47
1.540380000000000109e+03 4.542719999999999811e-47
1.540500000000000000e+03 4.539910000000000168e-47
1.540619999999999891e+03 4.537899999999999940e-47
1.540750000000000000e+03 4.536220000000000199e-47
1.540880000000000109e+03 4.533979999999999896e-47
1.541000000000000000e+03 4.531229999999999724e-47
1.541119999999999891e+03 4.529279999999999938e-47
1.541250000000000000e+03 4.527950000000000183e-47
1.541380000000000109e+03 4.526660000000000399e-47
1.541500000000000000e+03 4.524969999999999936e-47
1.541619999999999891e+03 4.524800000000000304e-47
1.541750000000000000e+03 4.520190000000000037e-47
1.541880000000000109e+03 4.516960000000000216e-47
1.542000000000000000e+03 4.514649999999999722e-47
1.542119999999999891e+03 4.513580000000000263e-47
1.542250000000000000e+03 4.511990000000000213e-47
1.542380000000000109e+03 4.509850000000000323e-47
1.542500000000000000e+03 4.509150000000000349e-47
1.542619999999999891e+03 4.507999999999999977e-47
1.542750000000000000e+03 4.506269999999999543e-47
1.542880000000000109e+03 4.504540000000000082e-47
1.543000000000000000e+03 4.501439999999999923e-47
1.543119999999999891e+03 4.500100000000000419e-47
1.543250000000000000e+03 4.499180000000000121e-47
1.543380000000000109e+03 4.497970000000000279e-47
1.543500000000000000e+03 4.496490000000000391e-47
1.543619999999999891e+03 4.495710000000000477e-47
1.543750000000000000e+03 4.494430000000000442e-47
1.543880000000000109e+03 4.493099999999999716e-47
1.544000000000000000e+03 4.491720000000000241e-47
1.544119999999999891e+03 4.491709999999999519e-47
1.544250000000000000e+03 4.491340000000000033e-47
1.544380000000000109e+03 4.491669999999999548e-47
1.544500000000000000e+03 4.490320000000000295e-47
1.544619999999999891e+03 4.488260000000000346e-47
1.544750000000000000e+03 4.487039999999999782e-47
1.544880000000000109e+03 4.486820000000000429e-47
1.545000000000000000e+03 4.487330000000000298e-47
1.545119999999999891e+03 4.487250000000000357e-47
1.545250000000000000e+03 4.485590000000000115e-47
1.545380000000000109e+03 4.485500000000000424e-47
1.545500000000000000e+03 4.485350000000000291e-47
1.545619999999999891e+03 4.484519999999999684e-47
1.545750000000000000e+03 4.483979999999999593e-47
1.545880000000000109e+03 4.483159999999999708e-47
1.546000000000000000e+03 4.482099999999999999e-47
1.546119999999999891e+03 4.482210000000000162e-47
1.546250000000000000e+03 4.481860000000000175e-47
1.546380000000000109e+03 4.481700000000000292e-47
1.546500000000000000e+03 4.481949999999999866e-47
1.546619999999999891e+03 4.481989999999999837e-47
1.546750000000000000e+03 4.481999999999999586e-47
1.546880000000000109e+03 4.481940000000000116e-47
1.547000000000000000e+03 4.481719999999999791e-47
1.547119999999999891e+03 4.481930000000000367e-47
1.547250000000000000e+03 4.482550000000000399e-47
1.547380000000000109e+03 4.482720000000000031e-47
1.547500000000000000e+03 4.482919999999999884e-47
1.547619999999999891e+03 4.482860000000000414e-47
1.547750000000000000e+03 4.483210000000000401e-47
1.547880000000000109e+03 4.483149999999999959e-47
1.548000000000000000e+03 4.483290000000000342e-47
1.548119999999999891e+03 4.483570000000000137e-47
1.548250000000000000e+03 4.484030000000000286e-47
1.548380000000000109e+03 4.484530000000000406e-47
1.548500000000000000e+03 4.484920000000000363e-47
1.548619999999999891e+03 4.484100000000000478e-47
1.548750000000000000e+03 4.482889999999999663e-47
1.548880000000000109e+03 4.483429999999999754e-47
1.549000000000000000e+03 4.484059999999999535e-47
1.549119999999999891e+03 4.484740000000000009e-47
1.549250000000000000e+03 4.485749999999999998e-47
1.549380000000000109e+03 4.486609999999999854e-47
1.549500000000000000e+03 4.487490000000000181e-47
1.549619999999999891e+03 4.488639999999999581e-47
1.549750000000000000e+03 4.489820000000000175e-47
1.549880000000000109e+03 4.491069999999999988e-47
1.550000000000000000e+03 4.492369999999999521e-47
1.550119999999999891e+03 4.493709999999999998e-47
1.550250000000000000e+03 4.495340000000000019e-47
1.550380000000000109e+03 4.496909999999999597e-47
1.550500000000000000e+03 4.498379999999999735e-47
1.550619999999999891e+03 4.499429999999999695e-47
1.550750000000000000e+03 4.500530000000000347e-47
1.550880000000000109e+03 4.502059999999999955e-47
1.551000000000000000e+03 4.503689999999999976e-47
1.551119999999999891e+03 4.505430000000000159e-47
1.551250000000000000e+03 4.507090000000000401e-47
1.551380000000000109e+03 4.508570000000000288e-47
1.551500000000000000e+03 4.510099999999999896e-47
1.551619999999999891e+03 4.511680000000000197e-47
1.551750000000000000e+03 4.513289999999999746e-47
1.551880000000000109e+03 4.514949999999999988e-47
1.552000000000000000e+03 4.516749999999999641e-47
1.552119999999999891e+03 4.519010000000000415e-47
1.552250000000000000e+03 4.521120000000000084e-47
1.552380000000000109e+03 4.522839999999999796e-47
1.552500000000000000e+03 4.524110000000000081e-47
1.552619999999999891e+03 4.525880000000000485e-47
1.552750000000000000e+03 4.527859999999999520e-47
1.552880000000000109e+03 4.529880000000000470e-47
1.553000000000000000e+03 4.531969999999999668e-47
1.553119999999999891e+03 4.534249999999999941e-47
1.553250000000000000e+03 4.536579999999999935e-47
1.553380000000000109e+03 4.538959999999999649e-47
1.553500000000000000e+03 4.540929999999999907e-47
1.553619999999999891e+03 4.543630000000000359e-47
1.553750000000000000e+03 4.546390000000000281e-47
1.553880000000000109e+03 4.548990000000000320e-47
1.554000000000000000e+03 4.551630000000000330e-47
1.554119999999999891e+03 4.554320000000000060e-47
1.554250000000000000e+03 4.555590000000000344e-47
1.554380000000000109e+03 4.558169999999999912e-47
1.554500000000000000e+03 4.560870000000000364e-47
1.554619999999999891e+03 4.563680000000000006e-47
1.554750000000000000e+03 4.566789999999999914e-47
1.554880000000000109e+03 4.570000000000000235e-47
1.555000000000000000e+03 4.573479999999999629e-47
1.555119999999999891e+03 4.576980000000000467e-47
1.555250000000000000e+03 4.579040000000000416e-47
1.555380000000000109e+03 4.581549999999999792e-47
1.555500000000000000e+03 4.584990000000000188e-47
1.555619999999999891e+03 4.588069999999999875e-47
1.555750000000000000e+03 4.591670000000000153e-47
1.555880000000000109e+03 4.595390000000000344e-47
1.556000000000000000e+03 4.598890000000000210e-47
1.556119999999999891e+03 4.602460000000000267e-47
1.556250000000000000e+03 4.606040000000000074e-47
1.556380000000000109e+03 4.609800000000000235e-47
1.556500000000000000e+03 4.613509999999999704e-47
1.556619999999999891e+03 4.615219999999999666e-47
1.556750000000000000e+03 4.619190000000000402e-47
1.556880000000000109e+03 4.623219999999999636e-47
1.557000000000000000e+03 4.627320000000000035e-47
1.557119999999999891e+03 4.631479999999999903e-47
1.557250000000000000e+03 4.635559999999999829e-47
1.557380000000000109e+03 4.638850000000000092e-47
1.557500000000000000e+03 4.642979999999999739e-47
1.557619999999999891e+03 4.646869999999999562e-47
1.557750000000000000e+03 4.651300000000000447e-47
1.557880000000000109e+03 4.655430000000000094e-47
1.558000000000000000e+03 4.656689999999999657e-47
1.558119999999999891e+03 4.658319999999999678e-47
1.558250000000000000e+03 4.663239999999999961e-47
1.558380000000000109e+03 4.669259999999999924e-47
1.558500000000000000e+03 4.673670000000000338e-47
1.558619999999999891e+03 4.678130000000000473e-47
1.558750000000000000e+03 4.684940000000000100e-47
1.558880000000000109e+03 4.690429999999999723e-47
1.559000000000000000e+03 4.694659999999999783e-47
1.559119999999999891e+03 4.697600000000000059e-47
1.559250000000000000e+03 4.700879999999999599e-47
1.559380000000000109e+03 4.705520000000000088e-47
1.559500000000000000e+03 4.710180000000000076e-47
1.559619999999999891e+03 4.715909999999999522e-47
1.559750000000000000e+03 4.720610000000000453e-47
1.559880000000000109e+03 4.725019999999999895e-47
1.560000000000000000e+03 4.729459999999999558e-47
1.560119999999999891e+03 4.733930000000000414e-47
1.560250000000000000e+03 4.738769999999999783e-47
1.560380000000000109e+03 4.743629999999999625e-47
1.560500000000000000e+03 4.747490000000000199e-47
1.560619999999999891e+03 4.751990000000000304e-47
1.560750000000000000e+03 4.756840000000000395e-47
1.560880000000000109e+03 4.761270000000000309e-47
1.561000000000000000e+03 4.765919999999999574e-47
1.561119999999999891e+03 4.770320000000000239e-47
1.561250000000000000e+03 4.772869999999999585e-47
1.561380000000000109e+03 4.775849999999999832e-47
1.561500000000000000e+03 4.780070000000000142e-47
1.561619999999999891e+03 4.784330000000000423e-47
1.561750000000000000e+03 4.785479999999999823e-47
1.561880000000000109e+03 4.790529999999999768e-47
1.562000000000000000e+03 4.795739999999999596e-47
1.562119999999999891e+03 4.801470000000000015e-47
1.562250000000000000e+03 4.808020000000000319e-47
1.562380000000000109e+03 4.814360000000000048e-47
1.562500000000000000e+03 4.820659999999999806e-47
1.562619999999999891e+03 4.825730000000000223e-47
1.562750000000000000e+03 4.830740000000000197e-47
1.562880000000000109e+03 4.836520000000000336e-47
1.563000000000000000e+03 4.842439999999999886e-47
1.563119999999999891e+03 4.847090000000000125e-47
1.563250000000000000e+03 4.851660000000000421e-47
1.563380000000000109e+03 4.856269999999999717e-47
1.563500000000000000e+03 4.860969999999999675e-47
1.563619999999999891e+03 4.868250000000000173e-47
1.563750000000000000e+03 4.875500000000000451e-47
1.563880000000000109e+03 4.883010000000000051e-47
1.564000000000000000e+03 4.890389999999999990e-47
1.564119999999999891e+03 4.896459999999999674e-47
1.564250000000000000e+03 4.903129999999999890e-47
1.564380000000000109e+03 4.909069999999999912e-47
1.564500000000000000e+03 4.915979999999999952e-47
1.564619999999999891e+03 4.921900000000000475e-47
1.564750000000000000e+03 4.929079999999999588e-47
1.564880000000000109e+03 4.936029999999999599e-47
1.565000000000000000e+03 4.941729999999999797e-47
1.565119999999999891e+03 4.948289999999999850e-47
1.565250000000000000e+03 4.954539999999999888e-47
1.565380000000000109e+03 4.960690000000000485e-47
1.565500000000000000e+03 4.966659999999999756e-47
1.565619999999999891e+03 4.972230000000000292e-47
1.565750000000000000e+03 4.978229999999999784e-47
1.565880000000000109e+03 4.984989999999999691e-47
1.566000000000000000e+03 4.991410000000000334e-47
1.566119999999999891e+03 4.997689999999999620e-47
1.566250000000000000e+03 5.003920000000000159e-47
1.566380000000000109e+03 5.012000000000000071e-47
1.566500000000000000e+03 5.018969999999999581e-47
1.566619999999999891e+03 5.024920000000000325e-47
1.566750000000000000e+03 5.031379999999999966e-47
1.566880000000000109e+03 5.037369999999999708e-47
1.567000000000000000e+03 5.043389999999999671e-47
1.567119999999999891e+03 5.049489999999999576e-47
1.567250000000000000e+03 5.055969999999999688e-47
1.567380000000000109e+03 5.063480000000000261e-47
1.567500000000000000e+03 5.069549999999999945e-47
1.567619999999999891e+03 5.075590000000000380e-47
1.567750000000000000e+03 5.081559999999999650e-47
1.567880000000000109e+03 5.087990000000000042e-47
1.568000000000000000e+03 5.095280000000000290e-47
1.568119999999999891e+03 5.101380000000000195e-47
1.568250000000000000e+03 5.110540000000000288e-47
1.568380000000000109e+03 5.117789999999999593e-47
1.568500000000000000e+03 5.124940000000000429e-47
1.568619999999999891e+03 5.131959999999999660e-47
1.568750000000000000e+03 5.138230000000000169e-47
1.568880000000000109e+03 5.143449999999999746e-47
1.569000000000000000e+03 5.149920000000000109e-47
1.569119999999999891e+03 5.156470000000000413e-47
1.569250000000000000e+03 5.163249999999999819e-47
1.569380000000000109e+03 5.170079999999999918e-47
1.569500000000000000e+03 5.179669999999999939e-47
1.569619999999999891e+03 5.184520000000000031e-47
1.569750000000000000e+03 5.190939999999999701e-47
1.569880000000000109e+03 5.197370000000000093e-47
1.570000000000000000e+03 5.203829999999999734e-47
1.570119999999999891e+03 5.209550000000000403e-47
1.570250000000000000e+03 5.214699999999999788e-47
1.570380000000000109e+03 5.221719999999999991e-47
1.570500000000000000e+03 5.231330000000000483e-47
1.570619999999999891e+03 5.238090000000000391e-47
1.570750000000000000e+03 5.246370000000000156e-47
1.570880000000000109e+03 5.252930000000000210e-47
1.571000000000000000e+03 5.259509999999999763e-47
1.571119999999999891e+03 5.269759999999999786e-47
1.571250000000000000e+03 5.279720000000000264e-47
1.571380000000000109e+03 5.288490000000000400e-47
1.571500000000000000e+03 5.296779999999999915e-47
1.571619999999999891e+03 5.301249999999999799e-47
1.571750000000000000e+03 5.310449999999999862e-47
1.571880000000000109e+03 5.319250000000000219e-47
1.572000000000000000e+03 5.325390000000000094e-47
1.572119999999999891e+03 5.332849999999999975e-47
1.572250000000000000e+03 5.339680000000000073e-47
1.572380000000000109e+03 5.346529999999999671e-47
1.572500000000000000e+03 5.351290000000000072e-47
1.572619999999999891e+03 5.357819999999999905e-47
1.572750000000000000e+03 5.365880000000000318e-47
1.572880000000000109e+03 5.373009999999999710e-47
1.573000000000000000e+03 5.380079999999999633e-47
1.573119999999999891e+03 5.387820000000000281e-47
1.573250000000000000e+03 5.395299999999999660e-47
1.573380000000000109e+03 5.403360000000000073e-47
1.573500000000000000e+03 5.411339999999999572e-47
1.573619999999999891e+03 5.419580000000000339e-47
1.573750000000000000e+03 5.429349999999999742e-47
1.573880000000000109e+03 5.438209999999999568e-47
1.574000000000000000e+03 5.445590000000000479e-47
1.574119999999999891e+03 5.452799999999999814e-47
1.574250000000000000e+03 5.459559999999999721e-47
1.574380000000000109e+03 5.466699999999999836e-47
1.574500000000000000e+03 5.474239999999999657e-47
1.574619999999999891e+03 5.482210000000000379e-47
1.574750000000000000e+03 5.490199999999999628e-47
1.574880000000000109e+03 5.496439999999999916e-47
1.575000000000000000e+03 5.503810000000000105e-47
1.575119999999999891e+03 5.512620000000000211e-47
1.575250000000000000e+03 5.520059999999999620e-47
1.575380000000000109e+03 5.528369999999999607e-47
1.575500000000000000e+03 5.535610000000000134e-47
1.575619999999999891e+03 5.542139999999999967e-47
1.575750000000000000e+03 5.548340000000000284e-47
1.575880000000000109e+03 5.555290000000000295e-47
1.576000000000000000e+03 5.562200000000000336e-47
1.576119999999999891e+03 5.570210000000000056e-47
1.576250000000000000e+03 5.577669999999999936e-47
1.576380000000000109e+03 5.585129999999999816e-47
1.576500000000000000e+03 5.592319999999999651e-47
1.576619999999999891e+03 5.599229999999999692e-47
1.576750000000000000e+03 5.605859999999999937e-47
1.576880000000000109e+03 5.612870000000000390e-47
1.577000000000000000e+03 5.620990000000000273e-47
1.577119999999999891e+03 5.630190000000000336e-47
1.577250000000000000e+03 5.638909999999999779e-47
1.577380000000000109e+03 5.647670000000000165e-47
1.577500000000000000e+03 5.658939999999999927e-47
1.577619999999999891e+03 5.665330000000000348e-47
1.577750000000000000e+03 5.674429999999999999e-47
1.577880000000000109e+03 5.682350000000000028e-47
1.578000000000000000e+03 5.689199999999999626e-47
1.578119999999999891e+03 5.695789999999999901e-47
1.578250000000000000e+03 5.701180000000000083e-47
1.578380000000000109e+03 5.708759999999999875e-47
1.578500000000000000e+03 5.716050000000000123e-47
1.578619999999999891e+03 5.721990000000000145e-47
1.578750000000000000e+03 5.729229999999999700e-47
1.578880000000000109e+03 5.736919999999999655e-47
1.579000000000000000e+03 5.744190000000000404e-47
1.579119999999999891e+03 5.750720000000000237e-47
1.579250000000000000e+03 5.757240000000000320e-47
1.579380000000000109e+03 5.763930000000000035e-47
1.579500000000000000e+03 5.770910000000000267e-47
1.579619999999999891e+03 5.778400000000000368e-47
1.579750000000000000e+03 5.785740000000000336e-47
1.579880000000000109e+03 5.794830000000000237e-47
1.580000000000000000e+03 5.803309999999999856e-47
1.580119999999999891e+03 5.812310000000000066e-47
1.580250000000000000e+03 5.821709999999999983e-47
1.580380000000000109e+03 5.829630000000000012e-47
1.580500000000000000e+03 5.837439999999999879e-47
1.580619999999999891e+03 5.845249999999999746e-47
1.580750000000000000e+03 5.853070000000000335e-47
1.580880000000000109e+03 5.861159999999999996e-47
1.581000000000000000e+03 5.868730000000000039e-47
1.581119999999999891e+03 5.876579999999999877e-47
1.581250000000000000e+03 5.884760000000000201e-47
1.581380000000000109e+03 5.892619999999999788e-47
1.581500000000000000e+03 5.900490000000000097e-47
1.581619999999999891e+03 5.908360000000000406e-47
1.581750000000000000e+03 5.916240000000000465e-47
1.581880000000000109e+03 5.924119999999999551e-47
1.582000000000000000e+03 5.932010000000000332e-47
1.582119999999999891e+03 5.940170000000000185e-47
1.582250000000000000e+03 5.948240000000000347e-47
1.582380000000000109e+03 5.956320000000000259e-47
1.582500000000000000e+03 5.965260000000000027e-47
1.582619999999999891e+03 5.973330000000000190e-47
1.582750000000000000e+03 5.981370000000000131e-47
1.582880000000000109e+03 5.989779999999999558e-47
1.583000000000000000e+03 5.997879999999999942e-47
1.583119999999999891e+03 6.005729999999999779e-47
1.583250000000000000e+03 6.012630000000000070e-47
1.583380000000000109e+03 6.020129999999999921e-47
1.583500000000000000e+03 6.028129999999999891e-47
1.583619999999999891e+03 6.036009999999999950e-47
1.583750000000000000e+03 6.043920000000000230e-47
1.583880000000000109e+03 6.051829999999999537e-47
1.584000000000000000e+03 6.059749999999999566e-47
1.584119999999999891e+03 6.068409999999999539e-47
1.584250000000000000e+03 6.076209999999999656e-47
1.584380000000000109e+03 6.084009999999999774e-47
1.584500000000000000e+03 6.091819999999999640e-47
1.584619999999999891e+03 6.099630000000000480e-47
1.584750000000000000e+03 6.108490000000000306e-47
1.584880000000000109e+03 6.116340000000000143e-47
1.585000000000000000e+03 6.124509999999999746e-47
1.585119999999999891e+03 6.133359999999999823e-47
1.585250000000000000e+03 6.142099999999999738e-47
1.585380000000000109e+03 6.151080000000000449e-47
1.585500000000000000e+03 6.160069999999999937e-47
1.585619999999999891e+03 6.168729999999999910e-47
1.585750000000000000e+03 6.177680000000000400e-47
1.585880000000000109e+03 6.186179999999999518e-47
1.586000000000000000e+03 6.195419999999999552e-47
1.586119999999999891e+03 6.204280000000000351e-47
1.586250000000000000e+03 6.212330000000000041e-47
1.586380000000000109e+03 6.220050000000000217e-47
1.586500000000000000e+03 6.227249999999999802e-47
1.586619999999999891e+03 6.234930000000000007e-47
1.586750000000000000e+03 6.242300000000000196e-47
1.586880000000000109e+03 6.253840000000000003e-47
1.587000000000000000e+03 6.261539999999999708e-47
1.587119999999999891e+03 6.269269999999999633e-47
1.587250000000000000e+03 6.277539999999999649e-47
1.587380000000000109e+03 6.290939999999999551e-47
1.587500000000000000e+03 6.299749999999999657e-47
1.587619999999999891e+03 6.307990000000000424e-47
1.587750000000000000e+03 6.313740000000000342e-47
1.587880000000000109e+03 6.321809999999999532e-47
1.588000000000000000e+03 6.330139999999999990e-47
1.588119999999999891e+03 6.330649999999999860e-47
1.588250000000000000e+03 6.335180000000000186e-47
1.588380000000000109e+03 6.340159999999999939e-47
1.588500000000000000e+03 6.347020000000000259e-47
1.588619999999999891e+03 6.354609999999999801e-47
1.588750000000000000e+03 6.362320000000000227e-47
1.588880000000000109e+03 6.370229999999999535e-47
1.589000000000000000e+03 6.378790000000000067e-47
1.589119999999999891e+03 6.387370000000000099e-47
1.589250000000000000e+03 6.395940000000000381e-47
1.589380000000000109e+03 6.404520000000000413e-47
1.589500000000000000e+03 6.413089999999999722e-47
1.589619999999999891e+03 6.421599999999999562e-47
1.589750000000000000e+03 6.429450000000000372e-47
1.589880000000000109e+03 6.437640000000000447e-47
1.590000000000000000e+03 6.446209999999999756e-47
1.590119999999999891e+03 6.453579999999999946e-47
1.590250000000000000e+03 6.461140000000000239e-47
1.590380000000000109e+03 6.468959999999999855e-47
1.590500000000000000e+03 6.475940000000000087e-47
1.590619999999999891e+03 6.480520000000000134e-47
1.590750000000000000e+03 6.488360000000000221e-47
1.590880000000000109e+03 6.495709999999999939e-47
1.591000000000000000e+03 6.502899999999999774e-47
1.591119999999999891e+03 6.510570000000000230e-47
1.591250000000000000e+03 6.517779999999999564e-47
1.591380000000000109e+03 6.524459999999999530e-47
1.591500000000000000e+03 6.530779999999999759e-47
1.591619999999999891e+03 6.537379999999999784e-47
1.591750000000000000e+03 6.544630000000000061e-47
1.591880000000000109e+03 6.551989999999999528e-47
1.592000000000000000e+03 6.558560000000000304e-47
1.592119999999999891e+03 6.565630000000000227e-47
1.592250000000000000e+03 6.573149999999999577e-47
1.592380000000000109e+03 6.578140000000000052e-47
1.592500000000000000e+03 6.584019999999999632e-47
1.592619999999999891e+03 6.591439999999999541e-47
1.592750000000000000e+03 6.599100000000000247e-47
1.592880000000000109e+03 6.606969999999999584e-47
1.593000000000000000e+03 6.615050000000000468e-47
1.593119999999999891e+03 6.623119999999999659e-47
1.593250000000000000e+03 6.631180000000000071e-47
1.593380000000000109e+03 6.639229999999999762e-47
1.593500000000000000e+03 6.647269999999999704e-47
1.593619999999999891e+03 6.656119999999999780e-47
1.593750000000000000e+03 6.663929999999999647e-47
1.593880000000000109e+03 6.671729999999999764e-47
1.594000000000000000e+03 6.679740000000000457e-47
1.594119999999999891e+03 6.687849999999999618e-47
1.594250000000000000e+03 6.695940000000000252e-47
1.594380000000000109e+03 6.703580000000000486e-47
1.594500000000000000e+03 6.711099999999999836e-47
1.594619999999999891e+03 6.718509999999999996e-47
1.594750000000000000e+03 6.725539999999999948e-47
1.594880000000000109e+03 6.733180000000000183e-47
1.595000000000000000e+03 6.740550000000000372e-47
1.595119999999999891e+03 6.747890000000000340e-47
1.595250000000000000e+03 6.755240000000000058e-47
1.595380000000000109e+03 6.762540000000000056e-47
1.595500000000000000e+03 6.771139999999999587e-47
1.595619999999999891e+03 6.778840000000000263e-47
1.595750000000000000e+03 6.786189999999999981e-47
1.595880000000000109e+03 6.793659999999999611e-47
1.596000000000000000e+03 6.801179999999999933e-47
1.596119999999999891e+03 6.808940000000000080e-47
1.596250000000000000e+03 6.816670000000000005e-47
1.596380000000000109e+03 6.823079999999999926e-47
1.596500000000000000e+03 6.829980000000000216e-47
1.596619999999999891e+03 6.837679999999999921e-47
1.596750000000000000e+03 6.845440000000000067e-47
1.596880000000000109e+03 6.853179999999999742e-47
1.597000000000000000e+03 6.860909999999999668e-47
1.597119999999999891e+03 6.868500000000000182e-47
1.597250000000000000e+03 6.875870000000000371e-47
1.597380000000000109e+03 6.883220000000000089e-47
1.597500000000000000e+03 6.890830000000000102e-47
1.597619999999999891e+03 6.898250000000000012e-47
1.597750000000000000e+03 6.905230000000000244e-47
1.597880000000000109e+03 6.912159999999999783e-47
1.598000000000000000e+03 6.919079999999999573e-47
1.598119999999999891e+03 6.925960000000000365e-47
1.598250000000000000e+03 6.932830000000000434e-47
1.598380000000000109e+03 6.939670000000000283e-47
1.598500000000000000e+03 6.946930000000000310e-47
1.598619999999999891e+03 6.954550000000000073e-47
1.598750000000000000e+03 6.962259999999999527e-47
1.598880000000000109e+03 6.968959999999999964e-47
1.599000000000000000e+03 6.975639999999999930e-47
1.599119999999999891e+03 6.982300000000000396e-47
1.599250000000000000e+03 6.990660000000000103e-47
1.599380000000000109e+03 6.995529999999999694e-47
1.599500000000000000e+03 7.002110000000000219e-47
1.599619999999999891e+03 7.006679999999999543e-47
1.599750000000000000e+03 7.013239999999999597e-47
1.599880000000000109e+03 7.019770000000000402e-47
1.600000000000000000e+03 7.022899999999999810e-47
1.600119999999999891e+03 7.024419999999999668e-47
1.600250000000000000e+03 7.027439999999999885e-47
1.600380000000000109e+03 7.029920000000000012e-47
1.600500000000000000e+03 7.031359999999999929e-47
1.600619999999999891e+03 7.036050000000000138e-47
1.600750000000000000e+03 7.037940000000000454e-47
1.600880000000000109e+03 7.040329999999999918e-47
1.601000000000000000e+03 7.042469999999999808e-47
1.601119999999999891e+03 7.043799999999999563e-47
1.601250000000000000e+03 7.046110000000000057e-47
1.601380000000000109e+03 7.051679999999999621e-47
1.601500000000000000e+03 7.055840000000000462e-47
1.601619999999999891e+03 7.058180000000000205e-47
1.601750000000000000e+03 7.061539999999999687e-47
1.601880000000000109e+03 7.061729999999999791e-47
1.602000000000000000e+03 7.061820000000000454e-47
1.602119999999999891e+03 7.067939999999999858e-47
1.602250000000000000e+03 7.071380000000000254e-47
1.602380000000000109e+03 7.075199999999999885e-47
1.602500000000000000e+03 7.078640000000000281e-47
1.602619999999999891e+03 7.084690000000000465e-47
1.602750000000000000e+03 7.091599999999999533e-47
1.602880000000000109e+03 7.098480000000000324e-47
1.603000000000000000e+03 7.102490000000000059e-47
1.603119999999999891e+03 7.104350000000000155e-47
1.603250000000000000e+03 7.108789999999999817e-47
1.603380000000000109e+03 7.114729999999999839e-47
1.603500000000000000e+03 7.120639999999999640e-47
1.603619999999999891e+03 7.126499999999999721e-47
1.603750000000000000e+03 7.131119999999999738e-47
1.603880000000000109e+03 7.136150000000000184e-47
1.604000000000000000e+03 7.142710000000000237e-47
1.604119999999999891e+03 7.148800000000000392e-47
1.604250000000000000e+03 7.154999999999999738e-47
1.604380000000000109e+03 7.159980000000000463e-47
1.604500000000000000e+03 7.166390000000000384e-47
1.604619999999999891e+03 7.172680000000000392e-47
1.604750000000000000e+03 7.178780000000000297e-47
1.604880000000000109e+03 7.184840000000000231e-47
1.605000000000000000e+03 7.190860000000000194e-47
1.605119999999999891e+03 7.196849999999999937e-47
1.605250000000000000e+03 7.206040000000000250e-47
1.605380000000000109e+03 7.207099999999999960e-47
1.605500000000000000e+03 7.211900000000000331e-47
1.605619999999999891e+03 7.216849999999999863e-47
1.605750000000000000e+03 7.222380000000000429e-47
1.605880000000000109e+03 7.227430000000000374e-47
1.606000000000000000e+03 7.231409999999999887e-47
1.606119999999999891e+03 7.236259999999999979e-47
1.606250000000000000e+03 7.241359999999999644e-47
1.606380000000000109e+03 7.246420000000000311e-47
1.606500000000000000e+03 7.251790000000000022e-47
1.606619999999999891e+03 7.259850000000000434e-47
1.606750000000000000e+03 7.268339999999999803e-47
1.606880000000000109e+03 7.273229999999999865e-47
1.607000000000000000e+03 7.278079999999999957e-47
1.607119999999999891e+03 7.282899999999999827e-47
1.607250000000000000e+03 7.287669999999999977e-47
1.607380000000000109e+03 7.292409999999999906e-47
1.607500000000000000e+03 7.297109999999999865e-47
1.607619999999999891e+03 7.301560000000000250e-47
1.607750000000000000e+03 7.305600000000000206e-47
1.607880000000000109e+03 7.309010000000000380e-47
1.608000000000000000e+03 7.312519999999999996e-47
1.608119999999999891e+03 7.316590000000000173e-47
1.608250000000000000e+03 7.321699999999999587e-47
1.608380000000000109e+03 7.327490000000000449e-47
1.608500000000000000e+03 7.333090000000000234e-47
1.608619999999999891e+03 7.335770000000000214e-47
1.608750000000000000e+03 7.338370000000000253e-47
1.608880000000000109e+03 7.340879999999999629e-47
1.609000000000000000e+03 7.343540000000000110e-47
1.609119999999999891e+03 7.347530000000000346e-47
1.609250000000000000e+03 7.352200000000000083e-47
1.609380000000000109e+03 7.356489999999999613e-47
1.609500000000000000e+03 7.361139999999999851e-47
1.609619999999999891e+03 7.364390000000000143e-47
1.609750000000000000e+03 7.368369999999999657e-47
1.609880000000000109e+03 7.371929999999999965e-47
1.610000000000000000e+03 7.376199999999999995e-47
1.610119999999999891e+03 7.373149999999999557e-47
1.610250000000000000e+03 7.378229999999999723e-47
1.610380000000000109e+03 7.380820000000000012e-47
1.610500000000000000e+03 7.377240000000000205e-47
1.610619999999999891e+03 7.381320000000000132e-47
1.610750000000000000e+03 7.386659999999999621e-47
1.610880000000000109e+03 7.390630000000000358e-47
1.611000000000000000e+03 7.396350000000000055e-47
1.611119999999999891e+03 7.402630000000000314e-47
1.611250000000000000e+03 7.397230000000000382e-47
1.611380000000000109e+03 7.389769999999999530e-47
1.611500000000000000e+03 7.390910000000000153e-47
1.611619999999999891e+03 7.378309999999999664e-47
1.611750000000000000e+03 7.375380000000000110e-47
1.611880000000000109e+03 7.376510000000000011e-47
1.612000000000000000e+03 7.376759999999999585e-47
1.612119999999999891e+03 7.376359999999999878e-47
1.612250000000000000e+03 7.376519999999999761e-47
1.612380000000000109e+03 7.376300000000000408e-47
1.612500000000000000e+03 7.376559999999999731e-47
1.612619999999999891e+03 7.378219999999999973e-47
1.612750000000000000e+03 7.379260000000000183e-47
1.612880000000000109e+03 7.380230000000000201e-47
1.613000000000000000e+03 7.395410000000000258e-47
1.613119999999999891e+03 7.387929999999999906e-47
1.613250000000000000e+03 7.393069999999999542e-47
1.613380000000000109e+03 7.398170000000000179e-47
1.613500000000000000e+03 7.403229999999999874e-47
1.613619999999999891e+03 7.407589999999999595e-47
1.613750000000000000e+03 7.411669999999999522e-47
1.613880000000000109e+03 7.416230000000000069e-47
1.614000000000000000e+03 7.421099999999999660e-47
1.614119999999999891e+03 7.425919999999999531e-47
1.614250000000000000e+03 7.430689999999999681e-47
1.614380000000000109e+03 7.435410000000000111e-47
1.614500000000000000e+03 7.442050000000000106e-47
1.614619999999999891e+03 7.446689999999999622e-47
1.614750000000000000e+03 7.451290000000000140e-47
1.614880000000000109e+03 7.455839999999999965e-47
1.615000000000000000e+03 7.460340000000000070e-47
1.615119999999999891e+03 7.464790000000000455e-47
1.615250000000000000e+03 7.465070000000000250e-47
1.615380000000000109e+03 7.463280000000000346e-47
1.615500000000000000e+03 7.449620000000000148e-47
1.615619999999999891e+03 7.436060000000000364e-47
1.615750000000000000e+03 7.420100000000000393e-47
1.615880000000000109e+03 7.404169999999999671e-47
1.616000000000000000e+03 7.388260000000000393e-47
1.616119999999999891e+03 7.378469999999999547e-47
1.616250000000000000e+03 7.377790000000000045e-47
1.616380000000000109e+03 7.369480000000000059e-47
1.616500000000000000e+03 7.368890000000000248e-47
1.616619999999999891e+03 7.368310000000000187e-47
1.616750000000000000e+03 7.374900000000000462e-47
1.616880000000000109e+03 7.367150000000000065e-47
1.617000000000000000e+03 7.366570000000000004e-47
1.617119999999999891e+03 7.366039999999999663e-47
1.617250000000000000e+03 7.365780000000000340e-47
1.617380000000000109e+03 7.365200000000000279e-47
1.617500000000000000e+03 7.364789999999999850e-47
1.617619999999999891e+03 7.364369999999999671e-47
1.617750000000000000e+03 7.362280000000000474e-47
1.617880000000000109e+03 7.361660000000000442e-47
1.618000000000000000e+03 7.358819999999999607e-47
1.618119999999999891e+03 7.358170000000000326e-47
1.618250000000000000e+03 7.357590000000000265e-47
1.618380000000000109e+03 7.357000000000000454e-47
1.618500000000000000e+03 7.356240000000000039e-47
1.618619999999999891e+03 7.355650000000000229e-47
1.618750000000000000e+03 7.355110000000000138e-47
1.618880000000000109e+03 7.354589999999999547e-47
1.619000000000000000e+03 7.354079999999999678e-47
1.619119999999999891e+03 7.353560000000000059e-47
1.619250000000000000e+03 7.352970000000000248e-47
1.619380000000000109e+03 7.352289999999999774e-47
1.619500000000000000e+03 7.357470000000000353e-47
1.619619999999999891e+03 7.352989999999999747e-47
1.619750000000000000e+03 7.356449999999999642e-47
1.619880000000000109e+03 7.391520000000000435e-47
1.620000000000000000e+03 7.457599999999999648e-47
1.620119999999999891e+03 7.449000000000000117e-47
1.620250000000000000e+03 7.441510000000000015e-47
1.620380000000000109e+03 7.352529999999999598e-47
1.620500000000000000e+03 7.337229999999999630e-47
1.620619999999999891e+03 7.335880000000000376e-47
1.620750000000000000e+03 7.330669999999999576e-47
1.620880000000000109e+03 7.318210000000000444e-47
1.621000000000000000e+03 7.319810000000000243e-47
1.621119999999999891e+03 7.307059999999999622e-47
1.621250000000000000e+03 7.306220000000000237e-47
1.621380000000000109e+03 7.304679999999999908e-47
1.621500000000000000e+03 7.305299999999999939e-47
1.621619999999999891e+03 7.302490000000000297e-47
1.621750000000000000e+03 7.303899999999999993e-47
1.621880000000000109e+03 7.306450000000000312e-47
1.622000000000000000e+03 7.306129999999999574e-47
1.622119999999999891e+03 7.299979999999999949e-47
1.622250000000000000e+03 7.298209999999999545e-47
1.622380000000000109e+03 7.296999999999999702e-47
1.622500000000000000e+03 7.296400000000000142e-47
1.622619999999999891e+03 7.295590000000000007e-47
1.622750000000000000e+03 7.286890000000000063e-47
1.622880000000000109e+03 7.283759999999999683e-47
1.623000000000000000e+03 7.284919999999999805e-47
1.623119999999999891e+03 7.285729999999999941e-47
1.623250000000000000e+03 7.281819999999999646e-47
1.623380000000000109e+03 7.280879999999999849e-47
1.623500000000000000e+03 7.278479999999999664e-47
1.623619999999999891e+03 7.272710000000000246e-47
1.623750000000000000e+03 7.271120000000000196e-47
1.623880000000000109e+03 7.269690000000000029e-47
1.624000000000000000e+03 7.268060000000000008e-47
1.624119999999999891e+03 7.267540000000000389e-47
1.624250000000000000e+03 7.266169999999999692e-47
1.624380000000000109e+03 7.265680000000000294e-47
1.624500000000000000e+03 7.265180000000000174e-47
1.624619999999999891e+03 7.262409999999999530e-47
1.624750000000000000e+03 7.261229999999999909e-47
1.624880000000000109e+03 7.259519999999999947e-47
1.625000000000000000e+03 7.267989999999999816e-47
1.625119999999999891e+03 7.268409999999999995e-47
1.625250000000000000e+03 7.267970000000000317e-47
1.625380000000000109e+03 7.267519999999999918e-47
1.625500000000000000e+03 7.267069999999999518e-47
1.625619999999999891e+03 7.266620000000000091e-47
1.625750000000000000e+03 7.266169999999999692e-47
1.625880000000000109e+03 7.265709999999999543e-47
1.626000000000000000e+03 7.264370000000000039e-47
1.626119999999999891e+03 7.259729999999999550e-47
1.626250000000000000e+03 7.252739999999999568e-47
1.626380000000000109e+03 7.251980000000000125e-47
1.626500000000000000e+03 7.251350000000000344e-47
1.626619999999999891e+03 7.250049999999999838e-47
1.626750000000000000e+03 7.249439999999999556e-47
1.626880000000000109e+03 7.248330000000000127e-47
1.627000000000000000e+03 7.239909999999999978e-47
1.627119999999999891e+03 7.235809999999999580e-47
1.627250000000000000e+03 7.234439999999999854e-47
1.627380000000000109e+03 7.233060000000000380e-47
1.627500000000000000e+03 7.229330000000000440e-47
1.627619999999999891e+03 7.226850000000000313e-47
1.627750000000000000e+03 7.223619999999999520e-47
1.627880000000000109e+03 7.218359999999999972e-47
1.628000000000000000e+03 7.216300000000000023e-47
1.628119999999999891e+03 7.215619999999999549e-47
1.628250000000000000e+03 7.215069999999999709e-47
1.628380000000000109e+03 7.212490000000000142e-47
1.628500000000000000e+03 7.209479999999999674e-47
1.628619999999999891e+03 7.208589999999999597e-47
1.628750000000000000e+03 7.207349999999999533e-47
1.628880000000000109e+03 7.204279999999999596e-47
1.629000000000000000e+03 7.198980000000000077e-47
1.629119999999999891e+03 7.194310000000000340e-47
1.629250000000000000e+03 7.192629999999999626e-47
1.629380000000000109e+03 7.187670000000000345e-47
1.629500000000000000e+03 7.177610000000000425e-47
1.629619999999999891e+03 7.169899999999999999e-47
1.629750000000000000e+03 7.168119999999999845e-47
1.629880000000000109e+03 7.166229999999999529e-47
1.630000000000000000e+03 7.160429999999999890e-47
1.630119999999999891e+03 7.157439999999999894e-47
1.630250000000000000e+03 7.150560000000000075e-47
1.630380000000000109e+03 7.141860000000000131e-47
1.630500000000000000e+03 7.135819999999999696e-47
1.630619999999999891e+03 7.128019999999999579e-47
1.630750000000000000e+03 7.123009999999999605e-47
1.630880000000000109e+03 7.113700000000000351e-47
1.631000000000000000e+03 7.104070000000000360e-47
1.631119999999999891e+03 7.096949999999999744e-47
1.631250000000000000e+03 7.088770000000000392e-47
1.631380000000000109e+03 7.085769999999999673e-47
1.631500000000000000e+03 7.082990000000000252e-47
1.631619999999999891e+03 7.079000000000000017e-47
1.631750000000000000e+03 7.073059999999999995e-47
1.631880000000000109e+03 7.064660000000000317e-47
1.632000000000000000e+03 7.059880000000000418e-47
1.632119999999999891e+03 7.055089999999999796e-47
1.632250000000000000e+03 7.047160000000000017e-47
1.632380000000000109e+03 7.044580000000000449e-47
1.632500000000000000e+03 7.040569999999999742e-47
1.632619999999999891e+03 7.039239999999999988e-47
1.632750000000000000e+03 7.038850000000000030e-47
1.632880000000000109e+03 7.038460000000000073e-47
1.633000000000000000e+03 7.036689999999999669e-47
1.633119999999999891e+03 7.035850000000000285e-47
1.633250000000000000e+03 7.034869999999999544e-47
1.633380000000000109e+03 7.030920000000000252e-47
1.633500000000000000e+03 7.023970000000000241e-47
1.633619999999999891e+03 7.017929999999999806e-47
1.633750000000000000e+03 7.013279999999999568e-47
1.633880000000000109e+03 7.008710000000000243e-47
1.634000000000000000e+03 7.003700000000000269e-47
1.634119999999999891e+03 6.997809999999999967e-47
1.634250000000000000e+03 6.993739999999999790e-47
1.634380000000000109e+03 6.988800000000000008e-47
1.634500000000000000e+03 6.986319999999999881e-47
1.634619999999999891e+03 6.985950000000000395e-47
1.634750000000000000e+03 6.983809999999999533e-47
1.634880000000000109e+03 6.981020000000000362e-47
1.635000000000000000e+03 6.973159999999999803e-47
1.635119999999999891e+03 6.972840000000000037e-47
1.635250000000000000e+03 6.971609999999999723e-47
1.635380000000000109e+03 6.969720000000000379e-47
1.635500000000000000e+03 6.965380000000000157e-47
1.635619999999999891e+03 6.956560000000000301e-47
1.635750000000000000e+03 6.951600000000000047e-47
1.635880000000000109e+03 6.946759999999999705e-47
1.636000000000000000e+03 6.942390000000000234e-47
1.636119999999999891e+03 6.937580000000000113e-47
1.636250000000000000e+03 6.937469999999999951e-47
1.636380000000000109e+03 6.938799999999999705e-47
1.636500000000000000e+03 6.936349999999999799e-47
1.636619999999999891e+03 6.936340000000000050e-47
1.636750000000000000e+03 6.935959999999999842e-47
1.636880000000000109e+03 6.935039999999999544e-47
1.637000000000000000e+03 6.933760000000000482e-47
1.637119999999999891e+03 6.929350000000000068e-47
1.637250000000000000e+03 6.928640000000000345e-47
1.637380000000000109e+03 6.923800000000000003e-47
1.637500000000000000e+03 6.922179999999999732e-47
1.637619999999999891e+03 6.921810000000000246e-47
1.637750000000000000e+03 6.921289999999999655e-47
1.637880000000000109e+03 6.920990000000000361e-47
1.638000000000000000e+03 6.920420000000000050e-47
1.638119999999999891e+03 6.917319999999999891e-47
1.638250000000000000e+03 6.914940000000000177e-47
1.638380000000000109e+03 6.910759999999999837e-47
1.638500000000000000e+03 6.906670000000000161e-47
1.638619999999999891e+03 6.904760000000000345e-47
1.638750000000000000e+03 6.902729999999999645e-47
1.638880000000000109e+03 6.898459999999999615e-47
1.639000000000000000e+03 6.894059999999999923e-47
1.639119999999999891e+03 6.889460000000000377e-47
1.639250000000000000e+03 6.884970000000000022e-47
1.639380000000000109e+03 6.880599999999999578e-47
1.639500000000000000e+03 6.880119999999999930e-47
1.639619999999999891e+03 6.880239999999999842e-47
1.639750000000000000e+03 6.878849999999999646e-47
1.639880000000000109e+03 6.877470000000000171e-47
1.640000000000000000e+03 6.874590000000000337e-47
1.640119999999999891e+03 6.871520000000000399e-47
1.640250000000000000e+03 6.868439999999999740e-47
1.640380000000000109e+03 6.865360000000000053e-47
1.640500000000000000e+03 6.862269999999999643e-47
1.640619999999999891e+03 6.859699999999999825e-47
1.640750000000000000e+03 6.857860000000000202e-47
1.640880000000000109e+03 6.856009999999999856e-47
1.641000000000000000e+03 6.854160000000000483e-47
1.641119999999999891e+03 6.852719999999999593e-47
1.641250000000000000e+03 6.849010000000000125e-47
1.641380000000000109e+03 6.847659999999999899e-47
1.641500000000000000e+03 6.847060000000000338e-47
1.641619999999999891e+03 6.846450000000000056e-47
1.641750000000000000e+03 6.843650000000000164e-47
1.641880000000000109e+03 6.837499999999999567e-47
1.642000000000000000e+03 6.837029999999999668e-47
1.642119999999999891e+03 6.834239999999999525e-47
1.642250000000000000e+03 6.832350000000000181e-47
1.642380000000000109e+03 6.829369999999999934e-47
1.642500000000000000e+03 6.825710000000000186e-47
1.642619999999999891e+03 6.822060000000000187e-47
1.642750000000000000e+03 6.820240000000000063e-47
1.642880000000000109e+03 6.817820000000000378e-47
1.643000000000000000e+03 6.817640000000000024e-47
1.643119999999999891e+03 6.817520000000000112e-47
1.643250000000000000e+03 6.816019999999999752e-47
1.643380000000000109e+03 6.812900000000000094e-47
1.643500000000000000e+03 6.809780000000000436e-47
1.643619999999999891e+03 6.806650000000000057e-47
1.643750000000000000e+03 6.817170000000000125e-47
1.643880000000000109e+03 6.822499999999999865e-47
1.644000000000000000e+03 6.822140000000000129e-47
1.644119999999999891e+03 6.821780000000000392e-47
1.644250000000000000e+03 6.821419999999999684e-47
1.644380000000000109e+03 6.820690000000000462e-47
1.644500000000000000e+03 6.797370000000000052e-47
1.644619999999999891e+03 6.795439999999999765e-47
1.644750000000000000e+03 6.795119999999999999e-47
1.644880000000000109e+03 6.794800000000000234e-47
1.645000000000000000e+03 6.794480000000000468e-47
1.645119999999999891e+03 6.794100000000000261e-47
1.645250000000000000e+03 6.792670000000000093e-47
1.645380000000000109e+03 6.791719999999999574e-47
1.645500000000000000e+03 6.791319999999999867e-47
1.645619999999999891e+03 6.790140000000000246e-47
1.645750000000000000e+03 6.787099999999999557e-47
1.645880000000000109e+03 6.783839999999999516e-47
1.646000000000000000e+03 6.780700000000000359e-47
1.646119999999999891e+03 6.777440000000000317e-47
1.646250000000000000e+03 6.774190000000000025e-47
1.646380000000000109e+03 6.770979999999999704e-47
1.646500000000000000e+03 6.768130000000000091e-47
1.646619999999999891e+03 6.765680000000000185e-47
1.646750000000000000e+03 6.764620000000000476e-47
1.646880000000000109e+03 6.763120000000000117e-47
1.647000000000000000e+03 6.762549999999999805e-47
1.647119999999999891e+03 6.762100000000000378e-47
1.647250000000000000e+03 6.761649999999999979e-47
1.647380000000000109e+03 6.761199999999999579e-47
1.647500000000000000e+03 6.760759999999999902e-47
1.647619999999999891e+03 6.760310000000000475e-47
1.647750000000000000e+03 6.759860000000000075e-47
1.647880000000000109e+03 6.759420000000000398e-47
1.648000000000000000e+03 6.758969999999999998e-47
1.648119999999999891e+03 6.758519999999999599e-47
1.648250000000000000e+03 6.758079999999999921e-47
1.648380000000000109e+03 6.757629999999999522e-47
1.648500000000000000e+03 6.757170000000000345e-47
1.648619999999999891e+03 6.756719999999999946e-47
1.648750000000000000e+03 6.756269999999999546e-47
1.648880000000000109e+03 6.754540000000000085e-47
1.649000000000000000e+03 6.751670000000000001e-47
1.649119999999999891e+03 6.748360000000000239e-47
1.649250000000000000e+03 6.745290000000000301e-47
1.649380000000000109e+03 6.743329999999999793e-47
1.649500000000000000e+03 6.741910000000000348e-47
1.649619999999999891e+03 6.741579999999999860e-47
1.649750000000000000e+03 6.741260000000000095e-47
1.649880000000000109e+03 6.740929999999999608e-47
1.650000000000000000e+03 6.740600000000000093e-47
1.650119999999999891e+03 6.740280000000000327e-47
1.650250000000000000e+03 6.739949999999999840e-47
1.650380000000000109e+03 6.739630000000000074e-47
1.650500000000000000e+03 6.739299999999999587e-47
1.650619999999999891e+03 6.738979999999999821e-47
1.650750000000000000e+03 6.738660000000000056e-47
1.650880000000000109e+03 6.738329999999999569e-47
1.651000000000000000e+03 6.738009999999999803e-47
1.651119999999999891e+03 6.737690000000000038e-47
1.651250000000000000e+03 6.737359999999999550e-47
1.651380000000000109e+03 6.737039999999999785e-47
1.651500000000000000e+03 6.736720000000000019e-47
1.651619999999999891e+03 6.736400000000000254e-47
1.651750000000000000e+03 6.736079999999999516e-47
1.651880000000000109e+03 6.735890000000000385e-47
1.652000000000000000e+03 6.735759999999999751e-47
1.652119999999999891e+03 6.735630000000000089e-47
1.652250000000000000e+03 6.735550000000000148e-47
1.652380000000000109e+03 6.743380000000000486e-47
1.652500000000000000e+03 6.735400000000000014e-47
1.652619999999999891e+03 6.735219999999999660e-47
1.652750000000000000e+03 6.735150000000000441e-47
1.652880000000000109e+03 6.735080000000000249e-47
1.653000000000000000e+03 6.735010000000000057e-47
1.653119999999999891e+03 6.734939999999999865e-47
1.653250000000000000e+03 6.734869999999999674e-47
1.653380000000000109e+03 6.734810000000000204e-47
1.653500000000000000e+03 6.734740000000000012e-47
1.653619999999999891e+03 6.734679999999999570e-47
1.653750000000000000e+03 6.734620000000000100e-47
1.653880000000000109e+03 6.734559999999999658e-47
1.654000000000000000e+03 6.734500000000000188e-47
1.654119999999999891e+03 6.734439999999999746e-47
1.654250000000000000e+03 6.734390000000000025e-47
1.654380000000000109e+03 6.733720000000000273e-47
1.654500000000000000e+03 6.731580000000000383e-47
1.654619999999999891e+03 6.730140000000000466e-47
1.654750000000000000e+03 6.729969999999999862e-47
1.654880000000000109e+03 6.729849999999999950e-47
1.655000000000000000e+03 6.729380000000000051e-47
1.655119999999999891e+03 6.728990000000000094e-47
1.655250000000000000e+03 6.728069999999999796e-47
1.655380000000000109e+03 6.727529999999999705e-47
1.655500000000000000e+03 6.726519999999999716e-47
1.655619999999999891e+03 6.724889999999999696e-47
1.655750000000000000e+03 6.724499999999999738e-47
1.655880000000000109e+03 6.723909999999999928e-47
1.656000000000000000e+03 6.723759999999999795e-47
1.656119999999999891e+03 6.723540000000000442e-47
1.656250000000000000e+03 6.722380000000000320e-47
1.656380000000000109e+03 6.720309999999999649e-47
1.656500000000000000e+03 6.718059999999999597e-47
1.656619999999999891e+03 6.716860000000000476e-47
1.656750000000000000e+03 6.715240000000000205e-47
1.656880000000000109e+03 6.712490000000000033e-47
1.657000000000000000e+03 6.710380000000000364e-47
1.657119999999999891e+03 6.708010000000000399e-47
1.657250000000000000e+03 6.706000000000000171e-47
1.657380000000000109e+03 6.704499999999999812e-47
1.657500000000000000e+03 6.702009999999999935e-47
1.657619999999999891e+03 6.698650000000000453e-47
1.657750000000000000e+03 6.695839999999999839e-47
1.657880000000000109e+03 6.692539999999999827e-47
1.658000000000000000e+03 6.689319999999999756e-47
1.658119999999999891e+03 6.686679999999999746e-47
1.658250000000000000e+03 6.683889999999999603e-47
1.658380000000000109e+03 6.681610000000000302e-47
1.658500000000000000e+03 6.679149999999999674e-47
1.658619999999999891e+03 6.678339999999999538e-47
1.658750000000000000e+03 6.676330000000000282e-47
1.658880000000000109e+03 6.673949999999999596e-47
1.659000000000000000e+03 6.671870000000000148e-47
1.659119999999999891e+03 6.669679999999999565e-47
1.659250000000000000e+03 6.667449999999999984e-47
1.659380000000000109e+03 6.665850000000000185e-47
1.659500000000000000e+03 6.664640000000000342e-47
1.659619999999999891e+03 6.663870000000000177e-47
1.659750000000000000e+03 6.662150000000000466e-47
1.659880000000000109e+03 6.660250000000000400e-47
1.660000000000000000e+03 6.658080000000000289e-47
1.660119999999999891e+03 6.655839999999999986e-47
1.660250000000000000e+03 6.653430000000000050e-47
1.660380000000000109e+03 6.651990000000000133e-47
1.660500000000000000e+03 6.650090000000000068e-47
1.660619999999999891e+03 6.650080000000000318e-47
1.660750000000000000e+03 6.646529999999999760e-47
1.660880000000000109e+03 6.644370000000000371e-47
1.661000000000000000e+03 6.642350000000000393e-47
1.661119999999999891e+03 6.639880000000000015e-47
1.661250000000000000e+03 6.637989999999999699e-47
1.661380000000000109e+03 6.635280000000000470e-47
1.661500000000000000e+03 6.632909999999999533e-47
1.661619999999999891e+03 6.632969999999999975e-47
1.661750000000000000e+03 6.628190000000000075e-47
1.661880000000000109e+03 6.626339999999999729e-47
1.662000000000000000e+03 6.624270000000000031e-47
1.662119999999999891e+03 6.622259999999999803e-47
1.662250000000000000e+03 6.619880000000000089e-47
1.662380000000000109e+03 6.617350000000000241e-47
1.662500000000000000e+03 6.616319999999999781e-47
1.662619999999999891e+03 6.614769999999999701e-47
1.662750000000000000e+03 6.613890000000000346e-47
1.662880000000000109e+03 6.613350000000000256e-47
1.663000000000000000e+03 6.612679999999999532e-47
1.663119999999999891e+03 6.611889999999999867e-47
1.663250000000000000e+03 6.611319999999999556e-47
1.663380000000000109e+03 6.610059999999999993e-47
1.663500000000000000e+03 6.608970000000000063e-47
1.663619999999999891e+03 6.607800000000000191e-47
1.663750000000000000e+03 6.607199999999999659e-47
1.663880000000000109e+03 6.606950000000000085e-47
1.664000000000000000e+03 6.606360000000000274e-47
1.664119999999999891e+03 6.603920000000000118e-47
1.664250000000000000e+03 6.601479999999999962e-47
1.664380000000000109e+03 6.599349999999999821e-47
1.664500000000000000e+03 6.598290000000000112e-47
1.664619999999999891e+03 6.597379999999999563e-47
1.664750000000000000e+03 6.596460000000000238e-47
1.664880000000000109e+03 6.595549999999999689e-47
1.665000000000000000e+03 6.594640000000000113e-47
1.665119999999999891e+03 6.593040000000000313e-47
1.665250000000000000e+03 6.591410000000000293e-47
1.665380000000000109e+03 6.589780000000000272e-47
1.665500000000000000e+03 6.588160000000000001e-47
1.665619999999999891e+03 6.586670000000000364e-47
1.665750000000000000e+03 6.585679999999999874e-47
1.665880000000000109e+03 6.584059999999999603e-47
1.666000000000000000e+03 6.582459999999999803e-47
1.666119999999999891e+03 6.580850000000000254e-47
1.666250000000000000e+03 6.579250000000000454e-47
1.666380000000000109e+03 6.577809999999999565e-47
1.666500000000000000e+03 6.576890000000000239e-47
1.666619999999999891e+03 6.575969999999999941e-47
1.666750000000000000e+03 6.575049999999999643e-47
1.666880000000000109e+03 6.574130000000000317e-47
1.667000000000000000e+03 6.572620000000000209e-47
1.667119999999999891e+03 6.571699999999999911e-47
1.667250000000000000e+03 6.570760000000000113e-47
1.667380000000000109e+03 6.575349999999999909e-47
1.667500000000000000e+03 6.568879999999999547e-47
1.667619999999999891e+03 6.568310000000000207e-47
1.667750000000000000e+03 6.567840000000000309e-47
1.667880000000000109e+03 6.567340000000000189e-47
1.668000000000000000e+03 6.566570000000000024e-47
1.668119999999999891e+03 6.566459999999999862e-47
1.668250000000000000e+03 6.566680000000000187e-47
1.668380000000000109e+03 6.566889999999999790e-47
1.668500000000000000e+03 6.566050000000000405e-47
1.668619999999999891e+03 6.565799999999999859e-47
1.668750000000000000e+03 6.565170000000000078e-47
1.668880000000000109e+03 6.563220000000000292e-47
1.669000000000000000e+03 6.561160000000000343e-47
1.669119999999999891e+03 6.559659999999999984e-47
1.669250000000000000e+03 6.558170000000000347e-47
1.669380000000000109e+03 6.558149999999999875e-47
1.669500000000000000e+03 6.558670000000000466e-47
1.669619999999999891e+03 6.558790000000000378e-47
1.669750000000000000e+03 6.558910000000000291e-47
1.669880000000000109e+03 6.558750000000000408e-47
1.670000000000000000e+03 6.558539999999999832e-47
1.670119999999999891e+03 6.557670000000000227e-47
1.670250000000000000e+03 6.557059999999999945e-47
1.670380000000000109e+03 6.555270000000000041e-47
1.670500000000000000e+03 6.554619999999999788e-47
1.670619999999999891e+03 6.552909999999999826e-47
1.670750000000000000e+03 6.551030000000000232e-47
1.670880000000000109e+03 6.550170000000000376e-47
1.671000000000000000e+03 6.549139999999999916e-47
1.671119999999999891e+03 6.547490000000000396e-47
1.671250000000000000e+03 6.545849999999999653e-47
1.671380000000000109e+03 6.544240000000000104e-47
1.671500000000000000e+03 6.542709999999999524e-47
1.671619999999999891e+03 6.541470000000000432e-47
1.671750000000000000e+03 6.540249999999999868e-47
1.671880000000000109e+03 6.539159999999999938e-47
1.672000000000000000e+03 6.538290000000000332e-47
1.672119999999999891e+03 6.537419999999999754e-47
1.672250000000000000e+03 6.536550000000000149e-47
1.672380000000000109e+03 6.535679999999999571e-47
1.672500000000000000e+03 6.534459999999999979e-47
1.672619999999999891e+03 6.532780000000000238e-47
1.672750000000000000e+03 6.530920000000000143e-47
1.672880000000000109e+03 6.529410000000000034e-47
1.673000000000000000e+03 6.528519999999999957e-47
1.673119999999999891e+03 6.527570000000000410e-47
1.673250000000000000e+03 6.526279999999999654e-47
1.673380000000000109e+03 6.525320000000000358e-47
1.673500000000000000e+03 6.524409999999999809e-47
1.673619999999999891e+03 6.523509999999999983e-47
1.673750000000000000e+03 6.522600000000000407e-47
1.673880000000000109e+03 6.521699999999999608e-47
1.674000000000000000e+03 6.521259999999999930e-47
1.674119999999999891e+03 6.520519999999999987e-47
1.674250000000000000e+03 6.519909999999999704e-47
1.674380000000000109e+03 6.519479999999999777e-47
1.674500000000000000e+03 6.520499999999999515e-47
1.674619999999999891e+03 6.520130000000000029e-47
1.674750000000000000e+03 6.519420000000000307e-47
1.674880000000000109e+03 6.518920000000000187e-47
1.675000000000000000e+03 6.518429999999999817e-47
1.675119999999999891e+03 6.517929999999999697e-47
1.675250000000000000e+03 6.517440000000000299e-47
1.675380000000000109e+03 6.516940000000000180e-47
1.675500000000000000e+03 6.516949999999999929e-47
1.675619999999999891e+03 6.517240000000000446e-47
1.675750000000000000e+03 6.517370000000000108e-47
1.675880000000000109e+03 6.517189999999999753e-47
1.676000000000000000e+03 6.516970000000000401e-47
1.676119999999999891e+03 6.516120000000000294e-47
1.676250000000000000e+03 6.515270000000000188e-47
1.676380000000000109e+03 6.514420000000000082e-47
1.676500000000000000e+03 6.513569999999999976e-47
1.676619999999999891e+03 6.512719999999999869e-47
1.676750000000000000e+03 6.511869999999999763e-47
1.676880000000000109e+03 6.511019999999999657e-47
1.677000000000000000e+03 6.510199999999999772e-47
1.677119999999999891e+03 6.509840000000000036e-47
1.677250000000000000e+03 6.509760000000000094e-47
1.677380000000000109e+03 6.509490000000000049e-47
1.677500000000000000e+03 6.509140000000000062e-47
1.677619999999999891e+03 6.508780000000000326e-47
1.677750000000000000e+03 6.508430000000000340e-47
1.677880000000000109e+03 6.508219999999999764e-47
1.678000000000000000e+03 6.507810000000000308e-47
1.678119999999999891e+03 6.507219999999999525e-47
1.678250000000000000e+03 6.506640000000000436e-47
1.678380000000000109e+03 6.506049999999999653e-47
1.678500000000000000e+03 6.504780000000000341e-47
1.678619999999999891e+03 6.503529999999999556e-47
1.678750000000000000e+03 6.502290000000000464e-47
1.678880000000000109e+03 6.501069999999999900e-47
1.679000000000000000e+03 6.499869999999999807e-47
1.679119999999999891e+03 6.498720000000000407e-47
1.679250000000000000e+03 6.497969999999999741e-47
1.679380000000000109e+03 6.497450000000000122e-47
1.679500000000000000e+03 6.496919999999999782e-47
1.679619999999999891e+03 6.496400000000000163e-47
1.679750000000000000e+03 6.495869999999999822e-47
1.679880000000000109e+03 6.495350000000000203e-47
1.680000000000000000e+03 6.494819999999999862e-47
1.680119999999999891e+03 6.494300000000000243e-47
1.680250000000000000e+03 6.493779999999999652e-47
1.680380000000000109e+03 6.493260000000000033e-47
1.680500000000000000e+03 6.492740000000000414e-47
1.680619999999999891e+03 6.492219999999999823e-47
1.680750000000000000e+03 6.491740000000000175e-47
1.680880000000000109e+03 6.491380000000000439e-47
1.681000000000000000e+03 6.491030000000000452e-47
1.681119999999999891e+03 6.490990000000000482e-47
1.681250000000000000e+03 6.490960000000000260e-47
1.681380000000000109e+03 6.491089999999999922e-47
1.681500000000000000e+03 6.491230000000000306e-47
1.681619999999999891e+03 6.491369999999999717e-47
1.681750000000000000e+03 6.491510000000000100e-47
1.681880000000000109e+03 6.491650000000000484e-47
1.682000000000000000e+03 6.491590000000000042e-47
1.682119999999999891e+03 6.491190000000000335e-47
1.682250000000000000e+03 6.490260000000000287e-47
1.682380000000000109e+03 6.489440000000000402e-47
1.682500000000000000e+03 6.488780000000000400e-47
1.682619999999999891e+03 6.487789999999999910e-47
1.682750000000000000e+03 6.486930000000000054e-47
1.682880000000000109e+03 6.485920000000000065e-47
1.683000000000000000e+03 6.484910000000000076e-47
1.683119999999999891e+03 6.483909999999999837e-47
1.683250000000000000e+03 6.482899999999999848e-47
1.683380000000000109e+03 6.481899999999999608e-47
1.683500000000000000e+03 6.480900000000000341e-47
1.683619999999999891e+03 6.479989999999999793e-47
1.683750000000000000e+03 6.479409999999999732e-47
1.683880000000000109e+03 6.479040000000000246e-47
1.684000000000000000e+03 6.478239999999999860e-47
1.684119999999999891e+03 6.477370000000000254e-47
1.684250000000000000e+03 6.476210000000000132e-47
1.684380000000000109e+03 6.475099999999999730e-47
1.684500000000000000e+03 6.474059999999999520e-47
1.684619999999999891e+03 6.472630000000000325e-47
1.684750000000000000e+03 6.475500000000000410e-47
1.684880000000000109e+03 6.475019999999999789e-47
1.685000000000000000e+03 6.474960000000000319e-47
1.685119999999999891e+03 6.501299999999999975e-47
1.685250000000000000e+03 6.477319999999999562e-47
1.685380000000000109e+03 6.473429999999999739e-47
1.685500000000000000e+03 6.472910000000000120e-47
1.685619999999999891e+03 6.472069999999999763e-47
1.685750000000000000e+03 6.464609999999999883e-47
1.685880000000000109e+03 6.463660000000000336e-47
1.686000000000000000e+03 6.462700000000000068e-47
1.686119999999999891e+03 6.461749999999999549e-47
1.686250000000000000e+03 6.460800000000000002e-47
1.686380000000000109e+03 6.459860000000000205e-47
1.686500000000000000e+03 6.459320000000000114e-47
1.686619999999999891e+03 6.458610000000000391e-47
1.686750000000000000e+03 6.458279999999999904e-47
1.686880000000000109e+03 6.457840000000000227e-47
1.687000000000000000e+03 6.457349999999999856e-47
1.687119999999999891e+03 6.456870000000000208e-47
1.687250000000000000e+03 6.456379999999999838e-47
1.687380000000000109e+03 6.455890000000000440e-47
1.687500000000000000e+03 6.455400000000000070e-47
1.687619999999999891e+03 6.454920000000000422e-47
1.687750000000000000e+03 6.454430000000000052e-47
1.687880000000000109e+03 6.453920000000000183e-47
1.688000000000000000e+03 6.453300000000000151e-47
1.688119999999999891e+03 6.452670000000000369e-47
1.688250000000000000e+03 6.452119999999999557e-47
1.688380000000000109e+03 6.451639999999999909e-47
1.688500000000000000e+03 6.451050000000000098e-47
1.688619999999999891e+03 6.450380000000000346e-47
1.688750000000000000e+03 6.449819999999999784e-47
1.688880000000000109e+03 6.449340000000000136e-47
1.689000000000000000e+03 6.448859999999999516e-47
1.689119999999999891e+03 6.448389999999999617e-47
1.689250000000000000e+03 6.447790000000000057e-47
1.689380000000000109e+03 6.447149999999999554e-47
1.689500000000000000e+03 6.446510000000000023e-47
1.689619999999999891e+03 6.445869999999999519e-47
1.689750000000000000e+03 6.445540000000000004e-47
1.689880000000000109e+03 6.445309999999999930e-47
1.690000000000000000e+03 6.445089999999999605e-47
1.690119999999999891e+03 6.445079999999999855e-47
1.690250000000000000e+03 6.444509999999999544e-47
1.690380000000000109e+03 6.444029999999999896e-47
1.690500000000000000e+03 6.443409999999999864e-47
1.690619999999999891e+03 6.442960000000000437e-47
1.690750000000000000e+03 6.442510000000000037e-47
1.690880000000000109e+03 6.442669999999999920e-47
1.691000000000000000e+03 6.442139999999999579e-47
1.691119999999999891e+03 6.441619999999999960e-47
1.691250000000000000e+03 6.441159999999999811e-47
1.691380000000000109e+03 6.440689999999999913e-47
1.691500000000000000e+03 6.440240000000000486e-47
1.691619999999999891e+03 6.440079999999999631e-47
1.691750000000000000e+03 6.439339999999999687e-47
1.691880000000000109e+03 6.438850000000000289e-47
1.692000000000000000e+03 6.438209999999999786e-47
1.692119999999999891e+03 6.437479999999999591e-47
1.692250000000000000e+03 6.436750000000000370e-47
1.692380000000000109e+03 6.436020000000000175e-47
1.692500000000000000e+03 6.435280000000000232e-47
1.692619999999999891e+03 6.434540000000000288e-47
1.692750000000000000e+03 6.433800000000000344e-47
1.692880000000000109e+03 6.433060000000000400e-47
1.693000000000000000e+03 6.432320000000000456e-47
1.693119999999999891e+03 6.431590000000000262e-47
1.693250000000000000e+03 6.430850000000000318e-47
1.693380000000000109e+03 6.430110000000000375e-47
1.693500000000000000e+03 6.429380000000000180e-47
1.693619999999999891e+03 6.428649999999999986e-47
1.693750000000000000e+03 6.427919999999999792e-47
1.693880000000000109e+03 6.427189999999999598e-47
1.694000000000000000e+03 6.426599999999999787e-47
1.694119999999999891e+03 6.425949999999999534e-47
1.694250000000000000e+03 6.425239999999999811e-47
1.694380000000000109e+03 6.424530000000000089e-47
1.694500000000000000e+03 6.423830000000000116e-47
1.694619999999999891e+03 6.423120000000000393e-47
1.694750000000000000e+03 6.422409999999999698e-47
1.694880000000000109e+03 6.421709999999999725e-47
1.695000000000000000e+03 6.421000000000000002e-47
1.695119999999999891e+03 6.420300000000000029e-47
1.695250000000000000e+03 6.419600000000000056e-47
1.695380000000000109e+03 6.418900000000000083e-47
1.695500000000000000e+03 6.418200000000000110e-47
1.695619999999999891e+03 6.417500000000000136e-47
1.695750000000000000e+03 6.416809999999999913e-47
1.695880000000000109e+03 6.416109999999999940e-47
1.696000000000000000e+03 6.415419999999999716e-47
1.696119999999999891e+03 6.414730000000000465e-47
1.696250000000000000e+03 6.414029999999999520e-47
1.696380000000000109e+03 6.413340000000000268e-47
1.696500000000000000e+03 6.412650000000000045e-47
1.696619999999999891e+03 6.411959999999999821e-47
1.696750000000000000e+03 6.411280000000000320e-47
1.696880000000000109e+03 6.410590000000000096e-47
1.697000000000000000e+03 6.409909999999999622e-47
1.697119999999999891e+03 6.409220000000000371e-47
1.697250000000000000e+03 6.408539999999999897e-47
1.697380000000000109e+03 6.407959999999999836e-47
1.697500000000000000e+03 6.407520000000000158e-47
1.697619999999999891e+03 6.407210000000000143e-47
1.697750000000000000e+03 6.406740000000000244e-47
1.697880000000000109e+03 6.406150000000000433e-47
1.698000000000000000e+03 6.405469999999999959e-47
1.698119999999999891e+03 6.404790000000000458e-47
1.698250000000000000e+03 6.404109999999999984e-47
1.698380000000000109e+03 6.403430000000000482e-47
1.698500000000000000e+03 6.402820000000000200e-47
1.698619999999999891e+03 6.402259999999999638e-47
1.698750000000000000e+03 6.401580000000000137e-47
1.698880000000000109e+03 6.400899999999999663e-47
1.699000000000000000e+03 6.400229999999999911e-47
1.699119999999999891e+03 6.399550000000000409e-47
1.699250000000000000e+03 6.398879999999999685e-47
1.699380000000000109e+03 6.398350000000000316e-47
1.699500000000000000e+03 6.397690000000000314e-47
1.699619999999999891e+03 6.397190000000000194e-47
1.699750000000000000e+03 6.396739999999999795e-47
1.699880000000000109e+03 6.396130000000000485e-47
1.700000000000000000e+03 6.395470000000000482e-47
1.700119999999999891e+03 6.394810000000000480e-47
1.700250000000000000e+03 6.394150000000000477e-47
1.700380000000000109e+03 6.393500000000000225e-47
1.700500000000000000e+03 6.392840000000000222e-47
1.700619999999999891e+03 6.392189999999999969e-47
1.700750000000000000e+03 6.391529999999999967e-47
1.700880000000000109e+03 6.390879999999999714e-47
1.701000000000000000e+03 6.390230000000000433e-47
1.701119999999999891e+03 6.389580000000000181e-47
1.701250000000000000e+03 6.388929999999999928e-47
1.701380000000000109e+03 6.388290000000000397e-47
1.701500000000000000e+03 6.387640000000000144e-47
1.701619999999999891e+03 6.386999999999999641e-47
1.701750000000000000e+03 6.386489999999999771e-47
1.701880000000000109e+03 6.386310000000000390e-47
1.702000000000000000e+03 6.385679999999999636e-47
1.702119999999999891e+03 6.385049999999999854e-47
1.702250000000000000e+03 6.384560000000000457e-47
1.702380000000000109e+03 6.383929999999999703e-47
1.702500000000000000e+03 6.383590000000000438e-47
1.702619999999999891e+03 6.383849999999999762e-47
1.702750000000000000e+03 6.384009999999999644e-47
1.702880000000000109e+03 6.384009999999999644e-47
1.703000000000000000e+03 6.384260000000000190e-47
1.703119999999999891e+03 6.384929999999999942e-47
1.703250000000000000e+03 6.385479999999999782e-47
1.703380000000000109e+03 6.385759999999999577e-47
1.703500000000000000e+03 6.386440000000000051e-47
1.703619999999999891e+03 6.387130000000000275e-47
1.703750000000000000e+03 6.387490000000000011e-47
1.703880000000000109e+03 6.388110000000000043e-47
1.704000000000000000e+03 6.388800000000000266e-47
1.704119999999999891e+03 6.388520000000000471e-47
1.704250000000000000e+03 6.388889999999999957e-47
1.704380000000000109e+03 6.389089999999999810e-47
1.704500000000000000e+03 6.389220000000000444e-47
1.704619999999999891e+03 6.390000000000000359e-47
1.704750000000000000e+03 6.390780000000000273e-47
1.704880000000000109e+03 6.390740000000000303e-47
1.705000000000000000e+03 6.390500000000000479e-47
1.705119999999999891e+03 6.390550000000000199e-47
1.705250000000000000e+03 6.390670000000000111e-47
1.705380000000000109e+03 6.390759999999999802e-47
1.705500000000000000e+03 6.390809999999999522e-47
1.705619999999999891e+03 6.390630000000000140e-47
1.705750000000000000e+03 6.390099999999999799e-47
1.705880000000000109e+03 6.389500000000000239e-47
1.706000000000000000e+03 6.389110000000000282e-47
1.706119999999999891e+03 6.389890000000000196e-47
1.706250000000000000e+03 6.389589999999999930e-47
1.706380000000000109e+03 6.389709999999999842e-47
1.706500000000000000e+03 6.389409999999999576e-47
1.706619999999999891e+03 6.389120000000000032e-47
1.706750000000000000e+03 6.388829999999999515e-47
1.706880000000000109e+03 6.388570000000000192e-47
1.707000000000000000e+03 6.388250000000000426e-47
1.707119999999999891e+03 6.387959999999999909e-47
1.707250000000000000e+03 6.387670000000000365e-47
1.707380000000000109e+03 6.387379999999999848e-47
1.707500000000000000e+03 6.387090000000000304e-47
1.707619999999999891e+03 6.386809999999999537e-47
1.707750000000000000e+03 6.386519999999999992e-47
1.707880000000000109e+03 6.386230000000000448e-47
1.708000000000000000e+03 6.385949999999999681e-47
1.708119999999999891e+03 6.385660000000000137e-47
1.708250000000000000e+03 6.385380000000000342e-47
1.708380000000000109e+03 6.385089999999999825e-47
1.708500000000000000e+03 6.384730000000000089e-47
1.708619999999999891e+03 6.384159999999999778e-47
1.708750000000000000e+03 6.387130000000000275e-47
1.708880000000000109e+03 6.386940000000000171e-47
1.709000000000000000e+03 6.386729999999999595e-47
1.709119999999999891e+03 6.385930000000000182e-47
1.709250000000000000e+03 6.383490000000000026e-47
1.709380000000000109e+03 6.383619999999999687e-47
1.709500000000000000e+03 6.382909999999999964e-47
1.709619999999999891e+03 6.381479999999999797e-47
1.709750000000000000e+03 6.380210000000000485e-47
1.709880000000000109e+03 6.379729999999999864e-47
1.710000000000000000e+03 6.379710000000000365e-47
1.710119999999999891e+03 6.379619999999999702e-47
1.710250000000000000e+03 6.379569999999999982e-47
1.710380000000000109e+03 6.379530000000000011e-47
1.710500000000000000e+03 6.379360000000000379e-47
1.710619999999999891e+03 6.378539999999999521e-47
1.710750000000000000e+03 6.378529999999999771e-47
1.710880000000000109e+03 6.378630000000000184e-47
1.711000000000000000e+03 6.378740000000000347e-47
1.711119999999999891e+03 6.378839999999999787e-47
1.711250000000000000e+03 6.378780000000000317e-47
1.711380000000000109e+03 6.378740000000000347e-47
1.711500000000000000e+03 6.378109999999999593e-47
1.711619999999999891e+03 6.377759999999999607e-47
1.711750000000000000e+03 6.377350000000000150e-47
1.711880000000000109e+03 6.376619999999999956e-47
1.712000000000000000e+03 6.375680000000000159e-47
1.712119999999999891e+03 6.376239999999999748e-47
1.712250000000000000e+03 6.376140000000000308e-47
1.712380000000000109e+03 6.375760000000000100e-47
1.712500000000000000e+03 6.375819999999999570e-47
1.712619999999999891e+03 6.375280000000000452e-47
1.712750000000000000e+03 6.374970000000000436e-47
1.712880000000000109e+03 6.374780000000000332e-47
1.713000000000000000e+03 6.374590000000000228e-47
1.713119999999999891e+03 6.374799999999999831e-47
1.713250000000000000e+03 6.375050000000000377e-47
1.713380000000000109e+03 6.375010000000000407e-47
1.713500000000000000e+03 6.374710000000000140e-47
1.713619999999999891e+03 6.374409999999999874e-47
1.713750000000000000e+03 6.374240000000000242e-47
1.713880000000000109e+03 6.374440000000000095e-47
1.714000000000000000e+03 6.374940000000000215e-47
1.714119999999999891e+03 6.374649999999999698e-47
1.714250000000000000e+03 6.374229999999999520e-47
1.714380000000000109e+03 6.373810000000000314e-47
1.714500000000000000e+03 6.373390000000000136e-47
1.714619999999999891e+03 6.372979999999999707e-47
1.714750000000000000e+03 6.372939999999999736e-47
1.714880000000000109e+03 6.373589999999999989e-47
1.715000000000000000e+03 6.373110000000000341e-47
1.715119999999999891e+03 6.372629999999999720e-47
1.715250000000000000e+03 6.372250000000000485e-47
1.715380000000000109e+03 6.372490000000000309e-47
1.715500000000000000e+03 6.372739999999999883e-47
1.715619999999999891e+03 6.372979999999999707e-47
1.715750000000000000e+03 6.373160000000000061e-47
1.715880000000000109e+03 6.373409999999999635e-47
1.716000000000000000e+03 6.373660000000000181e-47
1.716119999999999891e+03 6.373909999999999754e-47
1.716250000000000000e+03 6.374000000000000418e-47
1.716380000000000109e+03 6.373789999999999842e-47
1.716500000000000000e+03 6.373660000000000181e-47
1.716619999999999891e+03 6.373709999999999901e-47
1.716750000000000000e+03 6.373610000000000460e-47
1.716880000000000109e+03 6.373420000000000357e-47
1.717000000000000000e+03 6.373209999999999781e-47
1.717119999999999891e+03 6.372920000000000237e-47
1.717250000000000000e+03 6.372619999999999971e-47
1.717380000000000109e+03 6.372330000000000426e-47
1.717500000000000000e+03 6.372030000000000160e-47
1.717619999999999891e+03 6.371880000000000027e-47
1.717750000000000000e+03 6.371680000000000173e-47
1.717880000000000109e+03 6.371400000000000379e-47
1.718000000000000000e+03 6.371119999999999611e-47
1.718119999999999891e+03 6.370839999999999817e-47
1.718250000000000000e+03 6.370560000000000022e-47
1.718380000000000109e+03 6.370289999999999977e-47
1.718500000000000000e+03 6.371440000000000349e-47
1.718619999999999891e+03 6.369740000000000137e-47
1.718750000000000000e+03 6.368990000000000443e-47
1.718880000000000109e+03 6.367929999999999762e-47
1.719000000000000000e+03 6.366919999999999773e-47
1.719119999999999891e+03 6.366250000000000021e-47
1.719250000000000000e+03 6.366069999999999666e-47
1.719380000000000109e+03 6.366059999999999917e-47
1.719500000000000000e+03 6.366299999999999741e-47
1.719619999999999891e+03 6.365900000000000034e-47
1.719750000000000000e+03 6.365319999999999973e-47
1.719880000000000109e+03 6.364610000000000250e-47
1.720000000000000000e+03 6.364100000000000381e-47
1.720119999999999891e+03 6.364359999999999704e-47
1.720250000000000000e+03 6.364159999999999851e-47
1.720380000000000109e+03 6.363640000000000232e-47
1.720500000000000000e+03 6.363640000000000232e-47
1.720619999999999891e+03 6.363990000000000219e-47
1.720750000000000000e+03 6.363699999999999702e-47
1.720880000000000109e+03 6.362729999999999684e-47
1.721000000000000000e+03 6.362130000000000123e-47
1.721119999999999891e+03 6.361700000000000195e-47
1.721250000000000000e+03 6.360730000000000177e-47
1.721380000000000109e+03 6.360439999999999660e-47
1.721500000000000000e+03 6.360399999999999690e-47
1.721619999999999891e+03 6.359610000000000026e-47
1.721750000000000000e+03 6.358470000000000375e-47
1.721880000000000109e+03 6.357399999999999944e-47
1.722000000000000000e+03 6.357209999999999840e-47
1.722119999999999891e+03 6.356469999999999896e-47
1.722250000000000000e+03 6.355710000000000453e-47
1.722380000000000109e+03 6.354619999999999551e-47
1.722500000000000000e+03 6.353449999999999679e-47
1.722619999999999891e+03 6.353049999999999972e-47
1.722750000000000000e+03 6.352690000000000236e-47
1.722880000000000109e+03 6.352359999999999748e-47
1.723000000000000000e+03 6.351899999999999599e-47
1.723119999999999891e+03 6.351360000000000481e-47
1.723250000000000000e+03 6.350820000000000391e-47
1.723380000000000109e+03 6.350630000000000287e-47
1.723500000000000000e+03 6.351199999999999626e-47
1.723619999999999891e+03 6.351779999999999687e-47
1.723750000000000000e+03 6.352359999999999748e-47
1.723880000000000109e+03 6.351939999999999570e-47
1.724000000000000000e+03 6.351039999999999744e-47
1.724119999999999891e+03 6.350099999999999946e-47
1.724250000000000000e+03 6.349230000000000341e-47
1.724380000000000109e+03 6.348709999999999750e-47
1.724500000000000000e+03 6.348509999999999896e-47
1.724619999999999891e+03 6.348800000000000413e-47
1.724750000000000000e+03 6.349839999999999651e-47
1.724880000000000109e+03 6.350010000000000255e-47
1.725000000000000000e+03 6.349709999999999989e-47
1.725119999999999891e+03 6.349439999999999944e-47
1.725250000000000000e+03 6.349110000000000429e-47
1.725380000000000109e+03 6.348810000000000163e-47
1.725500000000000000e+03 6.348509999999999896e-47
1.725619999999999891e+03 6.348209999999999630e-47
1.725750000000000000e+03 6.347910000000000336e-47
1.725880000000000109e+03 6.347610000000000070e-47
1.726000000000000000e+03 6.347419999999999966e-47
1.726119999999999891e+03 6.347459999999999937e-47
1.726250000000000000e+03 6.347159999999999670e-47
1.726380000000000109e+03 6.346870000000000126e-47
1.726500000000000000e+03 6.346569999999999860e-47
1.726619999999999891e+03 6.346889999999999625e-47
1.726750000000000000e+03 6.346520000000000139e-47
1.726880000000000109e+03 6.346039999999999519e-47
1.727000000000000000e+03 6.347039999999999758e-47
1.727119999999999891e+03 6.347589999999999598e-47
1.727250000000000000e+03 6.348030000000000248e-47
1.727380000000000109e+03 6.349099999999999707e-47
1.727500000000000000e+03 6.349190000000000370e-47
1.727619999999999891e+03 6.349110000000000429e-47
1.727750000000000000e+03 6.348819999999999912e-47
1.727880000000000109e+03 6.348439999999999704e-47
1.728000000000000000e+03 6.347779999999999702e-47
1.728119999999999891e+03 6.347250000000000334e-47
1.728250000000000000e+03 6.346619999999999580e-47
1.728380000000000109e+03 6.346390000000000478e-47
1.728500000000000000e+03 6.346370000000000006e-47
1.728619999999999891e+03 6.346280000000000315e-47
1.728750000000000000e+03 6.345909999999999857e-47
1.728880000000000109e+03 6.345770000000000446e-47
1.729000000000000000e+03 6.345620000000000313e-47
1.729119999999999891e+03 6.345479999999999929e-47
1.729250000000000000e+03 6.345280000000000076e-47
1.729380000000000109e+03 6.345000000000000281e-47
1.729500000000000000e+03 6.344730000000000236e-47
1.729619999999999891e+03 6.344460000000000191e-47
1.729750000000000000e+03 6.344190000000000145e-47
1.729880000000000109e+03 6.343920000000000100e-47
1.730000000000000000e+03 6.343650000000000055e-47
1.730119999999999891e+03 6.343380000000000010e-47
1.730250000000000000e+03 6.343109999999999965e-47
1.730380000000000109e+03 6.342849999999999669e-47
1.730500000000000000e+03 6.342579999999999624e-47
1.730619999999999891e+03 6.342320000000000301e-47
1.730750000000000000e+03 6.342139999999999946e-47
1.730880000000000109e+03 6.342250000000000109e-47
1.731000000000000000e+03 6.342529999999999904e-47
1.731119999999999891e+03 6.344439999999999719e-47
1.731250000000000000e+03 6.343079999999999744e-47
1.731380000000000109e+03 6.342050000000000255e-47
1.731500000000000000e+03 6.341860000000000152e-47
1.731619999999999891e+03 6.341850000000000402e-47
1.731750000000000000e+03 6.341740000000000240e-47
1.731880000000000109e+03 6.341630000000000077e-47
1.732000000000000000e+03 6.341710000000000018e-47
1.732119999999999891e+03 6.342039999999999534e-47
1.732250000000000000e+03 6.342470000000000434e-47
1.732380000000000109e+03 6.342720000000000007e-47
1.732500000000000000e+03 6.342480000000000183e-47
1.732619999999999891e+03 6.342229999999999637e-47
1.732750000000000000e+03 6.341980000000000064e-47
1.732880000000000109e+03 6.341740000000000240e-47
1.733000000000000000e+03 6.341489999999999694e-47
1.733119999999999891e+03 6.341409999999999752e-47
1.733250000000000000e+03 6.341479999999999944e-47
1.733380000000000109e+03 6.341729999999999518e-47
1.733500000000000000e+03 6.341740000000000240e-47
1.733619999999999891e+03 6.342060000000000005e-47
1.733750000000000000e+03 6.342459999999999712e-47
1.733880000000000109e+03 6.342849999999999669e-47
1.734000000000000000e+03 6.343250000000000348e-47
1.734119999999999891e+03 6.343589999999999613e-47
1.734250000000000000e+03 6.343170000000000407e-47
1.734380000000000109e+03 6.342529999999999904e-47
1.734500000000000000e+03 6.342229999999999637e-47
1.734619999999999891e+03 6.342139999999999946e-47
1.734750000000000000e+03 6.342449999999999962e-47
1.734880000000000109e+03 6.342640000000000066e-47
1.735000000000000000e+03 6.342280000000000330e-47
1.735119999999999891e+03 6.343469999999999701e-47
1.735250000000000000e+03 6.342480000000000183e-47
1.735380000000000109e+03 6.342370000000000021e-47
1.735500000000000000e+03 6.342409999999999992e-47
1.735619999999999891e+03 6.342499999999999683e-47
1.735750000000000000e+03 6.342600000000000095e-47
1.735880000000000109e+03 6.342600000000000095e-47
1.736000000000000000e+03 6.342370000000000021e-47
1.736119999999999891e+03 6.342139999999999946e-47
1.736250000000000000e+03 6.341919999999999621e-47
1.736380000000000109e+03 6.341689999999999547e-47
1.736500000000000000e+03 6.341470000000000194e-47
1.736619999999999891e+03 6.341770000000000461e-47
1.736750000000000000e+03 6.342240000000000359e-47
1.736880000000000109e+03 6.342600000000000095e-47
1.737000000000000000e+03 6.342309999999999579e-47
1.737119999999999891e+03 6.342339999999999800e-47
1.737250000000000000e+03 6.343440000000000452e-47
1.737380000000000109e+03 6.342499999999999683e-47
1.737500000000000000e+03 6.342579999999999624e-47
1.737619999999999891e+03 6.341230000000000370e-47
1.737750000000000000e+03 6.341320000000000061e-47
1.737880000000000109e+03 6.341799999999999709e-47
1.738000000000000000e+03 6.342280000000000330e-47
1.738119999999999891e+03 6.342259999999999858e-47
1.738250000000000000e+03 6.341390000000000253e-47
1.738380000000000109e+03 6.340610000000000339e-47
1.738500000000000000e+03 6.340079999999999998e-47
1.738619999999999891e+03 6.339760000000000232e-47
1.738750000000000000e+03 6.339429999999999745e-47
1.738880000000000109e+03 6.338919999999999876e-47
1.739000000000000000e+03 6.338839999999999934e-47
1.739119999999999891e+03 6.338619999999999609e-47
1.739250000000000000e+03 6.338400000000000257e-47
1.739380000000000109e+03 6.338320000000000315e-47
1.739500000000000000e+03 6.338389999999999535e-47
1.739619999999999891e+03 6.338459999999999727e-47
1.739750000000000000e+03 6.338529999999999918e-47
1.739880000000000109e+03 6.338600000000000110e-47
1.740000000000000000e+03 6.339199999999999670e-47
1.740119999999999891e+03 6.339260000000000113e-47
1.740250000000000000e+03 6.339009999999999567e-47
1.740380000000000109e+03 6.338529999999999918e-47
1.740500000000000000e+03 6.340439999999999734e-47
1.740619999999999891e+03 6.338569999999999889e-47
1.740750000000000000e+03 6.338670000000000302e-47
1.740880000000000109e+03 6.338189999999999681e-47
1.741000000000000000e+03 6.337970000000000329e-47
1.741119999999999891e+03 6.338139999999999961e-47
1.741250000000000000e+03 6.338400000000000257e-47
1.741380000000000109e+03 6.338809999999999713e-47
1.741500000000000000e+03 6.339220000000000142e-47
1.741619999999999891e+03 6.339030000000000038e-47
1.741750000000000000e+03 6.339119999999999729e-47
1.741880000000000109e+03 6.338959999999999846e-47
1.742000000000000000e+03 6.339349999999999804e-47
1.742119999999999891e+03 6.339690000000000040e-47
1.742250000000000000e+03 6.342470000000000434e-47
1.742380000000000109e+03 6.359480000000000364e-47
1.742500000000000000e+03 6.361310000000000238e-47
1.742619999999999891e+03 6.361820000000000108e-47
1.742750000000000000e+03 6.362130000000000123e-47
1.742880000000000109e+03 6.346050000000000241e-47
1.743000000000000000e+03 6.342370000000000021e-47
1.743119999999999891e+03 6.342250000000000109e-47
1.743250000000000000e+03 6.342680000000000037e-47
1.743380000000000109e+03 6.343069999999999994e-47
1.743500000000000000e+03 6.343469999999999701e-47
1.743619999999999891e+03 6.343859999999999658e-47
1.743750000000000000e+03 6.344209999999999645e-47
1.743880000000000109e+03 6.344359999999999778e-47
1.744000000000000000e+03 6.344509999999999911e-47
1.744119999999999891e+03 6.344650000000000295e-47
1.744250000000000000e+03 6.344970000000000060e-47
1.744380000000000109e+03 6.345369999999999767e-47
1.744500000000000000e+03 6.345759999999999724e-47
1.744619999999999891e+03 6.346090000000000211e-47
1.744750000000000000e+03 6.346390000000000478e-47
1.744880000000000109e+03 6.346689999999999772e-47
1.745000000000000000e+03 6.346990000000000038e-47
1.745119999999999891e+03 6.347939999999999585e-47
1.745250000000000000e+03 6.347880000000000115e-47
1.745380000000000109e+03 6.348089999999999718e-47
1.745500000000000000e+03 6.348119999999999939e-47
1.745619999999999891e+03 6.348399999999999734e-47
1.745750000000000000e+03 6.348779999999999941e-47
1.745880000000000109e+03 6.348960000000000296e-47
1.746000000000000000e+03 6.349869999999999872e-47
1.746119999999999891e+03 6.350480000000000154e-47
1.746250000000000000e+03 6.350710000000000229e-47
1.746380000000000109e+03 6.350290000000000050e-47
1.746500000000000000e+03 6.349700000000000240e-47
1.746619999999999891e+03 6.349439999999999944e-47
1.746750000000000000e+03 6.349019999999999766e-47
1.746880000000000109e+03 6.348620000000000059e-47
1.747000000000000000e+03 6.348519999999999646e-47
1.747119999999999891e+03 6.348460000000000176e-47
1.747250000000000000e+03 6.348370000000000485e-47
1.747380000000000109e+03 6.348490000000000397e-47
1.747500000000000000e+03 6.348620000000000059e-47
1.747619999999999891e+03 6.348660000000000029e-47
1.747750000000000000e+03 6.348610000000000309e-47
1.747880000000000109e+03 6.348000000000000027e-47
1.748000000000000000e+03 6.347220000000000112e-47
1.748119999999999891e+03 6.350680000000000007e-47
1.748250000000000000e+03 6.351450000000000172e-47
1.748380000000000109e+03 6.346670000000000273e-47
1.748500000000000000e+03 6.346510000000000390e-47
1.748619999999999891e+03 6.346419999999999726e-47
1.748750000000000000e+03 6.346299999999999814e-47
1.748880000000000109e+03 6.346179999999999902e-47
1.749000000000000000e+03 6.346219999999999873e-47
1.749119999999999891e+03 6.346790000000000185e-47
1.749250000000000000e+03 6.346889999999999625e-47
1.749380000000000109e+03 6.347109999999999950e-47
1.749500000000000000e+03 6.347309999999999803e-47
1.749619999999999891e+03 6.347330000000000275e-47
1.749750000000000000e+03 6.347389999999999745e-47
1.749880000000000109e+03 6.347509999999999657e-47
1.750000000000000000e+03 6.347929999999999835e-47
1.750119999999999891e+03 6.348000000000000027e-47
1.750250000000000000e+03 6.347819999999999673e-47
1.750380000000000109e+03 6.347920000000000086e-47
1.750500000000000000e+03 6.347979999999999555e-47
1.750619999999999891e+03 6.347889999999999865e-47
1.750750000000000000e+03 6.347629999999999569e-47
1.750880000000000109e+03 6.347690000000000011e-47
1.751000000000000000e+03 6.347849999999999894e-47
1.751119999999999891e+03 6.348190000000000131e-47
1.751250000000000000e+03 6.348540000000000117e-47
1.751380000000000109e+03 6.348880000000000354e-47
1.751500000000000000e+03 6.348789999999999691e-47
1.751619999999999891e+03 6.349209999999999869e-47
1.751750000000000000e+03 6.349329999999999781e-47
1.751880000000000109e+03 6.349559999999999856e-47
1.752000000000000000e+03 6.348909999999999603e-47
1.752119999999999891e+03 6.361099999999999663e-47
1.752250000000000000e+03 6.350320000000000271e-47
1.752380000000000109e+03 6.348039999999999998e-47
1.752500000000000000e+03 6.348209999999999630e-47
1.752619999999999891e+03 6.348679999999999529e-47
1.752750000000000000e+03 6.349160000000000149e-47
1.752880000000000109e+03 6.349630000000000048e-47
1.753000000000000000e+03 6.350099999999999946e-47
1.753119999999999891e+03 6.350579999999999595e-47
1.753250000000000000e+03 6.351050000000000465e-47
1.753380000000000109e+03 6.351530000000000114e-47
1.753500000000000000e+03 6.352000000000000012e-47
1.753619999999999891e+03 6.352439999999999690e-47
1.753750000000000000e+03 6.352410000000000441e-47
1.753880000000000109e+03 6.352310000000000028e-47
1.754000000000000000e+03 6.352159999999999895e-47
1.754119999999999891e+03 6.351889999999999850e-47
1.754250000000000000e+03 6.351659999999999775e-47
1.754380000000000109e+03 6.352140000000000396e-47
1.754500000000000000e+03 6.352620000000000044e-47
1.754619999999999891e+03 6.353099999999999692e-47
1.754750000000000000e+03 6.353569999999999591e-47
1.754880000000000109e+03 6.354050000000000211e-47
1.755000000000000000e+03 6.354529999999999860e-47
1.755119999999999891e+03 6.355020000000000230e-47
1.755250000000000000e+03 6.355499999999999878e-47
1.755380000000000109e+03 6.355579999999999819e-47
1.755500000000000000e+03 6.355960000000000027e-47
1.755619999999999891e+03 6.356249999999999571e-47
1.755750000000000000e+03 6.356629999999999779e-47
1.755880000000000109e+03 6.357110000000000399e-47
1.756000000000000000e+03 6.357599999999999797e-47
1.756119999999999891e+03 6.358090000000000167e-47
1.756250000000000000e+03 6.358579999999999565e-47
1.756380000000000109e+03 6.359060000000000186e-47
1.756500000000000000e+03 6.359499999999999863e-47
1.756619999999999891e+03 6.359880000000000071e-47
1.756750000000000000e+03 6.360140000000000366e-47
1.756880000000000109e+03 6.360349999999999969e-47
1.757000000000000000e+03 6.360570000000000294e-47
1.757119999999999891e+03 6.360789999999999647e-47
1.757250000000000000e+03 6.361009999999999972e-47
1.757380000000000109e+03 6.361230000000000297e-47
1.757500000000000000e+03 6.361449999999999649e-47
1.757619999999999891e+03 6.361669999999999974e-47
1.757750000000000000e+03 6.361879999999999577e-47
1.757880000000000109e+03 6.362179999999999844e-47
1.758000000000000000e+03 6.362569999999999801e-47
1.758119999999999891e+03 6.366579999999999536e-47
1.758250000000000000e+03 6.363360000000000437e-47
1.758380000000000109e+03 6.363750000000000395e-47
1.758500000000000000e+03 6.363640000000000232e-47
1.758619999999999891e+03 6.363499999999999849e-47
1.758750000000000000e+03 6.363490000000000099e-47
1.758880000000000109e+03 6.363469999999999627e-47
1.759000000000000000e+03 6.363750000000000395e-47
1.759119999999999891e+03 6.363199999999999582e-47
1.759250000000000000e+03 6.362959999999999758e-47
1.759380000000000109e+03 6.362759999999999905e-47
1.759500000000000000e+03 6.362560000000000051e-47
1.759619999999999891e+03 6.362350000000000448e-47
1.759750000000000000e+03 6.362149999999999623e-47
1.759880000000000109e+03 6.362259999999999785e-47
1.760000000000000000e+03 6.362400000000000169e-47
1.760119999999999891e+03 6.362539999999999580e-47
1.760250000000000000e+03 6.362679999999999963e-47
1.760380000000000109e+03 6.362889999999999566e-47
1.760500000000000000e+03 6.363109999999999891e-47
1.760619999999999891e+03 6.363330000000000216e-47
1.760750000000000000e+03 6.363549999999999569e-47
1.760880000000000109e+03 6.363769999999999894e-47
1.761000000000000000e+03 6.363990000000000219e-47
1.761119999999999891e+03 6.364209999999999571e-47
1.761250000000000000e+03 6.364439999999999646e-47
1.761380000000000109e+03 6.364659999999999971e-47
1.761500000000000000e+03 6.364880000000000296e-47
1.761619999999999891e+03 6.365099999999999648e-47
1.761750000000000000e+03 6.365329999999999723e-47
1.761880000000000109e+03 6.365550000000000048e-47
1.762000000000000000e+03 6.365770000000000373e-47
1.762119999999999891e+03 6.365989999999999725e-47
1.762250000000000000e+03 6.366219999999999800e-47
1.762380000000000109e+03 6.366440000000000125e-47
1.762500000000000000e+03 6.366660000000000449e-47
1.762619999999999891e+03 6.366889999999999552e-47
1.762750000000000000e+03 6.367109999999999877e-47
1.762880000000000109e+03 6.367370000000000172e-47
1.763000000000000000e+03 6.367689999999999938e-47
1.763119999999999891e+03 6.368009999999999703e-47
1.763250000000000000e+03 6.368330000000000441e-47
1.763380000000000109e+03 6.368659999999999956e-47
1.763500000000000000e+03 6.368979999999999721e-47
1.763619999999999891e+03 6.369300000000000459e-47
1.763750000000000000e+03 6.369629999999999974e-47
1.763880000000000109e+03 6.369949999999999740e-47
1.764000000000000000e+03 6.370240000000000256e-47
1.764119999999999891e+03 6.370000000000000432e-47
1.764250000000000000e+03 6.369519999999999812e-47
1.764380000000000109e+03 6.370700000000000405e-47
1.764500000000000000e+03 6.370849999999999566e-47
1.764619999999999891e+03 6.368049999999999674e-47
1.764750000000000000e+03 6.367530000000000055e-47
1.764880000000000109e+03 6.367010000000000436e-47
1.765000000000000000e+03 6.366569999999999786e-47
1.765119999999999891e+03 6.366390000000000404e-47
1.765250000000000000e+03 6.366109999999999637e-47
1.765380000000000109e+03 6.365669999999999960e-47
1.765500000000000000e+03 6.365230000000000282e-47
1.765619999999999891e+03 6.364779999999999883e-47
1.765750000000000000e+03 6.364340000000000205e-47
1.765880000000000109e+03 6.363899999999999555e-47
1.766000000000000000e+03 6.365740000000000151e-47
1.766119999999999891e+03 6.365219999999999560e-47
1.766250000000000000e+03 6.366440000000000125e-47
1.766380000000000109e+03 6.368629999999999735e-47
1.766500000000000000e+03 6.368519999999999572e-47
1.766619999999999891e+03 6.368410000000000382e-47
1.766750000000000000e+03 6.368190000000000057e-47
1.766880000000000109e+03 6.367809999999999850e-47
1.767000000000000000e+03 6.367429999999999642e-47
1.767119999999999891e+03 6.373169999999999811e-47
1.767250000000000000e+03 6.366670000000000199e-47
1.767380000000000109e+03 6.366289999999999991e-47
1.767500000000000000e+03 6.365909999999999784e-47
1.767619999999999891e+03 6.365529999999999576e-47
1.767750000000000000e+03 6.365139999999999619e-47
1.767880000000000109e+03 6.364760000000000384e-47
1.768000000000000000e+03 6.364380000000000176e-47
1.768119999999999891e+03 6.363990000000000219e-47
1.768250000000000000e+03 6.364020000000000440e-47
1.768380000000000109e+03 6.363640000000000232e-47
1.768500000000000000e+03 6.363250000000000275e-47
1.768619999999999891e+03 6.362860000000000318e-47
1.768750000000000000e+03 6.362769999999999654e-47
1.768880000000000109e+03 6.362710000000000184e-47
1.769000000000000000e+03 6.372509999999999808e-47
1.769119999999999891e+03 6.376309999999999940e-47
1.769250000000000000e+03 6.362539999999999580e-47
1.769380000000000109e+03 6.362480000000000110e-47
1.769500000000000000e+03 6.362409999999999918e-47
1.769619999999999891e+03 6.362350000000000448e-47
1.769750000000000000e+03 6.362290000000000006e-47
1.769880000000000109e+03 6.362229999999999564e-47
1.770000000000000000e+03 6.362160000000000344e-47
1.770119999999999891e+03 6.362099999999999902e-47
1.770250000000000000e+03 6.362029999999999711e-47
1.770380000000000109e+03 6.361970000000000241e-47
1.770500000000000000e+03 6.361900000000000049e-47
1.770619999999999891e+03 6.361829999999999857e-47
1.770750000000000000e+03 6.362189999999999593e-47
1.770880000000000109e+03 6.362719999999999934e-47
1.771000000000000000e+03 6.363260000000000024e-47
1.771119999999999891e+03 6.363800000000000115e-47
1.771250000000000000e+03 6.364249999999999542e-47
1.771380000000000109e+03 6.364549999999999808e-47
1.771500000000000000e+03 6.364840000000000325e-47
1.771619999999999891e+03 6.365139999999999619e-47
1.771750000000000000e+03 6.365449999999999635e-47
1.771880000000000109e+03 6.365749999999999901e-47
1.772000000000000000e+03 6.366050000000000167e-47
1.772119999999999891e+03 6.366350000000000434e-47
1.772250000000000000e+03 6.366379999999999682e-47
1.772380000000000109e+03 6.366149999999999608e-47
1.772500000000000000e+03 6.365930000000000255e-47
1.772619999999999891e+03 6.365700000000000181e-47
1.772750000000000000e+03 6.365479999999999856e-47
1.772880000000000109e+03 6.365259999999999531e-47
1.773000000000000000e+03 6.365030000000000429e-47
1.773119999999999891e+03 6.365000000000000208e-47
1.773250000000000000e+03 6.364709999999999691e-47
1.773380000000000109e+03 6.364509999999999838e-47
1.773500000000000000e+03 6.364159999999999851e-47
1.773619999999999891e+03 6.363859999999999585e-47
1.773750000000000000e+03 6.363579999999999790e-47
1.773880000000000109e+03 6.363710000000000424e-47
1.774000000000000000e+03 6.364549999999999808e-47
1.774119999999999891e+03 6.365380000000000415e-47
1.774250000000000000e+03 6.366219999999999800e-47
1.774380000000000109e+03 6.367050000000000407e-47
1.774500000000000000e+03 6.367889999999999791e-47
1.774619999999999891e+03 6.368730000000000148e-47
1.774750000000000000e+03 6.368739999999999897e-47
1.774880000000000109e+03 6.368549999999999794e-47
1.775000000000000000e+03 6.368429999999999881e-47
1.775119999999999891e+03 6.368450000000000353e-47
1.775250000000000000e+03 6.368190000000000057e-47
1.775380000000000109e+03 6.368070000000000145e-47
1.775500000000000000e+03 6.367959999999999983e-47
1.775619999999999891e+03 6.367840000000000071e-47
1.775750000000000000e+03 6.367720000000000159e-47
1.775880000000000109e+03 6.367480000000000335e-47
1.776000000000000000e+03 6.367109999999999877e-47
1.776119999999999891e+03 6.366750000000000140e-47
1.776250000000000000e+03 6.366620000000000479e-47
1.776380000000000109e+03 6.366579999999999536e-47
1.776500000000000000e+03 6.366809999999999610e-47
1.776619999999999891e+03 6.367050000000000407e-47
1.776750000000000000e+03 6.367100000000000127e-47
1.776880000000000109e+03 6.366870000000000052e-47
1.777000000000000000e+03 6.366949999999999994e-47
1.777119999999999891e+03 6.366780000000000362e-47
1.777250000000000000e+03 6.367330000000000202e-47
1.777380000000000109e+03 6.367899999999999541e-47
1.777500000000000000e+03 6.368469999999999852e-47
1.777619999999999891e+03 6.368730000000000148e-47
1.777750000000000000e+03 6.369200000000000046e-47
1.777880000000000109e+03 6.370080000000000374e-47
1.778000000000000000e+03 6.370240000000000256e-47
1.778119999999999891e+03 6.370790000000000096e-47
1.778250000000000000e+03 6.371370000000000158e-47
1.778380000000000109e+03 6.371910000000000248e-47
1.778500000000000000e+03 6.371880000000000027e-47
1.778619999999999891e+03 6.371490000000000070e-47
1.778750000000000000e+03 6.371800000000000085e-47
1.778880000000000109e+03 6.372699999999999912e-47
1.779000000000000000e+03 6.373599999999999739e-47
1.779119999999999891e+03 6.373799999999999592e-47
1.779250000000000000e+03 6.373850000000000285e-47
1.779380000000000109e+03 6.373890000000000255e-47
1.779500000000000000e+03 6.376070000000000116e-47
1.779619999999999891e+03 6.375619999999999717e-47
1.779750000000000000e+03 6.375079999999999626e-47
1.779880000000000109e+03 6.374499999999999565e-47
1.780000000000000000e+03 6.373900000000000005e-47
1.780119999999999891e+03 6.373289999999999723e-47
1.780250000000000000e+03 6.372730000000000133e-47
1.780380000000000109e+03 6.372410000000000368e-47
1.780500000000000000e+03 6.371670000000000424e-47
1.780619999999999891e+03 6.371520000000000291e-47
1.780750000000000000e+03 6.371239999999999524e-47
1.780880000000000109e+03 6.370689999999999684e-47
1.781000000000000000e+03 6.370799999999999846e-47
1.781119999999999891e+03 6.370369999999999918e-47
1.781250000000000000e+03 6.369810000000000329e-47
1.781380000000000109e+03 6.369249999999999767e-47
1.781500000000000000e+03 6.369160000000000076e-47
1.781619999999999891e+03 6.369350000000000180e-47
1.781750000000000000e+03 6.369850000000000299e-47
1.781880000000000109e+03 6.370639999999999963e-47
1.782000000000000000e+03 6.370080000000000374e-47
1.782119999999999891e+03 6.370080000000000374e-47
1.782250000000000000e+03 6.369730000000000387e-47
1.782380000000000109e+03 6.370310000000000448e-47
1.782500000000000000e+03 6.369249999999999767e-47
1.782619999999999891e+03 6.369350000000000180e-47
1.782750000000000000e+03 6.369449999999999620e-47
1.782880000000000109e+03 6.370639999999999963e-47
1.783000000000000000e+03 6.370809999999999596e-47
1.783119999999999891e+03 6.371170000000000304e-47
1.783250000000000000e+03 6.371689999999999923e-47
1.783380000000000109e+03 6.372070000000000131e-47
1.783500000000000000e+03 6.372460000000000088e-47
1.783619999999999891e+03 6.372420000000000117e-47
1.783750000000000000e+03 6.372349999999999925e-47
1.783880000000000109e+03 6.372519999999999558e-47
1.784000000000000000e+03 6.372680000000000413e-47
1.784119999999999891e+03 6.372690000000000162e-47
1.784250000000000000e+03 6.372749999999999632e-47
1.784380000000000109e+03 6.372939999999999736e-47
1.784500000000000000e+03 6.373399999999999885e-47
1.784619999999999891e+03 6.373839999999999563e-47
1.784750000000000000e+03 6.374270000000000463e-47
1.784880000000000109e+03 6.374710000000000140e-47
1.785000000000000000e+03 6.375010000000000407e-47
1.785119999999999891e+03 6.375119999999999597e-47
1.785250000000000000e+03 6.375299999999999951e-47
1.785380000000000109e+03 6.375480000000000305e-47
1.785500000000000000e+03 6.375210000000000260e-47
1.785619999999999891e+03 6.376110000000000087e-47
1.785750000000000000e+03 6.375149999999999818e-47
1.785880000000000109e+03 6.375520000000000276e-47
1.786000000000000000e+03 6.375149999999999818e-47
1.786119999999999891e+03 6.374790000000000082e-47
1.786250000000000000e+03 6.374580000000000479e-47
1.786380000000000109e+03 6.374360000000000154e-47
1.786500000000000000e+03 6.374149999999999578e-47
1.786619999999999891e+03 6.373970000000000197e-47
1.786750000000000000e+03 6.374700000000000391e-47
1.786880000000000109e+03 6.375410000000000114e-47
1.787000000000000000e+03 6.375910000000000233e-47
1.787119999999999891e+03 6.376129999999999586e-47
1.787250000000000000e+03 6.375889999999999762e-47
1.787380000000000109e+03 6.375349999999999671e-47
1.787500000000000000e+03 6.374809999999999581e-47
1.787619999999999891e+03 6.374270000000000463e-47
1.787750000000000000e+03 6.373730000000000372e-47
1.787880000000000109e+03 6.373190000000000282e-47
1.788000000000000000e+03 6.372650000000000192e-47
1.788119999999999891e+03 6.372100000000000352e-47
1.788250000000000000e+03 6.371560000000000261e-47
1.788380000000000109e+03 6.371020000000000171e-47
1.788500000000000000e+03 6.370560000000000022e-47
1.788619999999999891e+03 6.370179999999999814e-47
1.788750000000000000e+03 6.369989999999999710e-47
1.788880000000000109e+03 6.369979999999999961e-47
1.789000000000000000e+03 6.370639999999999963e-47
1.789119999999999891e+03 6.371320000000000437e-47
1.789250000000000000e+03 6.370889999999999537e-47
1.789380000000000109e+03 6.370339999999999697e-47
1.789500000000000000e+03 6.369789999999999857e-47
1.789619999999999891e+03 6.369230000000000267e-47
1.789750000000000000e+03 6.368819999999999839e-47
1.789880000000000109e+03 6.368570000000000265e-47
1.790000000000000000e+03 6.368570000000000265e-47
1.790119999999999891e+03 6.368380000000000161e-47
1.790250000000000000e+03 6.368899999999999780e-47
1.790380000000000109e+03 6.369650000000000446e-47
1.790500000000000000e+03 6.369599999999999753e-47
1.790619999999999891e+03 6.369569999999999532e-47
1.790750000000000000e+03 6.370759999999999875e-47
1.790880000000000109e+03 6.371109999999999862e-47
1.791000000000000000e+03 6.370919999999999758e-47
1.791119999999999891e+03 6.370729999999999654e-47
1.791250000000000000e+03 6.370590000000000243e-47
1.791380000000000109e+03 6.370910000000000008e-47
1.791500000000000000e+03 6.371220000000000024e-47
1.791619999999999891e+03 6.371539999999999790e-47
1.791750000000000000e+03 6.371969999999999718e-47
1.791880000000000109e+03 6.372779999999999853e-47
1.792000000000000000e+03 6.373589999999999989e-47
1.792119999999999891e+03 6.374409999999999874e-47
1.792250000000000000e+03 6.375220000000000010e-47
1.792380000000000109e+03 6.376039999999999895e-47
1.792500000000000000e+03 6.376850000000000030e-47
1.792619999999999891e+03 6.377260000000000459e-47
1.792750000000000000e+03 6.377660000000000166e-47
1.792880000000000109e+03 6.378059999999999873e-47
1.793000000000000000e+03 6.378200000000000256e-47
1.793119999999999891e+03 6.378299999999999697e-47
1.793250000000000000e+03 6.378029999999999652e-47
1.793380000000000109e+03 6.378069999999999622e-47
1.793500000000000000e+03 6.378559999999999993e-47
1.793619999999999891e+03 6.378289999999999947e-47
1.793750000000000000e+03 6.377709999999999886e-47
1.793880000000000109e+03 6.376840000000000281e-47
1.794000000000000000e+03 6.376290000000000441e-47
1.794119999999999891e+03 6.376669999999999676e-47
1.794250000000000000e+03 6.376730000000000118e-47
1.794380000000000109e+03 6.377350000000000150e-47
1.794500000000000000e+03 6.377890000000000241e-47
1.794619999999999891e+03 6.377409999999999620e-47
1.794750000000000000e+03 6.377009999999999913e-47
1.794880000000000109e+03 6.377190000000000267e-47
1.795000000000000000e+03 6.378059999999999873e-47
1.795119999999999891e+03 6.378870000000000008e-47
1.795250000000000000e+03 6.379149999999999803e-47
1.795380000000000109e+03 6.379170000000000275e-47
1.795500000000000000e+03 6.379689999999999894e-47
1.795619999999999891e+03 6.379339999999999907e-47
1.795750000000000000e+03 6.378860000000000259e-47
1.795880000000000109e+03 6.378989999999999920e-47
1.796000000000000000e+03 6.379210000000000245e-47
1.796119999999999891e+03 6.379349999999999657e-47
1.796250000000000000e+03 6.378630000000000184e-47
1.796380000000000109e+03 6.378539999999999521e-47
1.796500000000000000e+03 6.378449999999999830e-47
1.796619999999999891e+03 6.378360000000000139e-47
1.796750000000000000e+03 6.378419999999999609e-47
1.796880000000000109e+03 6.378170000000000035e-47
1.797000000000000000e+03 6.377780000000000078e-47
1.797119999999999891e+03 6.377310000000000179e-47
1.797250000000000000e+03 6.377019999999999663e-47
1.797380000000000109e+03 6.377139999999999575e-47
1.797500000000000000e+03 6.377380000000000371e-47
1.797619999999999891e+03 6.377629999999999945e-47
1.797750000000000000e+03 6.377610000000000446e-47
1.797880000000000109e+03 6.376570000000000236e-47
1.798000000000000000e+03 6.375969999999999703e-47
1.798119999999999891e+03 6.376439999999999602e-47
1.798250000000000000e+03 6.375950000000000204e-47
1.798380000000000109e+03 6.375440000000000335e-47
1.798500000000000000e+03 6.374949999999999964e-47
1.798619999999999891e+03 6.374599999999999978e-47
1.798750000000000000e+03 6.374780000000000332e-47
1.798880000000000109e+03 6.374590000000000228e-47
1.799000000000000000e+03 6.374400000000000125e-47
1.799119999999999891e+03 6.379689999999999894e-47
1.799250000000000000e+03 6.379809999999999806e-47
1.799380000000000109e+03 6.379870000000000248e-47
1.799500000000000000e+03 6.380020000000000381e-47
1.799619999999999891e+03 6.379579999999999731e-47
1.799750000000000000e+03 6.379090000000000333e-47
1.799880000000000109e+03 6.372739999999999883e-47
1.800000000000000000e+03 6.372770000000000104e-47
1.800119999999999891e+03 6.372800000000000325e-47
1.800250000000000000e+03 6.372829999999999574e-47
1.800380000000000109e+03 6.372859999999999795e-47
1.800500000000000000e+03 6.373080000000000120e-47
1.800619999999999891e+03 6.373340000000000415e-47
1.800750000000000000e+03 6.373989999999999696e-47
1.800880000000000109e+03 6.374580000000000479e-47
1.801000000000000000e+03 6.374350000000000404e-47
1.801119999999999891e+03 6.374249999999999991e-47
1.801250000000000000e+03 6.374090000000000109e-47
1.801380000000000109e+03 6.377719999999999636e-47
1.801500000000000000e+03 6.373319999999999944e-47
1.801619999999999891e+03 6.372819999999999824e-47
1.801750000000000000e+03 6.372570000000000250e-47
1.801880000000000109e+03 6.372410000000000368e-47
1.802000000000000000e+03 6.372690000000000162e-47
1.802119999999999891e+03 6.373359999999999914e-47
1.802250000000000000e+03 6.373260000000000474e-47
1.802380000000000109e+03 6.373540000000000269e-47
1.802500000000000000e+03 6.373820000000000063e-47
1.802619999999999891e+03 6.374099999999999858e-47
1.802750000000000000e+03 6.374379999999999653e-47
1.802880000000000109e+03 6.374670000000000170e-47
1.803000000000000000e+03 6.374949999999999964e-47
1.803119999999999891e+03 6.375229999999999759e-47
1.803250000000000000e+03 6.375490000000000055e-47
1.803380000000000109e+03 6.375699999999999658e-47
1.803500000000000000e+03 6.375969999999999703e-47
1.803619999999999891e+03 6.376020000000000396e-47
1.803750000000000000e+03 6.375980000000000425e-47
1.803880000000000109e+03 6.375940000000000454e-47
1.804000000000000000e+03 6.375929999999999732e-47
1.804119999999999891e+03 6.376020000000000396e-47
1.804250000000000000e+03 6.375919999999999983e-47
1.804380000000000109e+03 6.375929999999999732e-47
1.804500000000000000e+03 6.376020000000000396e-47
1.804619999999999891e+03 6.376100000000000337e-47
1.804750000000000000e+03 6.376169999999999556e-47
1.804880000000000109e+03 6.376079999999999866e-47
1.805000000000000000e+03 6.375969999999999703e-47
1.805119999999999891e+03 6.375509999999999554e-47
1.805250000000000000e+03 6.375290000000000201e-47
1.805380000000000109e+03 6.374830000000000052e-47
1.805500000000000000e+03 6.374379999999999653e-47
1.805619999999999891e+03 6.373909999999999754e-47
1.805750000000000000e+03 6.373460000000000327e-47
1.805880000000000109e+03 6.373000000000000178e-47
1.806000000000000000e+03 6.372399999999999646e-47
1.806119999999999891e+03 6.371830000000000307e-47
1.806250000000000000e+03 6.371320000000000437e-47
1.806380000000000109e+03 6.370660000000000435e-47
1.806500000000000000e+03 6.370099999999999873e-47
1.806619999999999891e+03 6.369780000000000107e-47
1.806750000000000000e+03 6.369510000000000062e-47
1.806880000000000109e+03 6.369049999999999913e-47
1.807000000000000000e+03 6.368589999999999764e-47
1.807119999999999891e+03 6.368209999999999557e-47
1.807250000000000000e+03 6.367899999999999541e-47
1.807380000000000109e+03 6.367450000000000114e-47
1.807500000000000000e+03 6.366980000000000215e-47
1.807619999999999891e+03 6.366520000000000066e-47
1.807750000000000000e+03 6.366059999999999917e-47
1.807880000000000109e+03 6.365599999999999768e-47
1.808000000000000000e+03 6.365139999999999619e-47
1.808119999999999891e+03 6.364690000000000192e-47
1.808250000000000000e+03 6.364220000000000293e-47
1.808380000000000109e+03 6.363840000000000086e-47
1.808500000000000000e+03 6.368469999999999852e-47
1.808619999999999891e+03 6.362839999999999846e-47
1.808750000000000000e+03 6.362379999999999697e-47
1.808880000000000109e+03 6.361919999999999548e-47
1.809000000000000000e+03 6.361460000000000371e-47
1.809119999999999891e+03 6.361000000000000222e-47
1.809250000000000000e+03 6.360549999999999823e-47
1.809380000000000109e+03 6.360089999999999674e-47
1.809500000000000000e+03 6.359859999999999599e-47
1.809619999999999891e+03 6.359429999999999671e-47
1.809750000000000000e+03 6.359149999999999877e-47
1.809880000000000109e+03 6.359159999999999626e-47
1.810000000000000000e+03 6.358900000000000303e-47
1.810119999999999891e+03 6.358679999999999978e-47
1.810250000000000000e+03 6.358940000000000274e-47
1.810380000000000109e+03 6.359050000000000436e-47
1.810500000000000000e+03 6.358950000000000023e-47
1.810619999999999891e+03 6.358510000000000346e-47
1.810750000000000000e+03 6.357959999999999533e-47
1.810880000000000109e+03 6.357409999999999693e-47
1.811000000000000000e+03 6.356859999999999853e-47
1.811119999999999891e+03 6.356310000000000013e-47
1.811250000000000000e+03 6.355760000000000174e-47
1.811380000000000109e+03 6.355440000000000408e-47
1.811500000000000000e+03 6.355739999999999702e-47
1.811619999999999891e+03 6.356030000000000219e-47
1.811750000000000000e+03 6.356110000000000160e-47
1.811880000000000109e+03 6.355920000000000056e-47
1.812000000000000000e+03 6.355720000000000203e-47
1.812119999999999891e+03 6.355530000000000099e-47
1.812250000000000000e+03 6.355260000000000054e-47
1.812380000000000109e+03 6.354830000000000126e-47
1.812500000000000000e+03 6.354379999999999726e-47
1.812619999999999891e+03 6.353989999999999769e-47
1.812750000000000000e+03 6.353519999999999871e-47
1.812880000000000109e+03 6.353049999999999972e-47
1.813000000000000000e+03 6.352589999999999823e-47
1.813119999999999891e+03 6.352119999999999924e-47
1.813250000000000000e+03 6.353270000000000297e-47
1.813380000000000109e+03 6.352709999999999735e-47
1.813500000000000000e+03 6.360169999999999615e-47
1.813619999999999891e+03 6.373510000000000048e-47
1.813750000000000000e+03 6.378670000000000155e-47
1.813880000000000109e+03 6.378019999999999902e-47
1.814000000000000000e+03 6.377589999999999974e-47
1.814119999999999891e+03 6.377449999999999591e-47
1.814250000000000000e+03 6.371710000000000394e-47
1.814380000000000109e+03 6.366130000000000109e-47
1.814500000000000000e+03 6.362419999999999668e-47
1.814619999999999891e+03 6.359130000000000377e-47
1.814750000000000000e+03 6.352159999999999895e-47
1.814880000000000109e+03 6.352469999999999911e-47
1.815000000000000000e+03 6.352779999999999927e-47
1.815119999999999891e+03 6.352450000000000412e-47
1.815250000000000000e+03 6.352760000000000428e-47
1.815380000000000109e+03 6.353059999999999722e-47
1.815500000000000000e+03 6.353369999999999737e-47
1.815619999999999891e+03 6.353359999999999988e-47
1.815750000000000000e+03 6.353289999999999796e-47
1.815880000000000109e+03 6.353919999999999577e-47
1.816000000000000000e+03 6.353869999999999857e-47
1.816119999999999891e+03 6.354050000000000211e-47
1.816250000000000000e+03 6.354330000000000006e-47
1.816380000000000109e+03 6.354440000000000169e-47
1.816500000000000000e+03 6.354489999999999889e-47
1.816619999999999891e+03 6.354569999999999830e-47
1.816750000000000000e+03 6.354889999999999596e-47
1.816880000000000109e+03 6.355149999999999891e-47
1.817000000000000000e+03 6.355419999999999937e-47
1.817119999999999891e+03 6.355830000000000365e-47
1.817250000000000000e+03 6.355809999999999894e-47
1.817380000000000109e+03 6.356279999999999792e-47
1.817500000000000000e+03 6.355579999999999819e-47
1.817619999999999891e+03 6.354679999999999993e-47
1.817750000000000000e+03 6.353949999999999799e-47
1.817880000000000109e+03 6.353479999999999900e-47
1.818000000000000000e+03 6.353970000000000270e-47
1.818119999999999891e+03 6.354879999999999846e-47
1.818250000000000000e+03 6.355610000000000040e-47
1.818380000000000109e+03 6.356300000000000264e-47
1.818500000000000000e+03 6.356610000000000280e-47
1.818619999999999891e+03 6.356289999999999542e-47
1.818750000000000000e+03 6.356260000000000293e-47
1.818880000000000109e+03 6.356930000000000045e-47
1.819000000000000000e+03 6.357660000000000239e-47
1.819119999999999891e+03 6.357820000000000122e-47
1.819250000000000000e+03 6.358360000000000213e-47
1.819380000000000109e+03 6.358409999999999933e-47
1.819500000000000000e+03 6.358109999999999667e-47
1.819619999999999891e+03 6.357789999999999901e-47
1.819750000000000000e+03 6.357590000000000048e-47
1.819880000000000109e+03 6.357259999999999560e-47
1.820000000000000000e+03 6.356939999999999795e-47
1.820119999999999891e+03 6.356850000000000104e-47
1.820250000000000000e+03 6.356960000000000266e-47
1.820380000000000109e+03 6.356629999999999779e-47
1.820500000000000000e+03 6.356330000000000485e-47
1.820619999999999891e+03 6.355990000000000248e-47
1.820750000000000000e+03 6.355689999999999982e-47
1.820880000000000109e+03 6.355419999999999937e-47
1.821000000000000000e+03 6.355309999999999774e-47
1.821119999999999891e+03 6.355060000000000200e-47
1.821250000000000000e+03 6.354729999999999713e-47
1.821380000000000109e+03 6.354659999999999521e-47
1.821500000000000000e+03 6.354510000000000360e-47
1.821619999999999891e+03 6.354080000000000432e-47
1.821750000000000000e+03 6.353630000000000033e-47
1.821880000000000109e+03 6.353179999999999634e-47
1.822000000000000000e+03 6.352749999999999706e-47
1.822119999999999891e+03 6.352300000000000279e-47
1.822250000000000000e+03 6.351849999999999879e-47
1.822380000000000109e+03 6.351400000000000452e-47
1.822500000000000000e+03 6.350980000000000274e-47
1.822619999999999891e+03 6.350579999999999595e-47
1.822750000000000000e+03 6.350189999999999637e-47
1.822880000000000109e+03 6.349630000000000048e-47
1.823000000000000000e+03 6.349179999999999648e-47
1.823119999999999891e+03 6.348739999999999971e-47
1.823250000000000000e+03 6.348589999999999838e-47
1.823380000000000109e+03 6.348000000000000027e-47
1.823500000000000000e+03 6.347880000000000115e-47
1.823619999999999891e+03 6.348420000000000205e-47
1.823750000000000000e+03 6.348970000000000045e-47
1.823880000000000109e+03 6.349350000000000253e-47
1.824000000000000000e+03 6.349019999999999766e-47
1.824119999999999891e+03 6.348979999999999795e-47
1.824250000000000000e+03 6.348690000000000251e-47
1.824380000000000109e+03 6.348399999999999734e-47
1.824500000000000000e+03 6.348100000000000440e-47
1.824619999999999891e+03 6.347800000000000174e-47
1.824750000000000000e+03 6.347499999999999907e-47
1.824880000000000109e+03 6.347199999999999641e-47
1.825000000000000000e+03 6.346670000000000273e-47
1.825119999999999891e+03 6.345949999999999828e-47
1.825250000000000000e+03 6.345339999999999546e-47
1.825380000000000109e+03 6.344960000000000310e-47
1.825500000000000000e+03 6.344580000000000103e-47
1.825619999999999891e+03 6.344190000000000145e-47
1.825750000000000000e+03 6.343809999999999938e-47
1.825880000000000109e+03 6.343669999999999554e-47
1.826000000000000000e+03 6.343600000000000335e-47
1.826119999999999891e+03 6.343520000000000393e-47
1.826250000000000000e+03 6.343450000000000202e-47
1.826380000000000109e+03 6.343370000000000260e-47
1.826500000000000000e+03 6.343130000000000436e-47
1.826619999999999891e+03 6.342919999999999861e-47
1.826750000000000000e+03 6.342830000000000170e-47
1.826880000000000109e+03 6.342740000000000479e-47
1.827000000000000000e+03 6.342649999999999816e-47
1.827119999999999891e+03 6.342560000000000125e-47
1.827250000000000000e+03 6.342459999999999712e-47
1.827380000000000109e+03 6.342370000000000021e-47
1.827500000000000000e+03 6.342269999999999608e-47
1.827619999999999891e+03 6.342179999999999917e-47
1.827750000000000000e+03 6.342080000000000477e-47
1.827880000000000109e+03 6.341729999999999518e-47
1.828000000000000000e+03 6.341150000000000429e-47
1.828119999999999891e+03 6.340559999999999646e-47
1.828250000000000000e+03 6.339979999999999585e-47
1.828380000000000109e+03 6.339389999999999774e-47
1.828500000000000000e+03 6.338809999999999713e-47
1.828619999999999891e+03 6.338219999999999902e-47
1.828750000000000000e+03 6.337750000000000004e-47
1.828880000000000109e+03 6.337550000000000150e-47
1.829000000000000000e+03 6.337350000000000297e-47
1.829119999999999891e+03 6.337249999999999884e-47
1.829250000000000000e+03 6.337090000000000001e-47
1.829380000000000109e+03 6.336850000000000177e-47
1.829500000000000000e+03 6.336610000000000353e-47
1.829619999999999891e+03 6.336249999999999645e-47
1.829750000000000000e+03 6.335920000000000130e-47
1.829880000000000109e+03 6.335680000000000306e-47
1.830000000000000000e+03 9.999999999999999293e-41
1.830119999999999891e+03 9.999999999999999293e-41
1.830250000000000000e+03 9.999999999999999293e-41
1.830380000000000109e+03 9.999999999999999293e-41
1.830500000000000000e+03 9.999999999999999293e-41
1.830619999999999891e+03 9.999999999999999293e-41
1.830750000000000000e+03 9.999999999999999293e-41
1.830880000000000109e+03 9.999999999999999293e-41
1.831000000000000000e+03 9.999999999999999293e-41
1.831119999999999891e+03 9.999999999999999293e-41
1.831250000000000000e+03 9.999999999999999293e-41
1.831380000000000109e+03 9.999999999999999293e-41
1.831500000000000000e+03 9.999999999999999293e-41
1.831619999999999891e+03 9.999999999999999293e-41
1.831750000000000000e+03 9.999999999999999293e-41
1.831880000000000109e+03 9.999999999999999293e-41
1.832000000000000000e+03 9.999999999999999293e-41
1.832119999999999891e+03 9.999999999999999293e-41
1.832250000000000000e+03 9.999999999999999293e-41
1.832380000000000109e+03 9.999999999999999293e-41
1.832500000000000000e+03 9.999999999999999293e-41
1.832619999999999891e+03 9.999999999999999293e-41
1.832750000000000000e+03 9.999999999999999293e-41
1.832880000000000109e+03 9.999999999999999293e-41
1.833000000000000000e+03 9.999999999999999293e-41
1.833119999999999891e+03 9.999999999999999293e-41
1.833250000000000000e+03 9.999999999999999293e-41
1.833380000000000109e+03 9.999999999999999293e-41
1.833500000000000000e+03 9.999999999999999293e-41
1.833619999999999891e+03 9.999999999999999293e-41
1.833750000000000000e+03 9.999999999999999293e-41
1.833880000000000109e+03 9.999999999999999293e-41
1.834000000000000000e+03 9.999999999999999293e-41
1.834119999999999891e+03 9.999999999999999293e-41
1.834250000000000000e+03 9.999999999999999293e-41
1.834380000000000109e+03 9.999999999999999293e-41
1.834500000000000000e+03 9.999999999999999293e-41
1.834619999999999891e+03 9.999999999999999293e-41
1.834750000000000000e+03 9.999999999999999293e-41
1.834880000000000109e+03 9.999999999999999293e-41
1.835000000000000000e+03 9.999999999999999293e-41
1.835119999999999891e+03 9.999999999999999293e-41
1.835250000000000000e+03 9.999999999999999293e-41
1.835380000000000109e+03 9.999999999999999293e-41
1.835500000000000000e+03 9.999999999999999293e-41
1.835619999999999891e+03 9.999999999999999293e-41
1.835750000000000000e+03 9.999999999999999293e-41
1.835880000000000109e+03 9.999999999999999293e-41
1.836000000000000000e+03 9.999999999999999293e-41
1.836119999999999891e+03 9.999999999999999293e-41
1.836250000000000000e+03 9.999999999999999293e-41
1.836380000000000109e+03 9.999999999999999293e-41
1.836500000000000000e+03 9.999999999999999293e-41
1.836619999999999891e+03 9.999999999999999293e-41
1.836750000000000000e+03 9.999999999999999293e-41
1.836880000000000109e+03 9.999999999999999293e-41
1.837000000000000000e+03 9.999999999999999293e-41
1.837119999999999891e+03 9.999999999999999293e-41
1.837250000000000000e+03 9.999999999999999293e-41
1.837380000000000109e+03 9.999999999999999293e-41
1.837500000000000000e+03 9.999999999999999293e-41
1.837619999999999891e+03 9.999999999999999293e-41
1.837750000000000000e+03 9.999999999999999293e-41
1.837880000000000109e+03 9.999999999999999293e-41
1.838000000000000000e+03 9.999999999999999293e-41
1.838119999999999891e+03 9.999999999999999293e-41
1.838250000000000000e+03 9.999999999999999293e-41
1.838380000000000109e+03 9.999999999999999293e-41
1.838500000000000000e+03 9.999999999999999293e-41
1.838619999999999891e+03 9.999999999999999293e-41
1.838750000000000000e+03 9.999999999999999293e-41
1.838880000000000109e+03 9.999999999999999293e-41
1.839000000000000000e+03 9.999999999999999293e-41
1.839119999999999891e+03 9.999999999999999293e-41
1.839250000000000000e+03 9.999999999999999293e-41
1.839380000000000109e+03 9.999999999999999293e-41
1.839500000000000000e+03 9.999999999999999293e-41
1.839619999999999891e+03 9.999999999999999293e-41
1.839750000000000000e+03 9.999999999999999293e-41
1.839880000000000109e+03 9.999999999999999293e-41
1.840000000000000000e+03 9.999999999999999293e-41
1.840119999999999891e+03 9.999999999999999293e-41
1.840250000000000000e+03 9.999999999999999293e-41
1.840380000000000109e+03 9.999999999999999293e-41
1.840500000000000000e+03 9.999999999999999293e-41
1.840619999999999891e+03 9.999999999999999293e-41
1.840750000000000000e+03 9.999999999999999293e-41
1.840880000000000109e+03 9.999999999999999293e-41
1.841000000000000000e+03 9.999999999999999293e-41
1.841119999999999891e+03 9.999999999999999293e-41
1.841250000000000000e+03 9.999999999999999293e-41
1.841380000000000109e+03 9.999999999999999293e-41
1.841500000000000000e+03 9.999999999999999293e-41
1.841619999999999891e+03 9.999999999999999293e-41
1.841750000000000000e+03 9.999999999999999293e-41
1.841880000000000109e+03 9.999999999999999293e-41
1.842000000000000000e+03 9.999999999999999293e-41
1.842119999999999891e+03 9.999999999999999293e-41
1.842250000000000000e+03 9.999999999999999293e-41
1.842380000000000109e+03 9.999999999999999293e-41
1.842500000000000000e+03 9.999999999999999293e-41
1.842619999999999891e+03 9.999999999999999293e-41
1.842750000000000000e+03 9.999999999999999293e-41
1.842880000000000109e+03 9.999999999999999293e-41
1.843000000000000000e+03 9.999999999999999293e-41
1.843119999999999891e+03 9.999999999999999293e-41
1.843250000000000000e+03 9.999999999999999293e-41
1.843380000000000109e+03 9.999999999999999293e-41
1.843500000000000000e+03 9.999999999999999293e-41
1.843619999999999891e+03 9.999999999999999293e-41
1.843750000000000000e+03 9.999999999999999293e-41
1.843880000000000109e+03 9.999999999999999293e-41
1.844000000000000000e+03 9.999999999999999293e-41
1.844119999999999891e+03 9.999999999999999293e-41
1.844250000000000000e+03 9.999999999999999293e-41
1.844380000000000109e+03 9.999999999999999293e-41
1.844500000000000000e+03 9.999999999999999293e-41
1.844619999999999891e+03 9.999999999999999293e-41
1.844750000000000000e+03 9.999999999999999293e-41
1.844880000000000109e+03 9.999999999999999293e-41
1.845000000000000000e+03 9.999999999999999293e-41
1.845119999999999891e+03 9.999999999999999293e-41
1.845250000000000000e+03 9.999999999999999293e-41
1.845380000000000109e+03 9.999999999999999293e-41
1.845500000000000000e+03 9.999999999999999293e-41
1.845619999999999891e+03 9.999999999999999293e-41
1.845750000000000000e+03 9.999999999999999293e-41
1.845880000000000109e+03 9.999999999999999293e-41
1.846000000000000000e+03 9.999999999999999293e-41
1.846119999999999891e+03 9.999999999999999293e-41
1.846250000000000000e+03 9.999999999999999293e-41
1.846380000000000109e+03 9.999999999999999293e-41
1.846500000000000000e+03 9.999999999999999293e-41
1.846619999999999891e+03 9.999999999999999293e-41
1.846750000000000000e+03 9.999999999999999293e-41
1.846880000000000109e+03 9.999999999999999293e-41
1.847000000000000000e+03 9.999999999999999293e-41
1.847119999999999891e+03 9.999999999999999293e-41
1.847250000000000000e+03 9.999999999999999293e-41
1.847380000000000109e+03 9.999999999999999293e-41
1.847500000000000000e+03 9.999999999999999293e-41
1.847619999999999891e+03 9.999999999999999293e-41
1.847750000000000000e+03 9.999999999999999293e-41
1.847880000000000109e+03 9.999999999999999293e-41
1.848000000000000000e+03 9.999999999999999293e-41
1.848119999999999891e+03 9.999999999999999293e-41
1.848250000000000000e+03 9.999999999999999293e-41
1.848380000000000109e+03 9.999999999999999293e-41
1.848500000000000000e+03 9.999999999999999293e-41
1.848619999999999891e+03 9.999999999999999293e-41
1.848750000000000000e+03 9.999999999999999293e-41
1.848880000000000109e+03 9.999999999999999293e-41
1.849000000000000000e+03 9.999999999999999293e-41
1.849119999999999891e+03 9.999999999999999293e-41
1.849250000000000000e+03 9.999999999999999293e-41
1.849380000000000109e+03 9.999999999999999293e-41
1.849500000000000000e+03 9.999999999999999293e-41
1.849619999999999891e+03 9.999999999999999293e-41
1.849750000000000000e+03 9.999999999999999293e-41
1.849880000000000109e+03 9.999999999999999293e-41
1.850000000000000000e+03 9.999999999999999293e-41
1.850119999999999891e+03 9.999999999999999293e-41
1.850250000000000000e+03 9.999999999999999293e-41
1.850380000000000109e+03 9.999999999999999293e-41
1.850500000000000000e+03 9.999999999999999293e-41
1.850619999999999891e+03 9.999999999999999293e-41
1.850750000000000000e+03 9.999999999999999293e-41
1.850880000000000109e+03 9.999999999999999293e-41
1.851000000000000000e+03 9.999999999999999293e-41
1.851119999999999891e+03 9.999999999999999293e-41
1.851250000000000000e+03 9.999999999999999293e-41
1.851380000000000109e+03 9.999999999999999293e-41
1.851500000000000000e+03 9.999999999999999293e-41
1.851619999999999891e+03 9.999999999999999293e-41
1.851750000000000000e+03 9.999999999999999293e-41
1.851880000000000109e+03 9.999999999999999293e-41
1.852000000000000000e+03 9.999999999999999293e-41
1.852119999999999891e+03 9.999999999999999293e-41
1.852250000000000000e+03 9.999999999999999293e-41
1.852380000000000109e+03 9.999999999999999293e-41
1.852500000000000000e+03 9.999999999999999293e-41
1.852619999999999891e+03 9.999999999999999293e-41
1.852750000000000000e+03 9.999999999999999293e-41
1.852880000000000109e+03 9.999999999999999293e-41
1.853000000000000000e+03 9.999999999999999293e-41
1.853119999999999891e+03 9.999999999999999293e-41
1.853250000000000000e+03 9.999999999999999293e-41
1.853380000000000109e+03 9.999999999999999293e-41
1.853500000000000000e+03 9.999999999999999293e-41
1.853619999999999891e+03 9.999999999999999293e-41
1.853750000000000000e+03 9.999999999999999293e-41
1.853880000000000109e+03 9.999999999999999293e-41
1.854000000000000000e+03 9.999999999999999293e-41
1.854119999999999891e+03 9.999999999999999293e-41
1.854250000000000000e+03 9.999999999999999293e-41
1.854380000000000109e+03 9.999999999999999293e-41
1.854500000000000000e+03 9.999999999999999293e-41
1.854619999999999891e+03 9.999999999999999293e-41
1.854750000000000000e+03 9.999999999999999293e-41
1.854880000000000109e+03 9.999999999999999293e-41
1.855000000000000000e+03 9.999999999999999293e-41
1.855119999999999891e+03 9.999999999999999293e-41
1.855250000000000000e+03 9.999999999999999293e-41
1.855380000000000109e+03 9.999999999999999293e-41
1.855500000000000000e+03 9.999999999999999293e-41
1.855619999999999891e+03 9.999999999999999293e-41
1.855750000000000000e+03 9.999999999999999293e-41
1.855880000000000109e+03 9.999999999999999293e-41
1.856000000000000000e+03 9.999999999999999293e-41
1.856119999999999891e+03 9.999999999999999293e-41
1.856250000000000000e+03 9.999999999999999293e-41
1.856380000000000109e+03 9.999999999999999293e-41
1.856500000000000000e+03 9.999999999999999293e-41
1.856619999999999891e+03 9.999999999999999293e-41
1.856750000000000000e+03 9.999999999999999293e-41
1.856880000000000109e+03 9.999999999999999293e-41
1.857000000000000000e+03 9.999999999999999293e-41
1.857119999999999891e+03 9.999999999999999293e-41
1.857250000000000000e+03 9.999999999999999293e-41
1.857380000000000109e+03 9.999999999999999293e-41
1.857500000000000000e+03 9.999999999999999293e-41
1.857619999999999891e+03 9.999999999999999293e-41
1.857750000000000000e+03 9.999999999999999293e-41
1.857880000000000109e+03 9.999999999999999293e-41
1.858000000000000000e+03 9.999999999999999293e-41
1.858119999999999891e+03 9.999999999999999293e-41
1.858250000000000000e+03 9.999999999999999293e-41
1.858380000000000109e+03 9.999999999999999293e-41
1.858500000000000000e+03 9.999999999999999293e-41
1.858619999999999891e+03 9.999999999999999293e-41
1.858750000000000000e+03 9.999999999999999293e-41
1.858880000000000109e+03 9.999999999999999293e-41
1.859000000000000000e+03 9.999999999999999293e-41
1.859119999999999891e+03 9.999999999999999293e-41
1.859250000000000000e+03 9.999999999999999293e-41
1.859380000000000109e+03 9.999999999999999293e-41
1.859500000000000000e+03 9.999999999999999293e-41
1.859619999999999891e+03 9.999999999999999293e-41
1.859750000000000000e+03 9.999999999999999293e-41
1.859880000000000109e+03 9.999999999999999293e-41
1.860000000000000000e+03 9.999999999999999293e-41
1.860119999999999891e+03 9.999999999999999293e-41
1.860250000000000000e+03 9.999999999999999293e-41
1.860380000000000109e+03 9.999999999999999293e-41
1.860500000000000000e+03 9.999999999999999293e-41
1.860619999999999891e+03 9.999999999999999293e-41
1.860750000000000000e+03 9.999999999999999293e-41
1.860880000000000109e+03 9.999999999999999293e-41
1.861000000000000000e+03 9.999999999999999293e-41
1.861119999999999891e+03 9.999999999999999293e-41
1.861250000000000000e+03 9.999999999999999293e-41
1.861380000000000109e+03 9.999999999999999293e-41
1.861500000000000000e+03 9.999999999999999293e-41
1.861619999999999891e+03 9.999999999999999293e-41
1.861750000000000000e+03 9.999999999999999293e-41
1.861880000000000109e+03 9.999999999999999293e-41
1.862000000000000000e+03 9.999999999999999293e-41
1.862119999999999891e+03 9.999999999999999293e-41
1.862250000000000000e+03 9.999999999999999293e-41
1.862380000000000109e+03 9.999999999999999293e-41
1.862500000000000000e+03 9.999999999999999293e-41
1.862619999999999891e+03 9.999999999999999293e-41
1.862750000000000000e+03 9.999999999999999293e-41
1.862880000000000109e+03 9.999999999999999293e-41
1.863000000000000000e+03 9.999999999999999293e-41
1.863119999999999891e+03 9.999999999999999293e-41
1.863250000000000000e+03 9.999999999999999293e-41
1.863380000000000109e+03 9.999999999999999293e-41
1.863500000000000000e+03 9.999999999999999293e-41
1.863619999999999891e+03 9.999999999999999293e-41
1.863750000000000000e+03 9.999999999999999293e-41
1.863880000000000109e+03 9.999999999999999293e-41
1.864000000000000000e+03 9.999999999999999293e-41
1.864119999999999891e+03 9.999999999999999293e-41
1.864250000000000000e+03 9.999999999999999293e-41
1.864380000000000109e+03 9.999999999999999293e-41
1.864500000000000000e+03 9.999999999999999293e-41
1.864619999999999891e+03 9.999999999999999293e-41
1.864750000000000000e+03 9.999999999999999293e-41
1.864880000000000109e+03 9.999999999999999293e-41
1.865000000000000000e+03 9.999999999999999293e-41
1.865119999999999891e+03 9.999999999999999293e-41
1.865250000000000000e+03 9.999999999999999293e-41
1.865380000000000109e+03 9.999999999999999293e-41
1.865500000000000000e+03 9.999999999999999293e-41
1.865619999999999891e+03 9.999999999999999293e-41
1.865750000000000000e+03 9.999999999999999293e-41
1.865880000000000109e+03 9.999999999999999293e-41
1.866000000000000000e+03 9.999999999999999293e-41
1.866119999999999891e+03 9.999999999999999293e-41
1.866250000000000000e+03 9.999999999999999293e-41
1.866380000000000109e+03 9.999999999999999293e-41
1.866500000000000000e+03 9.999999999999999293e-41
1.866619999999999891e+03 9.999999999999999293e-41
1.866750000000000000e+03 9.999999999999999293e-41
1.866880000000000109e+03 9.999999999999999293e-41
1.867000000000000000e+03 9.999999999999999293e-41
1.867119999999999891e+03 9.999999999999999293e-41
1.867250000000000000e+03 9.999999999999999293e-41
1.867380000000000109e+03 9.999999999999999293e-41
1.867500000000000000e+03 9.999999999999999293e-41
1.867619999999999891e+03 9.999999999999999293e-41
1.867750000000000000e+03 9.999999999999999293e-41
1.867880000000000109e+03 9.999999999999999293e-41
1.868000000000000000e+03 9.999999999999999293e-41
1.868119999999999891e+03 9.999999999999999293e-41
1.868250000000000000e+03 9.999999999999999293e-41
1.868380000000000109e+03 9.999999999999999293e-41
1.868500000000000000e+03 9.999999999999999293e-41
1.868619999999999891e+03 9.999999999999999293e-41
1.868750000000000000e+03 9.999999999999999293e-41
1.868880000000000109e+03 9.999999999999999293e-41
1.869000000000000000e+03 9.999999999999999293e-41
1.869119999999999891e+03 9.999999999999999293e-41
1.869250000000000000e+03 9.999999999999999293e-41
1.869380000000000109e+03 9.999999999999999293e-41
1.869500000000000000e+03 9.999999999999999293e-41
1.869619999999999891e+03 9.999999999999999293e-41
1.869750000000000000e+03 9.999999999999999293e-41
1.869880000000000109e+03 9.999999999999999293e-41
1.870000000000000000e+03 9.999999999999999293e-41
1.870119999999999891e+03 9.999999999999999293e-41
1.870250000000000000e+03 9.999999999999999293e-41
1.870380000000000109e+03 9.999999999999999293e-41
1.870500000000000000e+03 9.999999999999999293e-41
1.870619999999999891e+03 9.999999999999999293e-41
1.870750000000000000e+03 9.999999999999999293e-41
1.870880000000000109e+03 9.999999999999999293e-41
1.871000000000000000e+03 9.999999999999999293e-41
1.871119999999999891e+03 9.999999999999999293e-41
1.871250000000000000e+03 9.999999999999999293e-41
1.871380000000000109e+03 9.999999999999999293e-41
1.871500000000000000e+03 9.999999999999999293e-41
1.871619999999999891e+03 9.999999999999999293e-41
1.871750000000000000e+03 9.999999999999999293e-41
1.871880000000000109e+03 9.999999999999999293e-41
1.872000000000000000e+03 9.999999999999999293e-41
1.872119999999999891e+03 9.999999999999999293e-41
1.872250000000000000e+03 9.999999999999999293e-41
1.872380000000000109e+03 9.999999999999999293e-41
1.872500000000000000e+03 9.999999999999999293e-41
1.872619999999999891e+03 9.999999999999999293e-41
1.872750000000000000e+03 9.999999999999999293e-41
1.872880000000000109e+03 9.999999999999999293e-41
1.873000000000000000e+03 9.999999999999999293e-41
1.873119999999999891e+03 9.999999999999999293e-41
1.873250000000000000e+03 9.999999999999999293e-41
1.873380000000000109e+03 9.999999999999999293e-41
1.873500000000000000e+03 9.999999999999999293e-41
1.873619999999999891e+03 9.999999999999999293e-41
1.873750000000000000e+03 9.999999999999999293e-41
1.873880000000000109e+03 9.999999999999999293e-41
1.874000000000000000e+03 9.999999999999999293e-41
1.874119999999999891e+03 9.999999999999999293e-41
1.874250000000000000e+03 9.999999999999999293e-41
1.874380000000000109e+03 9.999999999999999293e-41
1.874500000000000000e+03 9.999999999999999293e-41
1.874619999999999891e+03 9.999999999999999293e-41
1.874750000000000000e+03 9.999999999999999293e-41
1.874880000000000109e+03 9.999999999999999293e-41
1.875000000000000000e+03 9.999999999999999293e-41
1.875119999999999891e+03 9.999999999999999293e-41
1.875250000000000000e+03 9.999999999999999293e-41
1.875380000000000109e+03 9.999999999999999293e-41
1.875500000000000000e+03 9.999999999999999293e-41
1.875619999999999891e+03 9.999999999999999293e-41
1.875750000000000000e+03 9.999999999999999293e-41
1.875880000000000109e+03 9.999999999999999293e-41
1.876000000000000000e+03 9.999999999999999293e-41
1.876119999999999891e+03 9.999999999999999293e-41
1.876250000000000000e+03 9.999999999999999293e-41
1.876380000000000109e+03 9.999999999999999293e-41
1.876500000000000000e+03 9.999999999999999293e-41
1.876619999999999891e+03 9.999999999999999293e-41
1.876750000000000000e+03 9.999999999999999293e-41
1.876880000000000109e+03 9.999999999999999293e-41
1.877000000000000000e+03 9.999999999999999293e-41
1.877119999999999891e+03 9.999999999999999293e-41
1.877250000000000000e+03 9.999999999999999293e-41
1.877380000000000109e+03 9.999999999999999293e-41
1.877500000000000000e+03 9.999999999999999293e-41
1.877619999999999891e+03 9.999999999999999293e-41
1.877750000000000000e+03 9.999999999999999293e-41
1.877880000000000109e+03 9.999999999999999293e-41
1.878000000000000000e+03 9.999999999999999293e-41
1.878119999999999891e+03 9.999999999999999293e-41
1.878250000000000000e+03 9.999999999999999293e-41
1.878380000000000109e+03 9.999999999999999293e-41
1.878500000000000000e+03 9.999999999999999293e-41
1.878619999999999891e+03 9.999999999999999293e-41
1.878750000000000000e+03 9.999999999999999293e-41
1.878880000000000109e+03 9.999999999999999293e-41
1.879000000000000000e+03 9.999999999999999293e-41
1.879119999999999891e+03 9.999999999999999293e-41
1.879250000000000000e+03 9.999999999999999293e-41
1.879380000000000109e+03 9.999999999999999293e-41
1.879500000000000000e+03 9.999999999999999293e-41
1.879619999999999891e+03 9.999999999999999293e-41
1.879750000000000000e+03 9.999999999999999293e-41
1.879880000000000109e+03 9.999999999999999293e-41
1.880000000000000000e+03 9.999999999999999293e-41
1.880119999999999891e+03 9.999999999999999293e-41
1.880250000000000000e+03 9.999999999999999293e-41
1.880380000000000109e+03 9.999999999999999293e-41
1.880500000000000000e+03 9.999999999999999293e-41
1.880619999999999891e+03 9.999999999999999293e-41
1.880750000000000000e+03 9.999999999999999293e-41
1.880880000000000109e+03 9.999999999999999293e-41
1.881000000000000000e+03 9.999999999999999293e-41
1.881119999999999891e+03 9.999999999999999293e-41
1.881250000000000000e+03 9.999999999999999293e-41
1.881380000000000109e+03 9.999999999999999293e-41
1.881500000000000000e+03 9.999999999999999293e-41
1.881619999999999891e+03 9.999999999999999293e-41
1.881750000000000000e+03 9.999999999999999293e-41
1.881880000000000109e+03 9.999999999999999293e-41
1.882000000000000000e+03 9.999999999999999293e-41
1.882119999999999891e+03 9.999999999999999293e-41
1.882250000000000000e+03 9.999999999999999293e-41
1.882380000000000109e+03 9.999999999999999293e-41
1.882500000000000000e+03 9.999999999999999293e-41
1.882619999999999891e+03 9.999999999999999293e-41
1.882750000000000000e+03 9.999999999999999293e-41
1.882880000000000109e+03 9.999999999999999293e-41
1.883000000000000000e+03 9.999999999999999293e-41
1.883119999999999891e+03 9.999999999999999293e-41
1.883250000000000000e+03 9.999999999999999293e-41
1.883380000000000109e+03 9.999999999999999293e-41
1.883500000000000000e+03 9.999999999999999293e-41
1.883619999999999891e+03 9.999999999999999293e-41
1.883750000000000000e+03 9.999999999999999293e-41
1.883880000000000109e+03 9.999999999999999293e-41
1.884000000000000000e+03 9.999999999999999293e-41
1.884119999999999891e+03 9.999999999999999293e-41
1.884250000000000000e+03 9.999999999999999293e-41
1.884380000000000109e+03 9.999999999999999293e-41
1.884500000000000000e+03 9.999999999999999293e-41
1.884619999999999891e+03 9.999999999999999293e-41
1.884750000000000000e+03 9.999999999999999293e-41
1.884880000000000109e+03 9.999999999999999293e-41
1.885000000000000000e+03 9.999999999999999293e-41
1.885119999999999891e+03 9.999999999999999293e-41
1.885250000000000000e+03 9.999999999999999293e-41
1.885380000000000109e+03 9.999999999999999293e-41
1.885500000000000000e+03 9.999999999999999293e-41
1.885619999999999891e+03 9.999999999999999293e-41
1.885750000000000000e+03 9.999999999999999293e-41
1.885880000000000109e+03 9.999999999999999293e-41
1.886000000000000000e+03 9.999999999999999293e-41
1.886119999999999891e+03 9.999999999999999293e-41
1.886250000000000000e+03 9.999999999999999293e-41
1.886380000000000109e+03 9.999999999999999293e-41
1.886500000000000000e+03 9.999999999999999293e-41
1.886619999999999891e+03 9.999999999999999293e-41
1.886750000000000000e+03 9.999999999999999293e-41
1.886880000000000109e+03 9.999999999999999293e-41
1.887000000000000000e+03 9.999999999999999293e-41
1.887119999999999891e+03 9.999999999999999293e-41
1.887250000000000000e+03 9.999999999999999293e-41
1.887380000000000109e+03 9.999999999999999293e-41
1.887500000000000000e+03 9.999999999999999293e-41
1.887619999999999891e+03 9.999999999999999293e-41
1.887750000000000000e+03 9.999999999999999293e-41
1.887880000000000109e+03 9.999999999999999293e-41
1.888000000000000000e+03 9.999999999999999293e-41
1.888119999999999891e+03 9.999999999999999293e-41
1.888250000000000000e+03 9.999999999999999293e-41
1.888380000000000109e+03 9.999999999999999293e-41
1.888500000000000000e+03 9.999999999999999293e-41
1.888619999999999891e+03 9.999999999999999293e-41
1.888750000000000000e+03 9.999999999999999293e-41
1.888880000000000109e+03 9.999999999999999293e-41
1.889000000000000000e+03 9.999999999999999293e-41
1.889119999999999891e+03 9.999999999999999293e-41
1.889250000000000000e+03 9.999999999999999293e-41
1.889380000000000109e+03 9.999999999999999293e-41
1.889500000000000000e+03 9.999999999999999293e-41
1.889619999999999891e+03 9.999999999999999293e-41
1.889750000000000000e+03 9.999999999999999293e-41
1.889880000000000109e+03 9.999999999999999293e-41
1.890000000000000000e+03 9.999999999999999293e-41
1.890119999999999891e+03 9.999999999999999293e-41
1.890250000000000000e+03 9.999999999999999293e-41
1.890380000000000109e+03 9.999999999999999293e-41
1.890500000000000000e+03 9.999999999999999293e-41
1.890619999999999891e+03 9.999999999999999293e-41
1.890750000000000000e+03 9.999999999999999293e-41
1.890880000000000109e+03 9.999999999999999293e-41
1.891000000000000000e+03 9.999999999999999293e-41
1.891119999999999891e+03 9.999999999999999293e-41
1.891250000000000000e+03 9.999999999999999293e-41
1.891380000000000109e+03 9.999999999999999293e-41
1.891500000000000000e+03 9.999999999999999293e-41
1.891619999999999891e+03 9.999999999999999293e-41
1.891750000000000000e+03 9.999999999999999293e-41
1.891880000000000109e+03 9.999999999999999293e-41
1.892000000000000000e+03 9.999999999999999293e-41
1.892119999999999891e+03 9.999999999999999293e-41
1.892250000000000000e+03 9.999999999999999293e-41
1.892380000000000109e+03 9.999999999999999293e-41
1.892500000000000000e+03 9.999999999999999293e-41
1.892619999999999891e+03 9.999999999999999293e-41
1.892750000000000000e+03 9.999999999999999293e-41
1.892880000000000109e+03 9.999999999999999293e-41
1.893000000000000000e+03 9.999999999999999293e-41
1.893119999999999891e+03 9.999999999999999293e-41
1.893250000000000000e+03 9.999999999999999293e-41
1.893380000000000109e+03 9.999999999999999293e-41
1.893500000000000000e+03 9.999999999999999293e-41
1.893619999999999891e+03 9.999999999999999293e-41
1.893750000000000000e+03 9.999999999999999293e-41
1.893880000000000109e+03 9.999999999999999293e-41
1.894000000000000000e+03 9.999999999999999293e-41
1.894119999999999891e+03 9.999999999999999293e-41
1.894250000000000000e+03 9.999999999999999293e-41
1.894380000000000109e+03 9.999999999999999293e-41
1.894500000000000000e+03 9.999999999999999293e-41
1.894619999999999891e+03 9.999999999999999293e-41
1.894750000000000000e+03 9.999999999999999293e-41
1.894880000000000109e+03 9.999999999999999293e-41
1.895000000000000000e+03 9.999999999999999293e-41
1.895119999999999891e+03 9.999999999999999293e-41
1.895250000000000000e+03 9.999999999999999293e-41
1.895380000000000109e+03 9.999999999999999293e-41
1.895500000000000000e+03 9.999999999999999293e-41
1.895619999999999891e+03 9.999999999999999293e-41
1.895750000000000000e+03 9.999999999999999293e-41
1.895880000000000109e+03 9.999999999999999293e-41
1.896000000000000000e+03 9.999999999999999293e-41
1.896119999999999891e+03 9.999999999999999293e-41
1.896250000000000000e+03 9.999999999999999293e-41
1.896380000000000109e+03 9.999999999999999293e-41
1.896500000000000000e+03 9.999999999999999293e-41
1.896619999999999891e+03 9.999999999999999293e-41
1.896750000000000000e+03 9.999999999999999293e-41
1.896880000000000109e+03 9.999999999999999293e-41
1.897000000000000000e+03 9.999999999999999293e-41
1.897119999999999891e+03 9.999999999999999293e-41
1.897250000000000000e+03 9.999999999999999293e-41
1.897380000000000109e+03 9.999999999999999293e-41
1.897500000000000000e+03 9.999999999999999293e-41
1.897619999999999891e+03 9.999999999999999293e-41
1.897750000000000000e+03 9.999999999999999293e-41
1.897880000000000109e+03 9.999999999999999293e-41
1.898000000000000000e+03 9.999999999999999293e-41
1.898119999999999891e+03 9.999999999999999293e-41
1.898250000000000000e+03 9.999999999999999293e-41
1.898380000000000109e+03 9.999999999999999293e-41
1.898500000000000000e+03 9.999999999999999293e-41
1.898619999999999891e+03 9.999999999999999293e-41
1.898750000000000000e+03 9.999999999999999293e-41
1.898880000000000109e+03 9.999999999999999293e-41
1.899000000000000000e+03 9.999999999999999293e-41
1.899119999999999891e+03 9.999999999999999293e-41
1.899250000000000000e+03 9.999999999999999293e-41
1.899380000000000109e+03 9.999999999999999293e-41
1.899500000000000000e+03 9.999999999999999293e-41
1.899619999999999891e+03 9.999999999999999293e-41
1.899750000000000000e+03 9.999999999999999293e-41
1.899880000000000109e+03 9.999999999999999293e-41
1.900000000000000000e+03 9.999999999999999293e-41
1.900119999999999891e+03 9.999999999999999293e-41
1.900250000000000000e+03 9.999999999999999293e-41
1.900380000000000109e+03 9.999999999999999293e-41
1.900500000000000000e+03 9.999999999999999293e-41
1.900619999999999891e+03 9.999999999999999293e-41
1.900750000000000000e+03 9.999999999999999293e-41
1.900880000000000109e+03 9.999999999999999293e-41
1.901000000000000000e+03 9.999999999999999293e-41
1.901119999999999891e+03 9.999999999999999293e-41
1.901250000000000000e+03 9.999999999999999293e-41
1.901380000000000109e+03 9.999999999999999293e-41
1.901500000000000000e+03 9.999999999999999293e-41
1.901619999999999891e+03 9.999999999999999293e-41
1.901750000000000000e+03 9.999999999999999293e-41
1.901880000000000109e+03 9.999999999999999293e-41
1.902000000000000000e+03 9.999999999999999293e-41
1.902119999999999891e+03 9.999999999999999293e-41
1.902250000000000000e+03 9.999999999999999293e-41
1.902380000000000109e+03 9.999999999999999293e-41
1.902500000000000000e+03 9.999999999999999293e-41
1.902619999999999891e+03 9.999999999999999293e-41
1.902750000000000000e+03 9.999999999999999293e-41
1.902880000000000109e+03 9.999999999999999293e-41
1.903000000000000000e+03 9.999999999999999293e-41
1.903119999999999891e+03 9.999999999999999293e-41
1.903250000000000000e+03 9.999999999999999293e-41
1.903380000000000109e+03 9.999999999999999293e-41
1.903500000000000000e+03 9.999999999999999293e-41
1.903619999999999891e+03 9.999999999999999293e-41
1.903750000000000000e+03 9.999999999999999293e-41
1.903880000000000109e+03 9.999999999999999293e-41
1.904000000000000000e+03 9.999999999999999293e-41
1.904119999999999891e+03 9.999999999999999293e-41
1.904250000000000000e+03 9.999999999999999293e-41
1.904380000000000109e+03 9.999999999999999293e-41
1.904500000000000000e+03 9.999999999999999293e-41
1.904619999999999891e+03 9.999999999999999293e-41
1.904750000000000000e+03 9.999999999999999293e-41
1.904880000000000109e+03 9.999999999999999293e-41
1.905000000000000000e+03 9.999999999999999293e-41
1.905119999999999891e+03 9.999999999999999293e-41
1.905250000000000000e+03 9.999999999999999293e-41
1.905380000000000109e+03 9.999999999999999293e-41
1.905500000000000000e+03 9.999999999999999293e-41
1.905619999999999891e+03 9.999999999999999293e-41
1.905750000000000000e+03 9.999999999999999293e-41
1.905880000000000109e+03 9.999999999999999293e-41
1.906000000000000000e+03 9.999999999999999293e-41
1.906119999999999891e+03 9.999999999999999293e-41
1.906250000000000000e+03 9.999999999999999293e-41
1.906380000000000109e+03 9.999999999999999293e-41
1.906500000000000000e+03 9.999999999999999293e-41
1.906619999999999891e+03 9.999999999999999293e-41
1.906750000000000000e+03 9.999999999999999293e-41
1.906880000000000109e+03 9.999999999999999293e-41
1.907000000000000000e+03 9.999999999999999293e-41
1.907119999999999891e+03 9.999999999999999293e-41
1.907250000000000000e+03 9.999999999999999293e-41
1.907380000000000109e+03 9.999999999999999293e-41
1.907500000000000000e+03 9.999999999999999293e-41
1.907619999999999891e+03 9.999999999999999293e-41
1.907750000000000000e+03 9.999999999999999293e-41
1.907880000000000109e+03 9.999999999999999293e-41
1.908000000000000000e+03 9.999999999999999293e-41
1.908119999999999891e+03 9.999999999999999293e-41
1.908250000000000000e+03 9.999999999999999293e-41
1.908380000000000109e+03 9.999999999999999293e-41
1.908500000000000000e+03 9.999999999999999293e-41
1.908619999999999891e+03 9.999999999999999293e-41
1.908750000000000000e+03 9.999999999999999293e-41
1.908880000000000109e+03 9.999999999999999293e-41
1.909000000000000000e+03 9.999999999999999293e-41
1.909119999999999891e+03 9.999999999999999293e-41
1.909250000000000000e+03 9.999999999999999293e-41
1.909380000000000109e+03 9.999999999999999293e-41
1.909500000000000000e+03 9.999999999999999293e-41
1.909619999999999891e+03 9.999999999999999293e-41
1.909750000000000000e+03 9.999999999999999293e-41
1.909880000000000109e+03 9.999999999999999293e-41
1.910000000000000000e+03 9.999999999999999293e-41
1.910119999999999891e+03 9.999999999999999293e-41
1.910250000000000000e+03 9.999999999999999293e-41
1.910380000000000109e+03 9.999999999999999293e-41
1.910500000000000000e+03 9.999999999999999293e-41
1.910619999999999891e+03 9.999999999999999293e-41
1.910750000000000000e+03 9.999999999999999293e-41
1.910880000000000109e+03 9.999999999999999293e-41
1.911000000000000000e+03 9.999999999999999293e-41
1.911119999999999891e+03 9.999999999999999293e-41
1.911250000000000000e+03 9.999999999999999293e-41
1.911380000000000109e+03 9.999999999999999293e-41
1.911500000000000000e+03 9.999999999999999293e-41
1.911619999999999891e+03 9.999999999999999293e-41
1.911750000000000000e+03 9.999999999999999293e-41
1.911880000000000109e+03 9.999999999999999293e-41
1.912000000000000000e+03 9.999999999999999293e-41
1.912119999999999891e+03 9.999999999999999293e-41
1.912250000000000000e+03 9.999999999999999293e-41
1.912380000000000109e+03 9.999999999999999293e-41
1.912500000000000000e+03 9.999999999999999293e-41
1.912619999999999891e+03 9.999999999999999293e-41
1.912750000000000000e+03 9.999999999999999293e-41
1.912880000000000109e+03 9.999999999999999293e-41
1.913000000000000000e+03 9.999999999999999293e-41
1.913119999999999891e+03 9.999999999999999293e-41
1.913250000000000000e+03 9.999999999999999293e-41
1.913380000000000109e+03 9.999999999999999293e-41
1.913500000000000000e+03 9.999999999999999293e-41
1.913619999999999891e+03 9.999999999999999293e-41
1.913750000000000000e+03 9.999999999999999293e-41
1.913880000000000109e+03 9.999999999999999293e-41
1.914000000000000000e+03 9.999999999999999293e-41
1.914119999999999891e+03 9.999999999999999293e-41
1.914250000000000000e+03 9.999999999999999293e-41
1.914380000000000109e+03 9.999999999999999293e-41
1.914500000000000000e+03 9.999999999999999293e-41
1.914619999999999891e+03 9.999999999999999293e-41
1.914750000000000000e+03 9.999999999999999293e-41
1.914880000000000109e+03 9.999999999999999293e-41
1.915000000000000000e+03 9.999999999999999293e-41
1.915119999999999891e+03 9.999999999999999293e-41
1.915250000000000000e+03 9.999999999999999293e-41
1.915380000000000109e+03 9.999999999999999293e-41
1.915500000000000000e+03 9.999999999999999293e-41
1.915619999999999891e+03 9.999999999999999293e-41
1.915750000000000000e+03 9.999999999999999293e-41
1.915880000000000109e+03 9.999999999999999293e-41
1.916000000000000000e+03 9.999999999999999293e-41
1.916119999999999891e+03 9.999999999999999293e-41
1.916250000000000000e+03 9.999999999999999293e-41
1.916380000000000109e+03 9.999999999999999293e-41
1.916500000000000000e+03 9.999999999999999293e-41
1.916619999999999891e+03 9.999999999999999293e-41
1.916750000000000000e+03 9.999999999999999293e-41
1.916880000000000109e+03 9.999999999999999293e-41
1.917000000000000000e+03 9.999999999999999293e-41
1.917119999999999891e+03 9.999999999999999293e-41
1.917250000000000000e+03 9.999999999999999293e-41
1.917380000000000109e+03 9.999999999999999293e-41
1.917500000000000000e+03 9.999999999999999293e-41
1.917619999999999891e+03 9.999999999999999293e-41
1.917750000000000000e+03 9.999999999999999293e-41
1.917880000000000109e+03 9.999999999999999293e-41
1.918000000000000000e+03 9.999999999999999293e-41
1.918119999999999891e+03 9.999999999999999293e-41
1.918250000000000000e+03 9.999999999999999293e-41
1.918380000000000109e+03 9.999999999999999293e-41
1.918500000000000000e+03 9.999999999999999293e-41
1.918619999999999891e+03 9.999999999999999293e-41
1.918750000000000000e+03 9.999999999999999293e-41
1.918880000000000109e+03 9.999999999999999293e-41
1.919000000000000000e+03 9.999999999999999293e-41
1.919119999999999891e+03 9.999999999999999293e-41
1.919250000000000000e+03 9.999999999999999293e-41
1.919380000000000109e+03 9.999999999999999293e-41
1.919500000000000000e+03 9.999999999999999293e-41
1.919619999999999891e+03 9.999999999999999293e-41
1.919750000000000000e+03 9.999999999999999293e-41
1.919880000000000109e+03 9.999999999999999293e-41
1.920000000000000000e+03 9.999999999999999293e-41
1.920119999999999891e+03 9.999999999999999293e-41
1.920250000000000000e+03 9.999999999999999293e-41
1.920380000000000109e+03 9.999999999999999293e-41
1.920500000000000000e+03 9.999999999999999293e-41
1.920619999999999891e+03 9.999999999999999293e-41
1.920750000000000000e+03 9.999999999999999293e-41
1.920880000000000109e+03 9.999999999999999293e-41
1.921000000000000000e+03 9.999999999999999293e-41
1.921119999999999891e+03 9.999999999999999293e-41
1.921250000000000000e+03 9.999999999999999293e-41
1.921380000000000109e+03 9.999999999999999293e-41
1.921500000000000000e+03 9.999999999999999293e-41
1.921619999999999891e+03 9.999999999999999293e-41
1.921750000000000000e+03 9.999999999999999293e-41
1.921880000000000109e+03 9.999999999999999293e-41
1.922000000000000000e+03 9.999999999999999293e-41
1.922119999999999891e+03 9.999999999999999293e-41
1.922250000000000000e+03 9.999999999999999293e-41
1.922380000000000109e+03 9.999999999999999293e-41
1.922500000000000000e+03 9.999999999999999293e-41
1.922619999999999891e+03 9.999999999999999293e-41
1.922750000000000000e+03 9.999999999999999293e-41
1.922880000000000109e+03 9.999999999999999293e-41
1.923000000000000000e+03 9.999999999999999293e-41
1.923119999999999891e+03 9.999999999999999293e-41
1.923250000000000000e+03 9.999999999999999293e-41
1.923380000000000109e+03 9.999999999999999293e-41
1.923500000000000000e+03 9.999999999999999293e-41
1.923619999999999891e+03 9.999999999999999293e-41
1.923750000000000000e+03 9.999999999999999293e-41
1.923880000000000109e+03 9.999999999999999293e-41
1.924000000000000000e+03 9.999999999999999293e-41
1.924119999999999891e+03 9.999999999999999293e-41
1.924250000000000000e+03 9.999999999999999293e-41
1.924380000000000109e+03 9.999999999999999293e-41
1.924500000000000000e+03 9.999999999999999293e-41
1.924619999999999891e+03 9.999999999999999293e-41
1.924750000000000000e+03 9.999999999999999293e-41
1.924880000000000109e+03 9.999999999999999293e-41
1.925000000000000000e+03 9.999999999999999293e-41
1.925119999999999891e+03 9.999999999999999293e-41
1.925250000000000000e+03 9.999999999999999293e-41
1.925380000000000109e+03 9.999999999999999293e-41
1.925500000000000000e+03 9.999999999999999293e-41
1.925619999999999891e+03 9.999999999999999293e-41
1.925750000000000000e+03 9.999999999999999293e-41
1.925880000000000109e+03 9.999999999999999293e-41
1.926000000000000000e+03 9.999999999999999293e-41
1.926119999999999891e+03 9.999999999999999293e-41
1.926250000000000000e+03 9.999999999999999293e-41
1.926380000000000109e+03 9.999999999999999293e-41
1.926500000000000000e+03 9.999999999999999293e-41
1.926619999999999891e+03 9.999999999999999293e-41
1.926750000000000000e+03 9.999999999999999293e-41
1.926880000000000109e+03 9.999999999999999293e-41
1.927000000000000000e+03 9.999999999999999293e-41
1.927119999999999891e+03 9.999999999999999293e-41
1.927250000000000000e+03 9.999999999999999293e-41
1.927380000000000109e+03 9.999999999999999293e-41
1.927500000000000000e+03 9.999999999999999293e-41
1.927619999999999891e+03 9.999999999999999293e-41
1.927750000000000000e+03 9.999999999999999293e-41
1.927880000000000109e+03 9.999999999999999293e-41
1.928000000000000000e+03 9.999999999999999293e-41
1.928119999999999891e+03 9.999999999999999293e-41
1.928250000000000000e+03 9.999999999999999293e-41
1.928380000000000109e+03 9.999999999999999293e-41
1.928500000000000000e+03 9.999999999999999293e-41
1.928619999999999891e+03 9.999999999999999293e-41
1.928750000000000000e+03 9.999999999999999293e-41
1.928880000000000109e+03 9.999999999999999293e-41
1.929000000000000000e+03 9.999999999999999293e-41
1.929119999999999891e+03 9.999999999999999293e-41
1.929250000000000000e+03 9.999999999999999293e-41
1.929380000000000109e+03 9.999999999999999293e-41
1.929500000000000000e+03 9.999999999999999293e-41
1.929619999999999891e+03 9.999999999999999293e-41
1.929750000000000000e+03 9.999999999999999293e-41
1.929880000000000109e+03 9.999999999999999293e-41
1.930000000000000000e+03 9.999999999999999293e-41
1.930119999999999891e+03 9.999999999999999293e-41
1.930250000000000000e+03 9.999999999999999293e-41
1.930380000000000109e+03 9.999999999999999293e-41
1.930500000000000000e+03 9.999999999999999293e-41
1.930619999999999891e+03 9.999999999999999293e-41
1.930750000000000000e+03 9.999999999999999293e-41
1.930880000000000109e+03 9.999999999999999293e-41
1.931000000000000000e+03 9.999999999999999293e-41
1.931119999999999891e+03 9.999999999999999293e-41
1.931250000000000000e+03 9.999999999999999293e-41
1.931380000000000109e+03 9.999999999999999293e-41
1.931500000000000000e+03 9.999999999999999293e-41
1.931619999999999891e+03 9.999999999999999293e-41
1.931750000000000000e+03 9.999999999999999293e-41
1.931880000000000109e+03 9.999999999999999293e-41
1.932000000000000000e+03 9.999999999999999293e-41
1.932119999999999891e+03 9.999999999999999293e-41
1.932250000000000000e+03 9.999999999999999293e-41
1.932380000000000109e+03 9.999999999999999293e-41
1.932500000000000000e+03 9.999999999999999293e-41
1.932619999999999891e+03 9.999999999999999293e-41
1.932750000000000000e+03 9.999999999999999293e-41
1.932880000000000109e+03 9.999999999999999293e-41
1.933000000000000000e+03 9.999999999999999293e-41
1.933119999999999891e+03 9.999999999999999293e-41
1.933250000000000000e+03 9.999999999999999293e-41
1.933380000000000109e+03 9.999999999999999293e-41
1.933500000000000000e+03 9.999999999999999293e-41
1.933619999999999891e+03 9.999999999999999293e-41
1.933750000000000000e+03 9.999999999999999293e-41
1.933880000000000109e+03 9.999999999999999293e-41
1.934000000000000000e+03 9.999999999999999293e-41
1.934119999999999891e+03 9.999999999999999293e-41
1.934250000000000000e+03 9.999999999999999293e-41
1.934380000000000109e+03 9.999999999999999293e-41
1.934500000000000000e+03 9.999999999999999293e-41
1.934619999999999891e+03 9.999999999999999293e-41
1.934750000000000000e+03 9.999999999999999293e-41
1.934880000000000109e+03 9.999999999999999293e-41
1.935000000000000000e+03 9.999999999999999293e-41
1.935119999999999891e+03 9.999999999999999293e-41
1.935250000000000000e+03 9.999999999999999293e-41
1.935380000000000109e+03 9.999999999999999293e-41
1.935500000000000000e+03 9.999999999999999293e-41
1.935619999999999891e+03 9.999999999999999293e-41
1.935750000000000000e+03 9.999999999999999293e-41
1.935880000000000109e+03 9.999999999999999293e-41
1.936000000000000000e+03 9.999999999999999293e-41
1.936119999999999891e+03 9.999999999999999293e-41
1.936250000000000000e+03 9.999999999999999293e-41
1.936380000000000109e+03 9.999999999999999293e-41
1.936500000000000000e+03 9.999999999999999293e-41
1.936619999999999891e+03 9.999999999999999293e-41
1.936750000000000000e+03 9.999999999999999293e-41
1.936880000000000109e+03 9.999999999999999293e-41
1.937000000000000000e+03 9.999999999999999293e-41
1.937119999999999891e+03 9.999999999999999293e-41
1.937250000000000000e+03 9.999999999999999293e-41
1.937380000000000109e+03 9.999999999999999293e-41
1.937500000000000000e+03 9.999999999999999293e-41
1.937619999999999891e+03 9.999999999999999293e-41
1.937750000000000000e+03 9.999999999999999293e-41
1.937880000000000109e+03 9.999999999999999293e-41
1.938000000000000000e+03 9.999999999999999293e-41
1.938119999999999891e+03 9.999999999999999293e-41
1.938250000000000000e+03 9.999999999999999293e-41
1.938380000000000109e+03 9.999999999999999293e-41
1.938500000000000000e+03 9.999999999999999293e-41
1.938619999999999891e+03 9.999999999999999293e-41
1.938750000000000000e+03 9.999999999999999293e-41
1.938880000000000109e+03 9.999999999999999293e-41
1.939000000000000000e+03 9.999999999999999293e-41
1.939119999999999891e+03 9.999999999999999293e-41
1.939250000000000000e+03 9.999999999999999293e-41
1.939380000000000109e+03 9.999999999999999293e-41
1.939500000000000000e+03 9.999999999999999293e-41
1.939619999999999891e+03 9.999999999999999293e-41
1.939750000000000000e+03 9.999999999999999293e-41
1.939880000000000109e+03 9.999999999999999293e-41
1.940000000000000000e+03 9.999999999999999293e-41
1.940119999999999891e+03 9.999999999999999293e-41
1.940250000000000000e+03 9.999999999999999293e-41
1.940380000000000109e+03 9.999999999999999293e-41
1.940500000000000000e+03 9.999999999999999293e-41
1.940619999999999891e+03 9.999999999999999293e-41
1.940750000000000000e+03 9.999999999999999293e-41
1.940880000000000109e+03 9.999999999999999293e-41
1.941000000000000000e+03 9.999999999999999293e-41
1.941119999999999891e+03 9.999999999999999293e-41
1.941250000000000000e+03 9.999999999999999293e-41
1.941380000000000109e+03 9.999999999999999293e-41
1.941500000000000000e+03 9.999999999999999293e-41
1.941619999999999891e+03 9.999999999999999293e-41
1.941750000000000000e+03 9.999999999999999293e-41
1.941880000000000109e+03 9.999999999999999293e-41
1.942000000000000000e+03 9.999999999999999293e-41
1.942119999999999891e+03 9.999999999999999293e-41
1.942250000000000000e+03 9.999999999999999293e-41
1.942380000000000109e+03 9.999999999999999293e-41
1.942500000000000000e+03 9.999999999999999293e-41
1.942619999999999891e+03 9.999999999999999293e-41
1.942750000000000000e+03 9.999999999999999293e-41
1.942880000000000109e+03 9.999999999999999293e-41
1.943000000000000000e+03 9.999999999999999293e-41
1.943119999999999891e+03 9.999999999999999293e-41
1.943250000000000000e+03 9.999999999999999293e-41
1.943380000000000109e+03 9.999999999999999293e-41
1.943500000000000000e+03 9.999999999999999293e-41
1.943619999999999891e+03 9.999999999999999293e-41
1.943750000000000000e+03 9.999999999999999293e-41
1.943880000000000109e+03 9.999999999999999293e-41
1.944000000000000000e+03 9.999999999999999293e-41
1.944119999999999891e+03 9.999999999999999293e-41
1.944250000000000000e+03 9.999999999999999293e-41
1.944380000000000109e+03 9.999999999999999293e-41
1.944500000000000000e+03 9.999999999999999293e-41
1.944619999999999891e+03 9.999999999999999293e-41
1.944750000000000000e+03 9.999999999999999293e-41
1.944880000000000109e+03 9.999999999999999293e-41
1.945000000000000000e+03 9.999999999999999293e-41
1.945119999999999891e+03 9.999999999999999293e-41
1.945250000000000000e+03 9.999999999999999293e-41
1.945380000000000109e+03 9.999999999999999293e-41
1.945500000000000000e+03 9.999999999999999293e-41
1.945619999999999891e+03 9.999999999999999293e-41
1.945750000000000000e+03 9.999999999999999293e-41
1.945880000000000109e+03 9.999999999999999293e-41
1.946000000000000000e+03 9.999999999999999293e-41
1.946119999999999891e+03 9.999999999999999293e-41
1.946250000000000000e+03 9.999999999999999293e-41
1.946380000000000109e+03 9.999999999999999293e-41
1.946500000000000000e+03 9.999999999999999293e-41
1.946619999999999891e+03 9.999999999999999293e-41
1.946750000000000000e+03 9.999999999999999293e-41
1.946880000000000109e+03 9.999999999999999293e-41
1.947000000000000000e+03 9.999999999999999293e-41
1.947119999999999891e+03 9.999999999999999293e-41
1.947250000000000000e+03 9.999999999999999293e-41
1.947380000000000109e+03 9.999999999999999293e-41
1.947500000000000000e+03 9.999999999999999293e-41
1.947619999999999891e+03 9.999999999999999293e-41
1.947750000000000000e+03 9.999999999999999293e-41
1.947880000000000109e+03 9.999999999999999293e-41
1.948000000000000000e+03 9.999999999999999293e-41
1.948119999999999891e+03 9.999999999999999293e-41
1.948250000000000000e+03 9.999999999999999293e-41
1.948380000000000109e+03 9.999999999999999293e-41
1.948500000000000000e+03 9.999999999999999293e-41
1.948619999999999891e+03 9.999999999999999293e-41
1.948750000000000000e+03 9.999999999999999293e-41
1.948880000000000109e+03 9.999999999999999293e-41
1.949000000000000000e+03 9.999999999999999293e-41
1.949119999999999891e+03 9.999999999999999293e-41
1.949250000000000000e+03 9.999999999999999293e-41
1.949380000000000109e+03 9.999999999999999293e-41
1.949500000000000000e+03 9.999999999999999293e-41
1.949619999999999891e+03 9.999999999999999293e-41
1.949750000000000000e+03 9.999999999999999293e-41
1.949880000000000109e+03 9.999999999999999293e-41
1.950000000000000000e+03 9.999999999999999293e-41
1.950119999999999891e+03 9.999999999999999293e-41
1.950250000000000000e+03 9.999999999999999293e-41
1.950380000000000109e+03 9.999999999999999293e-41
1.950500000000000000e+03 9.999999999999999293e-41
1.950619999999999891e+03 9.999999999999999293e-41
1.950750000000000000e+03 9.999999999999999293e-41
1.950880000000000109e+03 9.999999999999999293e-41
1.951000000000000000e+03 9.999999999999999293e-41
1.951119999999999891e+03 9.999999999999999293e-41
1.951250000000000000e+03 9.999999999999999293e-41
1.951380000000000109e+03 9.999999999999999293e-41
1.951500000000000000e+03 9.999999999999999293e-41
1.951619999999999891e+03 9.999999999999999293e-41
1.951750000000000000e+03 9.999999999999999293e-41
1.951880000000000109e+03 9.999999999999999293e-41
1.952000000000000000e+03 9.999999999999999293e-41
1.952119999999999891e+03 9.999999999999999293e-41
1.952250000000000000e+03 9.999999999999999293e-41
1.952380000000000109e+03 9.999999999999999293e-41
1.952500000000000000e+03 9.999999999999999293e-41
1.952619999999999891e+03 9.999999999999999293e-41
1.952750000000000000e+03 9.999999999999999293e-41
1.952880000000000109e+03 9.999999999999999293e-41
1.953000000000000000e+03 9.999999999999999293e-41
1.953119999999999891e+03 9.999999999999999293e-41
1.953250000000000000e+03 9.999999999999999293e-41
1.953380000000000109e+03 9.999999999999999293e-41
1.953500000000000000e+03 9.999999999999999293e-41
1.953619999999999891e+03 9.999999999999999293e-41
1.953750000000000000e+03 9.999999999999999293e-41
1.953880000000000109e+03 9.999999999999999293e-41
1.954000000000000000e+03 9.999999999999999293e-41
1.954119999999999891e+03 9.999999999999999293e-41
1.954250000000000000e+03 9.999999999999999293e-41
1.954380000000000109e+03 9.999999999999999293e-41
1.954500000000000000e+03 9.999999999999999293e-41
1.954619999999999891e+03 9.999999999999999293e-41
1.954750000000000000e+03 9.999999999999999293e-41
1.954880000000000109e+03 9.999999999999999293e-41
1.955000000000000000e+03 9.999999999999999293e-41
1.955119999999999891e+03 9.999999999999999293e-41
1.955250000000000000e+03 9.999999999999999293e-41
1.955380000000000109e+03 9.999999999999999293e-41
1.955500000000000000e+03 9.999999999999999293e-41
1.955619999999999891e+03 9.999999999999999293e-41
1.955750000000000000e+03 9.999999999999999293e-41
1.955880000000000109e+03 9.999999999999999293e-41
1.956000000000000000e+03 9.999999999999999293e-41
1.956119999999999891e+03 9.999999999999999293e-41
1.956250000000000000e+03 9.999999999999999293e-41
1.956380000000000109e+03 9.999999999999999293e-41
1.956500000000000000e+03 9.999999999999999293e-41
1.956619999999999891e+03 9.999999999999999293e-41
1.956750000000000000e+03 9.999999999999999293e-41
1.956880000000000109e+03 9.999999999999999293e-41
1.957000000000000000e+03 9.999999999999999293e-41
1.957119999999999891e+03 9.999999999999999293e-41
1.957250000000000000e+03 9.999999999999999293e-41
1.957380000000000109e+03 9.999999999999999293e-41
1.957500000000000000e+03 9.999999999999999293e-41
1.957619999999999891e+03 9.999999999999999293e-41
1.957750000000000000e+03 9.999999999999999293e-41
1.957880000000000109e+03 9.999999999999999293e-41
1.958000000000000000e+03 9.999999999999999293e-41
1.958119999999999891e+03 9.999999999999999293e-41
1.958250000000000000e+03 9.999999999999999293e-41
1.958380000000000109e+03 9.999999999999999293e-41
1.958500000000000000e+03 9.999999999999999293e-41
1.958619999999999891e+03 9.999999999999999293e-41
1.958750000000000000e+03 9.999999999999999293e-41
1.958880000000000109e+03 9.999999999999999293e-41
1.959000000000000000e+03 9.999999999999999293e-41
1.959119999999999891e+03 9.999999999999999293e-41
1.959250000000000000e+03 9.999999999999999293e-41
1.959380000000000109e+03 9.999999999999999293e-41
1.959500000000000000e+03 9.999999999999999293e-41
1.959619999999999891e+03 9.999999999999999293e-41
1.959750000000000000e+03 9.999999999999999293e-41
1.959880000000000109e+03 9.999999999999999293e-41
1.960000000000000000e+03 9.999999999999999293e-41
1.960119999999999891e+03 9.999999999999999293e-41
1.960250000000000000e+03 9.999999999999999293e-41
1.960380000000000109e+03 9.999999999999999293e-41
1.960500000000000000e+03 9.999999999999999293e-41
1.960619999999999891e+03 9.999999999999999293e-41
1.960750000000000000e+03 9.999999999999999293e-41
1.960880000000000109e+03 9.999999999999999293e-41
1.961000000000000000e+03 9.999999999999999293e-41
1.961119999999999891e+03 9.999999999999999293e-41
1.961250000000000000e+03 9.999999999999999293e-41
1.961380000000000109e+03 9.999999999999999293e-41
1.961500000000000000e+03 9.999999999999999293e-41
1.961619999999999891e+03 9.999999999999999293e-41
1.961750000000000000e+03 9.999999999999999293e-41
1.961880000000000109e+03 9.999999999999999293e-41
1.962000000000000000e+03 9.999999999999999293e-41
1.962119999999999891e+03 9.999999999999999293e-41
1.962250000000000000e+03 9.999999999999999293e-41
1.962380000000000109e+03 9.999999999999999293e-41
1.962500000000000000e+03 9.999999999999999293e-41
1.962619999999999891e+03 9.999999999999999293e-41
1.962750000000000000e+03 9.999999999999999293e-41
1.962880000000000109e+03 9.999999999999999293e-41
1.963000000000000000e+03 9.999999999999999293e-41
1.963119999999999891e+03 9.999999999999999293e-41
1.963250000000000000e+03 9.999999999999999293e-41
1.963380000000000109e+03 9.999999999999999293e-41
1.963500000000000000e+03 9.999999999999999293e-41
1.963619999999999891e+03 9.999999999999999293e-41
1.963750000000000000e+03 9.999999999999999293e-41
1.963880000000000109e+03 9.999999999999999293e-41
1.964000000000000000e+03 9.999999999999999293e-41
1.964119999999999891e+03 9.999999999999999293e-41
1.964250000000000000e+03 9.999999999999999293e-41
1.964380000000000109e+03 9.999999999999999293e-41
1.964500000000000000e+03 9.999999999999999293e-41
1.964619999999999891e+03 9.999999999999999293e-41
1.964750000000000000e+03 9.999999999999999293e-41
1.964880000000000109e+03 9.999999999999999293e-41
1.965000000000000000e+03 9.999999999999999293e-41
1.965119999999999891e+03 9.999999999999999293e-41
1.965250000000000000e+03 9.999999999999999293e-41
1.965380000000000109e+03 9.999999999999999293e-41
1.965500000000000000e+03 9.999999999999999293e-41
1.965619999999999891e+03 9.999999999999999293e-41
1.965750000000000000e+03 9.999999999999999293e-41
1.965880000000000109e+03 9.999999999999999293e-41
1.966000000000000000e+03 9.999999999999999293e-41
1.966119999999999891e+03 9.999999999999999293e-41
1.966250000000000000e+03 9.999999999999999293e-41
1.966380000000000109e+03 9.999999999999999293e-41
1.966500000000000000e+03 9.999999999999999293e-41
1.966619999999999891e+03 9.999999999999999293e-41
1.966750000000000000e+03 9.999999999999999293e-41
1.966880000000000109e+03 9.999999999999999293e-41
1.967000000000000000e+03 9.999999999999999293e-41
1.967119999999999891e+03 9.999999999999999293e-41
1.967250000000000000e+03 9.999999999999999293e-41
1.967380000000000109e+03 9.999999999999999293e-41
1.967500000000000000e+03 9.999999999999999293e-41
1.967619999999999891e+03 9.999999999999999293e-41
1.967750000000000000e+03 9.999999999999999293e-41
1.967880000000000109e+03 9.999999999999999293e-41
1.968000000000000000e+03 9.999999999999999293e-41
1.968119999999999891e+03 9.999999999999999293e-41
1.968250000000000000e+03 9.999999999999999293e-41
1.968380000000000109e+03 9.999999999999999293e-41
1.968500000000000000e+03 9.999999999999999293e-41
1.968619999999999891e+03 9.999999999999999293e-41
1.968750000000000000e+03 9.999999999999999293e-41
1.968880000000000109e+03 9.999999999999999293e-41
1.969000000000000000e+03 9.999999999999999293e-41
1.969119999999999891e+03 9.999999999999999293e-41
1.969250000000000000e+03 9.999999999999999293e-41
1.969380000000000109e+03 9.999999999999999293e-41
1.969500000000000000e+03 9.999999999999999293e-41
1.969619999999999891e+03 9.999999999999999293e-41
1.969750000000000000e+03 9.999999999999999293e-41
1.969880000000000109e+03 9.999999999999999293e-41
1.970000000000000000e+03 9.999999999999999293e-41
1.970119999999999891e+03 9.999999999999999293e-41
1.970250000000000000e+03 9.999999999999999293e-41
1.970380000000000109e+03 9.999999999999999293e-41
1.970500000000000000e+03 9.999999999999999293e-41
1.970619999999999891e+03 9.999999999999999293e-41
1.970750000000000000e+03 9.999999999999999293e-41
1.970880000000000109e+03 9.999999999999999293e-41
1.971000000000000000e+03 9.999999999999999293e-41
1.971119999999999891e+03 9.999999999999999293e-41
1.971250000000000000e+03 9.999999999999999293e-41
1.971380000000000109e+03 9.999999999999999293e-41
1.971500000000000000e+03 9.999999999999999293e-41
1.971619999999999891e+03 9.999999999999999293e-41
1.971750000000000000e+03 9.999999999999999293e-41
1.971880000000000109e+03 9.999999999999999293e-41
1.972000000000000000e+03 9.999999999999999293e-41
1.972119999999999891e+03 9.999999999999999293e-41
1.972250000000000000e+03 9.999999999999999293e-41
1.972380000000000109e+03 9.999999999999999293e-41
1.972500000000000000e+03 9.999999999999999293e-41
1.972619999999999891e+03 9.999999999999999293e-41
1.972750000000000000e+03 9.999999999999999293e-41
1.972880000000000109e+03 9.999999999999999293e-41
1.973000000000000000e+03 9.999999999999999293e-41
1.973119999999999891e+03 9.999999999999999293e-41
1.973250000000000000e+03 9.999999999999999293e-41
1.973380000000000109e+03 9.999999999999999293e-41
1.973500000000000000e+03 9.999999999999999293e-41
1.973619999999999891e+03 9.999999999999999293e-41
1.973750000000000000e+03 9.999999999999999293e-41
1.973880000000000109e+03 9.999999999999999293e-41
1.974000000000000000e+03 9.999999999999999293e-41
1.974119999999999891e+03 9.999999999999999293e-41
1.974250000000000000e+03 9.999999999999999293e-41
1.974380000000000109e+03 9.999999999999999293e-41
1.974500000000000000e+03 9.999999999999999293e-41
1.974619999999999891e+03 9.999999999999999293e-41
1.974750000000000000e+03 9.999999999999999293e-41
1.974880000000000109e+03 9.999999999999999293e-41
1.975000000000000000e+03 9.999999999999999293e-41
1.975119999999999891e+03 9.999999999999999293e-41
1.975250000000000000e+03 9.999999999999999293e-41
1.975380000000000109e+03 9.999999999999999293e-41
1.975500000000000000e+03 9.999999999999999293e-41
1.975619999999999891e+03 9.999999999999999293e-41
1.975750000000000000e+03 9.999999999999999293e-41
1.975880000000000109e+03 9.999999999999999293e-41
1.976000000000000000e+03 9.999999999999999293e-41
1.976119999999999891e+03 9.999999999999999293e-41
1.976250000000000000e+03 9.999999999999999293e-41
1.976380000000000109e+03 9.999999999999999293e-41
1.976500000000000000e+03 9.999999999999999293e-41
1.976619999999999891e+03 9.999999999999999293e-41
1.976750000000000000e+03 9.999999999999999293e-41
1.976880000000000109e+03 9.999999999999999293e-41
1.977000000000000000e+03 9.999999999999999293e-41
1.977119999999999891e+03 9.999999999999999293e-41
1.977250000000000000e+03 9.999999999999999293e-41
1.977380000000000109e+03 9.999999999999999293e-41
1.977500000000000000e+03 9.999999999999999293e-41
1.977619999999999891e+03 9.999999999999999293e-41
1.977750000000000000e+03 9.999999999999999293e-41
1.977880000000000109e+03 9.999999999999999293e-41
1.978000000000000000e+03 9.999999999999999293e-41
1.978119999999999891e+03 9.999999999999999293e-41
1.978250000000000000e+03 9.999999999999999293e-41
1.978380000000000109e+03 9.999999999999999293e-41
1.978500000000000000e+03 9.999999999999999293e-41
1.978619999999999891e+03 9.999999999999999293e-41
1.978750000000000000e+03 9.999999999999999293e-41
1.978880000000000109e+03 9.999999999999999293e-41
1.979000000000000000e+03 9.999999999999999293e-41
1.979119999999999891e+03 9.999999999999999293e-41
1.979250000000000000e+03 9.999999999999999293e-41
1.979380000000000109e+03 9.999999999999999293e-41
1.979500000000000000e+03 9.999999999999999293e-41
1.979619999999999891e+03 9.999999999999999293e-41
1.979750000000000000e+03 9.999999999999999293e-41
1.979880000000000109e+03 9.999999999999999293e-41
1.980000000000000000e+03 9.999999999999999293e-41
1.980119999999999891e+03 9.999999999999999293e-41
1.980250000000000000e+03 9.999999999999999293e-41
1.980380000000000109e+03 9.999999999999999293e-41
1.980500000000000000e+03 9.999999999999999293e-41
1.980619999999999891e+03 9.999999999999999293e-41
1.980750000000000000e+03 9.999999999999999293e-41
1.980880000000000109e+03 9.999999999999999293e-41
1.981000000000000000e+03 9.999999999999999293e-41
1.981119999999999891e+03 9.999999999999999293e-41
1.981250000000000000e+03 9.999999999999999293e-41
1.981380000000000109e+03 9.999999999999999293e-41
1.981500000000000000e+03 9.999999999999999293e-41
1.981619999999999891e+03 9.999999999999999293e-41
1.981750000000000000e+03 9.999999999999999293e-41
1.981880000000000109e+03 9.999999999999999293e-41
1.982000000000000000e+03 9.999999999999999293e-41
1.982119999999999891e+03 9.999999999999999293e-41
1.982250000000000000e+03 9.999999999999999293e-41
1.982380000000000109e+03 9.999999999999999293e-41
1.982500000000000000e+03 9.999999999999999293e-41
1.982619999999999891e+03 9.999999999999999293e-41
1.982750000000000000e+03 9.999999999999999293e-41
1.982880000000000109e+03 9.999999999999999293e-41
1.983000000000000000e+03 9.999999999999999293e-41
1.983119999999999891e+03 9.999999999999999293e-41
1.983250000000000000e+03 9.999999999999999293e-41
1.983380000000000109e+03 9.999999999999999293e-41
1.983500000000000000e+03 9.999999999999999293e-41
1.983619999999999891e+03 9.999999999999999293e-41
1.983750000000000000e+03 9.999999999999999293e-41
1.983880000000000109e+03 9.999999999999999293e-41
1.984000000000000000e+03 9.999999999999999293e-41
1.984119999999999891e+03 9.999999999999999293e-41
1.984250000000000000e+03 9.999999999999999293e-41
1.984380000000000109e+03 9.999999999999999293e-41
1.984500000000000000e+03 9.999999999999999293e-41
1.984619999999999891e+03 9.999999999999999293e-41
1.984750000000000000e+03 9.999999999999999293e-41
1.984880000000000109e+03 9.999999999999999293e-41
1.985000000000000000e+03 9.999999999999999293e-41
1.985119999999999891e+03 9.999999999999999293e-41
1.985250000000000000e+03 9.999999999999999293e-41
1.985380000000000109e+03 9.999999999999999293e-41
1.985500000000000000e+03 9.999999999999999293e-41
1.985619999999999891e+03 9.999999999999999293e-41
1.985750000000000000e+03 9.999999999999999293e-41
1.985880000000000109e+03 9.999999999999999293e-41
1.986000000000000000e+03 9.999999999999999293e-41
1.986119999999999891e+03 9.999999999999999293e-41
1.986250000000000000e+03 9.999999999999999293e-41
1.986380000000000109e+03 9.999999999999999293e-41
1.986500000000000000e+03 9.999999999999999293e-41
1.986619999999999891e+03 9.999999999999999293e-41
1.986750000000000000e+03 9.999999999999999293e-41
1.986880000000000109e+03 9.999999999999999293e-41
1.987000000000000000e+03 9.999999999999999293e-41
1.987119999999999891e+03 9.999999999999999293e-41
1.987250000000000000e+03 9.999999999999999293e-41
1.987380000000000109e+03 9.999999999999999293e-41
1.987500000000000000e+03 9.999999999999999293e-41
1.987619999999999891e+03 9.999999999999999293e-41
1.987750000000000000e+03 9.999999999999999293e-41
1.987880000000000109e+03 9.999999999999999293e-41
1.988000000000000000e+03 9.999999999999999293e-41
1.988119999999999891e+03 9.999999999999999293e-41
1.988250000000000000e+03 9.999999999999999293e-41
1.988380000000000109e+03 9.999999999999999293e-41
1.988500000000000000e+03 9.999999999999999293e-41
1.988619999999999891e+03 9.999999999999999293e-41
1.988750000000000000e+03 9.999999999999999293e-41
1.988880000000000109e+03 9.999999999999999293e-41
1.989000000000000000e+03 9.999999999999999293e-41
1.989119999999999891e+03 9.999999999999999293e-41
1.989250000000000000e+03 9.999999999999999293e-41
1.989380000000000109e+03 9.999999999999999293e-41
1.989500000000000000e+03 9.999999999999999293e-41
1.989619999999999891e+03 9.999999999999999293e-41
1.989750000000000000e+03 9.999999999999999293e-41
1.989880000000000109e+03 9.999999999999999293e-41
1.990000000000000000e+03 9.999999999999999293e-41
1.990119999999999891e+03 9.999999999999999293e-41
1.990250000000000000e+03 9.999999999999999293e-41
1.990380000000000109e+03 9.999999999999999293e-41
1.990500000000000000e+03 9.999999999999999293e-41
1.990619999999999891e+03 9.999999999999999293e-41
1.990750000000000000e+03 9.999999999999999293e-41
1.990880000000000109e+03 9.999999999999999293e-41
1.991000000000000000e+03 9.999999999999999293e-41
1.991119999999999891e+03 9.999999999999999293e-41
1.991250000000000000e+03 9.999999999999999293e-41
1.991380000000000109e+03 9.999999999999999293e-41
1.991500000000000000e+03 9.999999999999999293e-41
1.991619999999999891e+03 9.999999999999999293e-41
1.991750000000000000e+03 9.999999999999999293e-41
1.991880000000000109e+03 9.999999999999999293e-41
1.992000000000000000e+03 9.999999999999999293e-41
1.992119999999999891e+03 9.999999999999999293e-41
1.992250000000000000e+03 9.999999999999999293e-41
1.992380000000000109e+03 9.999999999999999293e-41
1.992500000000000000e+03 9.999999999999999293e-41
1.992619999999999891e+03 9.999999999999999293e-41
1.992750000000000000e+03 9.999999999999999293e-41
1.992880000000000109e+03 9.999999999999999293e-41
1.993000000000000000e+03 9.999999999999999293e-41
1.993119999999999891e+03 9.999999999999999293e-41
1.993250000000000000e+03 9.999999999999999293e-41
1.993380000000000109e+03 9.999999999999999293e-41
1.993500000000000000e+03 9.999999999999999293e-41
1.993619999999999891e+03 9.999999999999999293e-41
1.993750000000000000e+03 9.999999999999999293e-41
1.993880000000000109e+03 9.999999999999999293e-41
1.994000000000000000e+03 9.999999999999999293e-41
1.994119999999999891e+03 9.999999999999999293e-41
1.994250000000000000e+03 9.999999999999999293e-41
1.994380000000000109e+03 9.999999999999999293e-41
1.994500000000000000e+03 9.999999999999999293e-41
1.994619999999999891e+03 9.999999999999999293e-41
1.994750000000000000e+03 9.999999999999999293e-41
1.994880000000000109e+03 9.999999999999999293e-41
1.995000000000000000e+03 9.999999999999999293e-41
1.995119999999999891e+03 9.999999999999999293e-41
1.995250000000000000e+03 9.999999999999999293e-41
1.995380000000000109e+03 9.999999999999999293e-41
1.995500000000000000e+03 9.999999999999999293e-41
1.995619999999999891e+03 9.999999999999999293e-41
1.995750000000000000e+03 9.999999999999999293e-41
1.995880000000000109e+03 9.999999999999999293e-41
1.996000000000000000e+03 9.999999999999999293e-41
1.996119999999999891e+03 9.999999999999999293e-41
1.996250000000000000e+03 9.999999999999999293e-41
1.996380000000000109e+03 9.999999999999999293e-41
1.996500000000000000e+03 9.999999999999999293e-41
1.996619999999999891e+03 9.999999999999999293e-41
1.996750000000000000e+03 9.999999999999999293e-41
1.996880000000000109e+03 9.999999999999999293e-41
1.997000000000000000e+03 9.999999999999999293e-41
1.997119999999999891e+03 9.999999999999999293e-41
1.997250000000000000e+03 9.999999999999999293e-41
1.997380000000000109e+03 9.999999999999999293e-41
1.997500000000000000e+03 9.999999999999999293e-41
1.997619999999999891e+03 9.999999999999999293e-41
1.997750000000000000e+03 9.999999999999999293e-41
1.997880000000000109e+03 9.999999999999999293e-41
1.998000000000000000e+03 9.999999999999999293e-41
1.998119999999999891e+03 9.999999999999999293e-41
1.998250000000000000e+03 9.999999999999999293e-41
1.998380000000000109e+03 9.999999999999999293e-41
1.998500000000000000e+03 9.999999999999999293e-41
1.998619999999999891e+03 9.999999999999999293e-41
1.998750000000000000e+03 9.999999999999999293e-41
1.998880000000000109e+03 9.999999999999999293e-41
1.999000000000000000e+03 9.999999999999999293e-41
1.999119999999999891e+03 9.999999999999999293e-41
1.999250000000000000e+03 9.999999999999999293e-41
1.999380000000000109e+03 9.999999999999999293e-41
1.999500000000000000e+03 9.999999999999999293e-41
1.999619999999999891e+03 9.999999999999999293e-41
1.999750000000000000e+03 9.999999999999999293e-41
1.999880000000000109e+03 9.999999999999999293e-41
2.000000000000000000e+03 9.999999999999999293e-41
2.000119999999999891e+03 9.999999999999999293e-41
2.000250000000000000e+03 9.999999999999999293e-41
2.000380000000000109e+03 9.999999999999999293e-41
2.000500000000000000e+03 9.999999999999999293e-41
2.000619999999999891e+03 9.999999999999999293e-41
2.000750000000000000e+03 9.999999999999999293e-41
2.000880000000000109e+03 9.999999999999999293e-41
2.001000000000000000e+03 9.999999999999999293e-41
2.001119999999999891e+03 9.999999999999999293e-41
2.001250000000000000e+03 9.999999999999999293e-41
2.001380000000000109e+03 9.999999999999999293e-41
2.001500000000000000e+03 9.999999999999999293e-41
2.001619999999999891e+03 9.999999999999999293e-41
2.001750000000000000e+03 9.999999999999999293e-41
2.001880000000000109e+03 9.999999999999999293e-41
2.002000000000000000e+03 9.999999999999999293e-41
2.002119999999999891e+03 9.999999999999999293e-41
2.002250000000000000e+03 9.999999999999999293e-41
2.002380000000000109e+03 9.999999999999999293e-41
2.002500000000000000e+03 9.999999999999999293e-41
2.002619999999999891e+03 9.999999999999999293e-41
2.002750000000000000e+03 9.999999999999999293e-41
2.002880000000000109e+03 9.999999999999999293e-41
2.003000000000000000e+03 9.999999999999999293e-41
2.003119999999999891e+03 9.999999999999999293e-41
2.003250000000000000e+03 9.999999999999999293e-41
2.003380000000000109e+03 9.999999999999999293e-41
2.003500000000000000e+03 9.999999999999999293e-41
2.003619999999999891e+03 9.999999999999999293e-41
2.003750000000000000e+03 9.999999999999999293e-41
2.003880000000000109e+03 9.999999999999999293e-41
2.004000000000000000e+03 9.999999999999999293e-41
2.004119999999999891e+03 9.999999999999999293e-41
2.004250000000000000e+03 9.999999999999999293e-41
2.004380000000000109e+03 9.999999999999999293e-41
2.004500000000000000e+03 9.999999999999999293e-41
2.004619999999999891e+03 9.999999999999999293e-41
2.004750000000000000e+03 9.999999999999999293e-41
2.004880000000000109e+03 9.999999999999999293e-41
2.005000000000000000e+03 9.999999999999999293e-41
2.005119999999999891e+03 9.999999999999999293e-41
2.005250000000000000e+03 9.999999999999999293e-41
2.005380000000000109e+03 9.999999999999999293e-41
2.005500000000000000e+03 9.999999999999999293e-41
2.005619999999999891e+03 9.999999999999999293e-41
2.005750000000000000e+03 9.999999999999999293e-41
2.005880000000000109e+03 9.999999999999999293e-41
2.006000000000000000e+03 9.999999999999999293e-41
2.006119999999999891e+03 9.999999999999999293e-41
2.006250000000000000e+03 9.999999999999999293e-41
2.006380000000000109e+03 9.999999999999999293e-41
2.006500000000000000e+03 9.999999999999999293e-41
2.006619999999999891e+03 9.999999999999999293e-41
2.006750000000000000e+03 9.999999999999999293e-41
2.006880000000000109e+03 9.999999999999999293e-41
2.007000000000000000e+03 9.999999999999999293e-41
2.007119999999999891e+03 9.999999999999999293e-41
2.007250000000000000e+03 9.999999999999999293e-41
2.007380000000000109e+03 9.999999999999999293e-41
2.007500000000000000e+03 9.999999999999999293e-41
2.007619999999999891e+03 9.999999999999999293e-41
2.007750000000000000e+03 9.999999999999999293e-41
2.007880000000000109e+03 9.999999999999999293e-41
2.008000000000000000e+03 9.999999999999999293e-41
2.008119999999999891e+03 9.999999999999999293e-41
2.008250000000000000e+03 9.999999999999999293e-41
2.008380000000000109e+03 9.999999999999999293e-41
2.008500000000000000e+03 9.999999999999999293e-41
2.008619999999999891e+03 9.999999999999999293e-41
2.008750000000000000e+03 9.999999999999999293e-41
2.008880000000000109e+03 9.999999999999999293e-41
2.009000000000000000e+03 9.999999999999999293e-41
2.009119999999999891e+03 9.999999999999999293e-41
2.009250000000000000e+03 9.999999999999999293e-41
2.009380000000000109e+03 9.999999999999999293e-41
2.009500000000000000e+03 9.999999999999999293e-41
2.009619999999999891e+03 9.999999999999999293e-41
2.009750000000000000e+03 9.999999999999999293e-41
2.009880000000000109e+03 9.999999999999999293e-41
2.010000000000000000e+03 9.999999999999999293e-41
2.010119999999999891e+03 9.999999999999999293e-41
2.010250000000000000e+03 9.999999999999999293e-41
2.010380000000000109e+03 9.999999999999999293e-41
2.010500000000000000e+03 9.999999999999999293e-41
2.010619999999999891e+03 9.999999999999999293e-41
2.010750000000000000e+03 9.999999999999999293e-41
2.010880000000000109e+03 9.999999999999999293e-41
2.011000000000000000e+03 9.999999999999999293e-41
2.011119999999999891e+03 9.999999999999999293e-41
2.011250000000000000e+03 9.999999999999999293e-41
2.011380000000000109e+03 9.999999999999999293e-41
2.011500000000000000e+03 9.999999999999999293e-41
2.011619999999999891e+03 9.999999999999999293e-41
2.011750000000000000e+03 9.999999999999999293e-41
2.011880000000000109e+03 9.999999999999999293e-41
2.012000000000000000e+03 9.999999999999999293e-41
2.012119999999999891e+03 9.999999999999999293e-41
2.012250000000000000e+03 9.999999999999999293e-41
2.012380000000000109e+03 9.999999999999999293e-41
2.012500000000000000e+03 9.999999999999999293e-41
2.012619999999999891e+03 9.999999999999999293e-41
2.012750000000000000e+03 9.999999999999999293e-41
2.012880000000000109e+03 9.999999999999999293e-41
2.013000000000000000e+03 9.999999999999999293e-41
2.013119999999999891e+03 9.999999999999999293e-41
2.013250000000000000e+03 9.999999999999999293e-41
2.013380000000000109e+03 9.999999999999999293e-41
2.013500000000000000e+03 9.999999999999999293e-41
2.013619999999999891e+03 9.999999999999999293e-41
2.013750000000000000e+03 9.999999999999999293e-41
2.013880000000000109e+03 9.999999999999999293e-41
2.014000000000000000e+03 9.999999999999999293e-41
2.014119999999999891e+03 9.999999999999999293e-41
2.014250000000000000e+03 9.999999999999999293e-41
2.014380000000000109e+03 9.999999999999999293e-41
2.014500000000000000e+03 9.999999999999999293e-41
2.014619999999999891e+03 9.999999999999999293e-41
2.014750000000000000e+03 9.999999999999999293e-41
2.014880000000000109e+03 9.999999999999999293e-41
2.015000000000000000e+03 9.999999999999999293e-41
2.015119999999999891e+03 9.999999999999999293e-41
2.015250000000000000e+03 9.999999999999999293e-41
2.015380000000000109e+03 9.999999999999999293e-41
2.015500000000000000e+03 9.999999999999999293e-41
2.015619999999999891e+03 9.999999999999999293e-41
2.015750000000000000e+03 9.999999999999999293e-41
2.015880000000000109e+03 9.999999999999999293e-41
2.016000000000000000e+03 9.999999999999999293e-41
2.016119999999999891e+03 9.999999999999999293e-41
2.016250000000000000e+03 9.999999999999999293e-41
2.016380000000000109e+03 9.999999999999999293e-41
2.016500000000000000e+03 9.999999999999999293e-41
2.016619999999999891e+03 9.999999999999999293e-41
2.016750000000000000e+03 9.999999999999999293e-41
2.016880000000000109e+03 9.999999999999999293e-41
2.017000000000000000e+03 9.999999999999999293e-41
2.017119999999999891e+03 9.999999999999999293e-41
2.017250000000000000e+03 9.999999999999999293e-41
2.017380000000000109e+03 9.999999999999999293e-41
2.017500000000000000e+03 9.999999999999999293e-41
2.017619999999999891e+03 9.999999999999999293e-41
2.017750000000000000e+03 9.999999999999999293e-41
2.017880000000000109e+03 9.999999999999999293e-41
2.018000000000000000e+03 9.999999999999999293e-41
2.018119999999999891e+03 9.999999999999999293e-41
2.018250000000000000e+03 9.999999999999999293e-41
2.018380000000000109e+03 9.999999999999999293e-41
2.018500000000000000e+03 9.999999999999999293e-41
2.018619999999999891e+03 9.999999999999999293e-41
2.018750000000000000e+03 9.999999999999999293e-41
2.018880000000000109e+03 9.999999999999999293e-41
2.019000000000000000e+03 9.999999999999999293e-41
2.019119999999999891e+03 9.999999999999999293e-41
2.019250000000000000e+03 9.999999999999999293e-41
2.019380000000000109e+03 9.999999999999999293e-41
2.019500000000000000e+03 9.999999999999999293e-41
2.019619999999999891e+03 9.999999999999999293e-41
2.019750000000000000e+03 9.999999999999999293e-41
2.019880000000000109e+03 9.999999999999999293e-41
2.020000000000000000e+03 9.999999999999999293e-41
2.020119999999999891e+03 9.999999999999999293e-41
2.020250000000000000e+03 9.999999999999999293e-41
2.020380000000000109e+03 9.999999999999999293e-41
2.020500000000000000e+03 9.999999999999999293e-41
2.020619999999999891e+03 9.999999999999999293e-41
2.020750000000000000e+03 9.999999999999999293e-41
2.020880000000000109e+03 9.999999999999999293e-41
2.021000000000000000e+03 9.999999999999999293e-41
2.021119999999999891e+03 9.999999999999999293e-41
2.021250000000000000e+03 9.999999999999999293e-41
2.021380000000000109e+03 9.999999999999999293e-41
2.021500000000000000e+03 9.999999999999999293e-41
2.021619999999999891e+03 9.999999999999999293e-41
2.021750000000000000e+03 9.999999999999999293e-41
2.021880000000000109e+03 9.999999999999999293e-41
2.022000000000000000e+03 9.999999999999999293e-41
2.022119999999999891e+03 9.999999999999999293e-41
2.022250000000000000e+03 9.999999999999999293e-41
2.022380000000000109e+03 9.999999999999999293e-41
2.022500000000000000e+03 9.999999999999999293e-41
2.022619999999999891e+03 9.999999999999999293e-41
2.022750000000000000e+03 9.999999999999999293e-41
2.022880000000000109e+03 9.999999999999999293e-41
2.023000000000000000e+03 9.999999999999999293e-41
2.023119999999999891e+03 9.999999999999999293e-41
2.023250000000000000e+03 9.999999999999999293e-41
2.023380000000000109e+03 9.999999999999999293e-41
2.023500000000000000e+03 9.999999999999999293e-41
2.023619999999999891e+03 9.999999999999999293e-41
2.023750000000000000e+03 9.999999999999999293e-41
2.023880000000000109e+03 9.999999999999999293e-41
2.024000000000000000e+03 9.999999999999999293e-41
2.024119999999999891e+03 9.999999999999999293e-41
2.024250000000000000e+03 9.999999999999999293e-41
2.024380000000000109e+03 9.999999999999999293e-41
2.024500000000000000e+03 9.999999999999999293e-41
2.024619999999999891e+03 9.999999999999999293e-41
2.024750000000000000e+03 9.999999999999999293e-41
2.024880000000000109e+03 9.999999999999999293e-41
2.025000000000000000e+03 9.999999999999999293e-41
2.025119999999999891e+03 9.999999999999999293e-41
2.025250000000000000e+03 9.999999999999999293e-41
2.025380000000000109e+03 9.999999999999999293e-41
2.025500000000000000e+03 9.999999999999999293e-41
2.025619999999999891e+03 9.999999999999999293e-41
2.025750000000000000e+03 9.999999999999999293e-41
2.025880000000000109e+03 9.999999999999999293e-41
2.026000000000000000e+03 9.999999999999999293e-41
2.026119999999999891e+03 9.999999999999999293e-41
2.026250000000000000e+03 9.999999999999999293e-41
2.026380000000000109e+03 9.999999999999999293e-41
2.026500000000000000e+03 9.999999999999999293e-41
2.026619999999999891e+03 9.999999999999999293e-41
2.026750000000000000e+03 9.999999999999999293e-41
2.026880000000000109e+03 9.999999999999999293e-41
2.027000000000000000e+03 9.999999999999999293e-41
2.027119999999999891e+03 9.999999999999999293e-41
2.027250000000000000e+03 9.999999999999999293e-41
2.027380000000000109e+03 9.999999999999999293e-41
2.027500000000000000e+03 9.999999999999999293e-41
2.027619999999999891e+03 9.999999999999999293e-41
2.027750000000000000e+03 9.999999999999999293e-41
2.027880000000000109e+03 9.999999999999999293e-41
2.028000000000000000e+03 9.999999999999999293e-41
2.028119999999999891e+03 9.999999999999999293e-41
2.028250000000000000e+03 9.999999999999999293e-41
2.028380000000000109e+03 9.999999999999999293e-41
2.028500000000000000e+03 9.999999999999999293e-41
2.028619999999999891e+03 9.999999999999999293e-41
2.028750000000000000e+03 9.999999999999999293e-41
2.028880000000000109e+03 9.999999999999999293e-41
2.029000000000000000e+03 9.999999999999999293e-41
2.029119999999999891e+03 9.999999999999999293e-41
2.029250000000000000e+03 9.999999999999999293e-41
2.029380000000000109e+03 9.999999999999999293e-41
2.029500000000000000e+03 9.999999999999999293e-41
2.029619999999999891e+03 9.999999999999999293e-41
2.029750000000000000e+03 9.999999999999999293e-41
2.029880000000000109e+03 9.999999999999999293e-41
2.030000000000000000e+03 9.999999999999999293e-41
2.030119999999999891e+03 9.999999999999999293e-41
2.030250000000000000e+03 9.999999999999999293e-41
2.030380000000000109e+03 9.999999999999999293e-41
2.030500000000000000e+03 9.999999999999999293e-41
2.030619999999999891e+03 9.999999999999999293e-41
2.030750000000000000e+03 9.999999999999999293e-41
2.030880000000000109e+03 9.999999999999999293e-41
2.031000000000000000e+03 9.999999999999999293e-41
2.031119999999999891e+03 9.999999999999999293e-41
2.031250000000000000e+03 9.999999999999999293e-41
2.031380000000000109e+03 9.999999999999999293e-41
2.031500000000000000e+03 9.999999999999999293e-41
2.031619999999999891e+03 9.999999999999999293e-41
2.031750000000000000e+03 9.999999999999999293e-41
2.031880000000000109e+03 9.999999999999999293e-41
2.032000000000000000e+03 9.999999999999999293e-41
2.032119999999999891e+03 9.999999999999999293e-41
2.032250000000000000e+03 9.999999999999999293e-41
2.032380000000000109e+03 9.999999999999999293e-41
2.032500000000000000e+03 9.999999999999999293e-41
2.032619999999999891e+03 9.999999999999999293e-41
2.032750000000000000e+03 9.999999999999999293e-41
2.032880000000000109e+03 9.999999999999999293e-41
2.033000000000000000e+03 9.999999999999999293e-41
2.033119999999999891e+03 9.999999999999999293e-41
2.033250000000000000e+03 9.999999999999999293e-41
2.033380000000000109e+03 9.999999999999999293e-41
2.033500000000000000e+03 9.999999999999999293e-41
2.033619999999999891e+03 9.999999999999999293e-41
2.033750000000000000e+03 9.999999999999999293e-41
2.033880000000000109e+03 9.999999999999999293e-41
2.034000000000000000e+03 9.999999999999999293e-41
2.034119999999999891e+03 9.999999999999999293e-41
2.034250000000000000e+03 9.999999999999999293e-41
2.034380000000000109e+03 9.999999999999999293e-41
2.034500000000000000e+03 9.999999999999999293e-41
2.034619999999999891e+03 9.999999999999999293e-41
2.034750000000000000e+03 9.999999999999999293e-41
2.034880000000000109e+03 9.999999999999999293e-41
2.035000000000000000e+03 9.999999999999999293e-41
2.035119999999999891e+03 9.999999999999999293e-41
2.035250000000000000e+03 9.999999999999999293e-41
2.035380000000000109e+03 9.999999999999999293e-41
2.035500000000000000e+03 9.999999999999999293e-41
2.035619999999999891e+03 9.999999999999999293e-41
2.035750000000000000e+03 9.999999999999999293e-41
2.035880000000000109e+03 9.999999999999999293e-41
2.036000000000000000e+03 9.999999999999999293e-41
2.036119999999999891e+03 9.999999999999999293e-41
2.036250000000000000e+03 9.999999999999999293e-41
2.036380000000000109e+03 9.999999999999999293e-41
2.036500000000000000e+03 9.999999999999999293e-41
2.036619999999999891e+03 9.999999999999999293e-41
2.036750000000000000e+03 9.999999999999999293e-41
2.036880000000000109e+03 9.999999999999999293e-41
2.037000000000000000e+03 9.999999999999999293e-41
2.037119999999999891e+03 9.999999999999999293e-41
2.037250000000000000e+03 9.999999999999999293e-41
2.037380000000000109e+03 9.999999999999999293e-41
2.037500000000000000e+03 9.999999999999999293e-41
2.037619999999999891e+03 9.999999999999999293e-41
2.037750000000000000e+03 9.999999999999999293e-41
2.037880000000000109e+03 9.999999999999999293e-41
2.038000000000000000e+03 9.999999999999999293e-41
2.038119999999999891e+03 9.999999999999999293e-41
2.038250000000000000e+03 9.999999999999999293e-41
2.038380000000000109e+03 9.999999999999999293e-41
2.038500000000000000e+03 9.999999999999999293e-41
2.038619999999999891e+03 9.999999999999999293e-41
2.038750000000000000e+03 9.999999999999999293e-41
2.038880000000000109e+03 9.999999999999999293e-41
2.039000000000000000e+03 9.999999999999999293e-41
2.039119999999999891e+03 9.999999999999999293e-41
2.039250000000000000e+03 9.999999999999999293e-41
2.039380000000000109e+03 9.999999999999999293e-41
2.039500000000000000e+03 9.999999999999999293e-41
2.039619999999999891e+03 9.999999999999999293e-41
2.039750000000000000e+03 9.999999999999999293e-41
2.039880000000000109e+03 9.999999999999999293e-41
2.040000000000000000e+03 9.999999999999999293e-41
2.040119999999999891e+03 9.999999999999999293e-41
2.040250000000000000e+03 9.999999999999999293e-41
2.040380000000000109e+03 9.999999999999999293e-41
2.040500000000000000e+03 9.999999999999999293e-41
2.040619999999999891e+03 9.999999999999999293e-41
2.040750000000000000e+03 9.999999999999999293e-41
2.040880000000000109e+03 9.999999999999999293e-41
2.041000000000000000e+03 9.999999999999999293e-41
2.041119999999999891e+03 9.999999999999999293e-41
2.041250000000000000e+03 9.999999999999999293e-41
2.041380000000000109e+03 9.999999999999999293e-41
2.041500000000000000e+03 9.999999999999999293e-41
2.041619999999999891e+03 9.999999999999999293e-41
2.041750000000000000e+03 9.999999999999999293e-41
2.041880000000000109e+03 9.999999999999999293e-41
2.042000000000000000e+03 9.999999999999999293e-41
2.042119999999999891e+03 9.999999999999999293e-41
2.042250000000000000e+03 9.999999999999999293e-41
2.042380000000000109e+03 9.999999999999999293e-41
2.042500000000000000e+03 9.999999999999999293e-41
2.042619999999999891e+03 9.999999999999999293e-41
2.042750000000000000e+03 9.999999999999999293e-41
2.042880000000000109e+03 9.999999999999999293e-41
2.043000000000000000e+03 9.999999999999999293e-41
2.043119999999999891e+03 9.999999999999999293e-41
2.043250000000000000e+03 9.999999999999999293e-41
2.043380000000000109e+03 9.999999999999999293e-41
2.043500000000000000e+03 9.999999999999999293e-41
2.043619999999999891e+03 9.999999999999999293e-41
2.043750000000000000e+03 9.999999999999999293e-41
2.043880000000000109e+03 9.999999999999999293e-41
2.044000000000000000e+03 9.999999999999999293e-41
2.044119999999999891e+03 9.999999999999999293e-41
2.044250000000000000e+03 9.999999999999999293e-41
2.044380000000000109e+03 9.999999999999999293e-41
2.044500000000000000e+03 9.999999999999999293e-41
2.044619999999999891e+03 9.999999999999999293e-41
2.044750000000000000e+03 9.999999999999999293e-41
2.044880000000000109e+03 9.999999999999999293e-41
2.045000000000000000e+03 9.999999999999999293e-41
2.045119999999999891e+03 9.999999999999999293e-41
2.045250000000000000e+03 9.999999999999999293e-41
2.045380000000000109e+03 9.999999999999999293e-41
2.045500000000000000e+03 9.999999999999999293e-41
2.045619999999999891e+03 9.999999999999999293e-41
2.045750000000000000e+03 9.999999999999999293e-41
2.045880000000000109e+03 9.999999999999999293e-41
2.046000000000000000e+03 9.999999999999999293e-41
2.046119999999999891e+03 9.999999999999999293e-41
2.046250000000000000e+03 9.999999999999999293e-41
2.046380000000000109e+03 9.999999999999999293e-41
2.046500000000000000e+03 9.999999999999999293e-41
2.046619999999999891e+03 9.999999999999999293e-41
2.046750000000000000e+03 9.999999999999999293e-41
2.046880000000000109e+03 9.999999999999999293e-41
2.047000000000000000e+03 9.999999999999999293e-41
2.047119999999999891e+03 9.999999999999999293e-41
2.047250000000000000e+03 9.999999999999999293e-41
2.047380000000000109e+03 9.999999999999999293e-41
2.047500000000000000e+03 9.999999999999999293e-41
2.047619999999999891e+03 9.999999999999999293e-41
2.047750000000000000e+03 9.999999999999999293e-41
2.047880000000000109e+03 9.999999999999999293e-41
2.048000000000000000e+03 9.999999999999999293e-41
