0.000000000000000000e+00 9.999999999999999293e-41
1.250000000000000000e-01 9.999999999999999293e-41
2.500000000000000000e-01 9.999999999999999293e-41
3.750000000000000000e-01 9.999999999999999293e-41
5.000000000000000000e-01 9.999999999999999293e-41
6.250000000000000000e-01 9.999999999999999293e-41
7.500000000000000000e-01 9.999999999999999293e-41
8.750000000000000000e-01 9.999999999999999293e-41
1.000000000000000000e+00 9.999999999999999293e-41
1.125000000000000000e+00 9.999999999999999293e-41
1.250000000000000000e+00 9.999999999999999293e-41
1.375000000000000000e+00 9.999999999999999293e-41
1.500000000000000000e+00 9.999999999999999293e-41
1.625000000000000000e+00 9.999999999999999293e-41
1.750000000000000000e+00 9.999999999999999293e-41
1.875000000000000000e+00 9.999999999999999293e-41
2.000000000000000000e+00 9.999999999999999293e-41
2.125000000000000000e+00 9.999999999999999293e-41
2.250000000000000000e+00 9.999999999999999293e-41
2.375000000000000000e+00 9.999999999999999293e-41
2.500000000000000000e+00 9.999999999999999293e-41
2.625000000000000000e+00 9.999999999999999293e-41
2.750000000000000000e+00 9.999999999999999293e-41
2.875000000000000000e+00 9.999999999999999293e-41
3.000000000000000000e+00 9.999999999999999293e-41
3.125000000000000000e+00 9.999999999999999293e-41
3.250000000000000000e+00 9.999999999999999293e-41
3.375000000000000000e+00 9.999999999999999293e-41
3.500000000000000000e+00 9.999999999999999293e-41
3.625000000000000000e+00 9.999999999999999293e-41
3.750000000000000000e+00 9.999999999999999293e-41
3.875000000000000000e+00 9.999999999999999293e-41
4.000000000000000000e+00 9.999999999999999293e-41
4.125000000000000000e+00 9.999999999999999293e-41
4.250000000000000000e+00 9.999999999999999293e-41
4.375000000000000000e+00 9.999999999999999293e-41
4.500000000000000000e+00 9.999999999999999293e-41
4.625000000000000000e+00 9.999999999999999293e-41
4.750000000000000000e+00 9.999999999999999293e-41
4.875000000000000000e+00 9.999999999999999293e-41
5.000000000000000000e+00 9.999999999999999293e-41
5.125000000000000000e+00 9.999999999999999293e-41
5.250000000000000000e+00 9.999999999999999293e-41
5.375000000000000000e+00 9.999999999999999293e-41
5.500000000000000000e+00 9.999999999999999293e-41
5.625000000000000000e+00 9.999999999999999293e-41
5.750000000000000000e+00 9.999999999999999293e-41
5.875000000000000000e+00 9.999999999999999293e-41
6.000000000000000000e+00 9.999999999999999293e-41
6.125000000000000000e+00 9.999999999999999293e-41
6.250000000000000000e+00 9.999999999999999293e-41
6.375000000000000000e+00 9.999999999999999293e-41
6.500000000000000000e+00 9.999999999999999293e-41
6.625000000000000000e+00 9.999999999999999293e-41
6.750000000000000000e+00 9.999999999999999293e-41
6.875000000000000000e+00 9.999999999999999293e-41
7.000000000000000000e+00 9.999999999999999293e-41
7.125000000000000000e+00 9.999999999999999293e-41
7.250000000000000000e+00 9.999999999999999293e-41
7.375000000000000000e+00 9.999999999999999293e-41
7.500000000000000000e+00 9.999999999999999293e-41
7.625000000000000000e+00 9.999999999999999293e-41
7.750000000000000000e+00 9.999999999999999293e-41
7.875000000000000000e+00 9.999999999999999293e-41
8.000000000000000000e+00 9.999999999999999293e-41
8.125000000000000000e+00 9.999999999999999293e-41
8.250000000000000000e+00 9.999999999999999293e-41
8.375000000000000000e+00 9.999999999999999293e-41
8.500000000000000000e+00 9.999999999999999293e-41
8.625000000000000000e+00 9.999999999999999293e-41
8.750000000000000000e+00 9.999999999999999293e-41
8.875000000000000000e+00 9.999999999999999293e-41
9.000000000000000000e+00 9.999999999999999293e-41
9.125000000000000000e+00 9.999999999999999293e-41
9.250000000000000000e+00 9.999999999999999293e-41
9.375000000000000000e+00 9.999999999999999293e-41
9.500000000000000000e+00 9.999999999999999293e-41
9.625000000000000000e+00 9.999999999999999293e-41
9.750000000000000000e+00 9.999999999999999293e-41
9.875000000000000000e+00 9.999999999999999293e-41
1.000000000000000000e+01 9.999999999999999293e-41
1.012500000000000000e+01 9.999999999999999293e-41
1.025000000000000000e+01 9.999999999999999293e-41
1.037500000000000000e+01 9.999999999999999293e-41
1.050000000000000000e+01 9.999999999999999293e-41
1.062500000000000000e+01 9.999999999999999293e-41
1.075000000000000000e+01 9.999999999999999293e-41
1.087500000000000000e+01 9.999999999999999293e-41
1.100000000000000000e+01 9.999999999999999293e-41
1.112500000000000000e+01 9.999999999999999293e-41
1.125000000000000000e+01 9.999999999999999293e-41
1.137500000000000000e+01 9.999999999999999293e-41
1.150000000000000000e+01 9.999999999999999293e-41
1.162500000000000000e+01 9.999999999999999293e-41
1.175000000000000000e+01 9.999999999999999293e-41
1.187500000000000000e+01 9.999999999999999293e-41
1.200000000000000000e+01 9.999999999999999293e-41
1.212500000000000000e+01 9.999999999999999293e-41
1.225000000000000000e+01 9.999999999999999293e-41
1.237500000000000000e+01 9.999999999999999293e-41
1.250000000000000000e+01 9.999999999999999293e-41
1.262500000000000000e+01 9.999999999999999293e-41
1.275000000000000000e+01 9.999999999999999293e-41
1.287500000000000000e+01 9.999999999999999293e-41
1.300000000000000000e+01 9.999999999999999293e-41
1.312500000000000000e+01 9.999999999999999293e-41
1.325000000000000000e+01 9.999999999999999293e-41
1.337500000000000000e+01 9.999999999999999293e-41
1.350000000000000000e+01 9.999999999999999293e-41
1.362500000000000000e+01 9.999999999999999293e-41
1.375000000000000000e+01 9.999999999999999293e-41
1.387500000000000000e+01 9.999999999999999293e-41
1.400000000000000000e+01 9.999999999999999293e-41
1.412500000000000000e+01 9.999999999999999293e-41
1.425000000000000000e+01 9.999999999999999293e-41
1.437500000000000000e+01 9.999999999999999293e-41
1.450000000000000000e+01 9.999999999999999293e-41
1.462500000000000000e+01 9.999999999999999293e-41
1.475000000000000000e+01 9.999999999999999293e-41
1.487500000000000000e+01 9.999999999999999293e-41
1.500000000000000000e+01 9.999999999999999293e-41
1.512500000000000000e+01 9.999999999999999293e-41
1.525000000000000000e+01 9.999999999999999293e-41
1.537500000000000000e+01 9.999999999999999293e-41
1.550000000000000000e+01 9.999999999999999293e-41
1.562500000000000000e+01 9.999999999999999293e-41
1.575000000000000000e+01 9.999999999999999293e-41
1.587500000000000000e+01 9.999999999999999293e-41
1.600000000000000000e+01 9.999999999999999293e-41
1.612500000000000000e+01 9.999999999999999293e-41
1.625000000000000000e+01 9.999999999999999293e-41
1.637500000000000000e+01 9.999999999999999293e-41
1.650000000000000000e+01 9.999999999999999293e-41
1.662500000000000000e+01 9.999999999999999293e-41
1.675000000000000000e+01 9.999999999999999293e-41
1.687500000000000000e+01 9.999999999999999293e-41
1.700000000000000000e+01 9.999999999999999293e-41
1.712500000000000000e+01 9.999999999999999293e-41
1.725000000000000000e+01 9.999999999999999293e-41
1.737500000000000000e+01 9.999999999999999293e-41
1.750000000000000000e+01 9.999999999999999293e-41
1.762500000000000000e+01 9.999999999999999293e-41
1.775000000000000000e+01 9.999999999999999293e-41
1.787500000000000000e+01 9.999999999999999293e-41
1.800000000000000000e+01 9.999999999999999293e-41
1.812500000000000000e+01 9.999999999999999293e-41
1.825000000000000000e+01 9.999999999999999293e-41
1.837500000000000000e+01 9.999999999999999293e-41
1.850000000000000000e+01 9.999999999999999293e-41
1.862500000000000000e+01 9.999999999999999293e-41
1.875000000000000000e+01 9.999999999999999293e-41
1.887500000000000000e+01 9.999999999999999293e-41
1.900000000000000000e+01 9.999999999999999293e-41
1.912500000000000000e+01 9.999999999999999293e-41
1.925000000000000000e+01 9.999999999999999293e-41
1.937500000000000000e+01 9.999999999999999293e-41
1.950000000000000000e+01 9.999999999999999293e-41
1.962500000000000000e+01 9.999999999999999293e-41
1.975000000000000000e+01 9.999999999999999293e-41
1.987500000000000000e+01 9.999999999999999293e-41
2.000000000000000000e+01 9.999999999999999293e-41
2.012500000000000000e+01 2.734450000000000026e-45
2.025000000000000000e+01 2.648049999999999876e-45
2.037500000000000000e+01 2.560650000000000032e-45
2.050000000000000000e+01 2.478629999999999959e-45
2.062500000000000000e+01 2.399229999999999851e-45
2.075000000000000000e+01 2.321979999999999851e-45
2.087500000000000000e+01 2.246719999999999918e-45
2.100000000000000000e+01 2.173960000000000000e-45
2.112500000000000000e+01 2.104019999999999863e-45
2.125000000000000000e+01 2.035219999999999883e-45
2.137500000000000000e+01 1.968259999999999876e-45
2.150000000000000000e+01 1.903569999999999926e-45
2.162500000000000000e+01 1.841210000000000009e-45
2.175000000000000000e+01 1.781980000000000005e-45
2.187500000000000000e+01 1.724730000000000126e-45
2.200000000000000000e+01 1.669379999999999884e-45
2.212500000000000000e+01 1.615879999999999872e-45
2.225000000000000000e+01 1.564159999999999857e-45
2.237500000000000000e+01 1.514159999999999866e-45
2.250000000000000000e+01 1.465829999999999866e-45
2.262500000000000000e+01 1.419109999999999882e-45
2.275000000000000000e+01 1.374989999999999976e-45
2.287500000000000000e+01 1.336149999999999934e-45
2.300000000000000000e+01 1.298159999999999959e-45
2.312500000000000000e+01 1.258869999999999945e-45
2.325000000000000000e+01 1.221299999999999954e-45
2.337500000000000000e+01 1.183399999999999943e-45
2.350000000000000000e+01 1.146620000000000044e-45
2.362500000000000000e+01 1.111030000000000021e-45
2.375000000000000000e+01 1.076999999999999983e-45
2.387500000000000000e+01 1.046719999999999968e-45
2.400000000000000000e+01 1.018659999999999979e-45
2.412500000000000000e+01 9.907030000000000355e-46
2.425000000000000000e+01 9.642169999999999524e-46
2.437500000000000000e+01 9.354349999999999574e-46
2.450000000000000000e+01 9.081289999999999503e-46
2.462500000000000000e+01 8.804869999999999560e-46
2.475000000000000000e+01 8.555280000000000420e-46
2.487500000000000000e+01 8.281809999999999531e-46
2.500000000000000000e+01 8.026859999999999264e-46
2.512500000000000000e+01 7.813360000000000461e-46
2.525000000000000000e+01 7.587290000000000418e-46
2.537500000000000000e+01 7.396709999999999402e-46
2.550000000000000000e+01 7.204320000000000733e-46
2.562500000000000000e+01 7.006549999999999493e-46
2.575000000000000000e+01 6.755150000000000367e-46
2.587500000000000000e+01 6.550979999999999928e-46
2.600000000000000000e+01 6.403660000000000362e-46
2.612500000000000000e+01 6.204349999999999959e-46
2.625000000000000000e+01 6.024840000000000018e-46
2.637500000000000000e+01 5.881020000000000317e-46
2.650000000000000000e+01 5.735190000000000194e-46
2.662500000000000000e+01 5.594620000000000202e-46
2.675000000000000000e+01 5.479780000000000167e-46
2.687500000000000000e+01 5.403170000000000164e-46
2.700000000000000000e+01 5.447350000000000356e-46
2.712500000000000000e+01 5.593429999999999859e-46
2.725000000000000000e+01 5.978060000000000369e-46
2.737500000000000000e+01 8.995939999999999391e-46
2.750000000000000000e+01 1.149530000000000068e-44
2.762500000000000000e+01 9.324450000000000389e-46
2.775000000000000000e+01 5.679590000000000106e-46
2.787500000000000000e+01 4.825870000000000217e-46
2.800000000000000000e+01 4.413080000000000121e-46
2.812500000000000000e+01 4.120420000000000024e-46
2.825000000000000000e+01 3.903340000000000248e-46
2.837500000000000000e+01 3.757039999999999642e-46
2.850000000000000000e+01 3.631130000000000088e-46
2.862500000000000000e+01 3.529360000000000050e-46
2.875000000000000000e+01 3.429359999999999834e-46
2.887500000000000000e+01 3.327699999999999960e-46
2.900000000000000000e+01 3.228919999999999919e-46
2.912500000000000000e+01 3.139130000000000144e-46
2.925000000000000000e+01 3.050109999999999951e-46
2.937500000000000000e+01 2.973050000000000131e-46
2.950000000000000000e+01 2.890979999999999949e-46
2.962500000000000000e+01 2.811710000000000048e-46
2.975000000000000000e+01 2.733029999999999958e-46
2.987500000000000000e+01 2.660070000000000148e-46
3.000000000000000000e+01 2.591330000000000065e-46
3.012500000000000000e+01 2.532040000000000008e-46
3.025000000000000000e+01 2.470259999999999880e-46
3.037500000000000000e+01 2.414730000000000179e-46
3.050000000000000000e+01 2.355530000000000007e-46
3.062500000000000000e+01 2.295300000000000153e-46
3.075000000000000000e+01 2.242280000000000022e-46
3.087500000000000000e+01 2.193120000000000076e-46
3.100000000000000000e+01 2.145230000000000026e-46
3.112500000000000000e+01 2.097089999999999818e-46
3.125000000000000000e+01 2.039280000000000038e-46
3.137500000000000000e+01 1.985619999999999987e-46
3.150000000000000000e+01 1.941180000000000082e-46
3.162500000000000000e+01 1.897619999999999921e-46
3.175000000000000000e+01 1.855289999999999880e-46
3.187500000000000000e+01 1.814339999999999896e-46
3.200000000000000000e+01 1.775489999999999832e-46
3.212500000000000000e+01 1.737500000000000013e-46
3.225000000000000000e+01 1.697860000000000091e-46
3.237500000000000000e+01 1.660540000000000024e-46
3.250000000000000000e+01 1.624030000000000092e-46
3.262500000000000000e+01 1.587880000000000091e-46
3.275000000000000000e+01 1.552810000000000076e-46
3.287500000000000000e+01 1.518790000000000021e-46
3.300000000000000000e+01 1.485849999999999953e-46
3.312500000000000000e+01 1.453920000000000068e-46
3.325000000000000000e+01 1.424779999999999936e-46
3.337500000000000000e+01 1.396530000000000077e-46
3.350000000000000000e+01 1.368800000000000030e-46
3.362500000000000000e+01 1.341020000000000069e-46
3.375000000000000000e+01 1.313910000000000054e-46
3.387500000000000000e+01 1.287670000000000034e-46
3.400000000000000000e+01 1.262279999999999925e-46
3.412500000000000000e+01 1.237359999999999910e-46
3.425000000000000000e+01 1.211459999999999932e-46
3.437500000000000000e+01 1.187289999999999999e-46
3.450000000000000000e+01 1.164720000000000060e-46
3.462500000000000000e+01 1.143030000000000059e-46
3.475000000000000000e+01 1.121569999999999939e-46
3.487500000000000000e+01 1.100469999999999943e-46
3.500000000000000000e+01 1.080789999999999977e-46
3.512500000000000000e+01 1.061719999999999903e-46
3.525000000000000000e+01 1.043249999999999974e-46
3.537500000000000000e+01 1.025370000000000049e-46
3.550000000000000000e+01 1.008049999999999908e-46
3.562500000000000000e+01 9.912819999999999466e-47
3.575000000000000000e+01 9.750469999999999588e-47
3.587500000000000000e+01 9.593309999999999066e-47
3.600000000000000000e+01 9.441179999999999963e-47
3.612500000000000000e+01 9.293950000000000671e-47
3.625000000000000000e+01 9.151480000000000808e-47
3.637500000000000000e+01 9.013640000000000711e-47
3.650000000000000000e+01 8.880309999999999497e-47
3.662500000000000000e+01 8.751360000000000420e-47
3.675000000000000000e+01 8.626690000000000151e-47
3.687500000000000000e+01 8.506170000000000000e-47
3.700000000000000000e+01 8.386130000000000470e-47
3.712500000000000000e+01 8.268009999999999533e-47
3.725000000000000000e+01 8.151819999999999855e-47
3.737500000000000000e+01 8.029479999999999580e-47
3.750000000000000000e+01 7.911309999999999895e-47
3.762500000000000000e+01 7.790329999999999595e-47
3.775000000000000000e+01 7.674539999999999624e-47
3.787500000000000000e+01 7.564910000000000000e-47
3.800000000000000000e+01 7.459259999999999889e-47
3.812500000000000000e+01 7.366710000000000387e-47
3.825000000000000000e+01 7.289199999999999585e-47
3.837500000000000000e+01 7.212859999999999627e-47
3.850000000000000000e+01 7.125409999999999790e-47
3.862500000000000000e+01 7.042100000000000322e-47
3.875000000000000000e+01 6.961060000000000406e-47
3.887500000000000000e+01 6.882309999999999541e-47
3.900000000000000000e+01 6.808649999999999563e-47
3.912500000000000000e+01 6.747049999999999984e-47
3.925000000000000000e+01 6.743639999999999809e-47
3.937500000000000000e+01 6.702629999999999967e-47
3.950000000000000000e+01 6.679600000000000073e-47
3.962500000000000000e+01 6.679189999999999645e-47
3.975000000000000000e+01 6.700440000000000357e-47
3.987500000000000000e+01 6.741880000000000127e-47
4.000000000000000000e+01 6.852749999999999814e-47
4.012500000000000000e+01 7.041419999999999848e-47
4.025000000000000000e+01 7.354389999999999693e-47
4.037500000000000000e+01 7.994400000000000010e-47
4.050000000000000000e+01 9.119509999999999202e-47
4.062500000000000000e+01 1.202829999999999986e-46
4.075000000000000000e+01 2.337549999999999864e-46
4.087500000000000000e+01 1.742459999999999878e-45
4.100000000000000000e+01 8.514470000000000043e-46
4.112500000000000000e+01 1.586829999999999937e-46
4.125000000000000000e+01 9.809880000000000529e-47
4.137500000000000000e+01 7.916599999999999664e-47
4.150000000000000000e+01 7.082499999999999882e-47
4.162500000000000000e+01 6.654970000000000380e-47
4.175000000000000000e+01 6.247129999999999816e-47
4.187500000000000000e+01 6.081569999999999617e-47
4.200000000000000000e+01 5.974490000000000312e-47
4.212500000000000000e+01 5.893709999999999719e-47
4.225000000000000000e+01 5.811250000000000357e-47
4.237500000000000000e+01 5.757579999999999584e-47
4.250000000000000000e+01 5.701819999999999614e-47
4.262500000000000000e+01 5.670949999999999632e-47
4.275000000000000000e+01 5.648779999999999595e-47
4.287500000000000000e+01 5.616899999999999624e-47
4.300000000000000000e+01 5.584410000000000344e-47
4.312500000000000000e+01 5.559600000000000297e-47
4.325000000000000000e+01 5.532989999999999624e-47
4.337500000000000000e+01 5.505679999999999950e-47
4.350000000000000000e+01 5.469210000000000184e-47
4.362500000000000000e+01 5.444400000000000136e-47
4.375000000000000000e+01 5.417530000000000140e-47
4.387500000000000000e+01 5.393859999999999743e-47
4.400000000000000000e+01 5.374550000000000040e-47
4.412500000000000000e+01 5.356050000000000473e-47
4.425000000000000000e+01 5.339590000000000382e-47
4.437500000000000000e+01 5.319550000000000485e-47
4.450000000000000000e+01 5.299889999999999823e-47
4.462500000000000000e+01 5.281230000000000373e-47
4.475000000000000000e+01 5.264859999999999974e-47
4.487500000000000000e+01 5.250579999999999744e-47
4.500000000000000000e+01 5.236209999999999824e-47
4.512500000000000000e+01 5.222589999999999597e-47
4.525000000000000000e+01 5.201600000000000153e-47
4.537500000000000000e+01 5.182300000000000199e-47
4.550000000000000000e+01 5.168010000000000220e-47
4.562500000000000000e+01 5.156619999999999574e-47
4.575000000000000000e+01 5.142869999999999685e-47
4.587500000000000000e+01 5.127510000000000247e-47
4.600000000000000000e+01 5.116240000000000485e-47
4.612500000000000000e+01 5.105009999999999722e-47
4.625000000000000000e+01 5.093810000000000152e-47
4.637500000000000000e+01 5.082820000000000185e-47
4.650000000000000000e+01 5.071900000000000410e-47
4.662500000000000000e+01 5.061019999999999633e-47
4.675000000000000000e+01 5.049049999999999898e-47
4.687500000000000000e+01 5.038179999999999844e-47
4.700000000000000000e+01 5.027260000000000068e-47
4.712500000000000000e+01 5.016439999999999734e-47
4.725000000000000000e+01 5.005660000000000342e-47
4.737500000000000000e+01 4.991359999999999641e-47
4.750000000000000000e+01 4.978910000000000258e-47
4.762500000000000000e+01 4.966950000000000273e-47
4.775000000000000000e+01 4.962560000000000330e-47
4.787500000000000000e+01 4.943599999999999641e-47
4.800000000000000000e+01 4.929370000000000105e-47
4.812500000000000000e+01 4.918049999999999650e-47
4.825000000000000000e+01 4.907479999999999862e-47
4.837500000000000000e+01 4.896969999999999543e-47
4.850000000000000000e+01 4.886500000000000167e-47
4.862500000000000000e+01 4.876060000000000040e-47
4.875000000000000000e+01 4.865650000000000134e-47
4.887500000000000000e+01 4.855270000000000450e-47
4.900000000000000000e+01 4.844929999999999763e-47
4.912500000000000000e+01 4.834609999999999548e-47
4.925000000000000000e+01 4.824180000000000143e-47
4.937500000000000000e+01 4.813690000000000296e-47
4.950000000000000000e+01 4.803219999999999948e-47
4.962500000000000000e+01 4.790010000000000150e-47
4.975000000000000000e+01 4.775859999999999582e-47
4.987500000000000000e+01 4.765310000000000265e-47
5.000000000000000000e+01 4.753479999999999941e-47
5.012500000000000000e+01 4.742290000000000121e-47
5.025000000000000000e+01 4.731749999999999581e-47
5.037500000000000000e+01 4.721390000000000367e-47
5.050000000000000000e+01 4.711410000000000390e-47
5.062500000000000000e+01 4.701440000000000161e-47
5.075000000000000000e+01 4.690300000000000061e-47
5.087500000000000000e+01 4.678840000000000196e-47
5.100000000000000000e+01 4.668930000000000409e-47
5.112500000000000000e+01 4.659040000000000122e-47
5.125000000000000000e+01 4.649199999999999556e-47
5.137500000000000000e+01 4.639369999999999711e-47
5.150000000000000000e+01 4.629589999999999586e-47
5.162500000000000000e+01 4.619839999999999683e-47
5.175000000000000000e+01 4.610129999999999750e-47
5.187500000000000000e+01 4.600459999999999788e-47
5.200000000000000000e+01 4.590759999999999605e-47
5.212500000000000000e+01 4.581159999999999835e-47
5.225000000000000000e+01 4.571360000000000211e-47
5.237500000000000000e+01 4.560039999999999757e-47
5.250000000000000000e+01 4.552549999999999655e-47
5.262500000000000000e+01 4.540020000000000331e-47
5.275000000000000000e+01 4.529770000000000308e-47
5.287500000000000000e+01 4.520070000000000125e-47
5.300000000000000000e+01 4.510590000000000266e-47
5.312500000000000000e+01 4.501120000000000158e-47
5.325000000000000000e+01 4.491480000000000417e-47
5.337500000000000000e+01 4.482280000000000353e-47
5.350000000000000000e+01 4.473169999999999981e-47
5.362500000000000000e+01 4.463420000000000077e-47
5.375000000000000000e+01 4.454480000000000310e-47
5.387500000000000000e+01 4.445870000000000057e-47
5.400000000000000000e+01 4.437350000000000467e-47
5.412500000000000000e+01 4.428980000000000039e-47
5.425000000000000000e+01 4.420700000000000273e-47
5.437500000000000000e+01 4.411350000000000077e-47
5.450000000000000000e+01 4.403000000000000119e-47
5.462500000000000000e+01 4.396050000000000108e-47
5.475000000000000000e+01 4.389029999999999906e-47
5.487500000000000000e+01 4.382269999999999999e-47
5.500000000000000000e+01 4.374850000000000089e-47
5.512500000000000000e+01 4.367740000000000195e-47
5.525000000000000000e+01 4.360870000000000126e-47
5.537500000000000000e+01 4.355200000000000149e-47
5.550000000000000000e+01 4.349650000000000084e-47
5.562500000000000000e+01 4.344970000000000111e-47
5.575000000000000000e+01 4.341360000000000083e-47
5.587500000000000000e+01 4.341039999999999832e-47
5.600000000000000000e+01 4.340660000000000110e-47
5.612500000000000000e+01 4.343180000000000208e-47
5.625000000000000000e+01 4.347440000000000002e-47
5.637500000000000000e+01 4.357069999999999994e-47
5.650000000000000000e+01 4.371450000000000150e-47
5.662500000000000000e+01 4.388050000000000138e-47
5.675000000000000000e+01 4.408310000000000360e-47
5.687500000000000000e+01 4.434560000000000324e-47
5.700000000000000000e+01 4.468500000000000243e-47
5.712500000000000000e+01 4.512690000000000186e-47
5.725000000000000000e+01 4.568739999999999700e-47
5.737500000000000000e+01 4.640849999999999598e-47
5.750000000000000000e+01 4.732840000000000483e-47
5.762500000000000000e+01 4.851240000000000243e-47
5.775000000000000000e+01 5.006480000000000227e-47
5.787500000000000000e+01 5.206880000000000172e-47
5.800000000000000000e+01 5.458439999999999569e-47
5.812500000000000000e+01 5.793989999999999881e-47
5.825000000000000000e+01 6.236999999999999705e-47
5.837500000000000000e+01 6.828479999999999857e-47
5.850000000000000000e+01 7.639560000000000467e-47
5.862500000000000000e+01 8.825080000000000840e-47
5.875000000000000000e+01 1.048709999999999958e-46
5.887500000000000000e+01 1.218880000000000036e-46
5.900000000000000000e+01 1.430260000000000004e-46
5.912500000000000000e+01 1.744210000000000006e-46
5.925000000000000000e+01 2.233850000000000123e-46
5.937500000000000000e+01 3.065629999999999855e-46
5.950000000000000000e+01 4.587860000000000077e-46
5.962500000000000000e+01 8.046859999999999385e-46
5.975000000000000000e+01 1.851040000000000087e-45
5.987500000000000000e+01 8.597000000000000374e-45
6.000000000000000000e+01 1.222270000000000072e-43
6.012500000000000000e+01 4.601620000000000105e-45
6.025000000000000000e+01 1.344849999999999955e-45
6.037500000000000000e+01 6.544849999999999997e-46
6.050000000000000000e+01 3.921239999999999671e-46
6.062500000000000000e+01 2.675940000000000039e-46
6.075000000000000000e+01 1.982200000000000063e-46
6.087500000000000000e+01 1.561249999999999919e-46
6.100000000000000000e+01 1.282949999999999993e-46
6.112500000000000000e+01 1.091429999999999957e-46
6.125000000000000000e+01 9.297029999999999386e-47
6.137500000000000000e+01 7.886880000000000055e-47
6.150000000000000000e+01 6.886430000000000410e-47
6.162500000000000000e+01 6.162510000000000093e-47
6.175000000000000000e+01 5.633930000000000026e-47
6.187500000000000000e+01 5.239340000000000204e-47
6.200000000000000000e+01 4.947450000000000466e-47
6.212500000000000000e+01 4.717109999999999615e-47
6.225000000000000000e+01 4.537380000000000321e-47
6.237500000000000000e+01 4.400390000000000331e-47
6.250000000000000000e+01 4.292699999999999771e-47
6.262500000000000000e+01 4.203389999999999839e-47
6.275000000000000000e+01 4.130110000000000069e-47
6.287500000000000000e+01 4.066549999999999981e-47
6.300000000000000000e+01 4.013999999999999846e-47
6.312500000000000000e+01 3.971410000000000190e-47
6.325000000000000000e+01 3.933130000000000048e-47
6.337500000000000000e+01 3.897580000000000094e-47
6.350000000000000000e+01 3.868369999999999868e-47
6.362500000000000000e+01 3.842890000000000068e-47
6.375000000000000000e+01 3.822179999999999933e-47
6.387500000000000000e+01 3.803860000000000234e-47
6.400000000000000000e+01 3.787369999999999922e-47
6.412500000000000000e+01 3.770969999999999788e-47
6.425000000000000000e+01 3.757589999999999871e-47
6.437500000000000000e+01 3.745540000000000195e-47
6.450000000000000000e+01 3.732550000000000235e-47
6.462500000000000000e+01 3.720130000000000101e-47
6.475000000000000000e+01 3.708469999999999896e-47
6.487500000000000000e+01 3.697900000000000107e-47
6.500000000000000000e+01 3.688049999999999791e-47
6.512500000000000000e+01 3.678729999999999816e-47
6.525000000000000000e+01 3.669570000000000209e-47
6.537500000000000000e+01 3.660709999999999896e-47
6.550000000000000000e+01 3.652459999999999866e-47
6.562500000000000000e+01 3.643970000000000011e-47
6.575000000000000000e+01 3.635899999999999849e-47
6.587500000000000000e+01 3.627850000000000158e-47
6.600000000000000000e+01 3.619870000000000173e-47
6.612500000000000000e+01 3.611959999999999893e-47
6.625000000000000000e+01 3.603820000000000025e-47
6.637500000000000000e+01 3.595939999999999966e-47
6.650000000000000000e+01 3.587909999999999775e-47
6.662500000000000000e+01 3.580110000000000144e-47
6.675000000000000000e+01 3.572649999999999777e-47
6.687500000000000000e+01 3.565180000000000147e-47
6.700000000000000000e+01 3.557639999999999840e-47
6.712500000000000000e+01 3.550410000000000034e-47
6.725000000000000000e+01 3.543380000000000082e-47
6.737500000000000000e+01 3.536279999999999938e-47
6.750000000000000000e+01 3.529019999999999911e-47
6.762500000000000000e+01 3.521730000000000149e-47
6.775000000000000000e+01 3.514310000000000239e-47
6.787500000000000000e+01 3.507770000000000171e-47
6.800000000000000000e+01 3.500360000000000011e-47
6.812500000000000000e+01 3.493680000000000045e-47
6.825000000000000000e+01 3.486650000000000093e-47
6.837500000000000000e+01 3.480099999999999789e-47
6.850000000000000000e+01 3.472550000000000218e-47
6.862500000000000000e+01 3.465569999999999986e-47
6.875000000000000000e+01 3.459800000000000082e-47
6.887500000000000000e+01 3.452460000000000114e-47
6.900000000000000000e+01 3.445929999999999795e-47
6.912500000000000000e+01 3.439769999999999935e-47
6.925000000000000000e+01 3.433570000000000103e-47
6.937500000000000000e+01 3.427490000000000184e-47
6.950000000000000000e+01 3.420600000000000129e-47
6.962500000000000000e+01 3.414859999999999960e-47
6.975000000000000000e+01 3.409249999999999940e-47
6.987500000000000000e+01 3.404169999999999774e-47
7.000000000000000000e+01 3.397920000000000222e-47
7.012500000000000000e+01 3.391670000000000184e-47
7.025000000000000000e+01 3.385489999999999852e-47
7.037500000000000000e+01 3.379039999999999961e-47
7.050000000000000000e+01 3.372980000000000027e-47
7.062500000000000000e+01 3.367110000000000197e-47
7.075000000000000000e+01 3.361589999999999867e-47
7.087500000000000000e+01 3.357170000000000189e-47
7.100000000000000000e+01 3.350209999999999943e-47
7.112500000000000000e+01 3.343419999999999814e-47
7.125000000000000000e+01 3.337330000000000145e-47
7.137500000000000000e+01 3.332599999999999966e-47
7.150000000000000000e+01 3.327319999999999946e-47
7.162500000000000000e+01 3.322230000000000031e-47
7.175000000000000000e+01 3.315990000000000229e-47
7.187500000000000000e+01 3.309120000000000159e-47
7.200000000000000000e+01 3.302560000000000105e-47
7.212500000000000000e+01 3.296779999999999966e-47
7.225000000000000000e+01 3.290110000000000236e-47
7.237500000000000000e+01 3.283460000000000005e-47
7.250000000000000000e+01 3.276829999999999760e-47
7.262500000000000000e+01 3.268299999999999935e-47
7.275000000000000000e+01 3.262270000000000222e-47
7.287500000000000000e+01 3.255779999999999874e-47
7.300000000000000000e+01 3.248089999999999919e-47
7.312500000000000000e+01 3.239649999999999785e-47
7.325000000000000000e+01 3.233070000000000232e-47
7.337500000000000000e+01 3.227090000000000239e-47
7.350000000000000000e+01 3.221080000000000025e-47
7.362500000000000000e+01 3.215270000000000151e-47
7.375000000000000000e+01 3.209700000000000101e-47
7.387500000000000000e+01 3.204209999999999993e-47
7.400000000000000000e+01 3.198630000000000193e-47
7.412500000000000000e+01 3.192540000000000038e-47
7.425000000000000000e+01 3.186199999999999823e-47
7.437500000000000000e+01 3.180349999999999978e-47
7.450000000000000000e+01 3.174870000000000105e-47
7.462500000000000000e+01 3.169410000000000218e-47
7.475000000000000000e+01 3.163630000000000078e-47
7.487500000000000000e+01 3.159579999999999887e-47
7.500000000000000000e+01 3.151400000000000048e-47
7.512500000000000000e+01 3.144999999999999877e-47
7.525000000000000000e+01 3.142470000000000030e-47
7.537500000000000000e+01 3.132860000000000024e-47
7.550000000000000000e+01 3.126620000000000221e-47
7.562500000000000000e+01 3.120880000000000053e-47
7.575000000000000000e+01 3.115340000000000224e-47
7.587500000000000000e+01 3.109279999999999804e-47
7.600000000000000000e+01 3.103239999999999855e-47
7.612500000000000000e+01 3.097079999999999995e-47
7.625000000000000000e+01 3.090949999999999869e-47
7.637500000000000000e+01 3.084829999999999979e-47
7.650000000000000000e+01 3.078730000000000074e-47
7.662500000000000000e+01 3.072659999999999904e-47
7.675000000000000000e+01 3.066599999999999970e-47
7.687500000000000000e+01 3.060560000000000022e-47
7.700000000000000000e+01 3.054719999999999926e-47
7.712500000000000000e+01 3.049229999999999818e-47
7.725000000000000000e+01 3.044369999999999977e-47
7.737500000000000000e+01 3.040680000000000007e-47
7.750000000000000000e+01 3.036799999999999934e-47
7.762500000000000000e+01 3.033519999999999907e-47
7.775000000000000000e+01 3.028119999999999975e-47
7.787500000000000000e+01 3.022589999999999896e-47
7.800000000000000000e+01 3.016990000000000111e-47
7.812500000000000000e+01 3.008080000000000078e-47
7.825000000000000000e+01 3.002479999999999807e-47
7.837500000000000000e+01 2.996820000000000066e-47
7.850000000000000000e+01 2.990990000000000207e-47
7.862500000000000000e+01 2.985899999999999805e-47
7.875000000000000000e+01 2.980590000000000050e-47
7.887500000000000000e+01 2.975719999999999973e-47
7.900000000000000000e+01 2.970160000000000159e-47
7.912500000000000000e+01 2.964309999999999828e-47
7.925000000000000000e+01 2.958400000000000027e-47
7.937500000000000000e+01 2.952820000000000228e-47
7.950000000000000000e+01 2.947390000000000075e-47
7.962500000000000000e+01 2.942309999999999909e-47
7.975000000000000000e+01 2.937290000000000185e-47
7.987500000000000000e+01 2.931559999999999766e-47
8.000000000000000000e+01 2.925849999999999819e-47
8.012500000000000000e+01 2.920309999999999990e-47
8.025000000000000000e+01 2.915280000000000030e-47
8.037500000000000000e+01 2.910369999999999982e-47
8.050000000000000000e+01 2.905369999999999758e-47
8.062500000000000000e+01 2.900159999999999930e-47
8.075000000000000000e+01 2.895169999999999941e-47
8.087500000000000000e+01 2.890359999999999820e-47
8.100000000000000000e+01 2.885659999999999862e-47
8.112500000000000000e+01 2.880990000000000124e-47
8.125000000000000000e+01 2.876319999999999901e-47
8.137500000000000000e+01 2.871779999999999825e-47
8.150000000000000000e+01 2.867019999999999911e-47
8.162500000000000000e+01 2.862450000000000100e-47
8.175000000000000000e+01 2.857560000000000038e-47
8.187500000000000000e+01 2.852519999999999842e-47
8.200000000000000000e+01 2.847739999999999943e-47
8.212500000000000000e+01 2.842379999999999982e-47
8.225000000000000000e+01 2.837040000000000006e-47
8.237500000000000000e+01 2.832559999999999886e-47
8.250000000000000000e+01 2.827890000000000149e-47
8.262500000000000000e+01 2.823109999999999763e-47
8.275000000000000000e+01 2.817959999999999891e-47
8.287500000000000000e+01 2.813359999999999860e-47
8.300000000000000000e+01 2.810509999999999761e-47
8.312500000000000000e+01 2.806119999999999818e-47
8.325000000000000000e+01 2.799149999999999822e-47
8.337500000000000000e+01 2.793399999999999904e-47
8.350000000000000000e+01 2.788560000000000048e-47
8.362500000000000000e+01 2.783650000000000000e-47
8.375000000000000000e+01 2.778879999999999850e-47
8.387500000000000000e+01 2.774050000000000230e-47
8.400000000000000000e+01 2.769229999999999874e-47
8.412500000000000000e+01 2.764700000000000034e-47
8.425000000000000000e+01 2.760179999999999943e-47
8.437500000000000000e+01 2.755679999999999838e-47
8.450000000000000000e+01 2.751180000000000219e-47
8.462500000000000000e+01 2.746549999999999967e-47
8.475000000000000000e+01 2.741369999999999874e-47
8.487500000000000000e+01 2.736169999999999796e-47
8.500000000000000000e+01 2.732319999999999943e-47
8.512500000000000000e+01 2.727360000000000176e-47
8.525000000000000000e+01 2.723030000000000189e-47
8.537500000000000000e+01 2.718709999999999952e-47
8.550000000000000000e+01 2.716740000000000181e-47
8.562500000000000000e+01 2.710010000000000008e-47
8.575000000000000000e+01 2.705609999999999830e-47
8.587500000000000000e+01 2.701990000000000052e-47
8.600000000000000000e+01 2.696539999999999914e-47
8.612500000000000000e+01 2.692200000000000178e-47
8.625000000000000000e+01 2.687879999999999941e-47
8.637500000000000000e+01 2.683560000000000191e-47
8.650000000000000000e+01 2.679270000000000175e-47
8.662500000000000000e+01 2.675029999999999879e-47
8.675000000000000000e+01 2.670659999999999922e-47
8.687500000000000000e+01 2.666110000000000097e-47
8.700000000000000000e+01 2.661809999999999845e-47
8.712500000000000000e+01 2.657519999999999829e-47
8.725000000000000000e+01 2.653240000000000049e-47
8.737500000000000000e+01 2.648970000000000019e-47
8.750000000000000000e+01 2.644520000000000120e-47
8.762500000000000000e+01 2.639960000000000059e-47
8.775000000000000000e+01 2.635410000000000234e-47
8.787500000000000000e+01 2.630440000000000230e-47
8.800000000000000000e+01 2.625479999999999976e-47
8.812500000000000000e+01 2.620689999999999840e-47
8.825000000000000000e+01 2.616350000000000104e-47
8.837500000000000000e+01 2.612180000000000000e-47
8.850000000000000000e+01 2.607920000000000206e-47
8.862500000000000000e+01 2.603579999999999983e-47
8.875000000000000000e+01 2.599380000000000145e-47
8.887500000000000000e+01 2.595199999999999805e-47
8.900000000000000000e+01 2.591030000000000188e-47
8.912500000000000000e+01 2.586880000000000069e-47
8.925000000000000000e+01 2.582729999999999951e-47
8.937500000000000000e+01 2.578570000000000083e-47
8.950000000000000000e+01 2.574450000000000185e-47
8.962500000000000000e+01 2.570340000000000037e-47
8.975000000000000000e+01 2.566229999999999890e-47
8.987500000000000000e+01 2.562079999999999771e-47
9.000000000000000000e+01 2.557790000000000242e-47
9.012500000000000000e+01 2.553609999999999902e-47
9.025000000000000000e+01 2.549549999999999961e-47
9.037500000000000000e+01 2.545499999999999769e-47
9.050000000000000000e+01 2.541459999999999813e-47
9.062500000000000000e+01 2.537439999999999842e-47
9.075000000000000000e+01 2.533419999999999872e-47
9.087500000000000000e+01 2.529419999999999886e-47
9.100000000000000000e+01 2.525419999999999901e-47
9.112500000000000000e+01 2.521439999999999901e-47
9.125000000000000000e+01 2.517459999999999901e-47
9.137500000000000000e+01 2.513499999999999886e-47
9.150000000000000000e+01 2.509550000000000108e-47
9.162500000000000000e+01 2.505510000000000152e-47
9.175000000000000000e+01 2.501459999999999960e-47
9.187500000000000000e+01 2.497349999999999812e-47
9.200000000000000000e+01 2.493149999999999973e-47
9.212500000000000000e+01 2.489929999999999902e-47
9.225000000000000000e+01 2.485860000000000212e-47
9.237500000000000000e+01 2.481840000000000241e-47
9.250000000000000000e+01 2.477969999999999917e-47
9.262500000000000000e+01 2.474000000000000153e-47
9.275000000000000000e+01 2.470200000000000021e-47
9.287500000000000000e+01 2.466399999999999889e-47
9.300000000000000000e+01 2.462599999999999757e-47
9.312500000000000000e+01 2.458579999999999787e-47
9.325000000000000000e+01 2.454630000000000008e-47
9.337500000000000000e+01 2.450860000000000097e-47
9.350000000000000000e+01 2.446909999999999832e-47
9.362500000000000000e+01 2.443000000000000024e-47
9.375000000000000000e+01 2.439170000000000157e-47
9.387500000000000000e+01 2.435339999999999804e-47
9.400000000000000000e+01 2.432160000000000190e-47
9.412500000000000000e+01 2.428340000000000073e-47
9.425000000000000000e+01 2.424679999999999838e-47
9.437500000000000000e+01 2.421009999999999854e-47
9.450000000000000000e+01 2.417319999999999885e-47
9.462500000000000000e+01 2.413600000000000180e-47
9.475000000000000000e+01 2.409899999999999975e-47
9.487500000000000000e+01 2.406190000000000020e-47
9.500000000000000000e+01 2.402560000000000007e-47
9.512500000000000000e+01 2.399040000000000156e-47
9.525000000000000000e+01 2.395439999999999877e-47
9.537500000000000000e+01 2.391579999999999790e-47
9.550000000000000000e+01 2.388019999999999968e-47
9.562500000000000000e+01 2.384600000000000044e-47
9.575000000000000000e+01 2.381060000000000207e-47
9.587500000000000000e+01 2.377309999999999796e-47
9.600000000000000000e+01 2.373590000000000091e-47
9.612500000000000000e+01 2.369840000000000166e-47
9.625000000000000000e+01 2.366099999999999990e-47
9.637500000000000000e+01 2.362440000000000242e-47
9.650000000000000000e+01 2.358890000000000170e-47
9.662500000000000000e+01 2.355360000000000083e-47
9.675000000000000000e+01 2.351829999999999996e-47
9.687500000000000000e+01 2.348350000000000116e-47
9.700000000000000000e+01 2.344879999999999985e-47
9.712500000000000000e+01 2.341409999999999855e-47
9.725000000000000000e+01 2.337960000000000195e-47
9.737500000000000000e+01 2.334519999999999800e-47
9.750000000000000000e+01 2.330999999999999949e-47
9.762500000000000000e+01 2.327230000000000038e-47
9.775000000000000000e+01 2.323489999999999862e-47
9.787500000000000000e+01 2.319699999999999966e-47
9.800000000000000000e+01 2.315919999999999819e-47
9.812500000000000000e+01 2.312149999999999909e-47
9.825000000000000000e+01 2.308390000000000234e-47
9.837500000000000000e+01 2.304639999999999822e-47
9.850000000000000000e+01 2.300900000000000132e-47
9.862500000000000000e+01 2.297170000000000192e-47
9.875000000000000000e+01 2.293450000000000002e-47
9.887500000000000000e+01 2.289819999999999988e-47
9.900000000000000000e+01 2.286469999999999770e-47
9.912500000000000000e+01 2.283359999999999861e-47
9.925000000000000000e+01 2.280059999999999849e-47
9.937500000000000000e+01 2.276750000000000087e-47
9.950000000000000000e+01 2.273290000000000192e-47
9.962500000000000000e+01 2.269829999999999811e-47
9.975000000000000000e+01 2.266509999999999814e-47
9.987500000000000000e+01 2.263180000000000067e-47
1.000000000000000000e+02 2.259869999999999819e-47
1.001250000000000000e+02 2.256569999999999806e-47
1.002500000000000000e+02 2.253269999999999794e-47
1.003750000000000000e+02 2.250010000000000239e-47
1.005000000000000000e+02 2.246750000000000197e-47
1.006250000000000000e+02 2.243639999999999803e-47
1.007500000000000000e+02 2.240469999999999938e-47
1.008750000000000000e+02 2.237300000000000074e-47
1.010000000000000000e+02 2.234080000000000003e-47
1.011250000000000000e+02 2.230799999999999976e-47
1.012500000000000000e+02 2.227499999999999964e-47
1.013750000000000000e+02 2.224109999999999775e-47
1.015000000000000000e+02 2.220760000000000042e-47
1.016250000000000000e+02 2.217510000000000237e-47
1.017500000000000000e+02 2.214259999999999945e-47
1.018750000000000000e+02 2.210910000000000212e-47
1.020000000000000000e+02 2.207599999999999964e-47
1.021250000000000000e+02 2.204279999999999967e-47
1.022500000000000000e+02 2.200939999999999984e-47
1.023750000000000000e+02 2.197600000000000001e-47
1.025000000000000000e+02 2.194269999999999768e-47
1.026250000000000000e+02 2.190949999999999770e-47
1.027500000000000000e+02 2.187630000000000016e-47
1.028750000000000000e+02 2.184310000000000018e-47
1.030000000000000000e+02 2.181039999999999984e-47
1.031250000000000000e+02 2.177799999999999928e-47
1.032500000000000000e+02 2.174580000000000100e-47
1.033750000000000000e+02 2.171360000000000029e-47
1.035000000000000000e+02 2.168149999999999951e-47
1.036250000000000000e+02 2.164950000000000109e-47
1.037500000000000000e+02 2.161760000000000016e-47
1.038750000000000000e+02 2.158450000000000011e-47
1.040000000000000000e+02 2.155040000000000080e-47
1.041250000000000000e+02 2.151639999999999898e-47
1.042500000000000000e+02 2.148329999999999893e-47
1.043750000000000000e+02 2.145259999999999955e-47
1.045000000000000000e+02 2.142249999999999973e-47
1.046250000000000000e+02 2.139259999999999977e-47
1.047500000000000000e+02 2.136269999999999981e-47
1.048750000000000000e+02 2.133289999999999977e-47
1.050000000000000000e+02 2.130309999999999973e-47
1.051250000000000000e+02 2.127349999999999955e-47
1.052500000000000000e+02 2.124389999999999937e-47
1.053750000000000000e+02 2.121369999999999963e-47
1.055000000000000000e+02 2.118099999999999928e-47
1.056250000000000000e+02 2.114749999999999953e-47
1.057500000000000000e+02 2.111509999999999897e-47
1.058750000000000000e+02 2.108499999999999915e-47
1.060000000000000000e+02 2.105509999999999919e-47
1.061250000000000000e+02 2.102519999999999922e-47
1.062500000000000000e+02 2.099539999999999919e-47
1.063750000000000000e+02 2.096569999999999908e-47
1.065000000000000000e+02 2.093599999999999897e-47
1.066250000000000000e+02 2.090650000000000114e-47
1.067500000000000000e+02 2.087690000000000096e-47
1.068750000000000000e+02 2.084760000000000056e-47
1.070000000000000000e+02 2.081859999999999993e-47
1.071250000000000000e+02 2.078969999999999924e-47
1.072500000000000000e+02 2.076080000000000097e-47
1.073750000000000000e+02 2.073200000000000020e-47
1.075000000000000000e+02 2.070329999999999936e-47
1.076250000000000000e+02 2.067470000000000088e-47
1.077500000000000000e+02 2.064609999999999996e-47
1.078750000000000000e+02 2.061749999999999904e-47
1.080000000000000000e+02 2.058900000000000049e-47
1.081250000000000000e+02 2.056059999999999942e-47
1.082500000000000000e+02 2.053159999999999880e-47
1.083750000000000000e+02 2.050270000000000053e-47
1.085000000000000000e+02 2.047379999999999984e-47
1.086250000000000000e+02 2.044509999999999900e-47
1.087500000000000000e+02 2.041640000000000058e-47
1.088750000000000000e+02 2.038779999999999967e-47
1.090000000000000000e+02 2.035920000000000118e-47
1.091250000000000000e+02 2.033080000000000012e-47
1.092500000000000000e+02 2.030239999999999906e-47
1.093750000000000000e+02 2.027440000000000013e-47
1.095000000000000000e+02 2.024700000000000077e-47
1.096250000000000000e+02 2.022020000000000096e-47
1.097500000000000000e+02 2.019370000000000094e-47
1.098750000000000000e+02 2.016730000000000084e-47
1.100000000000000000e+02 2.014100000000000067e-47
1.101250000000000000e+02 2.011470000000000050e-47
1.102500000000000000e+02 2.008850000000000026e-47
1.103750000000000000e+02 2.006239999999999994e-47
1.105000000000000000e+02 2.003639999999999955e-47
1.106250000000000000e+02 2.001039999999999916e-47
1.107500000000000000e+02 1.998440000000000120e-47
1.108750000000000000e+02 1.995820000000000095e-47
1.110000000000000000e+02 1.993119999999999887e-47
1.111250000000000000e+02 1.990469999999999884e-47
1.112500000000000000e+02 1.987900000000000066e-47
1.113750000000000000e+02 1.985290000000000034e-47
1.115000000000000000e+02 1.982680000000000003e-47
1.116250000000000000e+02 1.980069999999999971e-47
1.117500000000000000e+02 1.977469999999999932e-47
1.118750000000000000e+02 1.974819999999999929e-47
1.120000000000000000e+02 1.972169999999999927e-47
1.121250000000000000e+02 1.969640000000000080e-47
1.122500000000000000e+02 1.967119999999999982e-47
1.123750000000000000e+02 1.964599999999999884e-47
1.125000000000000000e+02 1.961970000000000110e-47
1.126250000000000000e+02 1.959310000000000115e-47
1.127500000000000000e+02 1.956710000000000076e-47
1.128750000000000000e+02 1.954249999999999934e-47
1.130000000000000000e+02 1.951579999999999947e-47
1.131250000000000000e+02 1.948909999999999959e-47
1.132500000000000000e+02 1.946249999999999964e-47
1.133750000000000000e+02 1.943689999999999895e-47
1.135000000000000000e+02 1.941160000000000048e-47
1.136250000000000000e+02 1.938589999999999987e-47
1.137500000000000000e+02 1.936079999999999882e-47
1.138750000000000000e+02 1.933609999999999991e-47
1.140000000000000000e+02 1.931099999999999886e-47
1.141250000000000000e+02 1.928439999999999891e-47
1.142500000000000000e+02 1.925830000000000102e-47
1.143750000000000000e+02 1.923349999999999975e-47
1.145000000000000000e+02 1.920870000000000091e-47
1.146250000000000000e+02 1.918409999999999949e-47
1.147500000000000000e+02 1.915940000000000058e-47
1.148750000000000000e+02 1.913489999999999909e-47
1.150000000000000000e+02 1.910980000000000047e-47
1.151250000000000000e+02 1.908350000000000030e-47
1.152500000000000000e+02 1.905809999999999947e-47
1.153750000000000000e+02 1.903350000000000048e-47
1.155000000000000000e+02 1.900940000000000113e-47
1.156250000000000000e+02 1.898549999999999920e-47
1.157500000000000000e+02 1.896159999999999970e-47
1.158750000000000000e+02 1.893780000000000013e-47
1.160000000000000000e+02 1.891410000000000049e-47
1.161250000000000000e+02 1.889050000000000077e-47
1.162500000000000000e+02 1.886690000000000105e-47
1.163750000000000000e+02 1.884339999999999882e-47
1.165000000000000000e+02 1.881999999999999896e-47
1.166250000000000000e+02 1.879669999999999902e-47
1.167500000000000000e+02 1.877339999999999908e-47
1.168750000000000000e+02 1.875009999999999914e-47
1.170000000000000000e+02 1.872699999999999906e-47
1.171250000000000000e+02 1.870389999999999897e-47
1.172500000000000000e+02 1.868089999999999881e-47
1.173750000000000000e+02 1.865790000000000109e-47
1.175000000000000000e+02 1.863500000000000085e-47
1.176250000000000000e+02 1.861170000000000091e-47
1.177500000000000000e+02 1.858820000000000112e-47
1.178750000000000000e+02 1.856469999999999890e-47
1.180000000000000000e+02 1.854129999999999903e-47
1.181250000000000000e+02 1.851789999999999917e-47
1.182500000000000000e+02 1.849469999999999916e-47
1.183750000000000000e+02 1.847149999999999914e-47
1.185000000000000000e+02 1.844829999999999913e-47
1.186250000000000000e+02 1.842519999999999905e-47
1.187500000000000000e+02 1.840219999999999889e-47
1.188750000000000000e+02 1.837920000000000116e-47
1.190000000000000000e+02 1.835630000000000093e-47
1.191250000000000000e+02 1.833350000000000062e-47
1.192500000000000000e+02 1.831070000000000032e-47
1.193750000000000000e+02 1.828799999999999994e-47
1.195000000000000000e+02 1.826529999999999956e-47
1.196250000000000000e+02 1.824269999999999911e-47
1.197500000000000000e+02 1.822020000000000102e-47
1.198750000000000000e+02 1.819770000000000049e-47
1.200000000000000000e+02 1.819120000000000039e-47
1.201250000000000000e+02 1.815289999999999929e-47
1.202500000000000000e+02 1.813080000000000091e-47
1.203750000000000000e+02 1.810919999999999972e-47
1.205000000000000000e+02 1.808760000000000097e-47
1.206250000000000000e+02 1.806629999999999956e-47
1.207500000000000000e+02 1.804540000000000030e-47
1.208750000000000000e+02 1.802470000000000088e-47
1.210000000000000000e+02 1.800399999999999904e-47
1.211250000000000000e+02 1.798329999999999962e-47
1.212500000000000000e+02 1.796210000000000058e-47
1.213750000000000000e+02 1.794099999999999903e-47
1.215000000000000000e+02 1.791999999999999983e-47
1.216250000000000000e+02 1.789890000000000071e-47
1.217500000000000000e+02 1.787840000000000115e-47
1.218750000000000000e+02 1.785809999999999901e-47
1.220000000000000000e+02 1.783779999999999931e-47
1.221250000000000000e+02 1.781759999999999953e-47
1.222500000000000000e+02 1.779739999999999975e-47
1.223750000000000000e+02 1.777729999999999989e-47
1.225000000000000000e+02 1.775720000000000004e-47
1.226250000000000000e+02 1.773680000000000041e-47
1.227500000000000000e+02 1.771640000000000077e-47
1.228750000000000000e+02 1.769640000000000085e-47
1.230000000000000000e+02 1.767650000000000085e-47
1.231250000000000000e+02 1.765479999999999974e-47
1.232500000000000000e+02 1.763310000000000106e-47
1.233750000000000000e+02 1.761090000000000031e-47
1.235000000000000000e+02 1.758819999999999993e-47
1.236250000000000000e+02 1.756619999999999904e-47
1.237500000000000000e+02 1.754410000000000065e-47
1.238750000000000000e+02 1.752480000000000021e-47
1.240000000000000000e+02 1.750400000000000087e-47
1.241250000000000000e+02 1.748790000000000052e-47
1.242500000000000000e+02 1.747070000000000097e-47
1.243750000000000000e+02 1.745029999999999891e-47
1.245000000000000000e+02 1.742999999999999920e-47
1.246250000000000000e+02 1.740880000000000015e-47
1.247500000000000000e+02 1.738180000000000050e-47
1.248750000000000000e+02 1.735560000000000025e-47
1.250000000000000000e+02 1.733429999999999885e-47
1.251250000000000000e+02 1.731160000000000090e-47
1.252500000000000000e+02 1.729180000000000083e-47
1.253750000000000000e+02 1.727349999999999965e-47
1.255000000000000000e+02 1.725389999999999943e-47
1.256250000000000000e+02 1.723399999999999943e-47
1.257500000000000000e+02 1.721270000000000046e-47
1.258750000000000000e+02 1.719149999999999898e-47
1.260000000000000000e+02 1.717069999999999964e-47
1.261250000000000000e+02 1.715039999999999994e-47
1.262500000000000000e+02 1.713049999999999994e-47
1.263750000000000000e+02 1.711149999999999928e-47
1.265000000000000000e+02 1.709290000000000075e-47
1.266250000000000000e+02 1.707330000000000054e-47
1.267500000000000000e+02 1.705340000000000054e-47
1.268750000000000000e+02 1.703310000000000083e-47
1.270000000000000000e+02 1.701290000000000105e-47
1.271250000000000000e+02 1.699280000000000120e-47
1.272500000000000000e+02 1.697350000000000076e-47
1.273750000000000000e+02 1.695440000000000017e-47
1.275000000000000000e+02 1.693539999999999951e-47
1.276250000000000000e+02 1.691639999999999885e-47
1.277500000000000000e+02 1.689750000000000055e-47
1.278750000000000000e+02 1.687909999999999945e-47
1.280000000000000000e+02 1.685969999999999908e-47
1.281250000000000000e+02 1.684090000000000071e-47
1.282500000000000000e+02 1.682209999999999990e-47
1.283750000000000000e+02 1.680359999999999888e-47
1.285000000000000000e+02 1.678500000000000035e-47
1.286250000000000000e+02 1.676649999999999933e-47
1.287500000000000000e+02 1.674810000000000066e-47
1.288750000000000000e+02 1.672969999999999956e-47
1.290000000000000000e+02 1.671140000000000082e-47
1.291250000000000000e+02 1.669309999999999965e-47
1.292500000000000000e+02 1.667490000000000083e-47
1.293750000000000000e+02 1.665669999999999959e-47
1.295000000000000000e+02 1.663860000000000070e-47
1.296250000000000000e+02 1.662049999999999938e-47
1.297500000000000000e+02 1.660250000000000042e-47
1.298750000000000000e+02 1.658459999999999895e-47
1.300000000000000000e+02 1.656659999999999999e-47
1.301250000000000000e+02 1.654870000000000095e-47
1.302500000000000000e+02 1.653089999999999942e-47
1.303750000000000000e+02 1.651310000000000031e-47
1.305000000000000000e+02 1.649530000000000120e-47
1.306250000000000000e+02 1.647769999999999951e-47
1.307500000000000000e+02 1.646010000000000026e-47
1.308750000000000000e+02 1.644250000000000100e-47
1.310000000000000000e+02 1.642499999999999924e-47
1.311250000000000000e+02 1.640749999999999992e-47
1.312500000000000000e+02 1.639000000000000059e-47
1.313750000000000000e+02 1.637260000000000119e-47
1.315000000000000000e+02 1.635519999999999936e-47
1.316250000000000000e+02 1.633789999999999988e-47
1.317500000000000000e+02 1.632070000000000033e-47
1.318750000000000000e+02 1.630350000000000079e-47
1.320000000000000000e+02 1.628629999999999881e-47
1.321250000000000000e+02 1.626909999999999926e-47
1.322500000000000000e+02 1.625219999999999949e-47
1.323750000000000000e+02 1.623519999999999980e-47
1.325000000000000000e+02 1.621820000000000010e-47
1.326250000000000000e+02 1.620130000000000033e-47
1.327500000000000000e+02 1.618440000000000057e-47
1.328750000000000000e+02 1.616760000000000072e-47
1.330000000000000000e+02 1.615269999999999949e-47
1.331250000000000000e+02 1.613800000000000054e-47
1.332500000000000000e+02 1.612019999999999900e-47
1.333750000000000000e+02 1.610440000000000086e-47
1.335000000000000000e+02 1.608909999999999992e-47
1.336250000000000000e+02 1.607289999999999964e-47
1.337500000000000000e+02 1.605739999999999884e-47
1.338750000000000000e+02 1.604289999999999975e-47
1.340000000000000000e+02 1.602820000000000080e-47
1.341250000000000000e+02 1.601279999999999993e-47
1.342500000000000000e+02 1.599749999999999899e-47
1.343750000000000000e+02 1.598130000000000114e-47
1.345000000000000000e+02 1.596510000000000086e-47
1.346250000000000000e+02 1.594900000000000051e-47
1.347500000000000000e+02 1.593290000000000015e-47
1.348750000000000000e+02 1.591679999999999980e-47
1.350000000000000000e+02 1.590079999999999937e-47
1.351250000000000000e+02 1.588409999999999946e-47
1.352500000000000000e+02 1.586630000000000035e-47
1.353750000000000000e+02 1.585059999999999970e-47
1.355000000000000000e+02 1.583499999999999898e-47
1.356250000000000000e+02 1.581950000000000062e-47
1.357500000000000000e+02 1.580399999999999982e-47
1.358750000000000000e+02 1.578859999999999896e-47
1.360000000000000000e+02 1.577320000000000052e-47
1.361250000000000000e+02 1.575789999999999958e-47
1.362500000000000000e+02 1.574139999999999952e-47
1.363750000000000000e+02 1.572320000000000070e-47
1.365000000000000000e+02 1.570559999999999902e-47
1.366250000000000000e+02 1.569109999999999992e-47
1.367500000000000000e+02 1.567449999999999993e-47
1.368750000000000000e+02 1.565700000000000061e-47
1.370000000000000000e+02 1.564199999999999945e-47
1.371250000000000000e+02 1.562710000000000064e-47
1.372500000000000000e+02 1.561189999999999963e-47
1.373750000000000000e+02 1.559670000000000105e-47
1.375000000000000000e+02 1.558150000000000003e-47
1.376250000000000000e+02 1.556639999999999895e-47
1.377500000000000000e+02 1.555130000000000029e-47
1.378750000000000000e+02 1.553619999999999920e-47
1.380000000000000000e+02 1.552120000000000047e-47
1.381250000000000000e+02 1.550629999999999924e-47
1.382500000000000000e+02 1.549090000000000080e-47
1.383750000000000000e+02 1.547549999999999994e-47
1.385000000000000000e+02 1.546019999999999900e-47
1.386250000000000000e+02 1.544520000000000027e-47
1.387500000000000000e+02 1.543110000000000088e-47
1.388750000000000000e+02 1.541770000000000097e-47
1.390000000000000000e+02 1.540359999999999915e-47
1.391250000000000000e+02 1.538719999999999902e-47
1.392500000000000000e+02 1.537180000000000058e-47
1.393750000000000000e+02 1.535910000000000017e-47
1.395000000000000000e+02 1.534530000000000056e-47
1.396250000000000000e+02 1.533230000000000036e-47
1.397500000000000000e+02 1.531920000000000024e-47
1.398750000000000000e+02 1.530510000000000085e-47
1.400000000000000000e+02 1.529250000000000036e-47
1.401250000000000000e+02 1.528009999999999973e-47
1.402500000000000000e+02 1.526820000000000116e-47
1.403750000000000000e+02 1.525490000000000118e-47
1.405000000000000000e+02 1.524069999999999944e-47
1.406250000000000000e+02 1.522650000000000012e-47
1.407500000000000000e+02 1.521240000000000073e-47
1.408750000000000000e+02 1.519829999999999891e-47
1.410000000000000000e+02 1.518689999999999997e-47
1.411250000000000000e+02 1.517509999999999890e-47
1.412500000000000000e+02 1.516379999999999989e-47
1.413750000000000000e+02 1.515129999999999933e-47
1.415000000000000000e+02 1.513819999999999921e-47
1.416250000000000000e+02 1.512449999999999952e-47
1.417500000000000000e+02 1.511290000000000073e-47
1.418750000000000000e+02 1.509960000000000076e-47
1.420000000000000000e+02 1.508469999999999952e-47
1.421250000000000000e+02 1.507070000000000006e-47
1.422500000000000000e+02 1.505839999999999935e-47
1.423750000000000000e+02 1.504410000000000011e-47
1.425000000000000000e+02 1.503020000000000057e-47
1.426250000000000000e+02 1.501690000000000060e-47
1.427500000000000000e+02 1.500370000000000055e-47
1.428750000000000000e+02 1.499060000000000043e-47
1.430000000000000000e+02 1.497740000000000038e-47
1.431250000000000000e+02 1.496430000000000026e-47
1.432500000000000000e+02 1.495269999999999904e-47
1.433750000000000000e+02 1.494259999999999915e-47
1.435000000000000000e+02 1.493060000000000065e-47
1.436250000000000000e+02 1.491820000000000001e-47
1.437500000000000000e+02 1.490470000000000018e-47
1.438750000000000000e+02 1.489150000000000014e-47
1.440000000000000000e+02 1.488100000000000054e-47
1.441250000000000000e+02 1.487060000000000087e-47
1.442500000000000000e+02 1.485770000000000060e-47
1.443750000000000000e+02 1.484470000000000040e-47
1.445000000000000000e+02 1.483370000000000117e-47
1.446250000000000000e+02 1.482219999999999988e-47
1.447500000000000000e+02 1.481070000000000102e-47
1.448750000000000000e+02 1.480100000000000083e-47
1.450000000000000000e+02 1.478969999999999939e-47
1.451250000000000000e+02 1.477840000000000038e-47
1.452500000000000000e+02 1.476709999999999894e-47
1.453750000000000000e+02 1.475729999999999883e-47
1.455000000000000000e+02 1.474800000000000078e-47
1.456250000000000000e+02 1.473870000000000031e-47
1.457500000000000000e+02 1.472810000000000078e-47
1.458750000000000000e+02 1.471570000000000015e-47
1.460000000000000000e+02 1.470260000000000003e-47
1.461250000000000000e+02 1.469170000000000072e-47
1.462500000000000000e+02 1.468079999999999899e-47
1.463750000000000000e+02 1.466820000000000093e-47
1.465000000000000000e+02 1.465550000000000052e-47
1.466250000000000000e+02 1.464290000000000003e-47
1.467500000000000000e+02 1.463029999999999954e-47
1.468750000000000000e+02 1.461880000000000068e-47
1.470000000000000000e+02 1.460950000000000020e-47
1.471250000000000000e+02 1.460069999999999936e-47
1.472500000000000000e+02 1.459190000000000094e-47
1.473750000000000000e+02 1.458109999999999914e-47
1.475000000000000000e+02 1.457220000000000080e-47
1.476250000000000000e+02 1.456290000000000032e-47
1.477500000000000000e+02 1.455210000000000094e-47
1.478750000000000000e+02 1.454059999999999965e-47
1.480000000000000000e+02 1.452920000000000071e-47
1.481250000000000000e+02 1.452059999999999972e-47
1.482500000000000000e+02 1.450870000000000115e-47
1.483750000000000000e+02 1.449690000000000008e-47
1.485000000000000000e+02 1.448789999999999938e-47
1.486250000000000000e+02 1.447990000000000038e-47
1.487500000000000000e+02 1.446849999999999901e-47
1.488750000000000000e+02 1.445680000000000030e-47
1.490000000000000000e+02 1.444670000000000041e-47
1.491250000000000000e+02 1.443799999999999949e-47
1.492500000000000000e+02 1.442920000000000108e-47
1.493750000000000000e+02 1.442020000000000038e-47
1.495000000000000000e+02 1.441070000000000005e-47
1.496250000000000000e+02 1.440330000000000062e-47
1.497500000000000000e+02 1.439050000000000027e-47
1.498750000000000000e+02 1.438050000000000031e-47
1.500000000000000000e+02 1.437050000000000035e-47
1.501250000000000000e+02 1.436050000000000038e-47
1.502500000000000000e+02 1.435060000000000035e-47
1.503750000000000000e+02 1.434080000000000024e-47
1.505000000000000000e+02 1.433100000000000013e-47
1.506250000000000000e+02 1.432120000000000002e-47
1.507500000000000000e+02 1.431149999999999983e-47
1.508750000000000000e+02 1.430189999999999958e-47
1.510000000000000000e+02 1.429229999999999932e-47
1.511250000000000000e+02 1.428390000000000062e-47
1.512500000000000000e+02 1.427579999999999926e-47
1.513750000000000000e+02 1.426829999999999990e-47
1.515000000000000000e+02 1.425919999999999927e-47
1.516250000000000000e+02 1.425020000000000101e-47
1.517500000000000000e+02 1.424010000000000112e-47
1.518750000000000000e+02 1.422949999999999916e-47
1.520000000000000000e+02 1.421899999999999957e-47
1.521250000000000000e+02 1.420859999999999990e-47
1.522500000000000000e+02 1.419899999999999964e-47
1.523750000000000000e+02 1.418989999999999902e-47
1.525000000000000000e+02 1.418130000000000046e-47
1.526250000000000000e+02 1.417219999999999984e-47
1.527500000000000000e+02 1.416309999999999921e-47
1.528750000000000000e+02 1.415420000000000087e-47
1.530000000000000000e+02 1.414460000000000062e-47
1.531250000000000000e+02 1.413440000000000080e-47
1.532500000000000000e+02 1.412629999999999944e-47
1.533750000000000000e+02 1.411730000000000118e-47
1.535000000000000000e+02 1.410840000000000041e-47
1.536250000000000000e+02 1.409880000000000015e-47
1.537500000000000000e+02 1.409009999999999924e-47
1.538750000000000000e+02 1.408369999999999907e-47
1.540000000000000000e+02 1.407480000000000073e-47
1.541250000000000000e+02 1.406490000000000069e-47
1.542500000000000000e+02 1.405830000000000067e-47
1.543750000000000000e+02 1.404999999999999946e-47
1.545000000000000000e+02 1.403999999999999949e-47
1.546250000000000000e+02 1.402979999999999968e-47
1.547500000000000000e+02 1.401969999999999979e-47
1.548750000000000000e+02 1.400999999999999960e-47
1.550000000000000000e+02 1.400019999999999949e-47
1.551250000000000000e+02 1.399119999999999880e-47
1.552500000000000000e+02 1.398119999999999884e-47
1.553750000000000000e+02 1.397109999999999895e-47
1.555000000000000000e+02 1.396210000000000068e-47
1.556250000000000000e+02 1.395550000000000066e-47
1.557500000000000000e+02 1.394860000000000085e-47
1.558750000000000000e+02 1.393940000000000030e-47
1.560000000000000000e+02 1.392960000000000019e-47
1.561250000000000000e+02 1.391980000000000008e-47
1.562500000000000000e+02 1.391009999999999990e-47
1.563750000000000000e+02 1.390099999999999928e-47
1.565000000000000000e+02 1.389149999999999895e-47
1.566250000000000000e+02 1.388200000000000105e-47
1.567500000000000000e+02 1.387260000000000064e-47
1.568750000000000000e+02 1.386310000000000031e-47
1.570000000000000000e+02 1.385369999999999991e-47
1.571250000000000000e+02 1.384610000000000062e-47
1.572500000000000000e+02 1.383709999999999992e-47
1.573750000000000000e+02 1.382739999999999974e-47
1.575000000000000000e+02 1.381779999999999948e-47
1.576250000000000000e+02 1.380819999999999923e-47
1.577500000000000000e+02 1.379900000000000111e-47
1.578750000000000000e+02 1.378980000000000056e-47
1.580000000000000000e+02 1.378119999999999957e-47
1.581250000000000000e+02 1.377270000000000094e-47
1.582500000000000000e+02 1.376340000000000046e-47
1.583750000000000000e+02 1.375429999999999984e-47
1.585000000000000000e+02 1.374509999999999929e-47
1.586250000000000000e+02 1.373610000000000102e-47
1.587500000000000000e+02 1.372700000000000040e-47
1.588750000000000000e+02 1.371779999999999985e-47
1.590000000000000000e+02 1.370879999999999915e-47
1.591250000000000000e+02 1.370169999999999950e-47
1.592500000000000000e+02 1.369259999999999887e-47
1.593750000000000000e+02 1.368360000000000061e-47
1.595000000000000000e+02 1.367459999999999991e-47
1.596250000000000000e+02 1.366909999999999908e-47
1.597500000000000000e+02 1.366269999999999891e-47
1.598750000000000000e+02 1.365450000000000006e-47
1.600000000000000000e+02 1.364760000000000025e-47
1.601250000000000000e+02 1.364149999999999986e-47
1.602500000000000000e+02 1.363700000000000073e-47
1.603750000000000000e+02 1.363269999999999902e-47
1.605000000000000000e+02 1.362690000000000084e-47
1.606250000000000000e+02 1.361849999999999971e-47
1.607500000000000000e+02 1.360949999999999901e-47
1.608750000000000000e+02 1.360070000000000060e-47
1.610000000000000000e+02 1.359189999999999975e-47
1.611250000000000000e+02 1.358299999999999898e-47
1.612500000000000000e+02 1.357410000000000065e-47
1.613750000000000000e+02 1.356539999999999973e-47
1.615000000000000000e+02 1.355720000000000088e-47
1.616250000000000000e+02 1.354969999999999908e-47
1.617500000000000000e+02 1.354130000000000038e-47
1.618750000000000000e+02 1.353299999999999917e-47
1.620000000000000000e+02 1.352460000000000046e-47
1.621250000000000000e+02 1.351629999999999925e-47
1.622500000000000000e+02 1.350909999999999967e-47
1.623750000000000000e+02 1.350380000000000112e-47
1.625000000000000000e+02 1.349870000000000000e-47
1.626250000000000000e+02 1.349180000000000019e-47
1.627500000000000000e+02 1.348289999999999943e-47
1.628750000000000000e+02 1.347410000000000101e-47
1.630000000000000000e+02 1.346540000000000010e-47
1.631250000000000000e+02 1.345669999999999918e-47
1.632500000000000000e+02 1.344860000000000026e-47
1.633750000000000000e+02 1.344530000000000024e-47
1.635000000000000000e+02 1.344140000000000067e-47
1.636250000000000000e+02 1.343780000000000088e-47
1.637500000000000000e+02 1.343160000000000056e-47
1.638750000000000000e+02 1.342339999999999928e-47
1.640000000000000000e+02 1.341520000000000043e-47
1.641250000000000000e+02 1.340699999999999914e-47
1.642500000000000000e+02 1.339890000000000022e-47
1.643750000000000000e+02 1.339430000000000116e-47
1.645000000000000000e+02 1.338649999999999958e-47
1.646250000000000000e+02 1.337969999999999971e-47
1.647500000000000000e+02 1.337190000000000056e-47
1.648750000000000000e+02 1.336409999999999899e-47
1.650000000000000000e+02 1.335639999999999977e-47
1.651250000000000000e+02 1.335150000000000093e-47
1.652500000000000000e+02 1.334359999999999943e-47
1.653750000000000000e+02 1.333389999999999924e-47
1.655000000000000000e+02 1.332689999999999951e-47
1.656250000000000000e+02 1.331979999999999985e-47
1.657500000000000000e+02 1.331290000000000005e-47
1.658750000000000000e+02 1.330540000000000068e-47
1.660000000000000000e+02 1.329789999999999889e-47
1.661250000000000000e+02 1.329039999999999952e-47
1.662500000000000000e+02 1.328300000000000009e-47
1.663750000000000000e+02 1.327570000000000057e-47
1.665000000000000000e+02 1.326840000000000106e-47
1.666250000000000000e+02 1.326119999999999905e-47
1.667500000000000000e+02 1.325409999999999939e-47
1.668750000000000000e+02 1.324699999999999973e-47
1.670000000000000000e+02 1.324079999999999941e-47
1.671250000000000000e+02 1.323359999999999983e-47
1.672500000000000000e+02 1.322650000000000017e-47
1.673750000000000000e+02 1.322069999999999956e-47
1.675000000000000000e+02 1.321729999999999962e-47
1.676250000000000000e+02 1.321340000000000005e-47
1.677500000000000000e+02 1.320880000000000099e-47
1.678750000000000000e+02 1.320379999999999979e-47
1.680000000000000000e+02 1.319739999999999962e-47
1.681250000000000000e+02 1.319320000000000027e-47
1.682500000000000000e+02 1.318970000000000040e-47
1.683750000000000000e+02 1.318620000000000054e-47
1.685000000000000000e+02 1.318280000000000060e-47
1.686250000000000000e+02 1.317940000000000066e-47
1.687500000000000000e+02 1.317529999999999880e-47
1.688750000000000000e+02 1.317059999999999982e-47
1.690000000000000000e+02 1.316759999999999959e-47
1.691250000000000000e+02 1.316489999999999913e-47
1.692500000000000000e+02 1.316159999999999912e-47
1.693750000000000000e+02 1.315880000000000117e-47
1.695000000000000000e+02 1.315550000000000116e-47
1.696250000000000000e+02 1.315069999999999982e-47
1.697500000000000000e+02 1.314550000000000120e-47
1.698750000000000000e+02 1.314119999999999949e-47
1.700000000000000000e+02 1.313829999999999918e-47
1.701250000000000000e+02 1.313549999999999880e-47
1.702500000000000000e+02 1.313219999999999879e-47
1.703750000000000000e+02 1.312769999999999966e-47
1.705000000000000000e+02 1.312409999999999987e-47
1.706250000000000000e+02 1.311819999999999933e-47
1.707500000000000000e+02 1.311159999999999931e-47
1.708750000000000000e+02 1.310509999999999921e-47
1.710000000000000000e+02 1.309879999999999896e-47
1.711250000000000000e+02 1.309239999999999879e-47
1.712500000000000000e+02 1.308690000000000039e-47
1.713750000000000000e+02 1.308370000000000031e-47
1.715000000000000000e+02 1.308000000000000059e-47
1.716250000000000000e+02 1.307370000000000034e-47
1.717500000000000000e+02 1.306740000000000010e-47
1.718750000000000000e+02 1.306219999999999905e-47
1.720000000000000000e+02 1.305779999999999984e-47
1.721250000000000000e+02 1.305400000000000020e-47
1.722500000000000000e+02 1.304940000000000114e-47
1.723750000000000000e+02 1.304400000000000023e-47
1.725000000000000000e+02 1.303879999999999918e-47
1.726250000000000000e+02 1.303370000000000049e-47
1.727500000000000000e+02 1.302990000000000085e-47
1.728750000000000000e+02 1.302610000000000120e-47
1.730000000000000000e+02 1.301980000000000096e-47
1.731250000000000000e+02 1.301459999999999991e-47
1.732500000000000000e+02 1.301000000000000085e-47
1.733750000000000000e+02 1.300569999999999914e-47
1.735000000000000000e+02 1.300149999999999978e-47
1.736250000000000000e+02 1.299760000000000021e-47
1.737500000000000000e+02 1.299340000000000086e-47
1.738750000000000000e+02 1.298859999999999951e-47
1.740000000000000000e+02 1.298410000000000038e-47
1.741250000000000000e+02 1.297980000000000110e-47
1.742500000000000000e+02 1.297700000000000072e-47
1.743750000000000000e+02 1.297440000000000020e-47
1.745000000000000000e+02 1.297229999999999931e-47
1.746250000000000000e+02 1.297040000000000070e-47
1.747500000000000000e+02 1.296859999999999959e-47
1.748750000000000000e+02 1.296839999999999973e-47
1.750000000000000000e+02 1.296949999999999893e-47
1.751250000000000000e+02 1.297249999999999916e-47
1.752500000000000000e+02 1.297360000000000078e-47
1.753750000000000000e+02 1.297519999999999961e-47
1.755000000000000000e+02 1.297839999999999970e-47
1.756250000000000000e+02 1.298450000000000009e-47
1.757500000000000000e+02 1.298829999999999973e-47
1.758750000000000000e+02 1.299249999999999909e-47
1.760000000000000000e+02 1.299879999999999933e-47
1.761250000000000000e+02 1.300499999999999965e-47
1.762500000000000000e+02 1.301370000000000056e-47
1.763750000000000000e+02 1.301740000000000028e-47
1.765000000000000000e+02 1.302720000000000039e-47
1.766250000000000000e+02 1.303950000000000110e-47
1.767500000000000000e+02 1.305050000000000033e-47
1.768750000000000000e+02 1.306219999999999905e-47
1.770000000000000000e+02 1.307509999999999932e-47
1.771250000000000000e+02 1.308479999999999950e-47
1.772500000000000000e+02 1.309129999999999960e-47
1.773750000000000000e+02 1.311290000000000078e-47
1.775000000000000000e+02 1.313719999999999999e-47
1.776250000000000000e+02 1.316139999999999927e-47
1.777500000000000000e+02 1.318650000000000032e-47
1.778750000000000000e+02 1.323240000000000071e-47
1.780000000000000000e+02 1.326950000000000026e-47
1.781250000000000000e+02 1.332540000000000061e-47
1.782500000000000000e+02 1.340140000000000082e-47
1.783750000000000000e+02 1.350629999999999929e-47
1.785000000000000000e+02 1.361110000000000027e-47
1.786250000000000000e+02 1.376469999999999951e-47
1.787500000000000000e+02 1.398190000000000075e-47
1.788750000000000000e+02 1.427120000000000020e-47
1.790000000000000000e+02 1.468429999999999885e-47
1.791250000000000000e+02 1.527520000000000089e-47
1.792500000000000000e+02 1.619680000000000120e-47
1.793750000000000000e+02 1.775149999999999936e-47
1.795000000000000000e+02 2.034819999999999952e-47
1.796250000000000000e+02 2.679490000000000013e-47
1.797500000000000000e+02 4.552279999999999610e-47
1.798750000000000000e+02 1.279820000000000002e-46
1.800000000000000000e+02 2.354550000000000045e-46
1.801250000000000000e+02 6.648119999999999810e-47
1.802500000000000000e+02 3.285169999999999967e-47
1.803750000000000000e+02 2.305150000000000177e-47
1.805000000000000000e+02 1.898149999999999970e-47
1.806250000000000000e+02 1.692159999999999990e-47
1.807500000000000000e+02 1.565809999999999980e-47
1.808750000000000000e+02 1.487999999999999884e-47
1.810000000000000000e+02 1.434630000000000107e-47
1.811250000000000000e+02 1.402540000000000047e-47
1.812500000000000000e+02 1.376409999999999995e-47
1.813750000000000000e+02 1.356999999999999879e-47
1.815000000000000000e+02 1.345309999999999939e-47
1.816250000000000000e+02 1.332639999999999988e-47
1.817500000000000000e+02 1.324900000000000070e-47
1.818750000000000000e+02 1.317739999999999970e-47
1.820000000000000000e+02 1.311439999999999968e-47
1.821250000000000000e+02 1.306829999999999944e-47
1.822500000000000000e+02 1.301990000000000088e-47
1.823750000000000000e+02 1.298189999999999956e-47
1.825000000000000000e+02 1.294690000000000091e-47
1.826250000000000000e+02 1.292140000000000015e-47
1.827500000000000000e+02 1.289130000000000033e-47
1.828750000000000000e+02 1.286190000000000000e-47
1.830000000000000000e+02 1.283830000000000029e-47
1.831250000000000000e+02 1.281410000000000101e-47
1.832500000000000000e+02 1.279530000000000020e-47
1.833750000000000000e+02 1.277349999999999916e-47
1.835000000000000000e+02 1.275420000000000115e-47
1.836250000000000000e+02 1.273900000000000014e-47
1.837500000000000000e+02 1.272160000000000074e-47
1.838750000000000000e+02 1.270369999999999927e-47
1.840000000000000000e+02 1.268709999999999928e-47
1.841250000000000000e+02 1.267200000000000063e-47
1.842500000000000000e+02 1.265739999999999917e-47
1.843750000000000000e+02 1.264459999999999883e-47
1.845000000000000000e+02 1.263240000000000048e-47
1.846250000000000000e+02 1.262109999999999904e-47
1.847500000000000000e+02 1.261059999999999944e-47
1.848750000000000000e+02 1.260069999999999941e-47
1.850000000000000000e+02 1.259180000000000107e-47
1.851250000000000000e+02 1.258339999999999993e-47
1.852500000000000000e+02 1.257550000000000086e-47
1.853750000000000000e+02 1.256799999999999907e-47
1.855000000000000000e+02 1.256079999999999948e-47
1.856250000000000000e+02 1.255389999999999968e-47
1.857500000000000000e+02 1.254729999999999965e-47
1.858750000000000000e+02 1.254119999999999926e-47
1.860000000000000000e+02 1.253530000000000115e-47
1.861250000000000000e+02 1.252960000000000047e-47
1.862500000000000000e+02 1.252369999999999993e-47
1.863750000000000000e+02 1.251809999999999918e-47
1.865000000000000000e+02 1.251280000000000063e-47
1.866250000000000000e+02 1.250769999999999951e-47
1.867500000000000000e+02 1.250260000000000081e-47
1.868750000000000000e+02 1.249749999999999969e-47
1.870000000000000000e+02 1.249270000000000078e-47
1.871250000000000000e+02 1.248789999999999943e-47
1.872500000000000000e+02 1.248320000000000045e-47
1.873750000000000000e+02 1.247869999999999888e-47
1.875000000000000000e+02 1.247419999999999975e-47
1.876250000000000000e+02 1.246990000000000047e-47
1.877500000000000000e+02 1.246570000000000112e-47
1.878750000000000000e+02 1.246169999999999919e-47
1.880000000000000000e+02 1.245779999999999962e-47
1.881250000000000000e+02 1.245399999999999997e-47
1.882500000000000000e+02 1.245020000000000032e-47
1.883750000000000000e+02 1.244640000000000068e-47
1.885000000000000000e+02 1.244270000000000096e-47
1.886250000000000000e+02 1.243899999999999881e-47
1.887500000000000000e+02 1.243539999999999902e-47
1.888750000000000000e+02 1.243179999999999923e-47
1.890000000000000000e+02 1.242829999999999936e-47
1.891250000000000000e+02 1.242469999999999957e-47
1.892500000000000000e+02 1.242129999999999963e-47
1.893750000000000000e+02 1.241799999999999962e-47
1.895000000000000000e+02 1.241459999999999968e-47
1.896250000000000000e+02 1.241129999999999967e-47
1.897500000000000000e+02 1.240809999999999958e-47
1.898750000000000000e+02 1.240479999999999957e-47
1.900000000000000000e+02 1.240169999999999941e-47
1.901250000000000000e+02 1.239869999999999918e-47
1.902500000000000000e+02 1.239579999999999887e-47
1.903750000000000000e+02 1.239290000000000100e-47
1.905000000000000000e+02 1.239000000000000069e-47
1.906250000000000000e+02 1.238710000000000039e-47
1.907500000000000000e+02 1.238430000000000001e-47
1.908750000000000000e+02 1.238149999999999963e-47
1.910000000000000000e+02 1.237869999999999925e-47
1.911250000000000000e+02 1.237579999999999894e-47
1.912500000000000000e+02 1.237290000000000107e-47
1.913750000000000000e+02 1.237000000000000076e-47
1.915000000000000000e+02 1.236710000000000046e-47
1.916250000000000000e+02 1.236430000000000008e-47
1.917500000000000000e+02 1.236159999999999963e-47
1.918750000000000000e+02 1.235889999999999918e-47
1.920000000000000000e+02 1.235609999999999880e-47
1.921250000000000000e+02 1.235320000000000092e-47
1.922500000000000000e+02 1.235030000000000062e-47
1.923750000000000000e+02 1.234750000000000024e-47
1.925000000000000000e+02 1.234459999999999993e-47
1.926250000000000000e+02 1.234179999999999956e-47
1.927500000000000000e+02 1.233899999999999918e-47
1.928750000000000000e+02 1.233619999999999880e-47
1.930000000000000000e+02 1.233350000000000078e-47
1.931250000000000000e+02 1.233080000000000033e-47
1.932500000000000000e+02 1.232829999999999973e-47
1.933750000000000000e+02 1.232579999999999913e-47
1.935000000000000000e+02 1.232330000000000096e-47
1.936250000000000000e+02 1.232080000000000036e-47
1.937500000000000000e+02 1.231839999999999969e-47
1.938750000000000000e+02 1.231599999999999902e-47
1.940000000000000000e+02 1.231360000000000078e-47
1.941250000000000000e+02 1.231120000000000011e-47
1.942500000000000000e+02 1.230889999999999936e-47
1.943750000000000000e+02 1.230660000000000105e-47
1.945000000000000000e+02 1.230430000000000030e-47
1.946250000000000000e+02 1.230189999999999963e-47
1.947500000000000000e+02 1.229899999999999932e-47
1.948750000000000000e+02 1.229619999999999895e-47
1.950000000000000000e+02 1.229340000000000100e-47
1.951250000000000000e+02 1.229050000000000069e-47
1.952500000000000000e+02 1.228790000000000017e-47
1.953750000000000000e+02 1.228569999999999935e-47
1.955000000000000000e+02 1.228340000000000103e-47
1.956250000000000000e+02 1.228130000000000014e-47
1.957500000000000000e+02 1.227909999999999932e-47
1.958750000000000000e+02 1.227700000000000086e-47
1.960000000000000000e+02 1.227489999999999997e-47
1.961250000000000000e+02 1.227309999999999886e-47
1.962500000000000000e+02 1.227130000000000018e-47
1.963750000000000000e+02 1.226949999999999907e-47
1.965000000000000000e+02 1.226780000000000031e-47
1.966250000000000000e+02 1.226609999999999913e-47
1.967500000000000000e+02 1.226440000000000037e-47
1.968750000000000000e+02 1.226279999999999912e-47
1.970000000000000000e+02 1.226120000000000029e-47
1.971250000000000000e+02 1.225949999999999910e-47
1.972500000000000000e+02 1.225800000000000020e-47
1.973750000000000000e+02 1.225639999999999895e-47
1.975000000000000000e+02 1.225490000000000004e-47
1.976250000000000000e+02 1.225329999999999879e-47
1.977500000000000000e+02 1.225179999999999989e-47
1.978750000000000000e+02 1.225040000000000091e-47
1.980000000000000000e+02 1.224899999999999951e-47
1.981250000000000000e+02 1.224750000000000061e-47
1.982500000000000000e+02 1.224609999999999920e-47
1.983750000000000000e+02 1.224470000000000023e-47
1.985000000000000000e+02 1.224350000000000111e-47
1.986250000000000000e+02 1.224259999999999934e-47
1.987500000000000000e+02 1.224160000000000007e-47
1.988750000000000000e+02 1.224050000000000088e-47
1.990000000000000000e+02 1.223939999999999925e-47
1.991250000000000000e+02 1.223810000000000020e-47
1.992500000000000000e+02 1.223690000000000108e-47
1.993750000000000000e+02 1.223569999999999953e-47
1.995000000000000000e+02 1.223410000000000070e-47
1.996250000000000000e+02 1.223219999999999967e-47
1.997500000000000000e+02 1.223100000000000055e-47
1.998750000000000000e+02 1.222989999999999892e-47
2.000000000000000000e+02 1.222879999999999973e-47
2.001250000000000000e+02 1.222780000000000046e-47
2.002500000000000000e+02 1.222639999999999906e-47
2.003750000000000000e+02 1.222450000000000045e-47
2.005000000000000000e+02 1.222259999999999941e-47
2.006250000000000000e+02 1.222090000000000066e-47
2.007500000000000000e+02 1.221949999999999925e-47
2.008750000000000000e+02 1.221830000000000013e-47
2.010000000000000000e+02 1.221710000000000101e-47
2.011250000000000000e+02 1.221589999999999946e-47
2.012500000000000000e+02 1.221470000000000034e-47
2.013750000000000000e+02 1.221339999999999886e-47
2.015000000000000000e+02 1.221209999999999981e-47
2.016250000000000000e+02 1.221080000000000077e-47
2.017500000000000000e+02 1.220949999999999929e-47
2.018750000000000000e+02 1.220810000000000031e-47
2.020000000000000000e+02 1.220679999999999884e-47
2.021250000000000000e+02 1.220599999999999942e-47
2.022500000000000000e+02 1.220460000000000045e-47
2.023750000000000000e+02 1.220360000000000118e-47
2.025000000000000000e+02 1.220249999999999956e-47
2.026250000000000000e+02 1.220160000000000022e-47
2.027500000000000000e+02 1.220080000000000080e-47
2.028750000000000000e+02 1.219959999999999925e-47
2.030000000000000000e+02 1.219770000000000064e-47
2.031250000000000000e+02 1.219510000000000012e-47
2.032500000000000000e+02 1.219370000000000114e-47
2.033750000000000000e+02 1.219239999999999967e-47
2.035000000000000000e+02 1.219110000000000062e-47
2.036250000000000000e+02 1.218979999999999914e-47
2.037500000000000000e+02 1.218850000000000009e-47
2.038750000000000000e+02 1.218730000000000097e-47
2.040000000000000000e+02 1.218619999999999935e-47
2.041250000000000000e+02 1.218510000000000016e-47
2.042500000000000000e+02 1.218390000000000103e-47
2.043750000000000000e+02 1.218259999999999956e-47
2.045000000000000000e+02 1.218080000000000088e-47
2.046250000000000000e+02 1.217899999999999976e-47
2.047500000000000000e+02 1.217659999999999909e-47
2.048750000000000000e+02 1.217589999999999961e-47
2.050000000000000000e+02 1.217209999999999996e-47
2.051250000000000000e+02 1.216999999999999907e-47
2.052500000000000000e+02 1.216800000000000053e-47
2.053750000000000000e+02 1.216730000000000105e-47
2.055000000000000000e+02 1.216520000000000016e-47
2.056250000000000000e+02 1.216279999999999948e-47
2.057500000000000000e+02 1.216170000000000029e-47
2.058750000000000000e+02 1.216070000000000102e-47
2.060000000000000000e+02 1.215959999999999940e-47
2.061250000000000000e+02 1.215860000000000013e-47
2.062500000000000000e+02 1.215760000000000086e-47
2.063750000000000000e+02 1.215629999999999939e-47
2.065000000000000000e+02 1.215530000000000012e-47
2.066250000000000000e+02 1.215460000000000063e-47
2.067500000000000000e+02 1.215319999999999923e-47
2.068750000000000000e+02 1.215160000000000040e-47
2.070000000000000000e+02 1.214979999999999929e-47
2.071250000000000000e+02 1.214800000000000061e-47
2.072500000000000000e+02 1.214599999999999964e-47
2.073750000000000000e+02 1.214379999999999882e-47
2.075000000000000000e+02 1.214180000000000029e-47
2.076250000000000000e+02 1.214049999999999881e-47
2.077500000000000000e+02 1.213919999999999976e-47
2.078750000000000000e+02 1.213780000000000079e-47
2.080000000000000000e+02 1.213649999999999931e-47
2.081250000000000000e+02 1.213490000000000049e-47
2.082500000000000000e+02 1.213279999999999959e-47
2.083750000000000000e+02 1.213090000000000099e-47
2.085000000000000000e+02 1.212820000000000053e-47
2.086250000000000000e+02 1.212540000000000016e-47
2.087500000000000000e+02 1.212420000000000104e-47
2.088750000000000000e+02 1.212299999999999948e-47
2.090000000000000000e+02 1.212190000000000029e-47
2.091250000000000000e+02 1.212059999999999881e-47
2.092500000000000000e+02 1.211959999999999955e-47
2.093750000000000000e+02 1.211860000000000028e-47
2.095000000000000000e+02 1.211719999999999887e-47
2.096250000000000000e+02 1.211619999999999961e-47
2.097500000000000000e+02 1.211490000000000056e-47
2.098750000000000000e+02 1.211210000000000018e-47
2.100000000000000000e+02 1.210919999999999988e-47
2.101250000000000000e+02 1.210629999999999957e-47
2.102500000000000000e+02 1.210349999999999919e-47
2.103750000000000000e+02 1.210150000000000066e-47
2.105000000000000000e+02 1.209880000000000020e-47
2.106250000000000000e+02 1.209609999999999975e-47
2.107500000000000000e+02 1.209349999999999923e-47
2.108750000000000000e+02 1.209090000000000113e-47
2.110000000000000000e+02 1.208830000000000061e-47
2.111250000000000000e+02 1.208570000000000008e-47
2.112500000000000000e+02 1.208309999999999956e-47
2.113750000000000000e+02 1.208049999999999903e-47
2.115000000000000000e+02 1.207790000000000094e-47
2.116250000000000000e+02 1.207470000000000085e-47
2.117500000000000000e+02 1.207140000000000084e-47
2.118750000000000000e+02 1.206840000000000061e-47
2.120000000000000000e+02 1.206540000000000038e-47
2.121250000000000000e+02 1.206170000000000066e-47
2.122500000000000000e+02 1.205780000000000108e-47
2.123750000000000000e+02 1.205470000000000093e-47
2.125000000000000000e+02 1.205180000000000062e-47
2.126250000000000000e+02 1.204900000000000024e-47
2.127500000000000000e+02 1.204609999999999994e-47
2.128750000000000000e+02 1.204329999999999956e-47
2.130000000000000000e+02 1.204120000000000110e-47
2.131250000000000000e+02 1.203979999999999969e-47
2.132500000000000000e+02 1.203850000000000065e-47
2.133750000000000000e+02 1.203699999999999931e-47
2.135000000000000000e+02 1.203570000000000027e-47
2.136250000000000000e+02 1.203429999999999886e-47
2.137500000000000000e+02 1.203299999999999981e-47
2.138750000000000000e+02 1.203160000000000084e-47
2.140000000000000000e+02 1.203019999999999944e-47
2.141250000000000000e+02 1.202890000000000039e-47
2.142500000000000000e+02 1.202749999999999898e-47
2.143750000000000000e+02 1.202610000000000001e-47
2.145000000000000000e+02 1.202480000000000096e-47
2.146250000000000000e+02 1.202339999999999956e-47
2.147500000000000000e+02 1.202210000000000051e-47
2.148750000000000000e+02 1.202069999999999911e-47
2.150000000000000000e+02 1.201930000000000013e-47
2.151250000000000000e+02 1.201800000000000109e-47
2.152500000000000000e+02 1.202780000000000119e-47
2.153750000000000000e+02 1.202550000000000045e-47
2.155000000000000000e+02 1.201389999999999923e-47
2.156250000000000000e+02 1.201210000000000055e-47
2.157500000000000000e+02 1.206629999999999972e-47
2.158750000000000000e+02 1.200920000000000024e-47
2.160000000000000000e+02 1.200779999999999884e-47
2.161250000000000000e+02 1.200470000000000111e-47
2.162500000000000000e+02 1.199870000000000065e-47
2.163750000000000000e+02 1.199699999999999946e-47
2.165000000000000000e+02 1.199520000000000078e-47
2.166250000000000000e+02 1.199319999999999981e-47
2.167500000000000000e+02 1.199049999999999936e-47
2.168750000000000000e+02 1.198749999999999913e-47
2.170000000000000000e+02 1.198419999999999912e-47
2.171250000000000000e+02 1.198079999999999918e-47
2.172500000000000000e+02 1.197840000000000094e-47
2.173750000000000000e+02 1.197779999999999895e-47
2.175000000000000000e+02 1.197620000000000012e-47
2.176250000000000000e+02 1.197449999999999894e-47
2.177500000000000000e+02 1.197280000000000018e-47
2.178750000000000000e+02 1.197140000000000121e-47
2.180000000000000000e+02 1.197019999999999966e-47
2.181250000000000000e+02 1.196890000000000061e-47
2.182500000000000000e+02 1.196749999999999920e-47
2.183750000000000000e+02 1.196580000000000045e-47
2.185000000000000000e+02 1.196389999999999941e-47
2.186250000000000000e+02 1.196170000000000102e-47
2.187500000000000000e+02 1.195989999999999991e-47
2.188750000000000000e+02 1.195830000000000109e-47
2.190000000000000000e+02 1.195689999999999968e-47
2.191250000000000000e+02 1.195550000000000071e-47
2.192500000000000000e+02 1.195409999999999930e-47
2.193750000000000000e+02 1.195270000000000033e-47
2.195000000000000000e+02 1.195109999999999907e-47
2.196250000000000000e+02 1.194970000000000010e-47
2.197500000000000000e+02 1.194840000000000105e-47
2.198750000000000000e+02 1.194699999999999964e-47
2.200000000000000000e+02 1.194560000000000067e-47
2.201250000000000000e+02 1.194419999999999927e-47
2.202500000000000000e+02 1.195799999999999887e-47
2.203750000000000000e+02 1.195630000000000012e-47
2.205000000000000000e+02 1.194009999999999984e-47
2.206250000000000000e+02 1.193870000000000087e-47
2.207500000000000000e+02 1.193739999999999939e-47
2.208750000000000000e+02 1.193570000000000063e-47
2.210000000000000000e+02 1.193419999999999930e-47
2.211250000000000000e+02 1.193280000000000033e-47
2.212500000000000000e+02 1.193139999999999892e-47
2.213750000000000000e+02 1.192999999999999995e-47
2.215000000000000000e+02 1.192860000000000098e-47
2.216250000000000000e+02 1.192719999999999957e-47
2.217500000000000000e+02 1.192580000000000060e-47
2.218750000000000000e+02 1.192439999999999919e-47
2.220000000000000000e+02 1.192300000000000022e-47
2.221250000000000000e+02 1.192159999999999881e-47
2.222500000000000000e+02 1.192029999999999977e-47
2.223750000000000000e+02 1.191900000000000072e-47
2.225000000000000000e+02 1.191779999999999917e-47
2.226250000000000000e+02 1.191660000000000005e-47
2.227500000000000000e+02 1.191540000000000093e-47
2.228750000000000000e+02 1.191409999999999945e-47
2.230000000000000000e+02 1.191290000000000033e-47
2.231250000000000000e+02 1.191170000000000121e-47
2.232500000000000000e+02 1.191049999999999966e-47
2.233750000000000000e+02 1.190920000000000061e-47
2.235000000000000000e+02 1.190799999999999906e-47
2.236250000000000000e+02 1.190650000000000016e-47
2.237500000000000000e+02 1.190499999999999883e-47
2.238750000000000000e+02 1.190349999999999993e-47
2.240000000000000000e+02 1.190200000000000102e-47
2.241250000000000000e+02 1.190049999999999969e-47
2.242500000000000000e+02 1.189930000000000057e-47
2.243750000000000000e+02 1.189799999999999909e-47
2.245000000000000000e+02 1.189679999999999997e-47
2.246250000000000000e+02 1.189550000000000093e-47
2.247500000000000000e+02 1.189419999999999945e-47
2.248750000000000000e+02 1.189300000000000033e-47
2.250000000000000000e+02 1.189169999999999885e-47
2.251250000000000000e+02 1.189039999999999980e-47
2.252500000000000000e+02 1.188920000000000068e-47
2.253750000000000000e+02 1.188789999999999920e-47
2.255000000000000000e+02 1.188660000000000016e-47
2.256250000000000000e+02 1.188540000000000104e-47
2.257500000000000000e+02 1.188409999999999956e-47
2.258750000000000000e+02 1.188280000000000051e-47
2.260000000000000000e+02 1.188159999999999896e-47
2.261250000000000000e+02 1.188129999999999918e-47
2.262500000000000000e+02 1.187940000000000057e-47
2.263750000000000000e+02 1.187699999999999990e-47
2.265000000000000000e+02 1.187519999999999879e-47
2.266250000000000000e+02 1.187330000000000018e-47
2.267500000000000000e+02 1.187200000000000113e-47
2.268750000000000000e+02 1.187039999999999988e-47
2.270000000000000000e+02 1.186890000000000098e-47
2.271250000000000000e+02 1.186729999999999972e-47
2.272500000000000000e+02 1.186570000000000089e-47
2.273750000000000000e+02 1.186439999999999941e-47
2.275000000000000000e+02 1.186320000000000029e-47
2.276250000000000000e+02 1.186200000000000117e-47
2.277500000000000000e+02 1.186079999999999962e-47
2.278750000000000000e+02 1.185960000000000050e-47
2.280000000000000000e+02 1.185839999999999895e-47
2.281250000000000000e+02 1.185699999999999997e-47
2.282500000000000000e+02 1.185580000000000085e-47
2.283750000000000000e+02 1.185449999999999938e-47
2.285000000000000000e+02 1.185230000000000099e-47
2.286250000000000000e+02 1.185010000000000017e-47
2.287500000000000000e+02 1.184839999999999899e-47
2.288750000000000000e+02 1.184719999999999986e-47
2.290000000000000000e+02 1.184600000000000074e-47
2.291250000000000000e+02 1.184479999999999919e-47
2.292500000000000000e+02 1.184360000000000007e-47
2.293750000000000000e+02 1.184240000000000095e-47
2.295000000000000000e+02 1.184119999999999940e-47
2.296250000000000000e+02 1.184000000000000028e-47
2.297500000000000000e+02 1.183880000000000116e-47
2.298750000000000000e+02 1.183739999999999975e-47
2.300000000000000000e+02 1.183620000000000063e-47
2.301250000000000000e+02 1.183499999999999908e-47
2.302500000000000000e+02 1.183389999999999989e-47
2.303750000000000000e+02 1.183260000000000084e-47
2.305000000000000000e+02 1.183069999999999980e-47
2.306250000000000000e+02 1.182839999999999906e-47
2.307500000000000000e+02 1.182630000000000060e-47
2.308750000000000000e+02 1.182439999999999956e-47
2.310000000000000000e+02 1.182290000000000066e-47
2.311250000000000000e+02 1.182169999999999911e-47
2.312500000000000000e+02 1.182049999999999999e-47
2.313750000000000000e+02 1.181920000000000094e-47
2.315000000000000000e+02 1.181799999999999939e-47
2.316250000000000000e+02 1.181690000000000019e-47
2.317500000000000000e+02 1.181570000000000107e-47
2.318750000000000000e+02 1.181449999999999952e-47
2.320000000000000000e+02 1.181340000000000033e-47
2.321250000000000000e+02 1.181179999999999907e-47
2.322500000000000000e+02 1.181020000000000024e-47
2.323750000000000000e+02 1.180869999999999891e-47
2.325000000000000000e+02 1.180710000000000008e-47
2.326250000000000000e+02 1.180549999999999883e-47
2.327500000000000000e+02 1.180419999999999978e-47
2.328750000000000000e+02 1.180280000000000081e-47
2.330000000000000000e+02 1.180149999999999933e-47
2.331250000000000000e+02 1.180010000000000035e-47
2.332500000000000000e+02 1.179869999999999895e-47
2.333750000000000000e+02 1.179729999999999998e-47
2.335000000000000000e+02 1.179529999999999901e-47
2.336250000000000000e+02 1.179320000000000055e-47
2.337500000000000000e+02 1.179119999999999958e-47
2.338750000000000000e+02 1.178920000000000105e-47
2.340000000000000000e+02 1.178710000000000016e-47
2.341250000000000000e+02 1.178509999999999919e-47
2.342500000000000000e+02 1.178310000000000066e-47
2.343750000000000000e+02 1.178109999999999969e-47
2.345000000000000000e+02 1.177910000000000116e-47
2.346250000000000000e+02 1.177710000000000020e-47
2.347500000000000000e+02 1.177509999999999923e-47
2.348750000000000000e+02 1.177330000000000055e-47
2.350000000000000000e+02 1.177199999999999907e-47
2.351250000000000000e+02 1.177060000000000010e-47
2.352500000000000000e+02 1.176930000000000105e-47
2.353750000000000000e+02 1.176799999999999957e-47
2.355000000000000000e+02 1.176660000000000060e-47
2.356250000000000000e+02 1.176529999999999912e-47
2.357500000000000000e+02 1.176400000000000007e-47
2.358750000000000000e+02 1.176260000000000110e-47
2.360000000000000000e+02 1.176129999999999962e-47
2.361250000000000000e+02 1.176000000000000057e-47
2.362500000000000000e+02 1.175859999999999917e-47
2.363750000000000000e+02 1.175730000000000012e-47
2.365000000000000000e+02 1.175600000000000107e-47
2.366250000000000000e+02 1.175459999999999967e-47
2.367500000000000000e+02 1.175330000000000062e-47
2.368750000000000000e+02 1.175199999999999914e-47
2.370000000000000000e+02 1.175060000000000017e-47
2.371250000000000000e+02 1.174930000000000112e-47
2.372500000000000000e+02 1.174759999999999994e-47
2.373750000000000000e+02 1.174569999999999890e-47
2.375000000000000000e+02 1.174380000000000029e-47
2.376250000000000000e+02 1.174179999999999933e-47
2.377500000000000000e+02 1.173990000000000072e-47
2.378750000000000000e+02 1.173799999999999968e-47
2.380000000000000000e+02 1.173610000000000107e-47
2.381250000000000000e+02 1.173420000000000004e-47
2.382500000000000000e+02 1.173290000000000099e-47
2.383750000000000000e+02 1.173169999999999944e-47
2.385000000000000000e+02 1.173050000000000032e-47
2.386250000000000000e+02 1.172930000000000120e-47
2.387500000000000000e+02 1.172809999999999965e-47
2.388750000000000000e+02 1.172690000000000053e-47
2.390000000000000000e+02 1.172569999999999897e-47
2.391250000000000000e+02 1.172449999999999985e-47
2.392500000000000000e+02 1.172330000000000073e-47
2.393750000000000000e+02 1.172209999999999918e-47
2.395000000000000000e+02 1.172080000000000013e-47
2.396250000000000000e+02 1.171960000000000101e-47
2.397500000000000000e+02 1.171849999999999939e-47
2.398750000000000000e+02 1.171779999999999990e-47
2.400000000000000000e+02 1.171670000000000071e-47
2.401250000000000000e+02 1.171559999999999908e-47
2.402500000000000000e+02 1.171469999999999974e-47
2.403750000000000000e+02 1.171380000000000040e-47
2.405000000000000000e+02 1.171300000000000099e-47
2.406250000000000000e+02 1.171229999999999907e-47
2.407500000000000000e+02 1.171169999999999951e-47
2.408750000000000000e+02 1.171129999999999980e-47
2.410000000000000000e+02 1.171030000000000054e-47
2.411250000000000000e+02 1.170940000000000120e-47
2.412500000000000000e+02 1.170839999999999950e-47
2.413750000000000000e+02 1.170750000000000016e-47
2.415000000000000000e+02 1.170599999999999883e-47
2.416250000000000000e+02 1.170970000000000098e-47
2.417500000000000000e+02 1.170579999999999897e-47
2.418750000000000000e+02 1.170670000000000075e-47
2.420000000000000000e+02 1.170710000000000045e-47
2.421250000000000000e+02 1.170809999999999972e-47
2.422500000000000000e+02 1.171439999999999996e-47
2.423750000000000000e+02 1.172479999999999963e-47
2.425000000000000000e+02 1.173189999999999929e-47
2.426250000000000000e+02 1.173559999999999901e-47
2.427500000000000000e+02 1.176139999999999955e-47
2.428750000000000000e+02 1.178809999999999943e-47
2.430000000000000000e+02 1.179839999999999917e-47
2.431250000000000000e+02 1.181769999999999961e-47
2.432500000000000000e+02 1.183199999999999885e-47
2.433750000000000000e+02 1.185099999999999951e-47
2.435000000000000000e+02 1.187459999999999923e-47
2.436250000000000000e+02 1.189799999999999909e-47
2.437500000000000000e+02 1.192809999999999891e-47
2.438750000000000000e+02 1.206069999999999896e-47
2.440000000000000000e+02 1.238159999999999956e-47
2.441250000000000000e+02 1.278210000000000015e-47
2.442500000000000000e+02 1.363889999999999934e-47
2.443750000000000000e+02 1.572340000000000056e-47
2.445000000000000000e+02 2.062520000000000069e-47
2.446250000000000000e+02 3.639449999999999921e-47
2.447500000000000000e+02 6.658249999999999921e-47
2.448750000000000000e+02 1.226199999999999922e-46
2.450000000000000000e+02 2.698670000000000055e-46
2.451250000000000000e+02 8.720319999999999834e-47
2.452500000000000000e+02 4.828349999999999761e-47
2.453750000000000000e+02 2.753599999999999904e-47
2.455000000000000000e+02 1.896929999999999892e-47
2.456250000000000000e+02 1.549209999999999992e-47
2.457500000000000000e+02 1.368950000000000115e-47
2.458750000000000000e+02 1.292400000000000068e-47
2.460000000000000000e+02 1.250900000000000098e-47
2.461250000000000000e+02 1.225370000000000092e-47
2.462500000000000000e+02 1.199739999999999917e-47
2.463750000000000000e+02 1.189000000000000010e-47
2.465000000000000000e+02 1.182839999999999906e-47
2.466250000000000000e+02 1.178809999999999943e-47
2.467500000000000000e+02 1.174439999999999985e-47
2.468750000000000000e+02 1.171400000000000026e-47
2.470000000000000000e+02 1.170950000000000112e-47
2.471250000000000000e+02 1.168780000000000001e-47
2.472500000000000000e+02 1.167199999999999944e-47
2.473750000000000000e+02 1.166380000000000059e-47
2.475000000000000000e+02 1.165249999999999915e-47
2.476250000000000000e+02 1.164680000000000089e-47
2.477500000000000000e+02 1.163259999999999915e-47
2.478750000000000000e+02 1.162770000000000031e-47
2.480000000000000000e+02 1.162350000000000095e-47
2.481250000000000000e+02 1.161990000000000116e-47
2.482500000000000000e+02 1.161680000000000100e-47
2.483750000000000000e+02 1.161410000000000055e-47
2.485000000000000000e+02 1.161169999999999988e-47
2.486250000000000000e+02 1.160949999999999906e-47
2.487500000000000000e+02 1.160750000000000053e-47
2.488750000000000000e+02 1.160569999999999941e-47
2.490000000000000000e+02 1.160400000000000066e-47
2.491250000000000000e+02 1.160239999999999940e-47
2.492500000000000000e+02 1.160080000000000058e-47
2.493750000000000000e+02 1.159929999999999924e-47
2.495000000000000000e+02 1.159780000000000034e-47
2.496250000000000000e+02 1.159639999999999894e-47
2.497500000000000000e+02 1.159499999999999996e-47
2.498750000000000000e+02 1.159370000000000092e-47
2.500000000000000000e+02 1.159239999999999944e-47
2.501250000000000000e+02 1.159110000000000039e-47
2.502500000000000000e+02 1.158979999999999891e-47
2.503750000000000000e+02 1.158859999999999979e-47
2.505000000000000000e+02 1.158730000000000075e-47
2.506250000000000000e+02 1.158599999999999927e-47
2.507500000000000000e+02 1.158470000000000022e-47
2.508750000000000000e+02 1.158340000000000117e-47
2.510000000000000000e+02 1.158209999999999970e-47
2.511250000000000000e+02 1.158090000000000058e-47
2.512500000000000000e+02 1.157959999999999910e-47
2.513750000000000000e+02 1.157830000000000005e-47
2.515000000000000000e+02 1.157929999999999932e-47
2.516250000000000000e+02 1.157569999999999952e-47
2.517500000000000000e+02 1.157450000000000040e-47
2.518750000000000000e+02 1.157319999999999893e-47
2.520000000000000000e+02 1.157189999999999988e-47
2.521250000000000000e+02 1.157060000000000083e-47
2.522500000000000000e+02 1.156909999999999950e-47
2.523750000000000000e+02 1.156780000000000045e-47
2.525000000000000000e+02 1.156609999999999927e-47
2.526250000000000000e+02 1.156480000000000022e-47
2.527500000000000000e+02 1.156350000000000117e-47
2.528750000000000000e+02 1.156229999999999962e-47
2.530000000000000000e+02 1.156100000000000058e-47
2.531250000000000000e+02 1.155979999999999902e-47
2.532500000000000000e+02 1.155869999999999983e-47
2.533750000000000000e+02 1.155780000000000049e-47
2.535000000000000000e+02 1.155619999999999923e-47
2.536250000000000000e+02 1.155490000000000018e-47
2.537500000000000000e+02 1.155319999999999900e-47
2.538750000000000000e+02 1.155199999999999988e-47
2.540000000000000000e+02 1.155080000000000076e-47
2.541250000000000000e+02 1.154949999999999928e-47
2.542500000000000000e+02 1.154820000000000023e-47
2.543750000000000000e+02 1.154679999999999883e-47
2.545000000000000000e+02 1.154549999999999978e-47
2.546250000000000000e+02 1.154420000000000073e-47
2.547500000000000000e+02 1.154289999999999926e-47
2.548750000000000000e+02 1.154160000000000021e-47
2.550000000000000000e+02 1.154030000000000116e-47
2.551250000000000000e+02 1.153899999999999968e-47
2.552500000000000000e+02 1.153780000000000056e-47
2.553750000000000000e+02 1.153649999999999909e-47
2.555000000000000000e+02 1.153520000000000004e-47
2.556250000000000000e+02 1.153390000000000099e-47
2.557500000000000000e+02 1.153239999999999966e-47
2.558750000000000000e+02 1.153110000000000061e-47
2.560000000000000000e+02 1.152979999999999913e-47
2.561250000000000000e+02 1.152850000000000009e-47
2.562500000000000000e+02 1.152720000000000104e-47
2.563750000000000000e+02 1.152589999999999956e-47
2.565000000000000000e+02 1.152470000000000044e-47
2.566250000000000000e+02 1.152339999999999896e-47
2.567500000000000000e+02 1.152209999999999992e-47
2.568750000000000000e+02 1.152080000000000087e-47
2.570000000000000000e+02 1.151929999999999954e-47
2.571250000000000000e+02 1.151699999999999879e-47
2.572500000000000000e+02 1.151460000000000055e-47
2.573750000000000000e+02 1.151229999999999981e-47
2.575000000000000000e+02 1.151009999999999899e-47
2.576250000000000000e+02 1.150830000000000031e-47
2.577500000000000000e+02 1.150589999999999964e-47
2.578750000000000000e+02 1.150349999999999896e-47
2.580000000000000000e+02 1.150219999999999992e-47
2.581250000000000000e+02 1.150100000000000080e-47
2.582500000000000000e+02 1.149899999999999983e-47
2.583750000000000000e+02 1.149709999999999879e-47
2.585000000000000000e+02 1.149599999999999960e-47
2.586250000000000000e+02 1.149500000000000033e-47
2.587500000000000000e+02 1.149369999999999885e-47
2.588750000000000000e+02 1.149210000000000003e-47
2.590000000000000000e+02 1.149009999999999906e-47
2.591250000000000000e+02 1.148770000000000082e-47
2.592500000000000000e+02 1.148540000000000008e-47
2.593750000000000000e+02 1.148299999999999940e-47
2.595000000000000000e+02 1.148060000000000116e-47
2.596250000000000000e+02 1.147830000000000042e-47
2.597500000000000000e+02 1.147589999999999975e-47
2.598750000000000000e+02 1.147349999999999907e-47
2.600000000000000000e+02 1.147120000000000076e-47
2.601250000000000000e+02 1.146880000000000009e-47
2.602500000000000000e+02 1.146639999999999942e-47
2.603750000000000000e+02 1.146410000000000110e-47
2.605000000000000000e+02 1.146170000000000043e-47
2.606250000000000000e+02 1.145939999999999968e-47
2.607500000000000000e+02 1.145699999999999901e-47
2.608750000000000000e+02 1.145460000000000077e-47
2.610000000000000000e+02 1.145230000000000003e-47
2.611250000000000000e+02 1.144989999999999935e-47
2.612500000000000000e+02 1.144760000000000104e-47
2.613750000000000000e+02 1.144520000000000037e-47
2.615000000000000000e+02 1.144299999999999955e-47
2.616250000000000000e+02 1.144100000000000102e-47
2.617500000000000000e+02 1.143939999999999976e-47
2.618750000000000000e+02 1.143820000000000064e-47
2.620000000000000000e+02 1.143699999999999909e-47
2.621250000000000000e+02 1.143570000000000004e-47
2.622500000000000000e+02 1.143450000000000092e-47
2.623750000000000000e+02 1.143289999999999966e-47
2.625000000000000000e+02 1.143140000000000076e-47
2.626250000000000000e+02 1.143019999999999921e-47
2.627500000000000000e+02 1.142900000000000009e-47
2.628750000000000000e+02 1.142770000000000104e-47
2.630000000000000000e+02 1.142649999999999949e-47
2.631250000000000000e+02 1.142520000000000044e-47
2.632500000000000000e+02 1.142399999999999889e-47
2.633750000000000000e+02 1.142279999999999977e-47
2.635000000000000000e+02 1.142150000000000072e-47
2.636250000000000000e+02 1.142029999999999917e-47
2.637500000000000000e+02 1.141900000000000012e-47
2.638750000000000000e+02 1.141780000000000100e-47
2.640000000000000000e+02 1.141659999999999945e-47
2.641250000000000000e+02 1.141530000000000041e-47
2.642500000000000000e+02 1.141409999999999885e-47
2.643750000000000000e+02 1.141289999999999973e-47
2.645000000000000000e+02 1.141160000000000069e-47
2.646250000000000000e+02 1.141090000000000120e-47
2.647500000000000000e+02 1.140979999999999957e-47
2.648750000000000000e+02 1.140800000000000089e-47
2.650000000000000000e+02 1.140669999999999942e-47
2.651250000000000000e+02 1.140900000000000016e-47
2.652500000000000000e+02 1.140699999999999920e-47
2.653750000000000000e+02 1.140500000000000066e-47
2.655000000000000000e+02 1.140180000000000058e-47
2.656250000000000000e+02 1.140049999999999910e-47
2.657500000000000000e+02 1.139910000000000012e-47
2.658750000000000000e+02 1.139719999999999909e-47
2.660000000000000000e+02 1.139490000000000077e-47
2.661250000000000000e+02 1.139339999999999944e-47
2.662500000000000000e+02 1.139220000000000032e-47
2.663750000000000000e+02 1.139100000000000120e-47
2.665000000000000000e+02 1.138979999999999965e-47
2.666250000000000000e+02 1.138860000000000053e-47
2.667500000000000000e+02 1.138709999999999920e-47
2.668750000000000000e+02 1.138580000000000015e-47
2.670000000000000000e+02 1.138460000000000103e-47
2.671250000000000000e+02 1.138339999999999948e-47
2.672500000000000000e+02 1.138230000000000028e-47
2.673750000000000000e+02 1.138110000000000116e-47
2.675000000000000000e+02 1.137989999999999961e-47
2.676250000000000000e+02 1.137870000000000049e-47
2.677500000000000000e+02 1.137749999999999894e-47
2.678750000000000000e+02 1.137609999999999997e-47
2.680000000000000000e+02 1.137409999999999900e-47
2.681250000000000000e+02 1.137230000000000032e-47
2.682500000000000000e+02 1.137079999999999899e-47
2.683750000000000000e+02 1.136969999999999979e-47
2.685000000000000000e+02 1.136810000000000097e-47
2.686250000000000000e+02 1.136649999999999971e-47
2.687500000000000000e+02 1.136480000000000096e-47
2.688750000000000000e+02 1.136309999999999977e-47
2.690000000000000000e+02 1.136160000000000087e-47
2.691250000000000000e+02 1.136039999999999932e-47
2.692500000000000000e+02 1.135920000000000020e-47
2.693750000000000000e+02 1.135800000000000108e-47
2.695000000000000000e+02 1.135659999999999967e-47
2.696250000000000000e+02 1.135540000000000055e-47
2.697500000000000000e+02 1.135419999999999900e-47
2.698750000000000000e+02 1.135299999999999988e-47
2.700000000000000000e+02 1.135180000000000076e-47
2.701250000000000000e+02 1.135059999999999921e-47
2.702500000000000000e+02 1.134940000000000009e-47
2.703750000000000000e+02 1.134810000000000104e-47
2.705000000000000000e+02 1.134689999999999949e-47
2.706250000000000000e+02 1.134570000000000037e-47
2.707500000000000000e+02 1.134449999999999882e-47
2.708750000000000000e+02 1.134289999999999999e-47
2.710000000000000000e+02 1.134109999999999888e-47
2.711250000000000000e+02 1.133890000000000049e-47
2.712500000000000000e+02 1.133749999999999909e-47
2.713750000000000000e+02 1.133629999999999997e-47
2.715000000000000000e+02 1.133510000000000085e-47
2.716250000000000000e+02 1.133379999999999937e-47
2.717500000000000000e+02 1.133260000000000025e-47
2.718750000000000000e+02 1.133109999999999892e-47
2.720000000000000000e+02 1.132950000000000009e-47
2.721250000000000000e+02 1.132830000000000097e-47
2.722500000000000000e+02 1.132679999999999964e-47
2.723750000000000000e+02 1.132520000000000081e-47
2.725000000000000000e+02 1.132369999999999948e-47
2.726250000000000000e+02 1.132230000000000050e-47
2.727500000000000000e+02 1.132109999999999895e-47
2.728750000000000000e+02 1.131999999999999976e-47
2.730000000000000000e+02 1.131810000000000115e-47
2.731250000000000000e+02 1.131600000000000026e-47
2.732500000000000000e+02 1.131449999999999893e-47
2.733750000000000000e+02 1.131329999999999981e-47
2.735000000000000000e+02 1.131200000000000076e-47
2.736250000000000000e+02 1.131069999999999928e-47
2.737500000000000000e+02 1.130950000000000016e-47
2.738750000000000000e+02 1.130830000000000104e-47
2.740000000000000000e+02 1.130699999999999956e-47
2.741250000000000000e+02 1.130580000000000044e-47
2.742500000000000000e+02 1.130459999999999889e-47
2.743750000000000000e+02 1.130339999999999977e-47
2.745000000000000000e+02 1.130220000000000065e-47
2.746250000000000000e+02 1.130099999999999910e-47
2.747500000000000000e+02 1.129979999999999998e-47
2.748750000000000000e+02 1.129850000000000093e-47
2.750000000000000000e+02 1.129669999999999982e-47
2.751250000000000000e+02 1.129550000000000070e-47
2.752500000000000000e+02 1.129429999999999915e-47
2.753750000000000000e+02 1.129310000000000003e-47
2.755000000000000000e+02 1.129190000000000091e-47
2.756250000000000000e+02 1.129069999999999936e-47
2.757500000000000000e+02 1.128950000000000024e-47
2.758750000000000000e+02 1.128809999999999883e-47
2.760000000000000000e+02 1.128659999999999993e-47
2.761250000000000000e+02 1.128510000000000103e-47
2.762500000000000000e+02 1.128379999999999955e-47
2.763750000000000000e+02 1.128260000000000043e-47
2.765000000000000000e+02 1.128129999999999895e-47
2.766250000000000000e+02 1.128009999999999983e-47
2.767500000000000000e+02 1.127890000000000071e-47
2.768750000000000000e+02 1.127699999999999967e-47
2.770000000000000000e+02 1.127479999999999886e-47
2.771250000000000000e+02 1.127329999999999995e-47
2.772500000000000000e+02 1.127210000000000083e-47
2.773750000000000000e+02 1.127069999999999943e-47
2.775000000000000000e+02 1.126960000000000024e-47
2.776250000000000000e+02 1.126840000000000111e-47
2.777500000000000000e+02 1.126719999999999956e-47
2.778750000000000000e+02 1.126600000000000044e-47
2.780000000000000000e+02 1.126439999999999918e-47
2.781250000000000000e+02 1.126270000000000043e-47
2.782500000000000000e+02 1.126069999999999947e-47
2.783750000000000000e+02 1.125900000000000071e-47
2.785000000000000000e+02 1.125669999999999997e-47
2.786250000000000000e+02 1.125449999999999915e-47
2.787500000000000000e+02 1.125210000000000091e-47
2.788750000000000000e+02 1.125000000000000002e-47
2.790000000000000000e+02 1.124769999999999927e-47
2.791250000000000000e+02 1.124620000000000037e-47
2.792500000000000000e+02 1.124459999999999911e-47
2.793750000000000000e+02 1.124220000000000087e-47
2.795000000000000000e+02 1.123970000000000027e-47
2.796250000000000000e+02 1.123739999999999953e-47
2.797500000000000000e+02 1.123580000000000070e-47
2.798750000000000000e+02 1.123439999999999930e-47
2.800000000000000000e+02 1.123240000000000076e-47
2.801250000000000000e+02 1.123029999999999987e-47
2.802500000000000000e+02 1.122860000000000112e-47
2.803750000000000000e+02 1.122650000000000022e-47
2.805000000000000000e+02 1.122439999999999933e-47
2.806250000000000000e+02 1.122220000000000094e-47
2.807500000000000000e+02 1.122010000000000005e-47
2.808750000000000000e+02 1.121799999999999916e-47
2.810000000000000000e+02 1.121590000000000070e-47
2.811250000000000000e+02 1.121379999999999981e-47
2.812500000000000000e+02 1.121169999999999892e-47
2.813750000000000000e+02 1.120960000000000046e-47
2.815000000000000000e+02 1.120789999999999927e-47
2.816250000000000000e+02 1.120670000000000015e-47
2.817500000000000000e+02 1.120389999999999977e-47
2.818750000000000000e+02 1.120169999999999895e-47
2.820000000000000000e+02 1.119960000000000049e-47
2.821250000000000000e+02 1.119739999999999967e-47
2.822500000000000000e+02 1.119519999999999886e-47
2.823750000000000000e+02 1.119369999999999995e-47
2.825000000000000000e+02 1.119159999999999906e-47
2.826250000000000000e+02 1.118940000000000068e-47
2.827500000000000000e+02 1.118729999999999978e-47
2.828750000000000000e+02 1.118509999999999897e-47
2.830000000000000000e+02 1.118300000000000050e-47
2.831250000000000000e+02 1.118079999999999969e-47
2.832500000000000000e+02 1.117920000000000086e-47
2.833750000000000000e+02 1.117729999999999982e-47
2.835000000000000000e+02 1.117509999999999900e-47
2.836250000000000000e+02 1.117310000000000047e-47
2.837500000000000000e+02 1.117129999999999936e-47
2.838750000000000000e+02 1.116950000000000068e-47
2.840000000000000000e+02 1.116779999999999949e-47
2.841250000000000000e+02 1.116660000000000037e-47
2.842500000000000000e+02 1.116519999999999897e-47
2.843750000000000000e+02 1.116399999999999985e-47
2.845000000000000000e+02 1.116280000000000072e-47
2.846250000000000000e+02 1.116159999999999917e-47
2.847500000000000000e+02 1.116030000000000013e-47
2.848750000000000000e+02 1.115900000000000108e-47
2.850000000000000000e+02 1.115779999999999953e-47
2.851250000000000000e+02 1.115660000000000041e-47
2.852500000000000000e+02 1.115499999999999915e-47
2.853750000000000000e+02 1.115290000000000069e-47
2.855000000000000000e+02 1.115069999999999987e-47
2.856250000000000000e+02 1.114859999999999898e-47
2.857500000000000000e+02 1.114650000000000052e-47
2.858750000000000000e+02 1.114439999999999963e-47
2.860000000000000000e+02 1.114230000000000116e-47
2.861250000000000000e+02 1.114020000000000027e-47
2.862500000000000000e+02 1.113839999999999916e-47
2.863750000000000000e+02 1.113610000000000085e-47
2.865000000000000000e+02 1.113380000000000010e-47
2.866250000000000000e+02 1.113169999999999921e-47
2.867500000000000000e+02 1.112960000000000075e-47
2.868750000000000000e+02 1.112749999999999986e-47
2.870000000000000000e+02 1.112590000000000103e-47
2.871250000000000000e+02 1.112419999999999985e-47
2.872500000000000000e+02 1.112209999999999895e-47
2.873750000000000000e+02 1.112000000000000049e-47
2.875000000000000000e+02 1.111789999999999960e-47
2.876250000000000000e+02 1.111580000000000114e-47
2.877500000000000000e+02 1.111370000000000025e-47
2.878750000000000000e+02 1.111159999999999936e-47
2.880000000000000000e+02 1.110950000000000090e-47
2.881250000000000000e+02 1.110740000000000000e-47
2.882500000000000000e+02 1.110529999999999911e-47
2.883750000000000000e+02 1.110320000000000065e-47
2.885000000000000000e+02 1.110109999999999976e-47
2.886250000000000000e+02 1.109899999999999887e-47
2.887500000000000000e+02 1.109690000000000041e-47
2.888750000000000000e+02 1.109479999999999952e-47
2.890000000000000000e+02 1.109260000000000113e-47
2.891250000000000000e+02 1.109040000000000031e-47
2.892500000000000000e+02 1.108839999999999934e-47
2.893750000000000000e+02 1.108640000000000081e-47
2.895000000000000000e+02 1.108429999999999992e-47
2.896250000000000000e+02 1.108219999999999903e-47
2.897500000000000000e+02 1.108020000000000049e-47
2.898750000000000000e+02 1.107809999999999960e-47
2.900000000000000000e+02 1.107600000000000114e-47
2.901250000000000000e+02 1.107390000000000025e-47
2.902500000000000000e+02 1.107179999999999936e-47
2.903750000000000000e+02 1.106980000000000082e-47
2.905000000000000000e+02 1.106769999999999993e-47
2.906250000000000000e+02 1.106579999999999889e-47
2.907500000000000000e+02 1.106370000000000043e-47
2.908750000000000000e+02 1.106159999999999954e-47
2.910000000000000000e+02 1.105960000000000101e-47
2.911250000000000000e+02 1.105750000000000011e-47
2.912500000000000000e+02 1.105549999999999915e-47
2.913750000000000000e+02 1.105340000000000069e-47
2.915000000000000000e+02 1.105139999999999972e-47
2.916250000000000000e+02 1.104919999999999891e-47
2.917500000000000000e+02 1.104720000000000037e-47
2.918750000000000000e+02 1.104509999999999948e-47
2.920000000000000000e+02 1.104310000000000095e-47
2.921250000000000000e+02 1.104109999999999998e-47
2.922500000000000000e+02 1.103919999999999894e-47
2.923750000000000000e+02 1.103720000000000041e-47
2.925000000000000000e+02 1.103519999999999944e-47
2.926250000000000000e+02 1.103340000000000076e-47
2.927500000000000000e+02 1.103229999999999914e-47
2.928750000000000000e+02 1.103129999999999987e-47
2.930000000000000000e+02 1.103040000000000053e-47
2.931250000000000000e+02 1.102919999999999898e-47
2.932500000000000000e+02 1.102819999999999971e-47
2.933750000000000000e+02 1.102710000000000052e-47
2.935000000000000000e+02 1.102529999999999941e-47
2.936250000000000000e+02 1.102350000000000073e-47
2.937500000000000000e+02 1.102219999999999925e-47
2.938750000000000000e+02 1.102100000000000013e-47
2.940000000000000000e+02 1.102000000000000086e-47
2.941250000000000000e+02 1.101899999999999916e-47
2.942500000000000000e+02 1.101809999999999982e-47
2.943750000000000000e+02 1.101630000000000114e-47
2.945000000000000000e+02 1.101509999999999959e-47
2.946250000000000000e+02 1.101310000000000106e-47
2.947500000000000000e+02 1.101129999999999994e-47
2.948750000000000000e+02 1.100939999999999891e-47
2.950000000000000000e+02 1.100750000000000030e-47
2.951250000000000000e+02 1.100579999999999911e-47
2.952500000000000000e+02 1.100529999999999948e-47
2.953750000000000000e+02 1.100619999999999882e-47
2.955000000000000000e+02 1.100300000000000117e-47
2.956250000000000000e+02 1.100189999999999954e-47
2.957500000000000000e+02 1.100110000000000013e-47
2.958750000000000000e+02 1.100030000000000071e-47
2.960000000000000000e+02 1.099899999999999924e-47
2.961250000000000000e+02 1.099770000000000019e-47
2.962500000000000000e+02 1.099730000000000048e-47
2.963750000000000000e+02 1.099660000000000099e-47
2.965000000000000000e+02 1.099549999999999937e-47
2.966250000000000000e+02 1.099529999999999952e-47
2.967500000000000000e+02 1.099509999999999966e-47
2.968750000000000000e+02 1.099509999999999966e-47
2.970000000000000000e+02 1.099489999999999981e-47
2.971250000000000000e+02 1.099249999999999914e-47
2.972500000000000000e+02 1.099229999999999928e-47
2.973750000000000000e+02 1.099229999999999928e-47
2.975000000000000000e+02 1.099229999999999928e-47
2.976250000000000000e+02 1.099249999999999914e-47
2.977500000000000000e+02 1.099279999999999892e-47
2.978750000000000000e+02 1.099269999999999899e-47
2.980000000000000000e+02 1.099239999999999921e-47
2.981250000000000000e+02 1.099320000000000106e-47
2.982500000000000000e+02 1.099390000000000054e-47
2.983750000000000000e+02 1.099460000000000003e-47
2.985000000000000000e+02 1.099529999999999952e-47
2.986250000000000000e+02 1.099509999999999966e-47
2.987500000000000000e+02 1.099499999999999974e-47
2.988750000000000000e+02 1.099489999999999981e-47
2.990000000000000000e+02 1.099549999999999937e-47
2.991250000000000000e+02 1.099599999999999900e-47
2.992500000000000000e+02 1.099690000000000077e-47
2.993750000000000000e+02 1.099869999999999946e-47
2.995000000000000000e+02 1.100080000000000035e-47
2.996250000000000000e+02 1.100239999999999917e-47
2.997500000000000000e+02 1.100559999999999926e-47
2.998750000000000000e+02 1.100809999999999986e-47
3.000000000000000000e+02 1.100990000000000097e-47
3.001250000000000000e+02 1.101229999999999921e-47
3.002500000000000000e+02 1.101459999999999996e-47
3.003750000000000000e+02 1.101690000000000070e-47
3.005000000000000000e+02 1.101899999999999916e-47
3.006250000000000000e+02 1.102269999999999888e-47
3.007500000000000000e+02 1.102680000000000074e-47
3.008750000000000000e+02 1.103119999999999994e-47
3.010000000000000000e+02 1.103549999999999922e-47
3.011250000000000000e+02 1.104050000000000042e-47
3.012500000000000000e+02 1.104589999999999889e-47
3.013750000000000000e+02 1.105239999999999899e-47
3.015000000000000000e+02 1.105839999999999946e-47
3.016250000000000000e+02 1.106610000000000110e-47
3.017500000000000000e+02 1.107280000000000106e-47
3.018750000000000000e+02 1.108099999999999991e-47
3.020000000000000000e+02 1.108950000000000097e-47
3.021250000000000000e+02 1.109889999999999894e-47
3.022500000000000000e+02 1.111149999999999943e-47
3.023750000000000000e+02 1.112360000000000029e-47
3.025000000000000000e+02 1.114040000000000013e-47
3.026250000000000000e+02 1.115360000000000018e-47
3.027500000000000000e+02 1.116749999999999971e-47
3.028750000000000000e+02 1.118680000000000015e-47
3.030000000000000000e+02 1.120940000000000060e-47
3.031250000000000000e+02 1.123620000000000041e-47
3.032500000000000000e+02 1.126359999999999977e-47
3.033750000000000000e+02 1.129830000000000108e-47
3.035000000000000000e+02 1.133119999999999884e-47
3.036250000000000000e+02 1.136279999999999999e-47
3.037500000000000000e+02 1.140150000000000080e-47
3.038750000000000000e+02 1.144870000000000023e-47
3.040000000000000000e+02 1.150790000000000060e-47
3.041250000000000000e+02 1.157649999999999894e-47
3.042500000000000000e+02 1.166050000000000057e-47
3.043750000000000000e+02 1.175779999999999976e-47
3.045000000000000000e+02 1.187290000000000048e-47
3.046250000000000000e+02 1.201389999999999923e-47
3.047500000000000000e+02 1.220160000000000022e-47
3.048750000000000000e+02 1.245020000000000032e-47
3.050000000000000000e+02 1.275389999999999894e-47
3.051250000000000000e+02 1.314380000000000001e-47
3.052500000000000000e+02 1.370760000000000003e-47
3.053750000000000000e+02 1.452250000000000076e-47
3.055000000000000000e+02 1.582970000000000043e-47
3.056250000000000000e+02 1.799510000000000070e-47
3.057500000000000000e+02 2.173600000000000089e-47
3.058750000000000000e+02 2.945259999999999935e-47
3.060000000000000000e+02 5.102970000000000245e-47
3.061250000000000000e+02 1.936549999999999927e-46
3.062500000000000000e+02 1.002020000000000040e-45
3.063750000000000000e+02 8.774959999999999653e-47
3.065000000000000000e+02 3.989209999999999784e-47
3.066250000000000000e+02 2.779909999999999825e-47
3.067500000000000000e+02 2.438010000000000035e-47
3.068750000000000000e+02 2.430610000000000111e-47
3.070000000000000000e+02 2.625840000000000198e-47
3.071250000000000000e+02 3.198719999999999884e-47
3.072500000000000000e+02 4.993959999999999680e-47
3.073750000000000000e+02 1.354190000000000091e-46
3.075000000000000000e+02 3.073649999999999713e-45
3.076250000000000000e+02 2.199739999999999988e-46
3.077500000000000000e+02 5.690429999999999940e-47
3.078750000000000000e+02 3.000350000000000153e-47
3.080000000000000000e+02 2.156819999999999990e-47
3.081250000000000000e+02 1.779779999999999945e-47
3.082500000000000000e+02 1.586749999999999947e-47
3.083750000000000000e+02 1.465759999999999898e-47
3.085000000000000000e+02 1.390550000000000084e-47
3.086250000000000000e+02 1.332649999999999981e-47
3.087500000000000000e+02 1.292160000000000000e-47
3.088750000000000000e+02 1.259139999999999893e-47
3.090000000000000000e+02 1.236110000000000000e-47
3.091250000000000000e+02 1.217470000000000049e-47
3.092500000000000000e+02 1.203329999999999959e-47
3.093750000000000000e+02 1.190960000000000032e-47
3.095000000000000000e+02 1.181549999999999879e-47
3.096250000000000000e+02 1.173769999999999990e-47
3.097500000000000000e+02 1.166980000000000105e-47
3.098750000000000000e+02 1.161309999999999885e-47
3.100000000000000000e+02 1.156700000000000104e-47
3.101250000000000000e+02 1.152949999999999935e-47
3.102500000000000000e+02 1.149699999999999887e-47
3.103750000000000000e+02 1.146989999999999928e-47
3.105000000000000000e+02 1.144750000000000111e-47
3.106250000000000000e+02 1.143150000000000069e-47
3.107500000000000000e+02 1.141790000000000093e-47
3.108750000000000000e+02 1.140830000000000067e-47
3.110000000000000000e+02 1.140170000000000065e-47
3.111250000000000000e+02 1.139759999999999879e-47
3.112500000000000000e+02 1.139920000000000005e-47
3.113750000000000000e+02 1.140540000000000037e-47
3.115000000000000000e+02 1.141729999999999894e-47
3.116250000000000000e+02 1.143120000000000091e-47
3.117500000000000000e+02 1.145259999999999981e-47
3.118750000000000000e+02 1.147569999999999989e-47
3.120000000000000000e+02 1.150259999999999962e-47
3.121250000000000000e+02 1.154309999999999911e-47
3.122500000000000000e+02 1.158100000000000050e-47
3.123750000000000000e+02 1.161990000000000116e-47
3.125000000000000000e+02 1.167199999999999944e-47
3.126250000000000000e+02 1.173249999999999885e-47
3.127500000000000000e+02 1.180960000000000068e-47
3.128750000000000000e+02 1.190679999999999994e-47
3.130000000000000000e+02 1.202979999999999973e-47
3.131250000000000000e+02 1.216989999999999914e-47
3.132500000000000000e+02 1.234599999999999891e-47
3.133750000000000000e+02 1.252729999999999973e-47
3.135000000000000000e+02 1.275140000000000077e-47
3.136250000000000000e+02 1.305690000000000050e-47
3.137500000000000000e+02 1.338790000000000099e-47
3.138750000000000000e+02 1.394109999999999906e-47
3.140000000000000000e+02 1.467299999999999984e-47
3.141250000000000000e+02 1.570710000000000035e-47
3.142500000000000000e+02 1.715270000000000068e-47
3.143750000000000000e+02 1.937069999999999886e-47
3.145000000000000000e+02 2.307350000000000023e-47
3.146250000000000000e+02 3.025149999999999964e-47
3.147500000000000000e+02 4.630169999999999647e-47
3.148750000000000000e+02 9.240009999999999853e-47
3.150000000000000000e+02 2.579819999999999896e-46
3.151250000000000000e+02 3.541420000000000254e-46
3.152500000000000000e+02 1.421539999999999977e-46
3.153750000000000000e+02 6.580860000000000003e-47
3.155000000000000000e+02 3.899190000000000129e-47
3.156250000000000000e+02 2.733090000000000108e-47
3.157500000000000000e+02 2.163710000000000045e-47
3.158750000000000000e+02 1.843280000000000077e-47
3.160000000000000000e+02 1.643010000000000037e-47
3.161250000000000000e+02 1.511380000000000007e-47
3.162500000000000000e+02 1.420849999999999997e-47
3.163750000000000000e+02 1.357319999999999887e-47
3.165000000000000000e+02 1.308879999999999900e-47
3.166250000000000000e+02 1.273510000000000057e-47
3.167500000000000000e+02 1.247890000000000117e-47
3.168750000000000000e+02 1.227239999999999937e-47
3.170000000000000000e+02 1.210810000000000068e-47
3.171250000000000000e+02 1.195389999999999945e-47
3.172500000000000000e+02 1.181590000000000093e-47
3.173750000000000000e+02 1.170050000000000043e-47
3.175000000000000000e+02 1.160380000000000081e-47
3.176250000000000000e+02 1.152219999999999984e-47
3.177500000000000000e+02 1.144919999999999987e-47
3.178750000000000000e+02 1.138349999999999940e-47
3.180000000000000000e+02 1.132610000000000015e-47
3.181250000000000000e+02 1.127699999999999967e-47
3.182500000000000000e+02 1.123359999999999988e-47
3.183750000000000000e+02 1.119200000000000120e-47
3.185000000000000000e+02 1.115499999999999915e-47
3.186250000000000000e+02 1.112340000000000043e-47
3.187500000000000000e+02 1.109859999999999916e-47
3.188750000000000000e+02 1.107229999999999899e-47
3.190000000000000000e+02 1.105199999999999928e-47
3.191250000000000000e+02 1.102449999999999999e-47
3.192500000000000000e+02 1.100350000000000080e-47
3.193750000000000000e+02 1.098479999999999992e-47
3.195000000000000000e+02 1.096609999999999904e-47
3.196250000000000000e+02 1.094889999999999949e-47
3.197500000000000000e+02 1.093280000000000035e-47
3.198750000000000000e+02 1.091990000000000009e-47
3.200000000000000000e+02 1.090589999999999941e-47
3.201250000000000000e+02 1.089399999999999962e-47
3.202500000000000000e+02 1.088450000000000051e-47
3.203750000000000000e+02 1.087160000000000024e-47
3.205000000000000000e+02 1.086079999999999965e-47
3.206250000000000000e+02 1.085269999999999951e-47
3.207500000000000000e+02 1.084140000000000050e-47
3.208750000000000000e+02 1.083300000000000057e-47
3.210000000000000000e+02 1.082549999999999999e-47
3.211250000000000000e+02 1.081759999999999971e-47
3.212500000000000000e+02 1.081020000000000027e-47
3.213750000000000000e+02 1.080510000000000036e-47
3.215000000000000000e+02 1.079850000000000034e-47
3.216250000000000000e+02 1.079139999999999946e-47
3.217500000000000000e+02 1.078540000000000021e-47
3.218750000000000000e+02 1.077890000000000012e-47
3.220000000000000000e+02 1.077269999999999980e-47
3.221250000000000000e+02 1.076680000000000048e-47
3.222500000000000000e+02 1.076119999999999972e-47
3.223750000000000000e+02 1.075459999999999970e-47
3.225000000000000000e+02 1.074949999999999979e-47
3.226250000000000000e+02 1.074599999999999992e-47
3.227500000000000000e+02 1.074149999999999957e-47
3.228750000000000000e+02 1.073609999999999989e-47
3.230000000000000000e+02 1.073309999999999965e-47
3.231250000000000000e+02 1.072910000000000015e-47
3.232500000000000000e+02 1.072509999999999944e-47
3.233750000000000000e+02 1.072169999999999950e-47
3.235000000000000000e+02 1.071910000000000019e-47
3.236250000000000000e+02 1.071530000000000054e-47
3.237500000000000000e+02 1.071119999999999990e-47
3.238750000000000000e+02 1.070770000000000004e-47
3.240000000000000000e+02 1.070430000000000010e-47
3.241250000000000000e+02 1.070119999999999994e-47
3.242500000000000000e+02 1.069859999999999942e-47
3.243750000000000000e+02 1.069590000000000018e-47
3.245000000000000000e+02 1.069319999999999973e-47
3.246250000000000000e+02 1.069009999999999957e-47
3.247500000000000000e+02 1.068799999999999989e-47
3.248750000000000000e+02 1.068600000000000014e-47
3.250000000000000000e+02 1.068359999999999947e-47
3.251250000000000000e+02 1.068149999999999979e-47
3.252500000000000000e+02 1.067880000000000056e-47
3.253750000000000000e+02 1.067610000000000011e-47
3.255000000000000000e+02 1.067430000000000021e-47
3.256250000000000000e+02 1.067199999999999946e-47
3.257500000000000000e+02 1.066999999999999971e-47
3.258750000000000000e+02 1.066869999999999945e-47
3.260000000000000000e+02 1.066679999999999963e-47
3.261250000000000000e+02 1.066479999999999988e-47
3.262500000000000000e+02 1.066290000000000006e-47
3.263750000000000000e+02 1.066169999999999972e-47
3.265000000000000000e+02 1.066070000000000045e-47
3.266250000000000000e+02 1.065920000000000034e-47
3.267500000000000000e+02 1.065760000000000029e-47
3.268750000000000000e+02 1.065570000000000047e-47
3.270000000000000000e+02 1.065479999999999992e-47
3.271250000000000000e+02 1.065270000000000024e-47
3.272500000000000000e+02 1.065060000000000056e-47
3.273750000000000000e+02 1.064849999999999967e-47
3.275000000000000000e+02 1.064649999999999992e-47
3.276250000000000000e+02 1.064470000000000003e-47
3.277500000000000000e+02 1.064280000000000020e-47
3.278750000000000000e+02 1.064090000000000038e-47
3.280000000000000000e+02 1.063930000000000034e-47
3.281250000000000000e+02 1.063819999999999993e-47
3.282500000000000000e+02 1.063750000000000044e-47
3.283750000000000000e+02 1.063620000000000018e-47
3.285000000000000000e+02 1.063470000000000006e-47
3.286250000000000000e+02 1.063329999999999987e-47
3.287500000000000000e+02 1.063189999999999968e-47
3.288750000000000000e+02 1.063049999999999949e-47
3.290000000000000000e+02 1.062900000000000059e-47
3.291250000000000000e+02 1.062760000000000040e-47
3.292500000000000000e+02 1.062620000000000022e-47
3.293750000000000000e+02 1.062460000000000017e-47
3.295000000000000000e+02 1.062280000000000028e-47
3.296250000000000000e+02 1.062100000000000038e-47
3.297500000000000000e+02 1.061930000000000041e-47
3.298750000000000000e+02 1.061770000000000037e-47
3.300000000000000000e+02 1.061630000000000018e-47
3.301250000000000000e+02 1.061499999999999992e-47
3.302500000000000000e+02 1.061369999999999965e-47
3.303750000000000000e+02 1.061229999999999946e-47
3.305000000000000000e+02 1.061080000000000056e-47
3.306250000000000000e+02 1.060920000000000052e-47
3.307500000000000000e+02 1.060760000000000048e-47
3.308750000000000000e+02 1.060590000000000051e-47
3.310000000000000000e+02 1.060430000000000047e-47
3.311250000000000000e+02 1.060290000000000028e-47
3.312500000000000000e+02 1.060150000000000009e-47
3.313750000000000000e+02 1.060029999999999975e-47
3.315000000000000000e+02 1.059940000000000041e-47
3.316250000000000000e+02 1.059849999999999986e-47
3.317500000000000000e+02 1.059719999999999959e-47
3.318750000000000000e+02 1.059590000000000055e-47
3.320000000000000000e+02 1.059460000000000028e-47
3.321250000000000000e+02 1.059330000000000002e-47
3.322500000000000000e+02 1.059209999999999968e-47
3.323750000000000000e+02 1.059090000000000056e-47
3.325000000000000000e+02 1.058960000000000030e-47
3.326250000000000000e+02 1.058830000000000004e-47
3.327500000000000000e+02 1.058699999999999978e-47
3.328750000000000000e+02 1.058579999999999944e-47
3.330000000000000000e+02 1.058470000000000025e-47
3.331250000000000000e+02 1.058320000000000013e-47
3.332500000000000000e+02 1.058199999999999979e-47
3.333750000000000000e+02 1.058069999999999953e-47
3.335000000000000000e+02 1.057950000000000041e-47
3.336250000000000000e+02 1.057810000000000022e-47
3.337500000000000000e+02 1.057679999999999996e-47
3.338750000000000000e+02 1.057559999999999962e-47
3.340000000000000000e+02 1.057430000000000058e-47
3.341250000000000000e+02 1.057310000000000024e-47
3.342500000000000000e+02 1.057189999999999990e-47
3.343750000000000000e+02 1.057069999999999957e-47
3.345000000000000000e+02 1.056960000000000037e-47
3.346250000000000000e+02 1.056840000000000004e-47
3.347500000000000000e+02 1.056729999999999963e-47
3.348750000000000000e+02 1.056610000000000051e-47
3.350000000000000000e+02 1.056480000000000025e-47
3.351250000000000000e+02 1.056369999999999984e-47
3.352500000000000000e+02 1.056249999999999950e-47
3.353750000000000000e+02 1.056140000000000031e-47
3.355000000000000000e+02 1.056029999999999990e-47
3.356250000000000000e+02 1.055899999999999964e-47
3.357500000000000000e+02 1.055759999999999945e-47
3.358750000000000000e+02 1.055630000000000040e-47
3.360000000000000000e+02 1.055500000000000014e-47
3.361250000000000000e+02 1.055359999999999995e-47
3.362500000000000000e+02 1.055229999999999968e-47
3.363750000000000000e+02 1.055099999999999942e-47
3.365000000000000000e+02 1.054960000000000045e-47
3.366250000000000000e+02 1.054830000000000019e-47
3.367500000000000000e+02 1.054699999999999992e-47
3.368750000000000000e+02 1.054569999999999966e-47
3.370000000000000000e+02 1.054429999999999947e-47
3.371250000000000000e+02 1.054300000000000042e-47
3.372500000000000000e+02 1.054170000000000016e-47
3.373750000000000000e+02 1.054170000000000016e-47
3.375000000000000000e+02 1.054049999999999983e-47
3.376250000000000000e+02 1.053800000000000044e-47
3.377500000000000000e+02 1.053670000000000018e-47
3.378750000000000000e+02 1.053559999999999977e-47
3.380000000000000000e+02 1.053520000000000006e-47
3.381250000000000000e+02 1.053510000000000014e-47
3.382500000000000000e+02 1.053409999999999965e-47
3.383750000000000000e+02 1.053290000000000053e-47
3.385000000000000000e+02 1.053160000000000027e-47
3.386250000000000000e+02 1.053059999999999979e-47
3.387500000000000000e+02 1.053010000000000016e-47
3.388750000000000000e+02 1.052950000000000060e-47
3.390000000000000000e+02 1.052840000000000019e-47
3.391250000000000000e+02 1.052719999999999985e-47
3.392500000000000000e+02 1.052640000000000044e-47
3.393750000000000000e+02 1.052559999999999981e-47
3.395000000000000000e+02 1.052480000000000039e-47
3.396250000000000000e+02 1.052409999999999969e-47
3.397500000000000000e+02 1.052360000000000006e-47
3.398750000000000000e+02 1.052310000000000042e-47
3.400000000000000000e+02 1.052259999999999958e-47
3.401250000000000000e+02 1.052190000000000009e-47
3.402500000000000000e+02 1.052120000000000060e-47
3.403750000000000000e+02 1.052049999999999990e-47
3.405000000000000000e+02 1.051970000000000049e-47
3.406250000000000000e+02 1.051889999999999986e-47
3.407500000000000000e+02 1.051810000000000044e-47
3.408750000000000000e+02 1.051749999999999967e-47
3.410000000000000000e+02 1.051630000000000055e-47
3.411250000000000000e+02 1.051510000000000021e-47
3.412500000000000000e+02 1.051389999999999987e-47
3.413750000000000000e+02 1.051279999999999947e-47
3.415000000000000000e+02 1.051160000000000034e-47
3.416250000000000000e+02 1.051049999999999994e-47
3.417500000000000000e+02 1.050929999999999960e-47
3.418750000000000000e+02 1.050840000000000026e-47
3.420000000000000000e+02 1.050840000000000026e-47
3.421250000000000000e+02 1.050789999999999941e-47
3.422500000000000000e+02 1.050660000000000036e-47
3.423750000000000000e+02 1.050530000000000010e-47
3.425000000000000000e+02 1.050389999999999991e-47
3.426250000000000000e+02 1.050269999999999958e-47
3.427500000000000000e+02 1.050140000000000053e-47
3.428750000000000000e+02 1.050020000000000019e-47
3.430000000000000000e+02 1.049889999999999993e-47
3.431250000000000000e+02 1.049749999999999974e-47
3.432500000000000000e+02 1.049629999999999940e-47
3.433750000000000000e+02 1.049500000000000036e-47
3.435000000000000000e+02 1.049419999999999973e-47
3.436250000000000000e+02 1.049340000000000031e-47
3.437500000000000000e+02 1.049279999999999954e-47
3.438750000000000000e+02 1.049219999999999998e-47
3.440000000000000000e+02 1.049119999999999950e-47
3.441250000000000000e+02 1.049160000000000042e-47
3.442500000000000000e+02 1.049040000000000008e-47
3.443750000000000000e+02 1.048769999999999963e-47
3.445000000000000000e+02 1.048640000000000058e-47
3.446250000000000000e+02 1.048520000000000025e-47
3.447500000000000000e+02 1.048399999999999991e-47
3.448750000000000000e+02 1.048279999999999958e-47
3.450000000000000000e+02 1.048160000000000045e-47
3.451250000000000000e+02 1.048069999999999990e-47
3.452500000000000000e+02 1.047990000000000049e-47
3.453750000000000000e+02 1.047880000000000008e-47
3.455000000000000000e+02 1.047769999999999967e-47
3.456250000000000000e+02 1.047639999999999940e-47
3.457500000000000000e+02 1.047520000000000028e-47
3.458750000000000000e+02 1.047390000000000002e-47
3.460000000000000000e+02 1.047279999999999961e-47
3.461250000000000000e+02 1.047190000000000027e-47
3.462500000000000000e+02 1.047069999999999994e-47
3.463750000000000000e+02 1.046959999999999953e-47
3.465000000000000000e+02 1.046850000000000033e-47
3.466250000000000000e+02 1.046739999999999992e-47
3.467500000000000000e+02 1.046619999999999959e-47
3.468750000000000000e+02 1.046510000000000039e-47
3.470000000000000000e+02 1.046399999999999998e-47
3.471250000000000000e+02 1.046289999999999958e-47
3.472500000000000000e+02 1.046220000000000009e-47
3.473750000000000000e+02 1.046190000000000031e-47
3.475000000000000000e+02 1.046119999999999961e-47
3.476250000000000000e+02 1.046030000000000027e-47
3.477500000000000000e+02 1.045909999999999993e-47
3.478750000000000000e+02 1.045789999999999959e-47
3.480000000000000000e+02 1.045690000000000033e-47
3.481250000000000000e+02 1.045579999999999992e-47
3.482500000000000000e+02 1.045459999999999958e-47
3.483750000000000000e+02 1.045350000000000039e-47
3.485000000000000000e+02 1.045230000000000005e-47
3.486250000000000000e+02 1.045109999999999972e-47
3.487500000000000000e+02 1.044990000000000060e-47
3.488750000000000000e+02 1.044870000000000026e-47
3.490000000000000000e+02 1.044749999999999992e-47
3.491250000000000000e+02 1.044629999999999959e-47
3.492500000000000000e+02 1.044510000000000047e-47
3.493750000000000000e+02 1.044390000000000013e-47
3.495000000000000000e+02 1.044279999999999972e-47
3.496250000000000000e+02 1.044160000000000060e-47
3.497500000000000000e+02 1.044050000000000019e-47
3.498750000000000000e+02 1.043939999999999978e-47
3.500000000000000000e+02 1.043819999999999945e-47
3.501250000000000000e+02 1.043700000000000033e-47
3.502500000000000000e+02 1.043619999999999970e-47
3.503750000000000000e+02 1.043550000000000021e-47
3.505000000000000000e+02 1.043439999999999980e-47
3.506250000000000000e+02 1.043329999999999939e-47
3.507500000000000000e+02 1.043240000000000005e-47
3.508750000000000000e+02 1.043259999999999991e-47
3.510000000000000000e+02 1.043269999999999983e-47
3.511250000000000000e+02 1.043240000000000005e-47
3.512500000000000000e+02 1.043210000000000027e-47
3.513750000000000000e+02 1.043180000000000049e-47
3.515000000000000000e+02 1.043109999999999979e-47
3.516250000000000000e+02 1.043040000000000030e-47
3.517500000000000000e+02 1.042969999999999960e-47
3.518750000000000000e+02 1.042900000000000011e-47
3.520000000000000000e+02 1.042880000000000026e-47
3.521250000000000000e+02 1.042860000000000041e-47
3.522500000000000000e+02 1.042840000000000055e-47
3.523750000000000000e+02 1.042870000000000033e-47
3.525000000000000000e+02 1.042900000000000011e-47
3.526250000000000000e+02 1.042850000000000048e-47
3.527500000000000000e+02 1.042779999999999978e-47
3.528750000000000000e+02 1.042809999999999956e-47
3.530000000000000000e+02 1.042769999999999985e-47
3.531250000000000000e+02 1.042819999999999948e-47
3.532500000000000000e+02 1.042850000000000048e-47
3.533750000000000000e+02 1.042799999999999963e-47
3.535000000000000000e+02 1.042690000000000044e-47
3.536250000000000000e+02 1.042560000000000017e-47
3.537500000000000000e+02 1.042489999999999947e-47
3.538750000000000000e+02 1.042410000000000006e-47
3.540000000000000000e+02 1.042299999999999965e-47
3.541250000000000000e+02 1.042190000000000046e-47
3.542500000000000000e+02 1.042119999999999975e-47
3.543750000000000000e+02 1.042109999999999983e-47
3.545000000000000000e+02 1.042010000000000056e-47
3.546250000000000000e+02 1.041900000000000015e-47
3.547500000000000000e+02 1.041789999999999974e-47
3.548750000000000000e+02 1.041690000000000047e-47
3.550000000000000000e+02 1.041580000000000006e-47
3.551250000000000000e+02 1.041469999999999966e-47
3.552500000000000000e+02 1.041659999999999948e-47
3.553750000000000000e+02 1.041560000000000021e-47
3.555000000000000000e+02 1.041469999999999966e-47
3.556250000000000000e+02 1.041380000000000031e-47
3.557500000000000000e+02 1.041269999999999991e-47
3.558750000000000000e+02 1.041010000000000060e-47
3.560000000000000000e+02 1.040599999999999995e-47
3.561250000000000000e+02 1.040370000000000042e-47
3.562500000000000000e+02 1.040319999999999958e-47
3.563750000000000000e+02 1.040269999999999994e-47
3.565000000000000000e+02 1.040190000000000053e-47
3.566250000000000000e+02 1.040139999999999968e-47
3.567500000000000000e+02 1.040060000000000027e-47
3.568750000000000000e+02 1.039930000000000000e-47
3.570000000000000000e+02 1.039809999999999967e-47
3.571250000000000000e+02 1.039690000000000055e-47
3.572500000000000000e+02 1.039609999999999992e-47
3.573750000000000000e+02 1.039590000000000006e-47
3.575000000000000000e+02 1.039580000000000014e-47
3.576250000000000000e+02 1.039469999999999973e-47
3.577500000000000000e+02 1.039360000000000053e-47
3.578750000000000000e+02 1.039230000000000027e-47
3.580000000000000000e+02 1.039100000000000001e-47
3.581250000000000000e+02 1.038979999999999967e-47
3.582500000000000000e+02 1.038829999999999956e-47
3.583750000000000000e+02 1.038679999999999944e-47
3.585000000000000000e+02 1.038540000000000047e-47
3.586250000000000000e+02 1.038410000000000021e-47
3.587500000000000000e+02 1.038289999999999987e-47
3.588750000000000000e+02 1.038159999999999961e-47
3.590000000000000000e+02 1.038040000000000049e-47
3.591250000000000000e+02 1.037940000000000000e-47
3.592500000000000000e+02 1.037829999999999959e-47
3.593750000000000000e+02 1.037720000000000040e-47
3.595000000000000000e+02 1.037649999999999970e-47
3.596250000000000000e+02 1.037639999999999977e-47
3.597500000000000000e+02 1.037659999999999963e-47
3.598750000000000000e+02 1.037560000000000036e-47
3.600000000000000000e+02 1.037489999999999966e-47
3.601250000000000000e+02 1.037400000000000032e-47
3.602500000000000000e+02 1.037370000000000054e-47
3.603750000000000000e+02 1.037279999999999998e-47
3.605000000000000000e+02 1.037240000000000027e-47
3.606250000000000000e+02 1.037260000000000013e-47
3.607500000000000000e+02 1.037279999999999998e-47
3.608750000000000000e+02 1.037260000000000013e-47
3.610000000000000000e+02 1.037250000000000020e-47
3.611250000000000000e+02 1.037270000000000005e-47
3.612500000000000000e+02 1.037200000000000057e-47
3.613750000000000000e+02 1.037070000000000030e-47
3.615000000000000000e+02 1.036949999999999997e-47
3.616250000000000000e+02 1.036870000000000055e-47
3.617500000000000000e+02 1.036890000000000041e-47
3.618750000000000000e+02 1.036910000000000026e-47
3.620000000000000000e+02 1.036900000000000033e-47
3.621250000000000000e+02 1.036890000000000041e-47
3.622500000000000000e+02 1.036910000000000026e-47
3.623750000000000000e+02 1.036880000000000048e-47
3.625000000000000000e+02 1.036890000000000041e-47
3.626250000000000000e+02 1.036920000000000019e-47
3.627500000000000000e+02 1.036930000000000011e-47
3.628750000000000000e+02 1.036959999999999989e-47
3.630000000000000000e+02 1.036979999999999975e-47
3.631250000000000000e+02 1.036940000000000004e-47
3.632500000000000000e+02 1.036930000000000011e-47
3.633750000000000000e+02 1.036890000000000041e-47
3.635000000000000000e+02 1.036829999999999963e-47
3.636250000000000000e+02 1.036859999999999941e-47
3.637500000000000000e+02 1.036870000000000055e-47
3.638750000000000000e+02 1.036900000000000033e-47
3.640000000000000000e+02 1.036910000000000026e-47
3.641250000000000000e+02 1.036930000000000011e-47
3.642500000000000000e+02 1.036969999999999982e-47
3.643750000000000000e+02 1.036959999999999989e-47
3.645000000000000000e+02 1.036870000000000055e-47
3.646250000000000000e+02 1.036760000000000014e-47
3.647500000000000000e+02 1.036629999999999988e-47
3.648750000000000000e+02 1.036529999999999940e-47
3.650000000000000000e+02 1.036499999999999962e-47
3.651250000000000000e+02 1.036540000000000054e-47
3.652500000000000000e+02 1.036580000000000025e-47
3.653750000000000000e+02 1.036619999999999995e-47
3.655000000000000000e+02 1.036659999999999966e-47
3.656250000000000000e+02 1.036740000000000029e-47
3.657500000000000000e+02 1.036639999999999981e-47
3.658750000000000000e+02 1.036600000000000010e-47
3.660000000000000000e+02 1.036639999999999981e-47
3.661250000000000000e+02 1.036689999999999944e-47
3.662500000000000000e+02 1.036730000000000036e-47
3.663750000000000000e+02 1.036730000000000036e-47
3.665000000000000000e+02 1.036649999999999974e-47
3.666250000000000000e+02 1.036679999999999952e-47
3.667500000000000000e+02 1.036649999999999974e-47
3.668750000000000000e+02 1.036639999999999981e-47
3.670000000000000000e+02 1.036639999999999981e-47
3.671250000000000000e+02 1.036669999999999959e-47
3.672500000000000000e+02 1.036700000000000058e-47
3.673750000000000000e+02 1.036610000000000003e-47
3.675000000000000000e+02 1.036499999999999962e-47
3.676250000000000000e+02 1.036390000000000043e-47
3.677500000000000000e+02 1.036289999999999994e-47
3.678750000000000000e+02 1.036240000000000031e-47
3.680000000000000000e+02 1.037220000000000042e-47
3.681250000000000000e+02 1.037279999999999998e-47
3.682500000000000000e+02 1.036179999999999953e-47
3.683750000000000000e+02 1.036220000000000046e-47
3.685000000000000000e+02 1.036240000000000031e-47
3.686250000000000000e+02 1.036240000000000031e-47
3.687500000000000000e+02 1.036179999999999953e-47
3.688750000000000000e+02 1.036149999999999975e-47
3.690000000000000000e+02 1.036040000000000056e-47
3.691250000000000000e+02 1.035969999999999986e-47
3.692500000000000000e+02 1.035900000000000037e-47
3.693750000000000000e+02 1.035900000000000037e-47
3.695000000000000000e+02 1.035930000000000015e-47
3.696250000000000000e+02 1.036029999999999942e-47
3.697500000000000000e+02 1.036119999999999997e-47
3.698750000000000000e+02 1.036169999999999961e-47
3.700000000000000000e+02 1.036100000000000012e-47
3.701250000000000000e+02 1.036040000000000056e-47
3.702500000000000000e+02 1.035969999999999986e-47
3.703750000000000000e+02 1.035930000000000015e-47
3.705000000000000000e+02 1.036700000000000058e-47
3.706250000000000000e+02 1.036070000000000034e-47
3.707500000000000000e+02 1.036169999999999961e-47
3.708750000000000000e+02 1.036270000000000009e-47
3.710000000000000000e+02 1.036370000000000057e-47
3.711250000000000000e+02 1.036469999999999984e-47
3.712500000000000000e+02 1.036570000000000032e-47
3.713750000000000000e+02 1.036760000000000014e-47
3.715000000000000000e+02 1.036809999999999978e-47
3.716250000000000000e+02 1.036809999999999978e-47
3.717500000000000000e+02 1.036859999999999941e-47
3.718750000000000000e+02 1.036910000000000026e-47
3.720000000000000000e+02 1.036959999999999989e-47
3.721250000000000000e+02 1.036999999999999960e-47
3.722500000000000000e+02 1.037050000000000045e-47
3.723750000000000000e+02 1.037100000000000008e-47
3.725000000000000000e+02 1.037149999999999972e-47
3.726250000000000000e+02 1.037200000000000057e-47
3.727500000000000000e+02 1.037250000000000020e-47
3.728750000000000000e+02 1.037299999999999983e-47
3.730000000000000000e+02 1.037349999999999947e-47
3.731250000000000000e+02 1.037410000000000024e-47
3.732500000000000000e+02 1.037459999999999988e-47
3.733750000000000000e+02 1.037509999999999951e-47
3.735000000000000000e+02 1.037509999999999951e-47
3.736250000000000000e+02 1.037469999999999980e-47
3.737500000000000000e+02 1.037449999999999995e-47
3.738750000000000000e+02 1.037430000000000010e-47
3.740000000000000000e+02 1.037410000000000024e-47
3.741250000000000000e+02 1.037390000000000039e-47
3.742500000000000000e+02 1.037359999999999939e-47
3.743750000000000000e+02 1.037339999999999954e-47
3.745000000000000000e+02 1.037319999999999969e-47
3.746250000000000000e+02 1.037299999999999983e-47
3.747500000000000000e+02 1.037279999999999998e-47
3.748750000000000000e+02 1.037279999999999998e-47
3.750000000000000000e+02 1.037289999999999991e-47
3.751250000000000000e+02 1.037270000000000005e-47
3.752500000000000000e+02 1.037200000000000057e-47
3.753750000000000000e+02 1.037139999999999979e-47
3.755000000000000000e+02 1.037100000000000008e-47
3.756250000000000000e+02 1.037040000000000052e-47
3.757500000000000000e+02 1.036989999999999967e-47
3.758750000000000000e+02 1.036900000000000033e-47
3.760000000000000000e+02 1.036819999999999970e-47
3.761250000000000000e+02 1.036870000000000055e-47
3.762500000000000000e+02 1.036900000000000033e-47
3.763750000000000000e+02 1.036930000000000011e-47
3.765000000000000000e+02 1.036880000000000048e-47
3.766250000000000000e+02 1.036809999999999978e-47
3.767500000000000000e+02 1.036710000000000051e-47
3.768750000000000000e+02 1.036619999999999995e-47
3.770000000000000000e+02 1.036529999999999940e-47
3.771250000000000000e+02 1.036489999999999969e-47
3.772500000000000000e+02 1.036400000000000035e-47
3.773750000000000000e+02 1.036319999999999972e-47
3.775000000000000000e+02 1.036329999999999965e-47
3.776250000000000000e+02 1.036390000000000043e-47
3.777500000000000000e+02 1.036270000000000009e-47
3.778750000000000000e+02 1.036189999999999946e-47
3.780000000000000000e+02 1.036240000000000031e-47
3.781250000000000000e+02 1.036149999999999975e-47
3.782500000000000000e+02 1.036070000000000034e-47
3.783750000000000000e+02 1.035979999999999978e-47
3.785000000000000000e+02 1.035900000000000037e-47
3.786250000000000000e+02 1.035819999999999974e-47
3.787500000000000000e+02 1.035740000000000033e-47
3.788750000000000000e+02 1.035649999999999977e-47
3.790000000000000000e+02 1.035600000000000014e-47
3.791250000000000000e+02 1.035489999999999973e-47
3.792500000000000000e+02 1.035410000000000032e-47
3.793750000000000000e+02 1.035329999999999969e-47
3.795000000000000000e+02 1.035260000000000020e-47
3.796250000000000000e+02 1.035179999999999957e-47
3.797500000000000000e+02 1.035139999999999986e-47
3.798750000000000000e+02 1.035110000000000008e-47
3.800000000000000000e+02 1.035080000000000030e-47
3.801250000000000000e+02 1.034999999999999967e-47
3.802500000000000000e+02 1.034900000000000041e-47
3.803750000000000000e+02 1.034809999999999985e-47
3.805000000000000000e+02 1.034710000000000058e-47
3.806250000000000000e+02 1.034610000000000010e-47
3.807500000000000000e+02 1.034539999999999940e-47
3.808750000000000000e+02 1.034760000000000022e-47
3.810000000000000000e+02 1.034410000000000035e-47
3.811250000000000000e+02 1.034339999999999965e-47
3.812500000000000000e+02 1.034280000000000009e-47
3.813750000000000000e+02 1.034220000000000053e-47
3.815000000000000000e+02 1.034129999999999997e-47
3.816250000000000000e+02 1.033999999999999971e-47
3.817500000000000000e+02 1.033869999999999945e-47
3.818750000000000000e+02 1.033750000000000033e-47
3.820000000000000000e+02 1.033620000000000007e-47
3.821250000000000000e+02 1.033529999999999951e-47
3.822500000000000000e+02 1.033460000000000002e-47
3.823750000000000000e+02 1.033369999999999947e-47
3.825000000000000000e+02 1.033280000000000013e-47
3.826250000000000000e+02 1.033230000000000049e-47
3.827500000000000000e+02 1.033179999999999964e-47
3.828750000000000000e+02 1.033100000000000023e-47
3.830000000000000000e+02 1.033039999999999945e-47
3.831250000000000000e+02 1.033009999999999967e-47
3.832500000000000000e+02 1.032999999999999975e-47
3.833750000000000000e+02 1.032989999999999982e-47
3.835000000000000000e+02 1.032979999999999989e-47
3.836250000000000000e+02 1.032969999999999997e-47
3.837500000000000000e+02 1.032979999999999989e-47
3.838750000000000000e+02 1.033009999999999967e-47
3.840000000000000000e+02 1.033029999999999953e-47
3.841250000000000000e+02 1.033050000000000060e-47
3.842500000000000000e+02 1.033029999999999953e-47
3.843750000000000000e+02 1.033039999999999945e-47
3.845000000000000000e+02 1.033080000000000038e-47
3.846250000000000000e+02 1.033080000000000038e-47
3.847500000000000000e+02 1.033120000000000008e-47
3.848750000000000000e+02 1.033139999999999994e-47
3.850000000000000000e+02 1.033189999999999957e-47
3.851250000000000000e+02 1.033230000000000049e-47
3.852500000000000000e+02 1.033220000000000057e-47
3.853750000000000000e+02 1.033070000000000045e-47
3.855000000000000000e+02 1.032910000000000041e-47
3.856250000000000000e+02 1.032740000000000044e-47
3.857500000000000000e+02 1.032580000000000039e-47
3.858750000000000000e+02 1.032519999999999962e-47
3.860000000000000000e+02 1.032379999999999943e-47
3.861250000000000000e+02 1.032280000000000016e-47
3.862500000000000000e+02 1.032250000000000038e-47
3.863750000000000000e+02 1.032250000000000038e-47
3.865000000000000000e+02 1.032309999999999994e-47
3.866250000000000000e+02 1.032349999999999965e-47
3.867500000000000000e+02 1.032329999999999980e-47
3.868750000000000000e+02 1.032300000000000002e-47
3.870000000000000000e+02 1.032280000000000016e-47
3.871250000000000000e+02 1.032260000000000031e-47
3.872500000000000000e+02 1.032230000000000053e-47
3.873750000000000000e+02 1.032179999999999968e-47
3.875000000000000000e+02 1.032039999999999949e-47
3.876250000000000000e+02 1.032009999999999971e-47
3.877500000000000000e+02 1.031999999999999978e-47
3.878750000000000000e+02 1.031979999999999993e-47
3.880000000000000000e+02 1.031970000000000000e-47
3.881250000000000000e+02 1.031960000000000008e-47
3.882500000000000000e+02 1.031950000000000015e-47
3.883750000000000000e+02 1.032009999999999971e-47
3.885000000000000000e+02 1.032049999999999942e-47
3.886250000000000000e+02 1.032049999999999942e-47
3.887500000000000000e+02 1.032060000000000056e-47
3.888750000000000000e+02 1.032049999999999942e-47
3.890000000000000000e+02 1.032100000000000027e-47
3.891250000000000000e+02 1.032060000000000056e-47
3.892500000000000000e+02 1.031979999999999993e-47
3.893750000000000000e+02 1.032220000000000060e-47
3.895000000000000000e+02 1.032270000000000024e-47
3.896250000000000000e+02 1.032309999999999994e-47
3.897500000000000000e+02 1.032309999999999994e-47
3.898750000000000000e+02 1.031970000000000000e-47
3.900000000000000000e+02 1.032009999999999971e-47
3.901250000000000000e+02 1.031989999999999986e-47
3.902500000000000000e+02 1.032029999999999956e-47
3.903750000000000000e+02 1.032070000000000049e-47
3.905000000000000000e+02 1.032100000000000027e-47
3.906250000000000000e+02 1.032100000000000027e-47
3.907500000000000000e+02 1.032130000000000005e-47
3.908750000000000000e+02 1.032169999999999975e-47
3.910000000000000000e+02 1.032209999999999946e-47
3.911250000000000000e+02 1.032220000000000060e-47
3.912500000000000000e+02 1.032209999999999946e-47
3.913750000000000000e+02 1.032209999999999946e-47
3.915000000000000000e+02 1.032240000000000046e-47
3.916250000000000000e+02 1.032290000000000009e-47
3.917500000000000000e+02 1.032339999999999972e-47
3.918750000000000000e+02 1.032400000000000050e-47
3.920000000000000000e+02 1.032469999999999999e-47
3.921250000000000000e+02 1.032539999999999947e-47
3.922500000000000000e+02 1.032590000000000032e-47
3.923750000000000000e+02 1.032610000000000018e-47
3.925000000000000000e+02 1.032620000000000010e-47
3.926250000000000000e+02 1.032620000000000010e-47
3.927500000000000000e+02 1.032610000000000018e-47
3.928750000000000000e+02 1.032630000000000003e-47
3.930000000000000000e+02 1.032689999999999959e-47
3.931250000000000000e+02 1.032740000000000044e-47
3.932500000000000000e+02 1.032800000000000000e-47
3.933750000000000000e+02 1.032849999999999963e-47
3.935000000000000000e+02 1.032910000000000041e-47
3.936250000000000000e+02 1.032999999999999975e-47
3.937500000000000000e+02 1.033110000000000016e-47
3.938750000000000000e+02 1.033169999999999972e-47
3.940000000000000000e+02 1.033199999999999950e-47
3.941250000000000000e+02 1.033379999999999939e-47
3.942500000000000000e+02 1.033410000000000039e-47
3.943750000000000000e+02 1.033309999999999991e-47
3.945000000000000000e+02 1.033339999999999969e-47
3.946250000000000000e+02 1.033349999999999961e-47
3.947500000000000000e+02 1.033359999999999954e-47
3.948750000000000000e+02 1.033359999999999954e-47
3.950000000000000000e+02 1.033359999999999954e-47
3.951250000000000000e+02 1.033369999999999947e-47
3.952500000000000000e+02 1.033369999999999947e-47
3.953750000000000000e+02 1.033379999999999939e-47
3.955000000000000000e+02 1.033390000000000054e-47
3.956250000000000000e+02 1.033390000000000054e-47
3.957500000000000000e+02 1.033400000000000046e-47
3.958750000000000000e+02 1.033410000000000039e-47
3.960000000000000000e+02 1.033420000000000032e-47
3.961250000000000000e+02 1.033430000000000024e-47
3.962500000000000000e+02 1.033440000000000017e-47
3.963750000000000000e+02 1.033450000000000010e-47
3.965000000000000000e+02 1.033469999999999995e-47
3.966250000000000000e+02 1.033479999999999988e-47
3.967500000000000000e+02 1.033489999999999980e-47
3.968750000000000000e+02 1.033509999999999966e-47
3.970000000000000000e+02 1.033529999999999951e-47
3.971250000000000000e+02 1.033519999999999958e-47
3.972500000000000000e+02 1.033489999999999980e-47
3.973750000000000000e+02 1.033469999999999995e-47
3.975000000000000000e+02 1.033469999999999995e-47
3.976250000000000000e+02 1.033469999999999995e-47
3.977500000000000000e+02 1.033469999999999995e-47
3.978750000000000000e+02 1.033479999999999988e-47
3.980000000000000000e+02 1.033509999999999966e-47
3.981250000000000000e+02 1.033550000000000058e-47
3.982500000000000000e+02 1.033590000000000028e-47
3.983750000000000000e+02 1.033620000000000007e-47
3.985000000000000000e+02 1.033659999999999977e-47
3.986250000000000000e+02 1.033720000000000055e-47
3.987500000000000000e+02 1.033770000000000018e-47
3.988750000000000000e+02 1.033809999999999989e-47
3.990000000000000000e+02 1.033859999999999952e-47
3.991250000000000000e+02 1.033910000000000037e-47
3.992500000000000000e+02 1.033960000000000000e-47
3.993750000000000000e+02 1.034019999999999956e-47
3.995000000000000000e+02 1.034080000000000034e-47
3.996250000000000000e+02 1.034129999999999997e-47
3.997500000000000000e+02 1.034189999999999953e-47
3.998750000000000000e+02 1.034250000000000031e-47
4.000000000000000000e+02 1.034319999999999980e-47
4.001250000000000000e+02 1.034380000000000057e-47
4.002500000000000000e+02 1.034450000000000006e-47
4.003750000000000000e+02 1.034499999999999969e-47
4.005000000000000000e+02 1.034570000000000039e-47
4.006250000000000000e+02 1.034629999999999996e-47
4.007500000000000000e+02 1.034699999999999944e-47
4.008750000000000000e+02 1.034760000000000022e-47
4.010000000000000000e+02 1.034829999999999970e-47
4.011250000000000000e+02 1.034900000000000041e-47
4.012500000000000000e+02 1.034969999999999989e-47
4.013750000000000000e+02 1.035040000000000060e-47
4.015000000000000000e+02 1.035100000000000016e-47
4.016250000000000000e+02 1.035179999999999957e-47
4.017500000000000000e+02 1.035250000000000027e-47
4.018750000000000000e+02 1.035319999999999976e-47
4.020000000000000000e+02 1.035390000000000046e-47
4.021250000000000000e+02 1.035459999999999995e-47
4.022500000000000000e+02 1.035509999999999958e-47
4.023750000000000000e+02 1.035479999999999980e-47
4.025000000000000000e+02 1.035529999999999944e-47
4.026250000000000000e+02 1.035610000000000006e-47
4.027500000000000000e+02 1.035689999999999948e-47
4.028750000000000000e+02 1.035699999999999941e-47
4.030000000000000000e+02 1.035780000000000003e-47
4.031250000000000000e+02 1.035849999999999952e-47
4.032500000000000000e+02 1.035950000000000000e-47
4.033750000000000000e+02 1.036070000000000034e-47
4.035000000000000000e+02 1.036220000000000046e-47
4.036250000000000000e+02 1.036349999999999950e-47
4.037500000000000000e+02 1.038550000000000039e-47
4.038750000000000000e+02 1.038900000000000026e-47
4.040000000000000000e+02 1.039020000000000060e-47
4.041250000000000000e+02 1.039060000000000030e-47
4.042500000000000000e+02 1.039109999999999994e-47
4.043750000000000000e+02 1.039179999999999942e-47
4.045000000000000000e+02 1.037240000000000027e-47
4.046250000000000000e+02 1.037040000000000052e-47
4.047500000000000000e+02 1.037030000000000060e-47
4.048750000000000000e+02 1.037119999999999994e-47
4.050000000000000000e+02 1.037210000000000049e-47
4.051250000000000000e+02 1.037299999999999983e-47
4.052500000000000000e+02 1.037390000000000039e-47
4.053750000000000000e+02 1.037519999999999944e-47
4.055000000000000000e+02 1.037679999999999948e-47
4.056250000000000000e+02 1.037770000000000003e-47
4.057500000000000000e+02 1.037860000000000059e-47
4.058750000000000000e+02 1.037959999999999986e-47
4.060000000000000000e+02 1.038060000000000034e-47
4.061250000000000000e+02 1.038149999999999968e-47
4.062500000000000000e+02 1.038250000000000016e-47
4.063750000000000000e+02 1.038349999999999943e-47
4.065000000000000000e+02 1.038449999999999991e-47
4.066250000000000000e+02 1.038550000000000039e-47
4.067500000000000000e+02 1.038649999999999966e-47
4.068750000000000000e+02 1.038760000000000007e-47
4.070000000000000000e+02 1.038939999999999997e-47
4.071250000000000000e+02 1.039040000000000045e-47
4.072500000000000000e+02 1.039139999999999972e-47
4.073750000000000000e+02 1.039250000000000013e-47
4.075000000000000000e+02 1.039279999999999991e-47
4.076250000000000000e+02 1.039370000000000046e-47
4.077500000000000000e+02 1.039479999999999966e-47
4.078750000000000000e+02 1.039580000000000014e-47
4.080000000000000000e+02 1.039700000000000047e-47
4.081250000000000000e+02 1.040070000000000019e-47
4.082500000000000000e+02 1.040159999999999953e-47
4.083750000000000000e+02 1.040030000000000049e-47
4.085000000000000000e+02 1.040129999999999975e-47
4.086250000000000000e+02 1.040240000000000016e-47
4.087500000000000000e+02 1.040420000000000006e-47
4.088750000000000000e+02 1.040509999999999940e-47
4.090000000000000000e+02 1.040570000000000017e-47
4.091250000000000000e+02 1.040690000000000051e-47
4.092500000000000000e+02 1.040979999999999960e-47
4.093750000000000000e+02 1.041040000000000038e-47
4.095000000000000000e+02 1.040949999999999982e-47
4.096250000000000000e+02 1.041050000000000030e-47
4.097500000000000000e+02 1.041139999999999964e-47
4.098750000000000000e+02 1.041230000000000020e-47
4.100000000000000000e+02 1.041339999999999939e-47
4.101250000000000000e+02 1.041449999999999980e-47
4.102500000000000000e+02 1.041560000000000021e-47
4.103750000000000000e+02 1.041669999999999940e-47
4.105000000000000000e+02 1.041779999999999981e-47
4.106250000000000000e+02 1.041900000000000015e-47
4.107500000000000000e+02 1.042020000000000049e-47
4.108750000000000000e+02 1.042149999999999953e-47
4.110000000000000000e+02 1.042269999999999987e-47
4.111250000000000000e+02 1.042380000000000028e-47
4.112500000000000000e+02 1.042489999999999947e-47
4.113750000000000000e+02 1.042609999999999981e-47
4.115000000000000000e+02 1.042710000000000029e-47
4.116250000000000000e+02 1.042809999999999956e-47
4.117500000000000000e+02 1.042919999999999997e-47
4.118750000000000000e+02 1.043020000000000045e-47
4.120000000000000000e+02 1.043119999999999972e-47
4.121250000000000000e+02 1.043230000000000013e-47
4.122500000000000000e+02 1.043340000000000053e-47
4.123750000000000000e+02 1.043439999999999980e-47
4.125000000000000000e+02 1.043550000000000021e-47
4.126250000000000000e+02 1.043659999999999940e-47
4.127500000000000000e+02 1.043769999999999981e-47
4.128750000000000000e+02 1.043870000000000030e-47
4.130000000000000000e+02 1.043979999999999949e-47
4.131250000000000000e+02 1.044099999999999983e-47
4.132500000000000000e+02 1.044220000000000016e-47
4.133750000000000000e+02 1.044340000000000050e-47
4.135000000000000000e+02 1.044469999999999955e-47
4.136250000000000000e+02 1.044589999999999988e-47
4.137500000000000000e+02 1.044720000000000014e-47
4.138750000000000000e+02 1.044840000000000048e-47
4.140000000000000000e+02 1.044949999999999967e-47
4.141250000000000000e+02 1.045070000000000001e-47
4.142500000000000000e+02 1.045190000000000035e-47
4.143750000000000000e+02 1.045309999999999947e-47
4.145000000000000000e+02 1.045439999999999973e-47
4.146250000000000000e+02 1.045569999999999999e-47
4.147500000000000000e+02 1.045700000000000025e-47
4.148750000000000000e+02 1.045830000000000052e-47
4.150000000000000000e+02 1.045959999999999956e-47
4.151250000000000000e+02 1.046089999999999983e-47
4.152500000000000000e+02 1.046220000000000009e-47
4.153750000000000000e+02 1.046370000000000020e-47
4.155000000000000000e+02 1.046510000000000039e-47
4.156250000000000000e+02 1.046660000000000051e-47
4.157500000000000000e+02 1.046799999999999948e-47
4.158750000000000000e+02 1.046949999999999960e-47
4.160000000000000000e+02 1.047099999999999972e-47
4.161250000000000000e+02 1.047249999999999983e-47
4.162500000000000000e+02 1.047399999999999995e-47
4.163750000000000000e+02 1.047550000000000006e-47
4.165000000000000000e+02 1.047700000000000018e-47
4.166250000000000000e+02 1.047850000000000030e-47
4.167500000000000000e+02 1.048000000000000041e-47
4.168750000000000000e+02 1.048150000000000053e-47
4.170000000000000000e+02 1.048299999999999943e-47
4.171250000000000000e+02 1.048459999999999947e-47
4.172500000000000000e+02 1.048609999999999959e-47
4.173750000000000000e+02 1.048769999999999963e-47
4.175000000000000000e+02 1.048919999999999975e-47
4.176250000000000000e+02 1.049079999999999979e-47
4.177500000000000000e+02 1.049219999999999998e-47
4.178750000000000000e+02 1.049350000000000024e-47
4.180000000000000000e+02 1.049480000000000050e-47
4.181250000000000000e+02 1.049619999999999948e-47
4.182500000000000000e+02 1.049749999999999974e-47
4.183750000000000000e+02 1.049889999999999993e-47
4.185000000000000000e+02 1.050020000000000019e-47
4.186250000000000000e+02 1.050160000000000038e-47
4.187500000000000000e+02 1.050300000000000057e-47
4.188750000000000000e+02 1.050429999999999962e-47
4.190000000000000000e+02 1.050569999999999981e-47
4.191250000000000000e+02 1.050710000000000000e-47
4.192500000000000000e+02 1.050850000000000019e-47
4.193750000000000000e+02 1.050990000000000038e-47
4.195000000000000000e+02 1.051170000000000027e-47
4.196250000000000000e+02 1.051300000000000053e-47
4.197500000000000000e+02 1.051480000000000043e-47
4.198750000000000000e+02 1.051759999999999959e-47
4.200000000000000000e+02 1.052039999999999997e-47
4.201250000000000000e+02 1.052320000000000035e-47
4.202500000000000000e+02 1.052520000000000010e-47
4.203750000000000000e+02 1.052690000000000007e-47
4.205000000000000000e+02 1.052810000000000041e-47
4.206250000000000000e+02 1.052879999999999989e-47
4.207500000000000000e+02 1.053000000000000023e-47
4.208750000000000000e+02 1.053379999999999987e-47
4.210000000000000000e+02 1.053450000000000058e-47
4.211250000000000000e+02 1.053609999999999940e-47
4.212500000000000000e+02 1.053759999999999952e-47
4.213750000000000000e+02 1.053830000000000022e-47
4.215000000000000000e+02 1.053899999999999971e-47
4.216250000000000000e+02 1.053970000000000041e-47
4.217500000000000000e+02 1.053970000000000041e-47
4.218750000000000000e+02 1.053950000000000056e-47
4.220000000000000000e+02 1.054079999999999961e-47
4.221250000000000000e+02 1.054229999999999972e-47
4.222500000000000000e+02 1.054389999999999976e-47
4.223750000000000000e+02 1.054539999999999988e-47
4.225000000000000000e+02 1.054780000000000055e-47
4.226250000000000000e+02 1.055049999999999979e-47
4.227500000000000000e+02 1.055300000000000039e-47
4.228750000000000000e+02 1.055599999999999940e-47
4.230000000000000000e+02 1.055879999999999978e-47
4.231250000000000000e+02 1.056110000000000053e-47
4.232500000000000000e+02 1.056340000000000006e-47
4.233750000000000000e+02 1.056579999999999951e-47
4.235000000000000000e+02 1.056869999999999982e-47
4.236250000000000000e+02 1.057110000000000049e-47
4.237500000000000000e+02 1.057320000000000017e-47
4.238750000000000000e+02 1.057509999999999999e-47
4.240000000000000000e+02 1.057670000000000003e-47
4.241250000000000000e+02 1.057820000000000015e-47
4.242500000000000000e+02 1.057980000000000019e-47
4.243750000000000000e+02 1.058189999999999987e-47
4.245000000000000000e+02 1.058320000000000013e-47
4.246250000000000000e+02 1.058549999999999966e-47
4.247500000000000000e+02 1.058689999999999985e-47
4.248750000000000000e+02 1.058780000000000041e-47
4.250000000000000000e+02 1.058930000000000052e-47
4.251250000000000000e+02 1.059090000000000056e-47
4.252500000000000000e+02 1.059250000000000061e-47
4.253750000000000000e+02 1.059420000000000058e-47
4.255000000000000000e+02 1.059600000000000047e-47
4.256250000000000000e+02 1.059770000000000044e-47
4.257500000000000000e+02 1.059940000000000041e-47
4.258750000000000000e+02 1.060069999999999946e-47
4.260000000000000000e+02 1.060219999999999957e-47
4.261250000000000000e+02 1.060369999999999969e-47
4.262500000000000000e+02 1.060620000000000029e-47
4.263750000000000000e+02 1.060719999999999956e-47
4.265000000000000000e+02 1.060889999999999953e-47
4.266250000000000000e+02 1.061049999999999957e-47
4.267500000000000000e+02 1.061219999999999954e-47
4.268750000000000000e+02 1.061369999999999965e-47
4.270000000000000000e+02 1.061549999999999955e-47
4.271250000000000000e+02 1.061750000000000051e-47
4.272500000000000000e+02 1.061950000000000026e-47
4.273750000000000000e+02 1.062159999999999994e-47
4.275000000000000000e+02 1.062329999999999991e-47
4.276250000000000000e+02 1.062529999999999966e-47
4.277500000000000000e+02 1.062719999999999948e-47
4.278750000000000000e+02 1.062900000000000059e-47
4.280000000000000000e+02 1.063090000000000042e-47
4.281250000000000000e+02 1.063310000000000002e-47
4.282500000000000000e+02 1.063489999999999992e-47
4.283750000000000000e+02 1.063679999999999974e-47
4.285000000000000000e+02 1.063869999999999956e-47
4.286250000000000000e+02 1.064060000000000060e-47
4.287500000000000000e+02 1.064309999999999998e-47
4.288750000000000000e+02 1.064489999999999988e-47
4.290000000000000000e+02 1.064669999999999978e-47
4.291250000000000000e+02 1.064859999999999960e-47
4.292500000000000000e+02 1.065029999999999957e-47
4.293750000000000000e+02 1.065209999999999946e-47
4.295000000000000000e+02 1.065379999999999943e-47
4.296250000000000000e+02 1.065560000000000055e-47
4.297500000000000000e+02 1.065740000000000044e-47
4.298750000000000000e+02 1.065930000000000026e-47
4.300000000000000000e+02 1.066120000000000009e-47
4.301250000000000000e+02 1.066319999999999984e-47
4.302500000000000000e+02 1.066509999999999966e-47
4.303750000000000000e+02 1.066709999999999941e-47
4.305000000000000000e+02 1.066890000000000052e-47
4.306250000000000000e+02 1.067110000000000012e-47
4.307500000000000000e+02 1.067250000000000031e-47
4.308750000000000000e+02 1.067430000000000021e-47
4.310000000000000000e+02 1.067590000000000025e-47
4.311250000000000000e+02 1.067730000000000044e-47
4.312500000000000000e+02 1.067920000000000026e-47
4.313750000000000000e+02 1.068110000000000009e-47
4.315000000000000000e+02 1.068299999999999991e-47
4.316250000000000000e+02 1.068590000000000022e-47
4.317500000000000000e+02 1.069009999999999957e-47
4.318750000000000000e+02 1.069210000000000053e-47
4.320000000000000000e+02 1.069420000000000021e-47
4.321250000000000000e+02 1.069659999999999967e-47
4.322500000000000000e+02 1.069819999999999971e-47
4.323750000000000000e+02 1.070030000000000060e-47
4.325000000000000000e+02 1.069770000000000007e-47
4.326250000000000000e+02 1.069949999999999997e-47
4.327500000000000000e+02 1.070139999999999979e-47
4.328750000000000000e+02 1.070440000000000003e-47
4.330000000000000000e+02 1.070779999999999996e-47
4.331250000000000000e+02 1.071149999999999968e-47
4.332500000000000000e+02 1.071380000000000043e-47
4.333750000000000000e+02 1.071600000000000003e-47
4.335000000000000000e+02 1.071639999999999974e-47
4.336250000000000000e+02 1.071649999999999967e-47
4.337500000000000000e+02 1.071700000000000051e-47
4.338750000000000000e+02 1.071710000000000044e-47
4.340000000000000000e+02 1.071720000000000037e-47
4.341250000000000000e+02 1.071750000000000015e-47
4.342500000000000000e+02 1.071760000000000007e-47
4.343750000000000000e+02 1.071819999999999963e-47
4.345000000000000000e+02 1.071989999999999960e-47
4.346250000000000000e+02 1.072119999999999987e-47
4.347500000000000000e+02 1.072269999999999998e-47
4.348750000000000000e+02 1.072459999999999981e-47
4.350000000000000000e+02 1.072649999999999963e-47
4.351250000000000000e+02 1.072870000000000045e-47
4.352500000000000000e+02 1.073050000000000034e-47
4.353750000000000000e+02 1.073180000000000061e-47
4.355000000000000000e+02 1.073299999999999973e-47
4.356250000000000000e+02 1.073469999999999970e-47
4.357500000000000000e+02 1.073639999999999967e-47
4.358750000000000000e+02 1.073860000000000048e-47
4.360000000000000000e+02 1.074099999999999994e-47
4.361250000000000000e+02 1.074289999999999976e-47
4.362500000000000000e+02 1.074449999999999981e-47
4.363750000000000000e+02 1.074560000000000021e-47
4.365000000000000000e+02 1.074690000000000048e-47
4.366250000000000000e+02 1.074850000000000052e-47
4.367500000000000000e+02 1.074979999999999957e-47
4.368750000000000000e+02 1.075109999999999983e-47
4.370000000000000000e+02 1.075370000000000036e-47
4.371250000000000000e+02 1.075499999999999940e-47
4.372500000000000000e+02 1.075730000000000015e-47
4.373750000000000000e+02 1.075840000000000056e-47
4.375000000000000000e+02 1.075860000000000041e-47
4.376250000000000000e+02 1.075890000000000019e-47
4.377500000000000000e+02 1.075910000000000004e-47
4.378750000000000000e+02 1.075939999999999982e-47
4.380000000000000000e+02 1.076060000000000016e-47
4.381250000000000000e+02 1.076319999999999947e-47
4.382500000000000000e+02 1.076500000000000058e-47
4.383750000000000000e+02 1.076720000000000018e-47
4.385000000000000000e+02 1.077060000000000012e-47
4.386250000000000000e+02 1.077240000000000002e-47
4.387500000000000000e+02 1.077299999999999958e-47
4.388750000000000000e+02 1.077459999999999962e-47
4.390000000000000000e+02 1.077660000000000059e-47
4.391250000000000000e+02 1.077949999999999968e-47
4.392500000000000000e+02 1.078249999999999991e-47
4.393750000000000000e+02 1.078439999999999973e-47
4.395000000000000000e+02 1.078479999999999944e-47
4.396250000000000000e+02 1.078510000000000043e-47
4.397500000000000000e+02 1.078649999999999941e-47
4.398750000000000000e+02 1.078939999999999971e-47
4.400000000000000000e+02 1.079150000000000061e-47
4.401250000000000000e+02 1.079330000000000050e-47
4.402500000000000000e+02 1.079569999999999996e-47
4.403750000000000000e+02 1.079730000000000000e-47
4.405000000000000000e+02 1.079870000000000019e-47
4.406250000000000000e+02 1.080010000000000038e-47
4.407500000000000000e+02 1.080229999999999998e-47
4.408750000000000000e+02 1.080530000000000021e-47
4.410000000000000000e+02 1.080720000000000004e-47
4.411250000000000000e+02 1.080909999999999986e-47
4.412500000000000000e+02 1.081140000000000061e-47
4.413750000000000000e+02 1.081360000000000021e-47
4.415000000000000000e+02 1.081589999999999974e-47
4.416250000000000000e+02 1.081820000000000048e-47
4.417500000000000000e+02 1.082099999999999965e-47
4.418750000000000000e+02 1.082459999999999944e-47
4.420000000000000000e+02 1.082629999999999941e-47
4.421250000000000000e+02 1.082949999999999949e-47
4.422500000000000000e+02 1.083269999999999958e-47
4.423750000000000000e+02 1.083579999999999974e-47
4.425000000000000000e+02 1.083899999999999982e-47
4.426250000000000000e+02 1.084219999999999991e-47
4.427500000000000000e+02 1.084539999999999999e-47
4.428750000000000000e+02 1.084860000000000008e-47
4.430000000000000000e+02 1.085180000000000017e-47
4.431250000000000000e+02 1.085500000000000025e-47
4.432500000000000000e+02 1.085820000000000034e-47
4.433750000000000000e+02 1.086150000000000035e-47
4.435000000000000000e+02 1.086419999999999958e-47
4.436250000000000000e+02 1.086609999999999941e-47
4.437500000000000000e+02 1.086800000000000045e-47
4.438750000000000000e+02 1.087039999999999990e-47
4.440000000000000000e+02 1.087239999999999965e-47
4.441250000000000000e+02 1.087419999999999955e-47
4.442500000000000000e+02 1.087630000000000044e-47
4.443750000000000000e+02 1.087919999999999953e-47
4.445000000000000000e+02 1.088249999999999954e-47
4.446250000000000000e+02 1.088579999999999955e-47
4.447500000000000000e+02 1.088780000000000052e-47
4.448750000000000000e+02 1.089019999999999998e-47
4.450000000000000000e+02 1.089349999999999999e-47
4.451250000000000000e+02 1.089670000000000007e-47
4.452500000000000000e+02 1.090000000000000009e-47
4.453750000000000000e+02 1.090320000000000017e-47
4.455000000000000000e+02 1.090650000000000018e-47
4.456250000000000000e+02 1.090970000000000027e-47
4.457500000000000000e+02 1.091110000000000046e-47
4.458750000000000000e+02 1.091140000000000024e-47
4.460000000000000000e+02 1.091219999999999965e-47
4.461250000000000000e+02 1.091430000000000054e-47
4.462500000000000000e+02 1.091630000000000029e-47
4.463750000000000000e+02 1.092049999999999965e-47
4.465000000000000000e+02 1.092490000000000007e-47
4.466250000000000000e+02 1.092820000000000008e-47
4.467500000000000000e+02 1.093100000000000046e-47
4.468750000000000000e+02 1.093430000000000047e-47
4.470000000000000000e+02 1.093770000000000041e-47
4.471250000000000000e+02 1.094110000000000035e-47
4.472500000000000000e+02 1.094499999999999992e-47
4.473750000000000000e+02 1.094869999999999964e-47
4.475000000000000000e+02 1.095110000000000031e-47
4.476250000000000000e+02 1.095350000000000098e-47
4.477500000000000000e+02 1.095690000000000092e-47
4.478750000000000000e+02 1.096040000000000079e-47
4.480000000000000000e+02 1.096380000000000073e-47
4.481250000000000000e+02 1.096670000000000103e-47
4.482500000000000000e+02 1.096819999999999993e-47
4.483750000000000000e+02 1.097120000000000016e-47
4.485000000000000000e+02 1.097350000000000091e-47
4.486250000000000000e+02 1.097710000000000070e-47
4.487500000000000000e+02 1.097959999999999887e-47
4.488750000000000000e+02 1.098229999999999932e-47
4.490000000000000000e+02 1.098599999999999904e-47
4.491250000000000000e+02 1.099199999999999950e-47
4.492500000000000000e+02 1.102179999999999954e-47
4.493750000000000000e+02 1.099929999999999902e-47
4.495000000000000000e+02 1.100040000000000064e-47
4.496250000000000000e+02 1.100410000000000036e-47
4.497500000000000000e+02 1.100720000000000052e-47
4.498750000000000000e+02 1.100869999999999942e-47
4.500000000000000000e+02 1.101630000000000114e-47
4.501250000000000000e+02 1.101740000000000033e-47
4.502500000000000000e+02 1.101430000000000018e-47
4.503750000000000000e+02 1.101650000000000099e-47
4.505000000000000000e+02 1.102199999999999939e-47
4.506250000000000000e+02 1.102050000000000049e-47
4.507500000000000000e+02 1.102360000000000065e-47
4.508750000000000000e+02 1.102529999999999941e-47
4.510000000000000000e+02 1.102869999999999935e-47
4.511250000000000000e+02 1.103100000000000009e-47
4.512500000000000000e+02 1.103430000000000010e-47
4.513750000000000000e+02 1.103789999999999990e-47
4.515000000000000000e+02 1.104080000000000020e-47
4.516250000000000000e+02 1.104449999999999992e-47
4.517500000000000000e+02 1.104809999999999971e-47
4.518750000000000000e+02 1.105109999999999994e-47
4.520000000000000000e+02 1.105310000000000091e-47
4.521250000000000000e+02 1.105589999999999886e-47
4.522500000000000000e+02 1.105960000000000101e-47
4.523750000000000000e+02 1.106330000000000073e-47
4.525000000000000000e+02 1.106700000000000044e-47
4.526250000000000000e+02 1.106750000000000008e-47
4.527500000000000000e+02 1.107109999999999987e-47
4.528750000000000000e+02 1.107489999999999952e-47
4.530000000000000000e+02 1.107859999999999924e-47
4.531250000000000000e+02 1.108239999999999888e-47
4.532500000000000000e+02 1.108620000000000096e-47
4.533750000000000000e+02 1.108970000000000082e-47
4.535000000000000000e+02 1.109350000000000047e-47
4.536250000000000000e+02 1.109749999999999997e-47
4.537500000000000000e+02 1.110209999999999903e-47
4.538750000000000000e+02 1.110320000000000065e-47
4.540000000000000000e+02 1.110690000000000037e-47
4.541250000000000000e+02 1.111060000000000009e-47
4.542500000000000000e+02 1.111429999999999981e-47
4.543750000000000000e+02 1.111799999999999953e-47
4.545000000000000000e+02 1.112169999999999925e-47
4.546250000000000000e+02 1.112539999999999897e-47
4.547500000000000000e+02 1.112920000000000104e-47
4.548750000000000000e+02 1.113280000000000083e-47
4.550000000000000000e+02 1.113650000000000055e-47
4.551250000000000000e+02 1.113920000000000101e-47
4.552500000000000000e+02 1.114280000000000080e-47
4.553750000000000000e+02 1.114710000000000008e-47
4.555000000000000000e+02 1.115069999999999987e-47
4.556250000000000000e+02 1.115459999999999944e-47
4.557500000000000000e+02 1.115799999999999938e-47
4.558750000000000000e+02 1.116209999999999881e-47
4.560000000000000000e+02 1.116600000000000081e-47
4.561250000000000000e+02 1.117000000000000031e-47
4.562500000000000000e+02 1.117409999999999974e-47
4.563750000000000000e+02 1.117799999999999931e-47
4.565000000000000000e+02 1.118089999999999961e-47
4.566250000000000000e+02 1.118409999999999970e-47
4.567500000000000000e+02 1.118739999999999971e-47
4.568750000000000000e+02 1.119099999999999950e-47
4.570000000000000000e+02 1.119479999999999915e-47
4.571250000000000000e+02 1.119680000000000011e-47
4.572500000000000000e+02 1.119950000000000057e-47
4.573750000000000000e+02 1.120359999999999999e-47
4.575000000000000000e+02 1.120769999999999942e-47
4.576250000000000000e+02 1.121190000000000120e-47
4.577500000000000000e+02 1.121610000000000055e-47
4.578750000000000000e+02 1.122029999999999991e-47
4.580000000000000000e+02 1.122359999999999992e-47
4.581250000000000000e+02 1.122630000000000037e-47
4.582500000000000000e+02 1.122980000000000024e-47
4.583750000000000000e+02 1.123220000000000091e-47
4.585000000000000000e+02 1.123839999999999879e-47
4.586250000000000000e+02 1.124089999999999939e-47
4.587500000000000000e+02 1.124089999999999939e-47
4.588750000000000000e+02 1.124409999999999948e-47
4.590000000000000000e+02 1.124709999999999971e-47
4.591250000000000000e+02 1.125009999999999994e-47
4.592500000000000000e+02 1.125339999999999995e-47
4.593750000000000000e+02 1.125669999999999997e-47
4.595000000000000000e+02 1.125999999999999998e-47
4.596250000000000000e+02 1.126270000000000043e-47
4.597500000000000000e+02 1.126540000000000088e-47
4.598750000000000000e+02 1.126819999999999883e-47
4.600000000000000000e+02 1.127099999999999921e-47
4.601250000000000000e+02 1.127369999999999966e-47
4.602500000000000000e+02 1.127699999999999967e-47
4.603750000000000000e+02 1.127999999999999991e-47
4.605000000000000000e+02 1.128369999999999962e-47
4.606250000000000000e+02 1.128789999999999898e-47
4.607500000000000000e+02 1.129220000000000069e-47
4.608750000000000000e+02 1.129640000000000004e-47
4.610000000000000000e+02 1.130059999999999939e-47
4.611250000000000000e+02 1.130490000000000110e-47
4.612500000000000000e+02 1.130870000000000075e-47
4.613750000000000000e+02 1.131280000000000017e-47
4.615000000000000000e+02 1.131639999999999997e-47
4.616250000000000000e+02 1.132009999999999969e-47
4.617500000000000000e+02 1.132419999999999911e-47
4.618750000000000000e+02 1.132830000000000097e-47
4.620000000000000000e+02 1.133119999999999884e-47
4.621250000000000000e+02 1.133250000000000032e-47
4.622500000000000000e+02 1.133369999999999944e-47
4.623750000000000000e+02 1.133480000000000107e-47
4.625000000000000000e+02 1.133620000000000004e-47
4.626250000000000000e+02 1.133769999999999894e-47
4.627500000000000000e+02 1.134109999999999888e-47
4.628750000000000000e+02 1.134409999999999911e-47
4.630000000000000000e+02 1.134769999999999890e-47
4.631250000000000000e+02 1.135089999999999899e-47
4.632500000000000000e+02 1.135530000000000063e-47
4.633750000000000000e+02 1.135749999999999901e-47
4.635000000000000000e+02 1.136059999999999917e-47
4.636250000000000000e+02 1.136439999999999882e-47
4.637500000000000000e+02 1.136790000000000111e-47
4.638750000000000000e+02 1.137059999999999914e-47
4.640000000000000000e+02 1.137349999999999944e-47
4.641250000000000000e+02 1.137639999999999975e-47
4.642500000000000000e+02 1.137870000000000049e-47
4.643750000000000000e+02 1.138140000000000094e-47
4.645000000000000000e+02 1.138419999999999889e-47
4.646250000000000000e+02 1.138709999999999920e-47
4.647500000000000000e+02 1.139039999999999921e-47
4.648750000000000000e+02 1.139279999999999988e-47
4.650000000000000000e+02 1.139649999999999960e-47
4.651250000000000000e+02 1.140069999999999895e-47
4.652500000000000000e+02 1.140450000000000103e-47
4.653750000000000000e+02 1.140820000000000075e-47
4.655000000000000000e+02 1.141190000000000047e-47
4.656250000000000000e+02 1.141939999999999983e-47
4.657500000000000000e+02 1.142369999999999911e-47
4.658750000000000000e+02 1.142800000000000082e-47
4.660000000000000000e+02 1.143029999999999913e-47
4.661250000000000000e+02 1.143249999999999995e-47
4.662500000000000000e+02 1.143669999999999931e-47
4.663750000000000000e+02 1.144080000000000116e-47
4.665000000000000000e+02 1.144500000000000052e-47
4.666250000000000000e+02 1.144919999999999987e-47
4.667500000000000000e+02 1.145339999999999922e-47
4.668750000000000000e+02 1.145760000000000100e-47
4.670000000000000000e+02 1.146180000000000036e-47
4.671250000000000000e+02 1.146599999999999971e-47
4.672500000000000000e+02 1.147019999999999906e-47
4.673750000000000000e+02 1.147450000000000077e-47
4.675000000000000000e+02 1.147870000000000012e-47
4.676250000000000000e+02 1.148289999999999948e-47
4.677500000000000000e+02 1.148669999999999912e-47
4.678750000000000000e+02 1.149060000000000113e-47
4.680000000000000000e+02 1.149420000000000092e-47
4.681250000000000000e+02 1.149770000000000078e-47
4.682500000000000000e+02 1.150110000000000072e-47
4.683750000000000000e+02 1.150460000000000059e-47
4.685000000000000000e+02 1.150800000000000053e-47
4.686250000000000000e+02 1.151150000000000039e-47
4.687500000000000000e+02 1.151500000000000026e-47
4.688750000000000000e+02 1.151869999999999998e-47
4.690000000000000000e+02 1.152209999999999992e-47
4.691250000000000000e+02 1.152569999999999971e-47
4.692500000000000000e+02 1.152860000000000001e-47
4.693750000000000000e+02 1.153160000000000025e-47
4.695000000000000000e+02 1.153450000000000055e-47
4.696250000000000000e+02 1.153740000000000086e-47
4.697500000000000000e+02 1.154030000000000116e-47
4.698750000000000000e+02 1.154349999999999882e-47
4.700000000000000000e+02 1.154800000000000038e-47
4.701250000000000000e+02 1.155269999999999937e-47
4.702500000000000000e+02 1.155559999999999967e-47
4.703750000000000000e+02 1.155959999999999917e-47
4.705000000000000000e+02 1.156400000000000081e-47
4.706250000000000000e+02 1.156760000000000060e-47
4.707500000000000000e+02 1.157110000000000047e-47
4.708750000000000000e+02 1.157440000000000048e-47
4.710000000000000000e+02 1.157919999999999939e-47
4.711250000000000000e+02 1.158350000000000110e-47
4.712500000000000000e+02 1.158869999999999972e-47
4.713750000000000000e+02 1.159400000000000070e-47
4.715000000000000000e+02 1.159730000000000071e-47
4.716250000000000000e+02 1.160070000000000065e-47
4.717500000000000000e+02 1.160519999999999978e-47
4.718750000000000000e+02 1.161050000000000076e-47
4.720000000000000000e+02 1.161579999999999930e-47
4.721250000000000000e+02 1.162030000000000087e-47
4.722500000000000000e+02 1.162559999999999941e-47
4.723750000000000000e+02 1.163090000000000039e-47
4.725000000000000000e+02 1.163619999999999894e-47
4.726250000000000000e+02 1.164159999999999984e-47
4.727500000000000000e+02 1.164700000000000075e-47
4.728750000000000000e+02 1.165239999999999922e-47
4.730000000000000000e+02 1.165790000000000005e-47
4.731250000000000000e+02 1.166350000000000081e-47
4.732500000000000000e+02 1.166899999999999921e-47
4.733750000000000000e+02 1.167400000000000040e-47
4.735000000000000000e+02 1.167879999999999932e-47
4.736250000000000000e+02 1.168350000000000073e-47
4.737500000000000000e+02 1.168700000000000060e-47
4.738750000000000000e+02 1.169060000000000039e-47
4.740000000000000000e+02 1.169589999999999894e-47
4.741250000000000000e+02 1.170149999999999969e-47
4.742500000000000000e+02 1.170710000000000045e-47
4.743750000000000000e+02 1.171259999999999885e-47
4.745000000000000000e+02 1.171819999999999961e-47
4.746250000000000000e+02 1.172390000000000029e-47
4.747500000000000000e+02 1.172940000000000112e-47
4.748750000000000000e+02 1.173509999999999938e-47
4.750000000000000000e+02 1.174010000000000057e-47
4.751250000000000000e+02 1.174509999999999934e-47
4.752500000000000000e+02 1.175020000000000046e-47
4.753750000000000000e+02 1.175469999999999960e-47
4.755000000000000000e+02 1.175930000000000109e-47
4.756250000000000000e+02 1.176380000000000022e-47
4.757500000000000000e+02 1.176839999999999928e-47
4.758750000000000000e+02 1.177310000000000070e-47
4.760000000000000000e+02 1.177819999999999939e-47
4.761250000000000000e+02 1.178370000000000022e-47
4.762500000000000000e+02 1.178940000000000090e-47
4.763750000000000000e+02 1.179499999999999923e-47
4.765000000000000000e+02 1.180069999999999991e-47
4.766250000000000000e+02 1.180630000000000067e-47
4.767500000000000000e+02 1.181199999999999892e-47
4.768750000000000000e+02 1.181769999999999961e-47
4.770000000000000000e+02 1.182340000000000029e-47
4.771250000000000000e+02 1.182910000000000098e-47
4.772500000000000000e+02 1.183469999999999930e-47
4.773750000000000000e+02 1.183809999999999924e-47
4.775000000000000000e+02 1.184149999999999918e-47
4.776250000000000000e+02 1.184489999999999912e-47
4.777500000000000000e+02 1.184940000000000068e-47
4.778750000000000000e+02 1.185429999999999952e-47
4.780000000000000000e+02 1.185930000000000072e-47
4.781250000000000000e+02 1.186399999999999971e-47
4.782500000000000000e+02 1.186809999999999913e-47
4.783750000000000000e+02 1.187670000000000012e-47
4.785000000000000000e+02 1.188149999999999903e-47
4.786250000000000000e+02 1.189809999999999902e-47
4.787500000000000000e+02 1.190379999999999971e-47
4.788750000000000000e+02 1.190310000000000022e-47
4.790000000000000000e+02 1.190719999999999964e-47
4.791250000000000000e+02 1.191210000000000091e-47
4.792500000000000000e+02 1.191409999999999945e-47
4.793750000000000000e+02 1.190910000000000068e-47
4.795000000000000000e+02 1.191320000000000011e-47
4.796250000000000000e+02 1.191719999999999961e-47
4.797500000000000000e+02 1.192129999999999903e-47
4.798750000000000000e+02 1.192540000000000089e-47
4.800000000000000000e+02 1.192950000000000032e-47
4.801250000000000000e+02 1.193359999999999974e-47
4.802500000000000000e+02 1.193769999999999917e-47
4.803750000000000000e+02 1.194190000000000095e-47
4.805000000000000000e+02 1.194570000000000060e-47
4.806250000000000000e+02 1.195009999999999980e-47
4.807500000000000000e+02 1.195429999999999916e-47
4.808750000000000000e+02 1.195840000000000101e-47
4.810000000000000000e+02 1.196260000000000036e-47
4.811250000000000000e+02 1.196669999999999979e-47
4.812500000000000000e+02 1.197089999999999914e-47
4.813750000000000000e+02 1.197510000000000093e-47
4.815000000000000000e+02 1.197930000000000028e-47
4.816250000000000000e+02 1.198349999999999963e-47
4.817500000000000000e+02 1.198729999999999928e-47
4.818750000000000000e+02 1.199150000000000106e-47
4.820000000000000000e+02 1.199600000000000019e-47
4.821250000000000000e+02 1.200029999999999947e-47
4.822500000000000000e+02 1.200449999999999883e-47
4.823750000000000000e+02 1.200880000000000054e-47
4.825000000000000000e+02 1.201299999999999989e-47
4.826250000000000000e+02 1.201729999999999917e-47
4.827500000000000000e+02 1.202160000000000088e-47
4.828750000000000000e+02 1.202580000000000023e-47
4.830000000000000000e+02 1.203009999999999951e-47
4.831250000000000000e+02 1.203439999999999879e-47
4.832500000000000000e+02 1.203870000000000050e-47
4.833750000000000000e+02 1.204299999999999978e-47
4.835000000000000000e+02 1.204729999999999906e-47
4.836250000000000000e+02 1.205170000000000069e-47
4.837500000000000000e+02 1.205599999999999997e-47
4.838750000000000000e+02 1.206039999999999918e-47
4.840000000000000000e+02 1.206470000000000089e-47
4.841250000000000000e+02 1.206910000000000010e-47
4.842500000000000000e+02 1.207349999999999930e-47
4.843750000000000000e+02 1.207699999999999917e-47
4.845000000000000000e+02 1.208039999999999911e-47
4.846250000000000000e+02 1.208480000000000074e-47
4.847500000000000000e+02 1.208870000000000031e-47
4.848750000000000000e+02 1.209210000000000025e-47
4.850000000000000000e+02 1.209520000000000041e-47
4.851250000000000000e+02 1.209870000000000028e-47
4.852500000000000000e+02 1.210959999999999958e-47
4.853750000000000000e+02 1.211410000000000115e-47
4.855000000000000000e+02 1.211530000000000027e-47
4.856250000000000000e+02 1.212150000000000058e-47
4.857500000000000000e+02 1.212699999999999898e-47
4.858750000000000000e+02 1.213150000000000055e-47
4.860000000000000000e+02 1.213609999999999961e-47
4.861250000000000000e+02 1.214120000000000073e-47
4.862500000000000000e+02 1.214550000000000001e-47
4.863750000000000000e+02 1.214989999999999922e-47
4.865000000000000000e+02 1.215450000000000071e-47
4.866250000000000000e+02 1.215979999999999925e-47
4.867500000000000000e+02 1.216470000000000052e-47
4.868750000000000000e+02 1.216929999999999958e-47
4.870000000000000000e+02 1.217400000000000100e-47
4.871250000000000000e+02 1.217879999999999991e-47
4.872500000000000000e+02 1.218349999999999890e-47
4.873750000000000000e+02 1.218830000000000024e-47
4.875000000000000000e+02 1.219299999999999923e-47
4.876250000000000000e+02 1.219780000000000057e-47
4.877500000000000000e+02 1.220199999999999992e-47
4.878750000000000000e+02 1.220659999999999898e-47
4.880000000000000000e+02 1.221150000000000025e-47
4.881250000000000000e+02 1.221639999999999909e-47
4.882500000000000000e+02 1.222130000000000036e-47
4.883750000000000000e+02 1.222619999999999920e-47
4.885000000000000000e+02 1.223120000000000040e-47
4.886250000000000000e+02 1.223619999999999917e-47
4.887500000000000000e+02 1.224269999999999926e-47
4.888750000000000000e+02 1.224730000000000075e-47
4.890000000000000000e+02 1.225209999999999967e-47
4.891250000000000000e+02 1.225680000000000108e-47
4.892500000000000000e+02 1.226130000000000022e-47
4.893750000000000000e+02 1.226660000000000119e-47
4.895000000000000000e+02 1.228420000000000045e-47
4.896250000000000000e+02 1.228939999999999907e-47
4.897500000000000000e+02 1.228330000000000111e-47
4.898750000000000000e+02 1.229000000000000106e-47
4.900000000000000000e+02 1.229609999999999902e-47
4.901250000000000000e+02 1.230289999999999890e-47
4.902500000000000000e+02 1.230970000000000121e-47
4.903750000000000000e+02 1.231529999999999953e-47
4.905000000000000000e+02 1.232130000000000000e-47
4.906250000000000000e+02 1.232829999999999973e-47
4.907500000000000000e+02 1.233529999999999946e-47
4.908750000000000000e+02 1.234199999999999941e-47
4.910000000000000000e+02 1.234829999999999965e-47
4.911250000000000000e+02 1.235440000000000004e-47
4.912500000000000000e+02 1.236020000000000065e-47
4.913750000000000000e+02 1.236569999999999905e-47
4.915000000000000000e+02 1.237179999999999945e-47
4.916250000000000000e+02 1.237789999999999984e-47
4.917500000000000000e+02 1.238390000000000030e-47
4.918750000000000000e+02 1.238990000000000076e-47
4.920000000000000000e+02 1.239600000000000116e-47
4.921250000000000000e+02 1.240209999999999912e-47
4.922500000000000000e+02 1.240829999999999943e-47
4.923750000000000000e+02 1.241459999999999968e-47
4.925000000000000000e+02 1.242099999999999985e-47
4.926250000000000000e+02 1.242749999999999995e-47
4.927500000000000000e+02 1.243400000000000004e-47
4.928750000000000000e+02 1.244069999999999999e-47
4.930000000000000000e+02 1.244739999999999995e-47
4.931250000000000000e+02 1.245360000000000026e-47
4.932500000000000000e+02 1.245889999999999881e-47
4.933750000000000000e+02 1.246419999999999979e-47
4.935000000000000000e+02 1.246960000000000069e-47
4.936250000000000000e+02 1.247519999999999902e-47
4.937500000000000000e+02 1.248169999999999911e-47
4.938750000000000000e+02 1.248920000000000091e-47
4.940000000000000000e+02 1.249690000000000013e-47
4.941250000000000000e+02 1.250479999999999920e-47
4.942500000000000000e+02 1.251280000000000063e-47
4.943750000000000000e+02 1.252059999999999977e-47
4.945000000000000000e+02 1.252819999999999907e-47
4.946250000000000000e+02 1.253670000000000013e-47
4.947500000000000000e+02 1.254540000000000104e-47
4.948750000000000000e+02 1.255499999999999887e-47
4.950000000000000000e+02 1.256489999999999891e-47
4.951250000000000000e+02 1.257469999999999902e-47
4.952500000000000000e+02 1.258500000000000119e-47
4.953750000000000000e+02 1.259550000000000079e-47
4.955000000000000000e+02 1.260620000000000024e-47
4.956250000000000000e+02 1.261699999999999961e-47
4.957500000000000000e+02 1.262810000000000120e-47
4.958750000000000000e+02 1.263910000000000043e-47
4.960000000000000000e+02 1.264940000000000018e-47
4.961250000000000000e+02 1.265880000000000058e-47
4.962500000000000000e+02 1.266840000000000084e-47
4.963750000000000000e+02 1.267820000000000095e-47
4.965000000000000000e+02 1.268830000000000084e-47
4.966250000000000000e+02 1.269870000000000051e-47
4.967500000000000000e+02 1.270920000000000010e-47
4.968750000000000000e+02 1.271999999999999948e-47
4.970000000000000000e+02 1.273180000000000055e-47
4.971250000000000000e+02 1.274430000000000112e-47
4.972500000000000000e+02 1.275689999999999917e-47
4.973750000000000000e+02 1.276790000000000084e-47
4.975000000000000000e+02 1.278070000000000118e-47
4.976250000000000000e+02 1.279379999999999887e-47
4.977500000000000000e+02 1.280720000000000120e-47
4.978750000000000000e+02 1.282110000000000074e-47
4.980000000000000000e+02 1.283530000000000005e-47
4.981250000000000000e+02 1.284989999999999908e-47
4.982500000000000000e+02 1.286460000000000046e-47
4.983750000000000000e+02 1.287879999999999977e-47
4.985000000000000000e+02 1.289350000000000115e-47
4.986250000000000000e+02 1.290869999999999973e-47
4.987500000000000000e+02 1.292450000000000031e-47
4.988750000000000000e+02 1.294219999999999949e-47
4.990000000000000000e+02 1.296040000000000074e-47
4.991250000000000000e+02 1.297710000000000065e-47
4.992500000000000000e+02 1.299509999999999961e-47
4.993750000000000000e+02 1.301489999999999969e-47
4.995000000000000000e+02 1.303400000000000027e-47
4.996250000000000000e+02 1.305469999999999968e-47
4.997500000000000000e+02 1.307529999999999917e-47
4.998750000000000000e+02 1.310290000000000082e-47
5.000000000000000000e+02 1.312560000000000120e-47
5.001250000000000000e+02 1.314529999999999891e-47
5.002500000000000000e+02 1.317069999999999975e-47
5.003750000000000000e+02 1.319670000000000014e-47
5.005000000000000000e+02 1.322280000000000045e-47
5.006250000000000000e+02 1.325250000000000056e-47
5.007500000000000000e+02 1.328369999999999957e-47
5.008750000000000000e+02 1.331399999999999924e-47
5.010000000000000000e+02 1.334510000000000076e-47
5.011250000000000000e+02 1.337770000000000117e-47
5.012500000000000000e+02 1.341550000000000021e-47
5.013750000000000000e+02 1.346520000000000024e-47
5.015000000000000000e+02 1.350500000000000024e-47
5.016250000000000000e+02 1.354840000000000004e-47
5.017500000000000000e+02 1.359990000000000118e-47
5.018750000000000000e+02 1.365499999999999969e-47
5.020000000000000000e+02 1.371109999999999990e-47
5.021250000000000000e+02 1.377549999999999889e-47
5.022500000000000000e+02 1.383900000000000096e-47
5.023750000000000000e+02 1.390960000000000026e-47
5.025000000000000000e+02 1.398769999999999893e-47
5.026250000000000000e+02 1.407679999999999926e-47
5.027500000000000000e+02 1.418370000000000113e-47
5.028750000000000000e+02 1.427990000000000112e-47
5.030000000000000000e+02 1.438290000000000098e-47
5.031250000000000000e+02 1.449049999999999991e-47
5.032500000000000000e+02 1.463230000000000050e-47
5.033750000000000000e+02 1.480269999999999959e-47
5.035000000000000000e+02 1.497990000000000098e-47
5.036250000000000000e+02 1.518149999999999907e-47
5.037500000000000000e+02 1.540080000000000121e-47
5.038750000000000000e+02 1.567929999999999885e-47
5.040000000000000000e+02 1.596480000000000108e-47
5.041250000000000000e+02 1.633390000000000038e-47
5.042500000000000000e+02 1.675230000000000001e-47
5.043750000000000000e+02 1.727480000000000113e-47
5.045000000000000000e+02 1.798560000000000037e-47
5.046250000000000000e+02 1.891050000000000069e-47
5.047500000000000000e+02 2.004490000000000061e-47
5.048750000000000000e+02 2.171640000000000067e-47
5.050000000000000000e+02 2.402650000000000184e-47
5.051250000000000000e+02 2.746219999999999965e-47
5.052500000000000000e+02 3.290159999999999956e-47
5.053750000000000000e+02 4.223180000000000162e-47
5.055000000000000000e+02 5.994079999999999810e-47
5.056250000000000000e+02 1.000830000000000047e-46
5.057500000000000000e+02 2.236939999999999949e-46
5.058750000000000000e+02 8.847999999999999404e-46
5.060000000000000000e+02 1.091150000000000007e-45
5.061250000000000000e+02 2.630969999999999987e-46
5.062500000000000000e+02 1.140679999999999983e-46
5.063750000000000000e+02 6.811140000000000412e-47
5.065000000000000000e+02 4.879019999999999815e-47
5.066250000000000000e+02 3.991239999999999998e-47
5.067500000000000000e+02 3.583669999999999965e-47
5.068750000000000000e+02 3.444759999999999924e-47
5.070000000000000000e+02 3.434939999999999828e-47
5.071250000000000000e+02 3.721700000000000166e-47
5.072500000000000000e+02 4.194310000000000173e-47
5.073750000000000000e+02 5.044570000000000265e-47
5.075000000000000000e+02 6.344770000000000207e-47
5.076250000000000000e+02 8.270219999999999615e-47
5.077500000000000000e+02 1.143539999999999929e-46
5.078750000000000000e+02 1.705629999999999987e-46
5.080000000000000000e+02 2.743549999999999832e-46
5.081250000000000000e+02 5.014309999999999982e-46
5.082500000000000000e+02 1.214440000000000062e-45
5.083750000000000000e+02 6.103959999999999824e-45
5.085000000000000000e+02 1.985660000000000155e-43
5.086250000000000000e+02 8.396009999999999413e-45
5.087500000000000000e+02 3.686330000000000235e-45
5.088750000000000000e+02 3.073080000000000102e-45
5.090000000000000000e+02 3.157650000000000222e-45
5.091250000000000000e+02 3.617000000000000108e-45
5.092500000000000000e+02 4.364800000000000153e-45
5.093750000000000000e+02 5.463350000000000298e-45
5.095000000000000000e+02 6.935070000000000193e-45
5.096250000000000000e+02 8.931810000000000042e-45
5.097500000000000000e+02 1.153970000000000119e-44
5.098750000000000000e+02 1.475519999999999918e-44
5.100000000000000000e+02 1.862670000000000114e-44
5.101250000000000000e+02 2.323960000000000099e-44
5.102500000000000000e+02 2.860870000000000056e-44
5.103750000000000000e+02 3.423189999999999924e-44
5.105000000000000000e+02 4.029630000000000134e-44
5.106250000000000000e+02 4.612349999999999877e-44
5.107500000000000000e+02 5.111469999999999861e-44
5.108750000000000000e+02 5.420310000000000261e-44
5.110000000000000000e+02 5.613900000000000057e-44
5.111250000000000000e+02 5.640790000000000401e-44
5.112500000000000000e+02 5.564680000000000245e-44
5.113750000000000000e+02 5.435589999999999906e-44
5.115000000000000000e+02 5.275650000000000220e-44
5.116250000000000000e+02 5.276889999999999505e-44
5.117500000000000000e+02 5.474910000000000218e-44
5.118750000000000000e+02 6.093850000000000068e-44
5.120000000000000000e+02 7.907429999999999829e-44
5.121250000000000000e+02 1.366640000000000056e-43
5.122500000000000000e+02 4.657409999999999864e-43
5.123750000000000000e+02 5.577570000000000155e-43
5.125000000000000000e+02 6.110140000000000223e-44
5.126250000000000000e+02 1.491870000000000111e-44
5.127500000000000000e+02 5.213899999999999753e-45
5.128750000000000000e+02 2.204549999999999993e-45
5.130000000000000000e+02 1.008450000000000004e-45
5.131250000000000000e+02 5.110660000000000005e-46
5.132500000000000000e+02 2.878860000000000081e-46
5.133750000000000000e+02 1.687869999999999974e-46
5.135000000000000000e+02 1.040609999999999964e-46
5.136250000000000000e+02 6.745589999999999595e-47
5.137500000000000000e+02 4.606899999999999930e-47
5.138750000000000000e+02 3.361330000000000057e-47
5.140000000000000000e+02 2.536139999999999823e-47
5.141250000000000000e+02 2.032219999999999913e-47
5.142500000000000000e+02 1.705920000000000115e-47
5.143750000000000000e+02 1.498050000000000054e-47
5.145000000000000000e+02 1.448779999999999945e-47
5.146250000000000000e+02 1.550110000000000062e-47
5.147500000000000000e+02 1.751919999999999946e-47
5.148750000000000000e+02 2.145319999999999911e-47
5.150000000000000000e+02 2.847210000000000088e-47
5.151250000000000000e+02 3.946970000000000114e-47
5.152500000000000000e+02 5.959959999999999536e-47
5.153750000000000000e+02 9.157359999999999415e-47
5.155000000000000000e+02 1.456990000000000005e-46
5.156250000000000000e+02 2.452630000000000112e-46
5.157500000000000000e+02 4.669340000000000060e-46
5.158750000000000000e+02 9.113690000000000259e-46
5.160000000000000000e+02 1.932439999999999895e-45
5.161250000000000000e+02 5.879500000000000420e-45
5.162500000000000000e+02 5.813380000000000443e-44
5.163750000000000000e+02 1.130230000000000088e-43
5.165000000000000000e+02 1.261769999999999900e-44
5.166250000000000000e+02 4.691299999999999950e-45
5.167500000000000000e+02 2.815610000000000243e-45
5.168750000000000000e+02 1.995389999999999934e-45
5.170000000000000000e+02 1.484410000000000153e-45
5.171250000000000000e+02 1.142870000000000021e-45
5.172500000000000000e+02 9.280200000000000588e-46
5.173750000000000000e+02 7.888299999999999695e-46
5.175000000000000000e+02 6.700889999999999784e-46
5.176250000000000000e+02 5.397350000000000054e-46
5.177500000000000000e+02 4.358990000000000142e-46
5.178750000000000000e+02 3.581689999999999764e-46
5.180000000000000000e+02 3.106719999999999833e-46
5.181250000000000000e+02 2.817699999999999985e-46
5.182500000000000000e+02 2.700729999999999809e-46
5.183750000000000000e+02 2.706329999999999983e-46
5.185000000000000000e+02 3.331029999999999998e-46
5.186250000000000000e+02 5.357590000000000025e-46
5.187500000000000000e+02 1.438299999999999867e-45
5.188750000000000000e+02 3.034390000000000061e-44
5.190000000000000000e+02 2.000750000000000128e-45
5.191250000000000000e+02 3.825269999999999856e-46
5.192500000000000000e+02 1.631709999999999908e-46
5.193750000000000000e+02 9.628700000000000597e-47
5.195000000000000000e+02 6.690550000000000070e-47
5.196250000000000000e+02 5.168839999999999855e-47
5.197500000000000000e+02 4.244460000000000123e-47
5.198750000000000000e+02 3.654399999999999902e-47
5.200000000000000000e+02 3.285980000000000103e-47
5.201250000000000000e+02 3.003460000000000061e-47
5.202500000000000000e+02 2.797860000000000038e-47
5.203750000000000000e+02 2.646730000000000202e-47
5.205000000000000000e+02 2.523729999999999924e-47
5.206250000000000000e+02 2.423469999999999996e-47
5.207500000000000000e+02 2.345889999999999974e-47
5.208750000000000000e+02 2.280240000000000203e-47
5.210000000000000000e+02 2.225340000000000089e-47
5.211250000000000000e+02 2.178709999999999990e-47
5.212500000000000000e+02 2.138510000000000041e-47
5.213750000000000000e+02 2.103690000000000037e-47
5.215000000000000000e+02 2.072890000000000004e-47
5.216250000000000000e+02 2.045620000000000058e-47
5.217500000000000000e+02 2.021420000000000050e-47
5.218750000000000000e+02 1.999830000000000073e-47
5.220000000000000000e+02 1.980449999999999935e-47
5.221250000000000000e+02 1.965310000000000093e-47
5.222500000000000000e+02 1.955030000000000092e-47
5.223750000000000000e+02 1.949440000000000057e-47
5.225000000000000000e+02 1.938979999999999944e-47
5.226250000000000000e+02 1.928290000000000001e-47
5.227500000000000000e+02 1.917340000000000004e-47
5.228750000000000000e+02 1.907580000000000108e-47
5.230000000000000000e+02 1.896539999999999935e-47
5.231250000000000000e+02 1.885289999999999915e-47
5.232500000000000000e+02 1.873659999999999931e-47
5.233750000000000000e+02 1.864190000000000066e-47
5.235000000000000000e+02 1.855290000000000026e-47
5.236250000000000000e+02 1.847119999999999936e-47
5.237500000000000000e+02 1.839559999999999886e-47
5.238750000000000000e+02 1.833330000000000077e-47
5.240000000000000000e+02 1.826750000000000038e-47
5.241250000000000000e+02 1.822490000000000000e-47
5.242500000000000000e+02 1.819820000000000012e-47
5.243750000000000000e+02 1.817040000000000105e-47
5.245000000000000000e+02 1.814309999999999918e-47
5.246250000000000000e+02 1.811249999999999973e-47
5.247500000000000000e+02 1.808309999999999940e-47
5.248750000000000000e+02 1.804470000000000081e-47
5.250000000000000000e+02 1.800860000000000053e-47
5.251250000000000000e+02 1.797639999999999982e-47
5.252500000000000000e+02 1.794540000000000066e-47
5.253750000000000000e+02 1.791739999999999931e-47
5.255000000000000000e+02 1.788769999999999920e-47
5.256250000000000000e+02 1.785880000000000093e-47
5.257500000000000000e+02 1.783119999999999928e-47
5.258750000000000000e+02 1.780489999999999911e-47
5.260000000000000000e+02 1.777970000000000057e-47
5.261250000000000000e+02 1.775549999999999886e-47
5.262500000000000000e+02 1.773240000000000120e-47
5.263750000000000000e+02 1.771010000000000053e-47
5.265000000000000000e+02 1.768970000000000090e-47
5.266250000000000000e+02 1.766909999999999898e-47
5.267500000000000000e+02 1.764919999999999898e-47
5.268750000000000000e+02 1.763010000000000082e-47
5.270000000000000000e+02 1.761539999999999944e-47
5.271250000000000000e+02 1.760279999999999896e-47
5.272500000000000000e+02 1.758549999999999948e-47
5.273750000000000000e+02 1.756869999999999964e-47
5.275000000000000000e+02 1.755229999999999951e-47
5.276250000000000000e+02 1.753279999999999921e-47
5.277500000000000000e+02 1.751249999999999951e-47
5.278750000000000000e+02 1.749659999999999901e-47
5.280000000000000000e+02 1.748190000000000006e-47
5.281250000000000000e+02 1.746760000000000081e-47
5.282500000000000000e+02 1.745369999999999885e-47
5.283750000000000000e+02 1.744019999999999902e-47
5.285000000000000000e+02 1.742689999999999904e-47
5.286250000000000000e+02 1.741319999999999936e-47
5.287500000000000000e+02 1.739969999999999953e-47
5.288750000000000000e+02 1.738190000000000042e-47
5.290000000000000000e+02 1.736329999999999947e-47
5.291250000000000000e+02 1.734480000000000088e-47
5.292500000000000000e+02 1.732639999999999978e-47
5.293750000000000000e+02 1.732190000000000064e-47
5.295000000000000000e+02 1.732570000000000029e-47
5.296250000000000000e+02 1.731230000000000039e-47
5.297500000000000000e+02 1.728540000000000066e-47
5.298750000000000000e+02 1.725870000000000078e-47
5.300000000000000000e+02 1.723210000000000083e-47
5.301250000000000000e+02 1.720119999999999917e-47
5.302500000000000000e+02 1.718029999999999990e-47
5.303750000000000000e+02 1.715570000000000091e-47
5.305000000000000000e+02 1.713109999999999950e-47
5.306250000000000000e+02 1.710489999999999925e-47
5.307500000000000000e+02 1.707869999999999901e-47
5.308750000000000000e+02 1.705250000000000119e-47
5.310000000000000000e+02 1.702789999999999978e-47
5.311250000000000000e+02 1.700940000000000118e-47
5.312500000000000000e+02 1.699189999999999942e-47
5.313750000000000000e+02 1.697849999999999952e-47
5.315000000000000000e+02 1.695839999999999967e-47
5.316250000000000000e+02 1.694640000000000117e-47
5.317500000000000000e+02 1.692939999999999905e-47
5.318750000000000000e+02 1.691539999999999958e-47
5.320000000000000000e+02 1.689609999999999914e-47
5.321250000000000000e+02 1.687480000000000017e-47
5.322500000000000000e+02 1.685680000000000121e-47
5.323750000000000000e+02 1.684319999999999902e-47
5.325000000000000000e+02 1.682750000000000081e-47
5.326250000000000000e+02 1.681140000000000045e-47
5.327500000000000000e+02 1.679760000000000084e-47
5.328750000000000000e+02 1.678170000000000034e-47
5.330000000000000000e+02 1.676800000000000066e-47
5.331250000000000000e+02 1.675709999999999892e-47
5.332500000000000000e+02 1.674649999999999940e-47
5.333750000000000000e+02 1.672629999999999962e-47
5.335000000000000000e+02 1.671510000000000054e-47
5.336250000000000000e+02 1.669240000000000016e-47
5.337500000000000000e+02 1.668689999999999933e-47
5.338750000000000000e+02 1.667520000000000061e-47
5.340000000000000000e+02 1.665780000000000121e-47
5.341250000000000000e+02 1.664029999999999945e-47
5.342500000000000000e+02 1.662089999999999908e-47
5.343750000000000000e+02 1.660129999999999887e-47
5.345000000000000000e+02 1.658369999999999961e-47
5.346250000000000000e+02 1.656809999999999889e-47
5.347500000000000000e+02 1.655210000000000089e-47
5.348750000000000000e+02 1.653759999999999937e-47
5.350000000000000000e+02 1.652449999999999924e-47
5.351250000000000000e+02 1.650620000000000050e-47
5.352500000000000000e+02 1.649129999999999927e-47
5.353750000000000000e+02 1.647709999999999995e-47
5.355000000000000000e+02 1.646370000000000005e-47
5.356250000000000000e+02 1.644900000000000110e-47
5.357500000000000000e+02 1.643509999999999913e-47
5.358750000000000000e+02 1.641720000000000010e-47
5.360000000000000000e+02 1.640199999999999909e-47
5.361250000000000000e+02 1.639129999999999964e-47
5.362500000000000000e+02 1.637169999999999942e-47
5.363750000000000000e+02 1.635589999999999884e-47
5.365000000000000000e+02 1.634269999999999879e-47
5.366250000000000000e+02 1.632599999999999888e-47
5.367500000000000000e+02 1.630789999999999999e-47
5.368750000000000000e+02 1.628980000000000110e-47
5.370000000000000000e+02 1.627259999999999912e-47
5.371250000000000000e+02 1.625849999999999973e-47
5.372500000000000000e+02 1.624269999999999916e-47
5.373750000000000000e+02 1.622169999999999997e-47
5.375000000000000000e+02 1.620790000000000036e-47
5.376250000000000000e+02 1.619299999999999912e-47
5.377500000000000000e+02 1.616959999999999926e-47
5.378750000000000000e+02 1.615440000000000068e-47
5.380000000000000000e+02 1.614060000000000107e-47
5.381250000000000000e+02 1.612720000000000116e-47
5.382500000000000000e+02 1.611450000000000075e-47
5.383750000000000000e+02 1.610249999999999982e-47
5.385000000000000000e+02 1.608309999999999946e-47
5.386250000000000000e+02 1.606520000000000042e-47
5.387500000000000000e+02 1.605170000000000059e-47
5.388750000000000000e+02 1.603749999999999884e-47
5.390000000000000000e+02 1.602279999999999990e-47
5.391250000000000000e+02 1.600309999999999975e-47
5.392500000000000000e+02 1.598240000000000034e-47
5.393750000000000000e+02 1.596240000000000041e-47
5.395000000000000000e+02 1.594880000000000065e-47
5.396250000000000000e+02 1.593079999999999926e-47
5.397500000000000000e+02 1.591409999999999935e-47
5.398750000000000000e+02 1.589950000000000032e-47
5.400000000000000000e+02 1.588489999999999887e-47
5.401250000000000000e+02 1.587169999999999882e-47
5.402500000000000000e+02 1.585839999999999885e-47
5.403750000000000000e+02 1.584519999999999880e-47
5.405000000000000000e+02 1.582789999999999932e-47
5.406250000000000000e+02 1.580660000000000035e-47
5.407500000000000000e+02 1.578549999999999880e-47
5.408750000000000000e+02 1.576620000000000079e-47
5.410000000000000000e+02 1.574990000000000058e-47
5.411250000000000000e+02 1.573419999999999993e-47
5.412500000000000000e+02 1.571849999999999929e-47
5.413750000000000000e+02 1.570360000000000048e-47
5.415000000000000000e+02 1.568919999999999888e-47
5.416250000000000000e+02 1.567539999999999927e-47
5.417500000000000000e+02 1.566169999999999959e-47
5.418750000000000000e+02 1.564789999999999998e-47
5.420000000000000000e+02 1.563420000000000030e-47
5.421250000000000000e+02 1.562040000000000069e-47
5.422500000000000000e+02 1.560670000000000101e-47
5.423750000000000000e+02 1.559239999999999934e-47
5.425000000000000000e+02 1.557410000000000059e-47
5.426250000000000000e+02 1.555649999999999891e-47
5.427500000000000000e+02 1.554209999999999974e-47
5.428750000000000000e+02 1.552840000000000006e-47
5.430000000000000000e+02 1.551510000000000008e-47
5.431250000000000000e+02 1.550160000000000025e-47
5.432500000000000000e+02 1.548780000000000064e-47
5.433750000000000000e+02 1.547470000000000052e-47
5.435000000000000000e+02 1.545899999999999988e-47
5.436250000000000000e+02 1.544180000000000033e-47
5.437500000000000000e+02 1.542800000000000072e-47
5.438750000000000000e+02 1.541470000000000074e-47
5.440000000000000000e+02 1.540029999999999914e-47
5.441250000000000000e+02 1.538440000000000107e-47
5.442500000000000000e+02 1.536969999999999969e-47
5.443750000000000000e+02 1.535619999999999986e-47
5.445000000000000000e+02 1.534299999999999981e-47
5.446250000000000000e+02 1.532979999999999977e-47
5.447500000000000000e+02 1.531669999999999964e-47
5.448750000000000000e+02 1.530359999999999952e-47
5.450000000000000000e+02 1.528940000000000021e-47
5.451250000000000000e+02 1.527009999999999977e-47
5.452500000000000000e+02 1.525089999999999925e-47
5.453750000000000000e+02 1.523630000000000023e-47
5.455000000000000000e+02 1.522330000000000004e-47
5.456250000000000000e+02 1.521039999999999977e-47
5.457500000000000000e+02 1.519570000000000082e-47
5.458750000000000000e+02 1.518149999999999907e-47
5.460000000000000000e+02 1.516650000000000034e-47
5.461250000000000000e+02 1.515449999999999941e-47
5.462500000000000000e+02 1.514260000000000084e-47
5.463750000000000000e+02 1.513069999999999984e-47
5.465000000000000000e+02 1.512240000000000106e-47
5.466250000000000000e+02 1.510640000000000063e-47
5.467500000000000000e+02 1.509370000000000022e-47
5.468750000000000000e+02 1.507839999999999928e-47
5.470000000000000000e+02 1.506610000000000100e-47
5.471250000000000000e+02 1.505420000000000000e-47
5.472500000000000000e+02 1.504249999999999885e-47
5.473750000000000000e+02 1.502859999999999932e-47
5.475000000000000000e+02 1.501879999999999921e-47
5.476250000000000000e+02 1.500720000000000042e-47
5.477500000000000000e+02 1.499529999999999941e-47
5.478750000000000000e+02 1.498090000000000024e-47
5.480000000000000000e+02 1.496929999999999902e-47
5.481250000000000000e+02 1.495720000000000060e-47
5.482500000000000000e+02 1.494479999999999996e-47
5.483750000000000000e+02 1.493100000000000036e-47
5.485000000000000000e+02 1.491879999999999957e-47
5.486250000000000000e+02 1.490800000000000020e-47
5.487500000000000000e+02 1.489690000000000104e-47
5.488750000000000000e+02 1.488360000000000106e-47
5.490000000000000000e+02 1.486989999999999895e-47
5.491250000000000000e+02 1.485629999999999920e-47
5.492500000000000000e+02 1.484329999999999900e-47
5.493750000000000000e+02 1.482929999999999954e-47
5.495000000000000000e+02 1.481569999999999978e-47
5.496250000000000000e+02 1.480279999999999951e-47
5.497500000000000000e+02 1.478989999999999924e-47
5.498750000000000000e+02 1.477790000000000075e-47
5.500000000000000000e+02 1.476629999999999953e-47
5.501250000000000000e+02 1.475490000000000059e-47
5.502500000000000000e+02 1.474339999999999929e-47
5.503750000000000000e+02 1.473210000000000028e-47
5.505000000000000000e+02 1.472079999999999884e-47
5.506250000000000000e+02 1.470949999999999983e-47
5.507500000000000000e+02 1.469729999999999905e-47
5.508750000000000000e+02 1.468609999999999997e-47
5.510000000000000000e+02 1.467540000000000052e-47
5.511250000000000000e+02 1.466399999999999915e-47
5.512500000000000000e+02 1.465439999999999889e-47
5.513750000000000000e+02 1.464389999999999929e-47
5.515000000000000000e+02 1.463299999999999999e-47
5.516250000000000000e+02 1.462200000000000076e-47
5.517500000000000000e+02 1.461129999999999888e-47
5.518750000000000000e+02 1.460069999999999936e-47
5.520000000000000000e+02 1.459190000000000094e-47
5.521250000000000000e+02 1.458109999999999914e-47
5.522500000000000000e+02 1.457039999999999969e-47
5.523750000000000000e+02 1.455980000000000016e-47
5.525000000000000000e+02 1.454920000000000064e-47
5.526250000000000000e+02 1.453910000000000075e-47
5.527500000000000000e+02 1.452920000000000071e-47
5.528750000000000000e+02 1.451920000000000075e-47
5.530000000000000000e+02 1.450870000000000115e-47
5.531250000000000000e+02 1.449739999999999971e-47
5.532500000000000000e+02 1.448719999999999989e-47
5.533750000000000000e+02 1.447719999999999993e-47
5.535000000000000000e+02 1.446719999999999997e-47
5.536250000000000000e+02 1.445729999999999993e-47
5.537500000000000000e+02 1.444749999999999982e-47
5.538750000000000000e+02 1.443769999999999971e-47
5.540000000000000000e+02 1.442799999999999953e-47
5.541250000000000000e+02 1.443250000000000109e-47
5.542500000000000000e+02 1.443960000000000075e-47
5.543750000000000000e+02 1.442489999999999937e-47
5.545000000000000000e+02 1.440189999999999921e-47
5.546250000000000000e+02 1.438010000000000060e-47
5.547500000000000000e+02 1.437060000000000027e-47
5.548750000000000000e+02 1.436139999999999972e-47
5.550000000000000000e+02 1.435199999999999932e-47
5.551250000000000000e+02 1.434280000000000120e-47
5.552500000000000000e+02 1.433370000000000058e-47
5.553750000000000000e+02 1.432420000000000025e-47
5.555000000000000000e+02 1.431410000000000036e-47
5.556250000000000000e+02 1.430400000000000047e-47
5.557500000000000000e+02 1.429499999999999977e-47
5.558750000000000000e+02 1.428670000000000100e-47
5.560000000000000000e+02 1.427750000000000045e-47
5.561250000000000000e+02 1.426670000000000107e-47
5.562500000000000000e+02 1.425609999999999911e-47
5.563750000000000000e+02 1.424559999999999952e-47
5.565000000000000000e+02 1.423509999999999992e-47
5.566250000000000000e+02 1.422549999999999966e-47
5.567500000000000000e+02 1.421629999999999911e-47
5.568750000000000000e+02 1.420730000000000085e-47
5.570000000000000000e+02 1.419899999999999964e-47
5.571250000000000000e+02 1.419180000000000006e-47
5.572500000000000000e+02 1.418450000000000054e-47
5.573750000000000000e+02 1.417770000000000067e-47
5.575000000000000000e+02 1.417029999999999880e-47
5.576250000000000000e+02 1.416279999999999943e-47
5.577500000000000000e+02 1.415599999999999955e-47
5.578750000000000000e+02 1.414679999999999901e-47
5.580000000000000000e+02 1.413870000000000008e-47
5.581250000000000000e+02 1.413219999999999998e-47
5.582500000000000000e+02 1.412609999999999959e-47
5.583750000000000000e+02 1.411880000000000008e-47
5.585000000000000000e+02 1.410959999999999953e-47
5.586250000000000000e+02 1.410049999999999891e-47
5.587500000000000000e+02 1.409140000000000072e-47
5.588750000000000000e+02 1.408309999999999951e-47
5.590000000000000000e+02 1.407820000000000067e-47
5.591250000000000000e+02 1.407130000000000086e-47
5.592500000000000000e+02 1.406210000000000031e-47
5.593750000000000000e+02 1.405409999999999888e-47
5.595000000000000000e+02 1.404409999999999892e-47
5.596250000000000000e+02 1.403719999999999912e-47
5.597500000000000000e+02 1.402810000000000092e-47
5.598750000000000000e+02 1.402120000000000112e-47
5.600000000000000000e+02 1.401359999999999940e-47
5.601250000000000000e+02 1.400699999999999937e-47
5.602500000000000000e+02 1.399969999999999986e-47
5.603750000000000000e+02 1.399130000000000116e-47
5.605000000000000000e+02 1.398319999999999980e-47
5.606250000000000000e+02 1.397810000000000111e-47
5.607500000000000000e+02 1.397280000000000013e-47
5.608750000000000000e+02 1.396669999999999974e-47
5.610000000000000000e+02 1.395920000000000037e-47
5.611250000000000000e+02 1.395329999999999984e-47
5.612500000000000000e+02 1.394779999999999901e-47
5.613750000000000000e+02 1.394419999999999921e-47
5.615000000000000000e+02 1.393799999999999890e-47
5.616250000000000000e+02 1.393650000000000000e-47
5.617500000000000000e+02 1.392980000000000004e-47
5.618750000000000000e+02 1.392520000000000099e-47
5.620000000000000000e+02 1.391930000000000045e-47
5.621250000000000000e+02 1.391220000000000079e-47
5.622500000000000000e+02 1.390330000000000002e-47
5.623750000000000000e+02 1.389890000000000081e-47
5.625000000000000000e+02 1.389699999999999978e-47
5.626250000000000000e+02 1.389300000000000028e-47
5.627500000000000000e+02 1.388960000000000034e-47
5.628750000000000000e+02 1.388699999999999981e-47
5.630000000000000000e+02 1.388320000000000017e-47
5.631250000000000000e+02 1.387640000000000029e-47
5.632500000000000000e+02 1.386809999999999908e-47
5.633750000000000000e+02 1.386089999999999950e-47
5.635000000000000000e+02 1.385359999999999998e-47
5.636250000000000000e+02 1.384660000000000025e-47
5.637500000000000000e+02 1.383960000000000052e-47
5.638750000000000000e+02 1.383379999999999991e-47
5.640000000000000000e+02 1.383010000000000019e-47
5.641250000000000000e+02 1.382580000000000091e-47
5.642500000000000000e+02 1.381590000000000088e-47
5.643750000000000000e+02 1.381020000000000019e-47
5.645000000000000000e+02 1.380449999999999951e-47
5.646250000000000000e+02 1.379640000000000058e-47
5.647500000000000000e+02 1.378980000000000056e-47
5.648750000000000000e+02 1.378199999999999898e-47
5.650000000000000000e+02 1.377380000000000013e-47
5.651250000000000000e+02 1.376610000000000091e-47
5.652500000000000000e+02 1.375879999999999897e-47
5.653750000000000000e+02 1.374730000000000011e-47
5.655000000000000000e+02 1.373940000000000104e-47
5.656250000000000000e+02 1.373139999999999961e-47
5.657500000000000000e+02 1.372360000000000046e-47
5.658750000000000000e+02 1.371579999999999889e-47
5.660000000000000000e+02 1.370040000000000045e-47
5.661250000000000000e+02 1.368919999999999894e-47
5.662500000000000000e+02 1.368090000000000016e-47
5.663750000000000000e+02 1.367839999999999956e-47
5.665000000000000000e+02 1.367740000000000029e-47
5.666250000000000000e+02 1.367020000000000071e-47
5.667500000000000000e+02 1.366279999999999884e-47
5.668750000000000000e+02 1.365549999999999933e-47
5.670000000000000000e+02 1.364819999999999981e-47
5.671250000000000000e+02 1.364100000000000023e-47
5.672500000000000000e+02 1.363569999999999925e-47
5.673750000000000000e+02 1.362849999999999967e-47
5.675000000000000000e+02 1.362149999999999994e-47
5.676250000000000000e+02 1.361440000000000028e-47
5.677500000000000000e+02 1.360569999999999936e-47
5.678750000000000000e+02 1.359879999999999956e-47
5.680000000000000000e+02 1.359199999999999968e-47
5.681250000000000000e+02 1.358519999999999980e-47
5.682500000000000000e+02 1.357849999999999985e-47
5.683750000000000000e+02 1.357179999999999990e-47
5.685000000000000000e+02 1.356519999999999988e-47
5.686250000000000000e+02 1.355869999999999978e-47
5.687500000000000000e+02 1.354949999999999923e-47
5.688750000000000000e+02 1.353989999999999897e-47
5.690000000000000000e+02 1.353460000000000043e-47
5.691250000000000000e+02 1.352929999999999945e-47
5.692500000000000000e+02 1.352329999999999899e-47
5.693750000000000000e+02 1.351790000000000051e-47
5.695000000000000000e+02 1.351009999999999894e-47
5.696250000000000000e+02 1.350259999999999957e-47
5.697500000000000000e+02 1.349679999999999896e-47
5.698750000000000000e+02 1.349100000000000078e-47
5.700000000000000000e+02 1.348530000000000010e-47
5.701250000000000000e+02 1.347959999999999941e-47
5.702500000000000000e+02 1.347400000000000109e-47
5.703750000000000000e+02 1.346850000000000026e-47
5.705000000000000000e+02 1.346299999999999943e-47
5.706250000000000000e+02 1.345760000000000095e-47
5.707500000000000000e+02 1.345239999999999990e-47
5.708750000000000000e+02 1.344750000000000106e-47
5.710000000000000000e+02 1.344289999999999957e-47
5.711250000000000000e+02 1.343840000000000044e-47
5.712500000000000000e+02 1.343389999999999888e-47
5.713750000000000000e+02 1.342949999999999967e-47
5.715000000000000000e+02 1.342480000000000068e-47
5.716250000000000000e+02 1.342039999999999905e-47
5.717500000000000000e+02 1.341540000000000028e-47
5.718750000000000000e+02 1.341079999999999879e-47
5.720000000000000000e+02 1.340619999999999973e-47
5.721250000000000000e+02 1.340220000000000023e-47
5.722500000000000000e+02 1.339820000000000073e-47
5.723750000000000000e+02 1.339440000000000109e-47
5.725000000000000000e+02 1.339029999999999923e-47
5.726250000000000000e+02 1.338619999999999980e-47
5.727500000000000000e+02 1.338210000000000038e-47
5.728750000000000000e+02 1.337770000000000117e-47
5.730000000000000000e+02 1.337329999999999954e-47
5.731250000000000000e+02 1.336979999999999967e-47
5.732500000000000000e+02 1.336649999999999966e-47
5.733750000000000000e+02 1.336500000000000076e-47
5.735000000000000000e+02 1.336180000000000067e-47
5.736250000000000000e+02 1.335840000000000073e-47
5.737500000000000000e+02 1.335890000000000037e-47
5.738750000000000000e+02 1.335940000000000000e-47
5.740000000000000000e+02 1.335940000000000000e-47
5.741250000000000000e+02 1.335570000000000028e-47
5.742500000000000000e+02 1.335220000000000042e-47
5.743750000000000000e+02 1.335059999999999916e-47
5.745000000000000000e+02 1.334679999999999951e-47
5.746250000000000000e+02 1.334550000000000046e-47
5.747500000000000000e+02 1.334270000000000009e-47
5.748750000000000000e+02 1.333959999999999993e-47
5.750000000000000000e+02 1.333820000000000095e-47
5.751250000000000000e+02 1.333619999999999999e-47
5.752500000000000000e+02 1.333610000000000006e-47
5.753750000000000000e+02 1.333840000000000081e-47
5.755000000000000000e+02 1.334059999999999919e-47
5.756250000000000000e+02 1.333850000000000073e-47
5.757500000000000000e+02 1.333570000000000035e-47
5.758750000000000000e+02 1.333629999999999991e-47
5.760000000000000000e+02 1.333379999999999932e-47
5.761250000000000000e+02 1.333079999999999908e-47
5.762500000000000000e+02 1.332950000000000004e-47
5.763750000000000000e+02 1.333150000000000100e-47
5.765000000000000000e+02 1.333359999999999946e-47
5.766250000000000000e+02 1.333560000000000043e-47
5.767500000000000000e+02 1.333759999999999896e-47
5.768750000000000000e+02 1.333969999999999985e-47
5.770000000000000000e+02 1.333860000000000066e-47
5.771250000000000000e+02 1.333669999999999962e-47
5.772500000000000000e+02 1.333470000000000109e-47
5.773750000000000000e+02 1.333679999999999955e-47
5.775000000000000000e+02 1.333890000000000044e-47
5.776250000000000000e+02 1.334099999999999890e-47
5.777500000000000000e+02 1.334309999999999979e-47
5.778750000000000000e+02 1.334520000000000068e-47
5.780000000000000000e+02 1.334729999999999915e-47
5.781250000000000000e+02 1.334940000000000004e-47
5.782500000000000000e+02 1.335150000000000093e-47
5.783750000000000000e+02 1.335359999999999939e-47
5.785000000000000000e+02 1.335570000000000028e-47
5.786250000000000000e+02 1.335780000000000117e-47
5.787500000000000000e+02 1.335989999999999963e-47
5.788750000000000000e+02 1.336200000000000053e-47
5.790000000000000000e+02 1.336409999999999899e-47
5.791250000000000000e+02 1.336560000000000032e-47
5.792500000000000000e+02 1.336349999999999943e-47
5.793750000000000000e+02 1.336279999999999994e-47
5.795000000000000000e+02 1.336399999999999906e-47
5.796250000000000000e+02 1.336299999999999979e-47
5.797500000000000000e+02 1.335900000000000029e-47
5.798750000000000000e+02 1.335500000000000079e-47
5.800000000000000000e+02 1.335260000000000012e-47
5.801250000000000000e+02 1.335470000000000101e-47
5.802500000000000000e+02 1.335319999999999968e-47
5.803750000000000000e+02 1.335210000000000049e-47
5.805000000000000000e+02 1.335309999999999976e-47
5.806250000000000000e+02 1.335289999999999990e-47
5.807500000000000000e+02 1.335140000000000100e-47
5.808750000000000000e+02 1.334739999999999907e-47
5.810000000000000000e+02 1.334349999999999950e-47
5.811250000000000000e+02 1.334130000000000111e-47
5.812500000000000000e+02 1.334049999999999927e-47
5.813750000000000000e+02 1.333940000000000007e-47
5.815000000000000000e+02 1.333769999999999889e-47
5.816250000000000000e+02 1.333359999999999946e-47
5.817500000000000000e+02 1.333049999999999930e-47
5.818750000000000000e+02 1.332699999999999944e-47
5.820000000000000000e+02 1.332409999999999913e-47
5.821250000000000000e+02 1.332550000000000054e-47
5.822500000000000000e+02 1.332749999999999907e-47
5.823750000000000000e+02 1.332950000000000004e-47
5.825000000000000000e+02 1.333150000000000100e-47
5.826250000000000000e+02 1.333260000000000020e-47
5.827500000000000000e+02 1.333089999999999901e-47
5.828750000000000000e+02 1.332979999999999982e-47
5.830000000000000000e+02 1.332830000000000092e-47
5.831250000000000000e+02 1.332669999999999966e-47
5.832500000000000000e+02 1.332439999999999891e-47
5.833750000000000000e+02 1.332379999999999935e-47
5.835000000000000000e+02 1.332290000000000001e-47
5.836250000000000000e+02 1.332160000000000097e-47
5.837500000000000000e+02 1.332500000000000090e-47
5.838750000000000000e+02 1.332250000000000031e-47
5.840000000000000000e+02 1.332009999999999963e-47
5.841250000000000000e+02 1.332059999999999927e-47
5.842500000000000000e+02 1.332150000000000104e-47
5.843750000000000000e+02 1.332290000000000001e-47
5.845000000000000000e+02 1.332510000000000083e-47
5.846250000000000000e+02 1.332739999999999915e-47
5.847500000000000000e+02 1.332979999999999982e-47
5.848750000000000000e+02 1.333200000000000064e-47
5.850000000000000000e+02 1.333439999999999888e-47
5.851250000000000000e+02 1.333429999999999895e-47
5.852500000000000000e+02 1.333309999999999983e-47
5.853750000000000000e+02 1.333180000000000078e-47
5.855000000000000000e+02 1.333059999999999923e-47
5.856250000000000000e+02 1.332950000000000004e-47
5.857500000000000000e+02 1.332830000000000092e-47
5.858750000000000000e+02 1.332769999999999893e-47
5.860000000000000000e+02 1.332729999999999922e-47
5.861250000000000000e+02 1.332639999999999988e-47
5.862500000000000000e+02 1.332850000000000077e-47
5.863750000000000000e+02 1.333079999999999908e-47
5.865000000000000000e+02 1.333319999999999976e-47
5.866250000000000000e+02 1.333969999999999985e-47
5.867500000000000000e+02 1.333790000000000117e-47
5.868750000000000000e+02 1.334759999999999893e-47
5.870000000000000000e+02 1.334280000000000001e-47
5.871250000000000000e+02 1.334120000000000119e-47
5.872500000000000000e+02 1.334180000000000075e-47
5.873750000000000000e+02 1.334280000000000001e-47
5.875000000000000000e+02 1.334399999999999913e-47
5.876250000000000000e+02 1.335069999999999908e-47
5.877500000000000000e+02 1.335339999999999954e-47
5.878750000000000000e+02 1.335140000000000100e-47
5.880000000000000000e+02 1.335389999999999917e-47
5.881250000000000000e+02 1.335639999999999977e-47
5.882500000000000000e+02 1.335890000000000037e-47
5.883750000000000000e+02 1.336140000000000097e-47
5.885000000000000000e+02 1.336389999999999913e-47
5.886250000000000000e+02 1.336600000000000002e-47
5.887500000000000000e+02 1.336790000000000106e-47
5.888750000000000000e+02 1.336979999999999967e-47
5.890000000000000000e+02 1.337180000000000064e-47
5.891250000000000000e+02 1.337379999999999917e-47
5.892500000000000000e+02 1.337570000000000021e-47
5.893750000000000000e+02 1.337770000000000117e-47
5.895000000000000000e+02 1.337959999999999978e-47
5.896250000000000000e+02 1.338160000000000075e-47
5.897500000000000000e+02 1.338349999999999935e-47
5.898750000000000000e+02 1.338550000000000032e-47
5.900000000000000000e+02 1.338739999999999893e-47
5.901250000000000000e+02 1.338939999999999989e-47
5.902500000000000000e+02 1.339150000000000078e-47
5.903750000000000000e+02 1.339419999999999880e-47
5.905000000000000000e+02 1.339689999999999925e-47
5.906250000000000000e+02 1.339959999999999971e-47
5.907500000000000000e+02 1.340230000000000016e-47
5.908750000000000000e+02 1.340500000000000061e-47
5.910000000000000000e+02 1.340770000000000106e-47
5.911250000000000000e+02 1.341039999999999908e-47
5.912500000000000000e+02 1.341309999999999954e-47
5.913750000000000000e+02 1.341579999999999999e-47
5.915000000000000000e+02 1.341699999999999911e-47
5.916250000000000000e+02 1.341870000000000029e-47
5.917500000000000000e+02 1.342130000000000082e-47
5.918750000000000000e+02 1.342399999999999884e-47
5.920000000000000000e+02 1.342520000000000039e-47
5.921250000000000000e+02 1.342639999999999951e-47
5.922500000000000000e+02 1.342840000000000048e-47
5.923750000000000000e+02 1.342999999999999930e-47
5.925000000000000000e+02 1.343210000000000020e-47
5.926250000000000000e+02 1.343430000000000101e-47
5.927500000000000000e+02 1.343669999999999925e-47
5.928750000000000000e+02 1.343800000000000073e-47
5.930000000000000000e+02 1.344039999999999897e-47
5.931250000000000000e+02 1.344289999999999957e-47
5.932500000000000000e+02 1.344530000000000024e-47
5.933750000000000000e+02 1.344780000000000084e-47
5.935000000000000000e+02 1.345019999999999908e-47
5.936250000000000000e+02 1.345259999999999976e-47
5.937500000000000000e+02 1.345780000000000081e-47
5.938750000000000000e+02 1.345750000000000103e-47
5.940000000000000000e+02 1.345890000000000000e-47
5.941250000000000000e+02 1.346100000000000089e-47
5.942500000000000000e+02 1.346349999999999906e-47
5.943750000000000000e+02 1.346609999999999958e-47
5.945000000000000000e+02 1.346860000000000018e-47
5.946250000000000000e+02 1.347120000000000071e-47
5.947500000000000000e+02 1.347369999999999888e-47
5.948750000000000000e+02 1.347629999999999940e-47
5.950000000000000000e+02 1.347880000000000000e-47
5.951250000000000000e+02 1.348050000000000118e-47
5.952500000000000000e+02 1.348249999999999972e-47
5.953750000000000000e+02 1.348490000000000039e-47
5.955000000000000000e+02 1.348730000000000106e-47
5.956250000000000000e+02 1.348959999999999938e-47
5.957500000000000000e+02 1.349200000000000005e-47
5.958750000000000000e+02 1.349430000000000079e-47
5.960000000000000000e+02 1.349669999999999903e-47
5.961250000000000000e+02 1.349909999999999971e-47
5.962500000000000000e+02 1.350050000000000111e-47
5.963750000000000000e+02 1.350259999999999957e-47
5.965000000000000000e+02 1.350500000000000024e-47
5.966250000000000000e+02 1.350740000000000092e-47
5.967500000000000000e+02 1.350979999999999916e-47
5.968750000000000000e+02 1.351209999999999990e-47
5.970000000000000000e+02 1.351450000000000057e-47
5.971250000000000000e+02 1.351520000000000006e-47
5.972500000000000000e+02 1.351770000000000066e-47
5.973750000000000000e+02 1.352009999999999890e-47
5.975000000000000000e+02 1.352090000000000074e-47
5.976250000000000000e+02 1.351939999999999941e-47
5.977500000000000000e+02 1.351969999999999919e-47
5.978750000000000000e+02 1.351869999999999993e-47
5.980000000000000000e+02 1.352120000000000052e-47
5.981250000000000000e+02 1.352370000000000112e-47
5.982500000000000000e+02 1.352619999999999929e-47
5.983750000000000000e+02 1.352879999999999982e-47
5.985000000000000000e+02 1.353110000000000056e-47
5.986250000000000000e+02 1.353370000000000109e-47
5.987500000000000000e+02 1.353609999999999933e-47
5.988750000000000000e+02 1.353790000000000044e-47
5.990000000000000000e+02 1.354009999999999883e-47
5.991250000000000000e+02 1.354259999999999942e-47
5.992500000000000000e+02 1.354329999999999891e-47
5.993750000000000000e+02 1.354559999999999966e-47
5.995000000000000000e+02 1.354800000000000033e-47
5.996250000000000000e+02 1.355040000000000100e-47
5.997500000000000000e+02 1.355279999999999924e-47
5.998750000000000000e+02 1.355390000000000087e-47
6.000000000000000000e+02 1.355400000000000079e-47
6.001250000000000000e+02 1.355609999999999925e-47
6.002500000000000000e+02 1.355849999999999993e-47
6.003750000000000000e+02 1.356070000000000074e-47
6.005000000000000000e+02 1.356309999999999898e-47
6.006250000000000000e+02 1.356549999999999966e-47
6.007500000000000000e+02 1.356790000000000033e-47
6.008750000000000000e+02 1.357010000000000115e-47
6.010000000000000000e+02 1.357249999999999939e-47
6.011250000000000000e+02 1.357490000000000006e-47
6.012500000000000000e+02 1.357730000000000073e-47
6.013750000000000000e+02 1.357969999999999897e-47
6.015000000000000000e+02 1.357700000000000095e-47
6.016250000000000000e+02 1.357680000000000110e-47
6.017500000000000000e+02 1.357659999999999881e-47
6.018750000000000000e+02 1.357879999999999963e-47
6.020000000000000000e+02 1.358100000000000045e-47
6.021250000000000000e+02 1.358319999999999884e-47
6.022500000000000000e+02 1.358460000000000024e-47
6.023750000000000000e+02 1.358670000000000113e-47
6.025000000000000000e+02 1.358899999999999945e-47
6.026250000000000000e+02 1.359140000000000012e-47
6.027500000000000000e+02 1.359380000000000079e-47
6.028750000000000000e+02 1.359619999999999903e-47
6.030000000000000000e+02 1.359859999999999971e-47
6.031250000000000000e+02 1.360110000000000030e-47
6.032500000000000000e+02 1.360350000000000098e-47
6.033750000000000000e+02 1.360589999999999922e-47
6.035000000000000000e+02 1.360829999999999989e-47
6.036250000000000000e+02 1.361070000000000056e-47
6.037500000000000000e+02 1.361309999999999880e-47
6.038750000000000000e+02 1.361549999999999947e-47
6.040000000000000000e+02 1.361790000000000014e-47
6.041250000000000000e+02 1.362030000000000082e-47
6.042500000000000000e+02 1.362279999999999898e-47
6.043750000000000000e+02 1.362519999999999966e-47
6.045000000000000000e+02 1.362760000000000033e-47
6.046250000000000000e+02 1.363000000000000100e-47
6.047500000000000000e+02 1.363239999999999924e-47
6.048750000000000000e+02 1.363469999999999999e-47
6.050000000000000000e+02 1.363479999999999991e-47
6.051250000000000000e+02 1.363469999999999999e-47
6.052500000000000000e+02 1.363460000000000006e-47
6.053750000000000000e+02 1.363469999999999999e-47
6.055000000000000000e+02 1.363619999999999889e-47
6.056250000000000000e+02 1.363819999999999985e-47
6.057500000000000000e+02 1.364050000000000060e-47
6.058750000000000000e+02 1.364289999999999884e-47
6.060000000000000000e+02 1.364529999999999951e-47
6.061250000000000000e+02 1.364770000000000018e-47
6.062500000000000000e+02 1.364990000000000100e-47
6.063750000000000000e+02 1.365239999999999917e-47
6.065000000000000000e+02 1.365469999999999991e-47
6.066250000000000000e+02 1.365599999999999896e-47
6.067500000000000000e+02 1.365859999999999949e-47
6.068750000000000000e+02 1.366050000000000052e-47
6.070000000000000000e+02 1.366249999999999906e-47
6.071250000000000000e+02 1.366509999999999958e-47
6.072500000000000000e+02 1.366829999999999967e-47
6.073750000000000000e+02 1.367020000000000071e-47
6.075000000000000000e+02 1.367279999999999880e-47
6.076250000000000000e+02 1.367539999999999933e-47
6.077500000000000000e+02 1.367710000000000051e-47
6.078750000000000000e+02 1.367970000000000104e-47
6.080000000000000000e+02 1.368219999999999920e-47
6.081250000000000000e+02 1.368469999999999980e-47
6.082500000000000000e+02 1.368730000000000033e-47
6.083750000000000000e+02 1.368990000000000085e-47
6.085000000000000000e+02 1.369159999999999961e-47
6.086250000000000000e+02 1.369380000000000043e-47
6.087500000000000000e+02 1.369509999999999947e-47
6.088750000000000000e+02 1.369690000000000058e-47
6.090000000000000000e+02 1.369819999999999963e-47
6.091250000000000000e+02 1.370050000000000038e-47
6.092500000000000000e+02 1.370070000000000023e-47
6.093750000000000000e+02 1.370189999999999935e-47
6.095000000000000000e+02 1.370239999999999898e-47
6.096250000000000000e+02 1.370459999999999980e-47
6.097500000000000000e+02 1.370909999999999893e-47
6.098750000000000000e+02 1.371340000000000065e-47
6.100000000000000000e+02 1.371469999999999969e-47
6.101250000000000000e+02 1.371600000000000117e-47
6.102500000000000000e+02 1.371779999999999985e-47
6.103750000000000000e+02 1.372040000000000038e-47
6.105000000000000000e+02 1.372290000000000097e-47
6.106250000000000000e+02 1.372370000000000039e-47
6.107500000000000000e+02 1.372620000000000099e-47
6.108750000000000000e+02 1.372779999999999981e-47
6.110000000000000000e+02 1.372899999999999893e-47
6.111250000000000000e+02 1.373360000000000043e-47
6.112500000000000000e+02 1.373529999999999918e-47
6.113750000000000000e+02 1.373660000000000066e-47
6.115000000000000000e+02 1.374119999999999972e-47
6.116250000000000000e+02 1.378119999999999957e-47
6.117500000000000000e+02 1.381729999999999985e-47
6.118750000000000000e+02 1.383700000000000000e-47
6.120000000000000000e+02 1.386799999999999915e-47
6.121250000000000000e+02 1.402180000000000068e-47
6.122500000000000000e+02 1.401890000000000037e-47
6.123750000000000000e+02 1.402389999999999914e-47
6.125000000000000000e+02 1.407599999999999985e-47
6.126250000000000000e+02 1.401810000000000096e-47
6.127500000000000000e+02 1.401629999999999985e-47
6.128750000000000000e+02 1.401230000000000035e-47
6.130000000000000000e+02 1.387210000000000101e-47
6.131250000000000000e+02 1.384079999999999964e-47
6.132500000000000000e+02 1.382489999999999914e-47
6.133750000000000000e+02 1.379399999999999991e-47
6.135000000000000000e+02 1.378439999999999966e-47
6.136250000000000000e+02 1.377730000000000000e-47
6.137500000000000000e+02 1.377980000000000060e-47
6.138750000000000000e+02 1.378360000000000024e-47
6.140000000000000000e+02 1.379020000000000027e-47
6.141250000000000000e+02 1.379439999999999962e-47
6.142500000000000000e+02 1.379690000000000022e-47
6.143750000000000000e+02 1.379940000000000082e-47
6.145000000000000000e+02 1.380270000000000083e-47
6.146250000000000000e+02 1.380610000000000077e-47
6.147500000000000000e+02 1.380710000000000003e-47
6.148750000000000000e+02 1.380700000000000011e-47
6.150000000000000000e+02 1.380759999999999967e-47
6.151250000000000000e+02 1.380739999999999981e-47
6.152500000000000000e+02 1.380990000000000041e-47
6.153750000000000000e+02 1.381230000000000108e-47
6.155000000000000000e+02 1.381479999999999925e-47
6.156250000000000000e+02 1.381729999999999985e-47
6.157500000000000000e+02 1.381980000000000045e-47
6.158750000000000000e+02 1.382159999999999913e-47
6.160000000000000000e+02 1.382409999999999973e-47
6.161250000000000000e+02 1.382640000000000047e-47
6.162500000000000000e+02 1.382890000000000107e-47
6.163750000000000000e+02 1.383049999999999990e-47
6.165000000000000000e+02 1.383310000000000042e-47
6.166250000000000000e+02 1.383560000000000102e-47
6.167500000000000000e+02 1.383819999999999912e-47
6.168750000000000000e+02 1.384069999999999972e-47
6.170000000000000000e+02 1.384330000000000024e-47
6.171250000000000000e+02 1.384580000000000084e-47
6.172500000000000000e+02 1.384839999999999893e-47
6.173750000000000000e+02 1.385089999999999953e-47
6.175000000000000000e+02 1.385340000000000013e-47
6.176250000000000000e+02 1.385479999999999910e-47
6.177500000000000000e+02 1.385640000000000036e-47
6.178750000000000000e+02 1.385809999999999912e-47
6.180000000000000000e+02 1.386059999999999972e-47
6.181250000000000000e+02 1.386310000000000031e-47
6.182500000000000000e+02 1.386560000000000091e-47
6.183750000000000000e+02 1.386819999999999901e-47
6.185000000000000000e+02 1.387069999999999961e-47
6.186250000000000000e+02 1.387340000000000006e-47
6.187500000000000000e+02 1.387600000000000058e-47
6.188750000000000000e+02 1.387860000000000111e-47
6.190000000000000000e+02 1.388139999999999906e-47
6.191250000000000000e+02 1.388389999999999965e-47
6.192500000000000000e+02 1.388570000000000077e-47
6.193750000000000000e+02 1.388590000000000062e-47
6.195000000000000000e+02 1.388749999999999945e-47
6.196250000000000000e+02 1.388870000000000100e-47
6.197500000000000000e+02 1.388880000000000092e-47
6.198750000000000000e+02 1.389139999999999902e-47
6.200000000000000000e+02 1.389349999999999991e-47
6.201250000000000000e+02 1.389379999999999969e-47
6.202500000000000000e+02 1.389620000000000036e-47
6.203750000000000000e+02 1.390359999999999980e-47
6.205000000000000000e+02 1.390660000000000003e-47
6.206250000000000000e+02 1.390469999999999899e-47
6.207500000000000000e+02 1.390540000000000091e-47
6.208750000000000000e+02 1.390809999999999893e-47
6.210000000000000000e+02 1.391079999999999939e-47
6.211250000000000000e+02 1.391359999999999976e-47
6.212500000000000000e+02 1.391590000000000051e-47
6.213750000000000000e+02 1.391950000000000030e-47
6.215000000000000000e+02 1.392119999999999906e-47
6.216250000000000000e+02 1.392300000000000017e-47
6.217500000000000000e+02 1.392570000000000062e-47
6.218750000000000000e+02 1.392830000000000114e-47
6.220000000000000000e+02 1.393019999999999975e-47
6.221250000000000000e+02 1.393180000000000101e-47
6.222500000000000000e+02 1.393270000000000035e-47
6.223750000000000000e+02 1.393359999999999969e-47
6.225000000000000000e+02 1.393530000000000088e-47
6.226250000000000000e+02 1.393739999999999934e-47
6.227500000000000000e+02 1.394029999999999964e-47
6.228750000000000000e+02 1.394310000000000002e-47
6.230000000000000000e+02 1.394600000000000033e-47
6.231250000000000000e+02 1.394890000000000063e-47
6.232500000000000000e+02 1.395190000000000086e-47
6.233750000000000000e+02 1.395480000000000117e-47
6.235000000000000000e+02 1.395769999999999904e-47
6.236250000000000000e+02 1.396079999999999920e-47
6.237500000000000000e+02 1.396339999999999973e-47
6.238750000000000000e+02 1.396449999999999892e-47
6.240000000000000000e+02 1.396739999999999923e-47
6.241250000000000000e+02 1.397150000000000108e-47
6.242500000000000000e+02 1.397580000000000036e-47
6.243750000000000000e+02 1.397979999999999986e-47
6.245000000000000000e+02 1.398240000000000039e-47
6.246250000000000000e+02 1.398580000000000033e-47
6.247500000000000000e+02 1.399019999999999953e-47
6.248750000000000000e+02 1.399449999999999881e-47
6.250000000000000000e+02 1.399850000000000074e-47
6.251250000000000000e+02 1.399930000000000015e-47
6.252500000000000000e+02 1.400399999999999914e-47
6.253750000000000000e+02 1.400860000000000063e-47
6.255000000000000000e+02 1.401319999999999969e-47
6.256250000000000000e+02 1.401739999999999904e-47
6.257500000000000000e+02 1.402220000000000039e-47
6.258750000000000000e+02 1.402699999999999930e-47
6.260000000000000000e+02 1.403089999999999887e-47
6.261250000000000000e+02 1.403530000000000051e-47
6.262500000000000000e+02 1.403949999999999986e-47
6.263750000000000000e+02 1.404379999999999914e-47
6.265000000000000000e+02 1.404850000000000056e-47
6.266250000000000000e+02 1.405480000000000080e-47
6.267500000000000000e+02 1.406409999999999885e-47
6.268750000000000000e+02 1.407339999999999932e-47
6.270000000000000000e+02 1.408019999999999920e-47
6.271250000000000000e+02 1.408699999999999908e-47
6.272500000000000000e+02 1.409810000000000067e-47
6.273750000000000000e+02 1.410929999999999975e-47
6.275000000000000000e+02 1.412470000000000062e-47
6.276250000000000000e+02 1.413699999999999890e-47
6.277500000000000000e+02 1.415190000000000013e-47
6.278750000000000000e+02 1.417060000000000101e-47
6.280000000000000000e+02 1.418510000000000010e-47
6.281250000000000000e+02 1.420440000000000054e-47
6.282500000000000000e+02 1.422549999999999966e-47
6.283750000000000000e+02 1.426010000000000104e-47
6.285000000000000000e+02 1.429509999999999970e-47
6.286250000000000000e+02 1.432879999999999931e-47
6.287500000000000000e+02 1.438189999999999928e-47
6.288750000000000000e+02 1.444859999999999902e-47
6.290000000000000000e+02 1.453019999999999998e-47
6.291250000000000000e+02 1.462699999999999953e-47
6.292500000000000000e+02 1.476820000000000056e-47
6.293750000000000000e+02 1.496209999999999944e-47
6.295000000000000000e+02 1.525980000000000002e-47
6.296250000000000000e+02 1.559660000000000112e-47
6.297500000000000000e+02 1.625420000000000046e-47
6.298750000000000000e+02 1.749969999999999916e-47
6.300000000000000000e+02 2.031869999999999927e-47
6.301250000000000000e+02 2.970760000000000206e-47
6.302500000000000000e+02 8.729070000000000470e-47
6.303750000000000000e+02 3.272060000000000096e-46
6.305000000000000000e+02 4.579729999999999667e-47
6.306250000000000000e+02 2.450590000000000052e-47
6.307500000000000000e+02 1.916330000000000015e-47
6.308750000000000000e+02 1.686909999999999949e-47
6.310000000000000000e+02 1.592220000000000070e-47
6.311250000000000000e+02 1.542100000000000099e-47
6.312500000000000000e+02 1.509549999999999890e-47
6.313750000000000000e+02 1.486269999999999937e-47
6.315000000000000000e+02 1.470749999999999887e-47
6.316250000000000000e+02 1.460190000000000091e-47
6.317500000000000000e+02 1.453059999999999969e-47
6.318750000000000000e+02 1.447590000000000088e-47
6.320000000000000000e+02 1.442129999999999958e-47
6.321250000000000000e+02 1.437650000000000081e-47
6.322500000000000000e+02 1.434819999999999968e-47
6.323750000000000000e+02 1.432630000000000114e-47
6.325000000000000000e+02 1.430720000000000056e-47
6.326250000000000000e+02 1.428619999999999893e-47
6.327500000000000000e+02 1.427350000000000095e-47
6.328750000000000000e+02 1.426269999999999914e-47
6.330000000000000000e+02 1.425539999999999963e-47
6.331250000000000000e+02 1.424529999999999974e-47
6.332500000000000000e+02 1.423810000000000015e-47
6.333750000000000000e+02 1.423030000000000101e-47
6.335000000000000000e+02 1.422539999999999974e-47
6.336250000000000000e+02 1.422020000000000112e-47
6.337500000000000000e+02 1.421720000000000089e-47
6.338750000000000000e+02 1.421599999999999933e-47
6.340000000000000000e+02 1.421519999999999992e-47
6.341250000000000000e+02 1.421470000000000029e-47
6.342500000000000000e+02 1.421450000000000043e-47
6.343750000000000000e+02 1.421470000000000029e-47
6.345000000000000000e+02 1.421500000000000007e-47
6.346250000000000000e+02 1.421559999999999963e-47
6.347500000000000000e+02 1.421629999999999911e-47
6.348750000000000000e+02 1.421720000000000089e-47
6.350000000000000000e+02 1.421820000000000015e-47
6.351250000000000000e+02 1.421939999999999927e-47
6.352500000000000000e+02 1.422070000000000075e-47
6.353750000000000000e+02 1.422209999999999973e-47
6.355000000000000000e+02 1.422249999999999943e-47
6.356250000000000000e+02 1.422299999999999907e-47
6.357500000000000000e+02 1.422420000000000062e-47
6.358750000000000000e+02 1.422549999999999966e-47
6.360000000000000000e+02 1.422690000000000107e-47
6.361250000000000000e+02 1.422839999999999997e-47
6.362500000000000000e+02 1.422999999999999880e-47
6.363750000000000000e+02 1.423169999999999998e-47
6.365000000000000000e+02 1.423350000000000109e-47
6.366250000000000000e+02 1.423529999999999977e-47
6.367500000000000000e+02 1.423720000000000081e-47
6.368750000000000000e+02 1.423919999999999935e-47
6.370000000000000000e+02 1.424090000000000053e-47
6.371250000000000000e+02 1.424259999999999929e-47
6.372500000000000000e+02 1.424450000000000032e-47
6.373750000000000000e+02 1.424629999999999900e-47
6.375000000000000000e+02 1.424829999999999997e-47
6.376250000000000000e+02 1.425030000000000093e-47
6.377500000000000000e+02 1.425229999999999947e-47
6.378750000000000000e+02 1.425440000000000036e-47
6.380000000000000000e+02 1.425649999999999882e-47
6.381250000000000000e+02 1.425869999999999964e-47
6.382500000000000000e+02 1.426090000000000046e-47
6.383750000000000000e+02 1.426309999999999885e-47
6.385000000000000000e+02 1.426519999999999974e-47
6.386250000000000000e+02 1.426740000000000056e-47
6.387500000000000000e+02 1.426959999999999894e-47
6.388750000000000000e+02 1.427189999999999969e-47
6.390000000000000000e+02 1.427420000000000043e-47
6.391250000000000000e+02 1.427650000000000118e-47
6.392500000000000000e+02 1.427889999999999942e-47
6.393750000000000000e+02 1.428120000000000016e-47
6.395000000000000000e+02 1.428370000000000076e-47
6.396250000000000000e+02 1.428619999999999893e-47
6.397500000000000000e+02 1.428909999999999924e-47
6.398750000000000000e+02 1.429179999999999969e-47
6.400000000000000000e+02 1.429430000000000029e-47
6.401250000000000000e+02 1.429680000000000089e-47
6.402500000000000000e+02 1.429939999999999898e-47
6.403750000000000000e+02 1.430189999999999958e-47
6.405000000000000000e+02 1.430440000000000018e-47
6.406250000000000000e+02 1.430700000000000070e-47
6.407500000000000000e+02 1.430959999999999880e-47
6.408750000000000000e+02 1.431219999999999932e-47
6.410000000000000000e+02 1.431479999999999985e-47
6.411250000000000000e+02 1.431730000000000045e-47
6.412500000000000000e+02 1.431990000000000097e-47
6.413750000000000000e+02 1.432259999999999899e-47
6.415000000000000000e+02 1.432529999999999944e-47
6.416250000000000000e+02 1.432799999999999990e-47
6.417500000000000000e+02 1.433070000000000035e-47
6.418750000000000000e+02 1.433330000000000087e-47
6.420000000000000000e+02 1.433599999999999889e-47
6.421250000000000000e+02 1.433869999999999935e-47
6.422500000000000000e+02 1.434139999999999980e-47
6.423750000000000000e+02 1.434410000000000025e-47
6.425000000000000000e+02 1.434680000000000070e-47
6.426250000000000000e+02 1.434960000000000108e-47
6.427500000000000000e+02 1.435100000000000005e-47
6.428750000000000000e+02 1.435269999999999881e-47
6.430000000000000000e+02 1.435489999999999963e-47
6.431250000000000000e+02 1.435660000000000081e-47
6.432500000000000000e+02 1.435569999999999904e-47
6.433750000000000000e+02 1.435469999999999977e-47
6.435000000000000000e+02 1.435380000000000043e-47
6.436250000000000000e+02 1.435390000000000036e-47
6.437500000000000000e+02 1.435680000000000066e-47
6.438750000000000000e+02 1.435809999999999971e-47
6.440000000000000000e+02 1.435809999999999971e-47
6.441250000000000000e+02 1.436080000000000016e-47
6.442500000000000000e+02 1.436360000000000054e-47
6.443750000000000000e+02 1.436630000000000099e-47
6.445000000000000000e+02 1.436909999999999894e-47
6.446250000000000000e+02 1.437169999999999947e-47
6.447500000000000000e+02 1.437429999999999999e-47
6.448750000000000000e+02 1.437690000000000052e-47
6.450000000000000000e+02 1.437960000000000097e-47
6.451250000000000000e+02 1.438229999999999899e-47
6.452500000000000000e+02 1.438509999999999937e-47
6.453750000000000000e+02 1.438809999999999960e-47
6.455000000000000000e+02 1.439119999999999976e-47
6.456250000000000000e+02 1.439449999999999977e-47
6.457500000000000000e+02 1.439779999999999979e-47
6.458750000000000000e+02 1.440099999999999987e-47
6.460000000000000000e+02 1.440429999999999988e-47
6.461250000000000000e+02 1.440759999999999989e-47
6.462500000000000000e+02 1.441089999999999991e-47
6.463750000000000000e+02 1.441419999999999992e-47
6.465000000000000000e+02 1.441749999999999993e-47
6.466250000000000000e+02 1.442079999999999994e-47
6.467500000000000000e+02 1.442409999999999996e-47
6.468750000000000000e+02 1.442730000000000004e-47
6.470000000000000000e+02 1.443010000000000042e-47
6.471250000000000000e+02 1.443229999999999881e-47
6.472500000000000000e+02 1.443449999999999963e-47
6.473750000000000000e+02 1.443670000000000044e-47
6.475000000000000000e+02 1.443900000000000119e-47
6.476250000000000000e+02 1.444119999999999958e-47
6.477500000000000000e+02 1.444300000000000069e-47
6.478750000000000000e+02 1.444560000000000121e-47
6.480000000000000000e+02 1.444789999999999953e-47
6.481250000000000000e+02 1.445010000000000035e-47
6.482500000000000000e+02 1.445230000000000116e-47
6.483750000000000000e+02 1.445479999999999933e-47
6.485000000000000000e+02 1.445759999999999971e-47
6.486250000000000000e+02 1.446040000000000009e-47
6.487500000000000000e+02 1.446320000000000047e-47
6.488750000000000000e+02 1.446600000000000085e-47
6.490000000000000000e+02 1.446879999999999880e-47
6.491250000000000000e+02 1.447159999999999917e-47
6.492500000000000000e+02 1.447439999999999955e-47
6.493750000000000000e+02 1.447719999999999993e-47
6.495000000000000000e+02 1.448000000000000031e-47
6.496250000000000000e+02 1.448290000000000062e-47
6.497500000000000000e+02 1.448580000000000092e-47
6.498750000000000000e+02 1.448869999999999879e-47
6.500000000000000000e+02 1.449149999999999917e-47
6.501250000000000000e+02 1.449439999999999948e-47
6.502500000000000000e+02 1.449729999999999978e-47
6.503750000000000000e+02 1.450020000000000009e-47
6.505000000000000000e+02 1.450310000000000040e-47
6.506250000000000000e+02 1.450600000000000070e-47
6.507500000000000000e+02 1.450890000000000101e-47
6.508750000000000000e+02 1.451179999999999888e-47
6.510000000000000000e+02 1.451469999999999919e-47
6.511250000000000000e+02 1.451759999999999949e-47
6.512500000000000000e+02 1.452049999999999980e-47
6.513750000000000000e+02 1.452340000000000010e-47
6.515000000000000000e+02 1.452630000000000041e-47
6.516250000000000000e+02 1.452910000000000079e-47
6.517500000000000000e+02 1.453200000000000109e-47
6.518750000000000000e+02 1.453489999999999897e-47
6.520000000000000000e+02 1.453779999999999927e-47
6.521250000000000000e+02 1.454069999999999958e-47
6.522500000000000000e+02 1.454369999999999981e-47
6.523750000000000000e+02 1.454660000000000011e-47
6.525000000000000000e+02 1.454950000000000042e-47
6.526250000000000000e+02 1.455230000000000080e-47
6.527500000000000000e+02 1.455449999999999919e-47
6.528750000000000000e+02 1.455660000000000008e-47
6.530000000000000000e+02 1.455880000000000090e-47
6.531250000000000000e+02 1.456129999999999906e-47
6.532500000000000000e+02 1.456409999999999944e-47
6.533750000000000000e+02 1.456689999999999982e-47
6.535000000000000000e+02 1.456970000000000020e-47
6.536250000000000000e+02 1.457250000000000058e-47
6.537500000000000000e+02 1.457530000000000096e-47
6.538750000000000000e+02 1.457809999999999890e-47
6.540000000000000000e+02 1.458099999999999921e-47
6.541250000000000000e+02 1.458379999999999959e-47
6.542500000000000000e+02 1.458659999999999997e-47
6.543750000000000000e+02 1.458940000000000035e-47
6.545000000000000000e+02 1.459220000000000072e-47
6.546250000000000000e+02 1.459510000000000103e-47
6.547500000000000000e+02 1.459789999999999898e-47
6.548750000000000000e+02 1.460069999999999936e-47
6.550000000000000000e+02 1.460349999999999973e-47
6.551250000000000000e+02 1.460640000000000004e-47
6.552500000000000000e+02 1.460920000000000042e-47
6.553750000000000000e+02 1.461200000000000080e-47
6.555000000000000000e+02 1.461480000000000118e-47
6.556250000000000000e+02 1.461709999999999949e-47
6.557500000000000000e+02 1.461900000000000053e-47
6.558750000000000000e+02 1.462009999999999972e-47
6.560000000000000000e+02 1.462160000000000105e-47
6.561250000000000000e+02 1.462359999999999959e-47
6.562500000000000000e+02 1.462530000000000077e-47
6.563750000000000000e+02 1.462639999999999997e-47
6.565000000000000000e+02 1.462799999999999879e-47
6.566250000000000000e+02 1.463079999999999917e-47
6.567500000000000000e+02 1.463359999999999955e-47
6.568750000000000000e+02 1.463639999999999993e-47
6.570000000000000000e+02 1.463820000000000104e-47
6.571250000000000000e+02 1.463989999999999980e-47
6.572500000000000000e+02 1.464160000000000098e-47
6.573750000000000000e+02 1.464270000000000017e-47
6.575000000000000000e+02 1.464379999999999937e-47
6.576250000000000000e+02 1.464490000000000099e-47
6.577500000000000000e+02 1.464620000000000004e-47
6.578750000000000000e+02 1.464820000000000100e-47
6.580000000000000000e+02 1.465099999999999895e-47
6.581250000000000000e+02 1.465389999999999926e-47
6.582500000000000000e+02 1.465600000000000015e-47
6.583750000000000000e+02 1.465759999999999898e-47
6.585000000000000000e+02 1.465890000000000045e-47
6.586250000000000000e+02 1.466019999999999950e-47
6.587500000000000000e+02 1.466150000000000098e-47
6.588750000000000000e+02 1.466280000000000003e-47
6.590000000000000000e+02 1.466399999999999915e-47
6.591250000000000000e+02 1.466530000000000063e-47
6.592500000000000000e+02 1.466659999999999967e-47
6.593750000000000000e+02 1.466790000000000115e-47
6.595000000000000000e+02 1.466989999999999969e-47
6.596250000000000000e+02 1.467210000000000050e-47
6.597500000000000000e+02 1.467419999999999896e-47
6.598750000000000000e+02 1.467689999999999942e-47
6.600000000000000000e+02 1.467989999999999965e-47
6.601250000000000000e+02 1.468299999999999981e-47
6.602500000000000000e+02 1.468609999999999997e-47
6.603750000000000000e+02 1.468910000000000020e-47
6.605000000000000000e+02 1.469220000000000036e-47
6.606250000000000000e+02 1.469530000000000052e-47
6.607500000000000000e+02 1.469840000000000067e-47
6.608750000000000000e+02 1.470150000000000083e-47
6.610000000000000000e+02 1.470460000000000099e-47
6.611250000000000000e+02 1.470759999999999879e-47
6.612500000000000000e+02 1.471069999999999895e-47
6.613750000000000000e+02 1.471379999999999911e-47
6.615000000000000000e+02 1.471689999999999927e-47
6.616250000000000000e+02 1.471999999999999943e-47
6.617500000000000000e+02 1.472309999999999959e-47
6.618750000000000000e+02 1.472619999999999975e-47
6.620000000000000000e+02 1.472919999999999998e-47
6.621250000000000000e+02 1.473230000000000014e-47
6.622500000000000000e+02 1.473540000000000030e-47
6.623750000000000000e+02 1.473850000000000045e-47
6.625000000000000000e+02 1.474160000000000061e-47
6.626250000000000000e+02 1.474470000000000077e-47
6.627500000000000000e+02 1.474699999999999909e-47
6.628750000000000000e+02 1.474929999999999983e-47
6.630000000000000000e+02 1.475160000000000058e-47
6.631250000000000000e+02 1.475399999999999882e-47
6.632500000000000000e+02 1.475699999999999905e-47
6.633750000000000000e+02 1.475979999999999943e-47
6.635000000000000000e+02 1.476239999999999995e-47
6.636250000000000000e+02 1.476490000000000055e-47
6.637500000000000000e+02 1.476760000000000100e-47
6.638750000000000000e+02 1.477019999999999910e-47
6.640000000000000000e+02 1.477289999999999955e-47
6.641250000000000000e+02 1.477550000000000008e-47
6.642500000000000000e+02 1.477800000000000067e-47
6.643750000000000000e+02 1.478049999999999884e-47
6.645000000000000000e+02 1.478259999999999973e-47
6.646250000000000000e+02 1.478510000000000033e-47
6.647500000000000000e+02 1.478760000000000093e-47
6.648750000000000000e+02 1.479019999999999902e-47
6.650000000000000000e+02 1.479269999999999962e-47
6.651250000000000000e+02 1.479520000000000022e-47
6.652500000000000000e+02 1.479730000000000111e-47
6.653750000000000000e+02 1.479909999999999979e-47
6.655000000000000000e+02 1.480080000000000098e-47
6.656250000000000000e+02 1.480269999999999959e-47
6.657500000000000000e+02 1.480440000000000077e-47
6.658750000000000000e+02 1.480669999999999909e-47
6.660000000000000000e+02 1.480919999999999968e-47
6.661250000000000000e+02 1.481170000000000028e-47
6.662500000000000000e+02 1.481420000000000088e-47
6.663750000000000000e+02 1.481679999999999898e-47
6.665000000000000000e+02 1.481969999999999928e-47
6.666250000000000000e+02 1.482259999999999959e-47
6.667500000000000000e+02 1.482539999999999997e-47
6.668750000000000000e+02 1.482800000000000049e-47
6.670000000000000000e+02 1.482999999999999902e-47
6.671250000000000000e+02 1.483180000000000014e-47
6.672500000000000000e+02 1.483450000000000059e-47
6.673750000000000000e+02 1.483730000000000097e-47
6.675000000000000000e+02 1.484009999999999891e-47
6.676250000000000000e+02 1.484279999999999937e-47
6.677500000000000000e+02 1.484559999999999975e-47
6.678750000000000000e+02 1.484840000000000012e-47
6.680000000000000000e+02 1.485120000000000050e-47
6.681250000000000000e+02 1.485400000000000088e-47
6.682500000000000000e+02 1.485679999999999883e-47
6.683750000000000000e+02 1.485850000000000001e-47
6.685000000000000000e+02 1.486030000000000113e-47
6.686250000000000000e+02 1.486170000000000010e-47
6.687500000000000000e+02 1.486339999999999885e-47
6.688750000000000000e+02 1.486549999999999974e-47
6.690000000000000000e+02 1.486770000000000056e-47
6.691250000000000000e+02 1.487040000000000102e-47
6.692500000000000000e+02 1.487319999999999896e-47
6.693750000000000000e+02 1.487589999999999942e-47
6.695000000000000000e+02 1.487740000000000075e-47
6.696250000000000000e+02 1.487949999999999921e-47
6.697500000000000000e+02 1.488219999999999966e-47
6.698750000000000000e+02 1.488500000000000004e-47
6.700000000000000000e+02 1.488780000000000042e-47
6.701250000000000000e+02 1.489050000000000087e-47
6.702500000000000000e+02 1.489329999999999882e-47
6.703750000000000000e+02 1.489549999999999963e-47
6.705000000000000000e+02 1.489820000000000009e-47
6.706250000000000000e+02 1.490090000000000054e-47
6.707500000000000000e+02 1.490370000000000092e-47
6.708750000000000000e+02 1.490619999999999909e-47
6.710000000000000000e+02 1.490879999999999961e-47
6.711250000000000000e+02 1.491100000000000043e-47
6.712500000000000000e+02 1.491340000000000110e-47
6.713750000000000000e+02 1.491589999999999927e-47
6.715000000000000000e+02 1.491820000000000001e-47
6.716250000000000000e+02 1.492090000000000047e-47
6.717500000000000000e+02 1.492309999999999885e-47
6.718750000000000000e+02 1.492629999999999894e-47
6.720000000000000000e+02 1.492770000000000034e-47
6.721250000000000000e+02 1.492979999999999880e-47
6.722500000000000000e+02 1.493259999999999918e-47
6.723750000000000000e+02 1.493460000000000015e-47
6.725000000000000000e+02 1.493609999999999905e-47
6.726250000000000000e+02 1.493800000000000009e-47
6.727500000000000000e+02 1.493949999999999899e-47
6.728750000000000000e+02 1.494140000000000003e-47
6.730000000000000000e+02 1.494420000000000040e-47
6.731250000000000000e+02 1.494690000000000086e-47
6.732500000000000000e+02 1.494899999999999932e-47
6.733750000000000000e+02 1.495169999999999977e-47
6.735000000000000000e+02 1.495440000000000022e-47
6.736250000000000000e+02 1.495660000000000104e-47
6.737500000000000000e+02 1.495879999999999943e-47
6.738750000000000000e+02 1.496090000000000032e-47
6.740000000000000000e+02 1.496320000000000106e-47
6.741250000000000000e+02 1.496599999999999901e-47
6.742500000000000000e+02 1.496879999999999939e-47
6.743750000000000000e+02 1.497159999999999977e-47
6.745000000000000000e+02 1.497400000000000044e-47
6.746250000000000000e+02 1.497619999999999883e-47
6.747500000000000000e+02 1.497869999999999943e-47
6.748750000000000000e+02 1.498100000000000017e-47
6.750000000000000000e+02 1.498340000000000084e-47
6.751250000000000000e+02 1.498569999999999916e-47
6.752500000000000000e+02 1.498799999999999990e-47
6.753750000000000000e+02 1.499040000000000057e-47
6.755000000000000000e+02 1.499269999999999889e-47
6.756250000000000000e+02 1.499499999999999963e-47
6.757500000000000000e+02 1.499740000000000031e-47
6.758750000000000000e+02 1.499970000000000105e-47
6.760000000000000000e+02 1.500209999999999929e-47
6.761250000000000000e+02 1.500479999999999974e-47
6.762500000000000000e+02 1.500740000000000027e-47
6.763750000000000000e+02 1.500990000000000087e-47
6.765000000000000000e+02 1.501179999999999948e-47
6.766250000000000000e+02 1.501380000000000044e-47
6.767500000000000000e+02 1.501660000000000082e-47
6.768750000000000000e+02 1.501909999999999899e-47
6.770000000000000000e+02 1.502149999999999966e-47
6.771250000000000000e+02 1.502410000000000018e-47
6.772500000000000000e+02 1.502660000000000078e-47
6.773750000000000000e+02 1.502919999999999888e-47
6.775000000000000000e+02 1.503189999999999933e-47
6.776250000000000000e+02 1.503469999999999971e-47
6.777500000000000000e+02 1.503740000000000016e-47
6.778750000000000000e+02 1.504000000000000068e-47
6.780000000000000000e+02 1.504270000000000114e-47
6.781250000000000000e+02 1.504539999999999916e-47
6.782500000000000000e+02 1.504799999999999968e-47
6.783750000000000000e+02 1.505070000000000013e-47
6.785000000000000000e+02 1.505340000000000059e-47
6.786250000000000000e+02 1.505610000000000104e-47
6.787500000000000000e+02 1.505879999999999906e-47
6.788750000000000000e+02 1.506159999999999944e-47
6.790000000000000000e+02 1.506439999999999982e-47
6.791250000000000000e+02 1.506700000000000034e-47
6.792500000000000000e+02 1.506920000000000116e-47
6.793750000000000000e+02 1.507149999999999947e-47
6.795000000000000000e+02 1.507370000000000029e-47
6.796250000000000000e+02 1.507640000000000075e-47
6.797500000000000000e+02 1.507920000000000112e-47
6.798750000000000000e+02 1.508219999999999892e-47
6.800000000000000000e+02 1.508519999999999916e-47
6.801250000000000000e+02 1.508809999999999946e-47
6.802500000000000000e+02 1.509109999999999969e-47
6.803750000000000000e+02 1.509400000000000000e-47
6.805000000000000000e+02 1.509700000000000023e-47
6.806250000000000000e+02 1.509980000000000061e-47
6.807500000000000000e+02 1.510260000000000099e-47
6.808750000000000000e+02 1.510549999999999886e-47
6.810000000000000000e+02 1.510829999999999924e-47
6.811250000000000000e+02 1.511109999999999962e-47
6.812500000000000000e+02 1.511390000000000000e-47
6.813750000000000000e+02 1.511680000000000031e-47
6.815000000000000000e+02 1.511960000000000068e-47
6.816250000000000000e+02 1.512240000000000106e-47
6.817500000000000000e+02 1.512529999999999894e-47
6.818750000000000000e+02 1.512809999999999932e-47
6.820000000000000000e+02 1.513099999999999962e-47
6.821250000000000000e+02 1.513380000000000000e-47
6.822500000000000000e+02 1.513660000000000038e-47
6.823750000000000000e+02 1.513940000000000076e-47
6.825000000000000000e+02 1.514220000000000114e-47
6.826250000000000000e+02 1.514509999999999901e-47
6.827500000000000000e+02 1.514789999999999939e-47
6.828750000000000000e+02 1.515069999999999977e-47
6.830000000000000000e+02 1.515350000000000015e-47
6.831250000000000000e+02 1.515630000000000052e-47
6.832500000000000000e+02 1.515910000000000090e-47
6.833750000000000000e+02 1.516200000000000121e-47
6.835000000000000000e+02 1.516479999999999916e-47
6.836250000000000000e+02 1.516739999999999968e-47
6.837500000000000000e+02 1.517010000000000013e-47
6.838750000000000000e+02 1.517290000000000051e-47
6.840000000000000000e+02 1.517570000000000089e-47
6.841250000000000000e+02 1.517849999999999884e-47
6.842500000000000000e+02 1.518139999999999914e-47
6.843750000000000000e+02 1.518429999999999945e-47
6.845000000000000000e+02 1.518729999999999968e-47
6.846250000000000000e+02 1.519029999999999991e-47
6.847500000000000000e+02 1.519320000000000022e-47
6.848750000000000000e+02 1.519620000000000045e-47
6.850000000000000000e+02 1.519900000000000083e-47
6.851250000000000000e+02 1.520190000000000114e-47
6.852500000000000000e+02 1.520469999999999908e-47
6.853750000000000000e+02 1.520759999999999939e-47
6.855000000000000000e+02 1.521039999999999977e-47
6.856250000000000000e+02 1.521320000000000015e-47
6.857500000000000000e+02 1.521610000000000045e-47
6.858750000000000000e+02 1.521890000000000083e-47
6.860000000000000000e+02 1.522180000000000113e-47
6.861250000000000000e+02 1.522459999999999908e-47
6.862500000000000000e+02 1.522749999999999939e-47
6.863750000000000000e+02 1.523029999999999977e-47
6.865000000000000000e+02 1.523300000000000022e-47
6.866250000000000000e+02 1.523550000000000082e-47
6.867500000000000000e+02 1.523799999999999898e-47
6.868750000000000000e+02 1.524039999999999966e-47
6.870000000000000000e+02 1.524290000000000026e-47
6.871250000000000000e+02 1.524540000000000085e-47
6.872500000000000000e+02 1.524789999999999902e-47
6.873750000000000000e+02 1.525039999999999962e-47
6.875000000000000000e+02 1.525280000000000029e-47
6.876250000000000000e+02 1.525699999999999964e-47
6.877500000000000000e+02 1.525980000000000002e-47
6.878750000000000000e+02 1.526260000000000040e-47
6.880000000000000000e+02 1.526550000000000071e-47
6.881250000000000000e+02 1.526809999999999880e-47
6.882500000000000000e+02 1.527069999999999933e-47
6.883750000000000000e+02 1.527310000000000000e-47
6.885000000000000000e+02 1.527560000000000060e-47
6.886250000000000000e+02 1.527799999999999884e-47
6.887500000000000000e+02 1.528049999999999944e-47
6.888750000000000000e+02 1.528300000000000004e-47
6.890000000000000000e+02 1.528570000000000049e-47
6.891250000000000000e+02 1.528870000000000072e-47
6.892500000000000000e+02 1.529160000000000102e-47
6.893750000000000000e+02 1.529459999999999883e-47
6.895000000000000000e+02 1.529759999999999906e-47
6.896250000000000000e+02 1.530049999999999936e-47
6.897500000000000000e+02 1.530349999999999960e-47
6.898750000000000000e+02 1.530620000000000005e-47
6.900000000000000000e+02 1.530900000000000043e-47
6.901250000000000000e+02 1.531170000000000088e-47
6.902500000000000000e+02 1.531460000000000118e-47
6.903750000000000000e+02 1.531689999999999950e-47
6.905000000000000000e+02 1.531940000000000010e-47
6.906250000000000000e+02 1.532170000000000084e-47
6.907500000000000000e+02 1.532409999999999908e-47
6.908750000000000000e+02 1.532649999999999975e-47
6.910000000000000000e+02 1.532880000000000050e-47
6.911250000000000000e+02 1.533120000000000117e-47
6.912500000000000000e+02 1.533359999999999941e-47
6.913750000000000000e+02 1.533600000000000008e-47
6.915000000000000000e+02 1.533860000000000061e-47
6.916250000000000000e+02 1.534120000000000113e-47
6.917500000000000000e+02 1.534379999999999923e-47
6.918750000000000000e+02 1.534649999999999968e-47
6.920000000000000000e+02 1.534949999999999991e-47
6.921250000000000000e+02 1.535250000000000014e-47
6.922500000000000000e+02 1.535540000000000045e-47
6.923750000000000000e+02 1.535840000000000068e-47
6.925000000000000000e+02 1.536140000000000091e-47
6.926250000000000000e+02 1.536419999999999886e-47
6.927500000000000000e+02 1.536570000000000019e-47
6.928750000000000000e+02 1.536709999999999917e-47
6.930000000000000000e+02 1.536860000000000050e-47
6.931250000000000000e+02 1.536999999999999947e-47
6.932500000000000000e+02 1.537160000000000073e-47
6.933750000000000000e+02 1.537399999999999897e-47
6.935000000000000000e+02 1.537689999999999928e-47
6.936250000000000000e+02 1.537949999999999980e-47
6.937500000000000000e+02 1.538170000000000062e-47
6.938750000000000000e+02 1.538470000000000085e-47
6.940000000000000000e+02 1.538770000000000108e-47
6.941250000000000000e+02 1.539069999999999889e-47
6.942500000000000000e+02 1.539369999999999912e-47
6.943750000000000000e+02 1.539669999999999935e-47
6.945000000000000000e+02 1.539969999999999958e-47
6.946250000000000000e+02 1.540259999999999989e-47
6.947500000000000000e+02 1.540560000000000012e-47
6.948750000000000000e+02 1.540860000000000035e-47
6.950000000000000000e+02 1.541160000000000058e-47
6.951250000000000000e+02 1.541460000000000082e-47
6.952500000000000000e+02 1.541740000000000119e-47
6.953750000000000000e+02 1.541999999999999929e-47
6.955000000000000000e+02 1.542239999999999996e-47
6.956250000000000000e+02 1.542480000000000063e-47
6.957500000000000000e+02 1.542719999999999887e-47
6.958750000000000000e+02 1.542949999999999962e-47
6.960000000000000000e+02 1.543190000000000029e-47
6.961250000000000000e+02 1.543430000000000096e-47
6.962500000000000000e+02 1.543669999999999920e-47
6.963750000000000000e+02 1.543909999999999988e-47
6.965000000000000000e+02 1.544150000000000055e-47
6.966250000000000000e+02 1.544389999999999879e-47
6.967500000000000000e+02 1.544629999999999946e-47
6.968750000000000000e+02 1.544860000000000020e-47
6.970000000000000000e+02 1.545100000000000088e-47
6.971250000000000000e+02 1.545339999999999912e-47
6.972500000000000000e+02 1.545579999999999979e-47
6.973750000000000000e+02 1.545820000000000046e-47
6.975000000000000000e+02 1.546060000000000113e-47
6.976250000000000000e+02 1.546299999999999937e-47
6.977500000000000000e+02 1.546540000000000005e-47
6.978750000000000000e+02 1.546780000000000072e-47
6.980000000000000000e+02 1.547019999999999896e-47
6.981250000000000000e+02 1.547249999999999970e-47
6.982500000000000000e+02 1.547490000000000038e-47
6.983750000000000000e+02 1.547730000000000105e-47
6.985000000000000000e+02 1.547969999999999929e-47
6.986250000000000000e+02 1.548209999999999996e-47
6.987500000000000000e+02 1.548450000000000063e-47
6.988750000000000000e+02 1.548689999999999887e-47
6.990000000000000000e+02 1.548929999999999954e-47
6.991250000000000000e+02 1.549170000000000022e-47
6.992500000000000000e+02 1.549410000000000089e-47
6.993750000000000000e+02 1.549649999999999913e-47
6.995000000000000000e+02 1.549949999999999936e-47
6.996250000000000000e+02 1.550259999999999952e-47
6.997500000000000000e+02 1.550559999999999975e-47
6.998750000000000000e+02 1.550850000000000006e-47
7.000000000000000000e+02 1.551120000000000051e-47
7.001250000000000000e+02 1.551380000000000104e-47
7.002500000000000000e+02 1.551649999999999906e-47
7.003750000000000000e+02 1.551919999999999951e-47
7.005000000000000000e+02 1.552180000000000003e-47
7.006250000000000000e+02 1.552420000000000071e-47
7.007500000000000000e+02 1.552659999999999895e-47
7.008750000000000000e+02 1.552899999999999962e-47
7.010000000000000000e+02 1.553140000000000029e-47
7.011250000000000000e+02 1.553380000000000096e-47
7.012500000000000000e+02 1.553619999999999920e-47
7.013750000000000000e+02 1.553859999999999987e-47
7.015000000000000000e+02 1.554350000000000114e-47
7.016250000000000000e+02 1.554790000000000035e-47
7.017500000000000000e+02 1.554839999999999998e-47
7.018750000000000000e+02 1.554939999999999925e-47
7.020000000000000000e+02 1.555199999999999978e-47
7.021250000000000000e+02 1.555440000000000045e-47
7.022500000000000000e+02 1.555680000000000112e-47
7.023750000000000000e+02 1.555919999999999936e-47
7.025000000000000000e+02 1.556160000000000003e-47
7.026250000000000000e+02 1.556410000000000063e-47
7.027500000000000000e+02 1.556649999999999887e-47
7.028750000000000000e+02 1.556889999999999954e-47
7.030000000000000000e+02 1.557130000000000022e-47
7.031250000000000000e+02 1.557380000000000081e-47
7.032500000000000000e+02 1.557619999999999906e-47
7.033750000000000000e+02 1.557919999999999929e-47
7.035000000000000000e+02 1.558209999999999959e-47
7.036250000000000000e+02 1.558509999999999983e-47
7.037500000000000000e+02 1.558800000000000013e-47
7.038750000000000000e+02 1.559100000000000036e-47
7.040000000000000000e+02 1.559390000000000067e-47
7.041250000000000000e+02 1.559700000000000083e-47
7.042500000000000000e+02 1.559990000000000113e-47
7.043750000000000000e+02 1.560259999999999915e-47
7.045000000000000000e+02 1.560489999999999990e-47
7.046250000000000000e+02 1.560760000000000035e-47
7.047500000000000000e+02 1.561020000000000088e-47
7.048750000000000000e+02 1.561229999999999934e-47
7.050000000000000000e+02 1.561489999999999986e-47
7.051250000000000000e+02 1.561790000000000009e-47
7.052500000000000000e+02 1.562090000000000033e-47
7.053750000000000000e+02 1.562289999999999886e-47
7.055000000000000000e+02 1.562460000000000004e-47
7.056250000000000000e+02 1.562619999999999887e-47
7.057500000000000000e+02 1.562790000000000006e-47
7.058750000000000000e+02 1.562949999999999888e-47
7.060000000000000000e+02 1.563120000000000007e-47
7.061250000000000000e+02 1.563279999999999890e-47
7.062500000000000000e+02 1.563460000000000001e-47
7.063750000000000000e+02 1.563700000000000068e-47
7.065000000000000000e+02 1.563919999999999907e-47
7.066250000000000000e+02 1.564090000000000025e-47
7.067500000000000000e+02 1.564249999999999908e-47
7.068750000000000000e+02 1.564450000000000004e-47
7.070000000000000000e+02 1.564710000000000057e-47
7.071250000000000000e+02 1.565000000000000088e-47
7.072500000000000000e+02 1.565360000000000067e-47
7.073750000000000000e+02 1.565539999999999935e-47
7.075000000000000000e+02 1.565730000000000039e-47
7.076250000000000000e+02 1.565899999999999914e-47
7.077500000000000000e+02 1.566110000000000003e-47
7.078750000000000000e+02 1.566360000000000063e-47
7.080000000000000000e+02 1.566489999999999968e-47
7.081250000000000000e+02 1.566740000000000028e-47
7.082500000000000000e+02 1.566919999999999896e-47
7.083750000000000000e+02 1.567080000000000022e-47
7.085000000000000000e+02 1.567239999999999904e-47
7.086250000000000000e+02 1.567430000000000008e-47
7.087500000000000000e+02 1.567589999999999891e-47
7.088750000000000000e+02 1.567789999999999987e-47
7.090000000000000000e+02 1.568090000000000011e-47
7.091250000000000000e+02 1.568390000000000034e-47
7.092500000000000000e+02 1.568690000000000057e-47
7.093750000000000000e+02 1.568960000000000102e-47
7.095000000000000000e+02 1.569199999999999926e-47
7.096250000000000000e+02 1.569439999999999993e-47
7.097500000000000000e+02 1.569690000000000053e-47
7.098750000000000000e+02 1.569960000000000098e-47
7.100000000000000000e+02 1.570239999999999893e-47
7.101250000000000000e+02 1.570529999999999924e-47
7.102500000000000000e+02 1.570819999999999954e-47
7.103750000000000000e+02 1.571099999999999992e-47
7.105000000000000000e+02 1.571390000000000023e-47
7.106250000000000000e+02 1.571680000000000053e-47
7.107500000000000000e+02 1.571960000000000091e-47
7.108750000000000000e+02 1.572249999999999879e-47
7.110000000000000000e+02 1.572539999999999909e-47
7.111250000000000000e+02 1.572819999999999947e-47
7.112500000000000000e+02 1.573109999999999978e-47
7.113750000000000000e+02 1.573400000000000008e-47
7.115000000000000000e+02 1.573690000000000039e-47
7.116250000000000000e+02 1.573970000000000076e-47
7.117500000000000000e+02 1.574219999999999893e-47
7.118750000000000000e+02 1.574469999999999953e-47
7.120000000000000000e+02 1.574710000000000020e-47
7.121250000000000000e+02 1.574960000000000080e-47
7.122500000000000000e+02 1.575199999999999904e-47
7.123750000000000000e+02 1.575449999999999964e-47
7.125000000000000000e+02 1.575769999999999973e-47
7.126250000000000000e+02 1.576079999999999989e-47
7.127500000000000000e+02 1.576399999999999997e-47
7.128750000000000000e+02 1.576700000000000020e-47
7.130000000000000000e+02 1.576970000000000065e-47
7.131250000000000000e+02 1.577240000000000111e-47
7.132500000000000000e+02 1.577499999999999920e-47
7.133750000000000000e+02 1.577779999999999958e-47
7.135000000000000000e+02 1.578069999999999988e-47
7.136250000000000000e+02 1.578330000000000041e-47
7.137500000000000000e+02 1.578590000000000094e-47
7.138750000000000000e+02 1.578859999999999896e-47
7.140000000000000000e+02 1.579119999999999948e-47
7.141250000000000000e+02 1.579380000000000001e-47
7.142500000000000000e+02 1.579650000000000046e-47
7.143750000000000000e+02 1.579910000000000098e-47
7.145000000000000000e+02 1.580179999999999901e-47
7.146250000000000000e+02 1.580439999999999953e-47
7.147500000000000000e+02 1.580700000000000006e-47
7.148750000000000000e+02 1.580980000000000043e-47
7.150000000000000000e+02 1.581250000000000089e-47
7.151250000000000000e+02 1.581519999999999891e-47
7.152500000000000000e+02 1.581779999999999943e-47
7.153750000000000000e+02 1.582049999999999988e-47
7.155000000000000000e+02 1.582320000000000034e-47
7.156250000000000000e+02 1.582610000000000064e-47
7.157500000000000000e+02 1.582950000000000058e-47
7.158750000000000000e+02 1.583260000000000074e-47
7.160000000000000000e+02 1.583530000000000119e-47
7.161250000000000000e+02 1.583789999999999929e-47
7.162500000000000000e+02 1.584039999999999988e-47
7.163750000000000000e+02 1.584300000000000041e-47
7.165000000000000000e+02 1.584560000000000093e-47
7.166250000000000000e+02 1.584809999999999910e-47
7.167500000000000000e+02 1.585069999999999963e-47
7.168750000000000000e+02 1.585320000000000023e-47
7.170000000000000000e+02 1.585570000000000082e-47
7.171250000000000000e+02 1.585829999999999892e-47
7.172500000000000000e+02 1.586079999999999952e-47
7.173750000000000000e+02 1.586340000000000004e-47
7.175000000000000000e+02 1.586600000000000057e-47
7.176250000000000000e+02 1.586870000000000102e-47
7.177500000000000000e+02 1.587139999999999904e-47
7.178750000000000000e+02 1.587409999999999949e-47
7.180000000000000000e+02 1.587679999999999995e-47
7.181250000000000000e+02 1.587940000000000047e-47
7.182500000000000000e+02 1.588210000000000092e-47
7.183750000000000000e+02 1.588479999999999894e-47
7.185000000000000000e+02 1.588749999999999940e-47
7.186250000000000000e+02 1.589019999999999985e-47
7.187500000000000000e+02 1.589530000000000097e-47
7.188750000000000000e+02 1.589819999999999885e-47
7.190000000000000000e+02 1.589779999999999914e-47
7.191250000000000000e+02 1.590600000000000042e-47
7.192500000000000000e+02 1.590890000000000073e-47
7.193750000000000000e+02 1.591139999999999889e-47
7.195000000000000000e+02 1.591399999999999942e-47
7.196250000000000000e+02 1.591659999999999994e-47
7.197500000000000000e+02 1.591270000000000037e-47
7.198750000000000000e+02 1.591520000000000097e-47
7.200000000000000000e+02 1.591769999999999914e-47
7.201250000000000000e+02 1.592019999999999974e-47
7.202500000000000000e+02 1.592280000000000026e-47
7.203750000000000000e+02 1.592550000000000071e-47
7.205000000000000000e+02 1.592830000000000109e-47
7.206250000000000000e+02 1.593170000000000103e-47
7.207500000000000000e+02 1.593520000000000090e-47
7.208750000000000000e+02 1.593860000000000084e-47
7.210000000000000000e+02 1.594129999999999886e-47
7.211250000000000000e+02 1.594399999999999931e-47
7.212500000000000000e+02 1.594669999999999976e-47
7.213750000000000000e+02 1.594940000000000021e-47
7.215000000000000000e+02 1.595210000000000067e-47
7.216250000000000000e+02 1.595480000000000112e-47
7.217500000000000000e+02 1.595749999999999914e-47
7.218750000000000000e+02 1.596019999999999959e-47
7.220000000000000000e+02 1.596290000000000004e-47
7.221250000000000000e+02 1.596550000000000057e-47
7.222500000000000000e+02 1.596789999999999881e-47
7.223750000000000000e+02 1.597029999999999948e-47
7.225000000000000000e+02 1.597270000000000015e-47
7.226250000000000000e+02 1.597540000000000060e-47
7.227500000000000000e+02 1.597790000000000120e-47
7.228750000000000000e+02 1.598039999999999937e-47
7.230000000000000000e+02 1.598289999999999997e-47
7.231250000000000000e+02 1.598560000000000042e-47
7.232500000000000000e+02 1.598840000000000080e-47
7.233750000000000000e+02 1.599130000000000110e-47
7.235000000000000000e+02 1.599409999999999905e-47
7.236250000000000000e+02 1.599699999999999936e-47
7.237500000000000000e+02 1.599959999999999988e-47
7.238750000000000000e+02 1.600220000000000041e-47
7.240000000000000000e+02 1.600480000000000093e-47
7.241250000000000000e+02 1.600719999999999917e-47
7.242500000000000000e+02 1.600969999999999977e-47
7.243750000000000000e+02 1.601210000000000045e-47
7.245000000000000000e+02 1.601450000000000112e-47
7.246250000000000000e+02 1.601699999999999928e-47
7.247500000000000000e+02 1.602019999999999937e-47
7.248750000000000000e+02 1.602190000000000055e-47
7.250000000000000000e+02 1.602429999999999880e-47
7.251250000000000000e+02 1.602669999999999947e-47
7.252500000000000000e+02 1.602920000000000007e-47
7.253750000000000000e+02 1.603160000000000074e-47
7.255000000000000000e+02 1.603500000000000068e-47
7.256250000000000000e+02 1.603749999999999884e-47
7.257500000000000000e+02 1.603999999999999944e-47
7.258750000000000000e+02 1.604259999999999997e-47
7.260000000000000000e+02 1.604520000000000049e-47
7.261250000000000000e+02 1.604780000000000102e-47
7.262500000000000000e+02 1.605029999999999919e-47
7.263750000000000000e+02 1.605289999999999971e-47
7.265000000000000000e+02 1.605550000000000024e-47
7.266250000000000000e+02 1.605810000000000076e-47
7.267500000000000000e+02 1.606069999999999886e-47
7.268750000000000000e+02 1.606319999999999946e-47
7.270000000000000000e+02 1.606579999999999998e-47
7.271250000000000000e+02 1.606840000000000051e-47
7.272500000000000000e+02 1.607100000000000103e-47
7.273750000000000000e+02 1.607359999999999913e-47
7.275000000000000000e+02 1.607619999999999965e-47
7.276250000000000000e+02 1.607870000000000025e-47
7.277500000000000000e+02 1.608140000000000070e-47
7.278750000000000000e+02 1.608399999999999880e-47
7.280000000000000000e+02 1.609080000000000110e-47
7.281250000000000000e+02 1.609009999999999919e-47
7.282500000000000000e+02 1.609210000000000015e-47
7.283750000000000000e+02 1.609480000000000060e-47
7.285000000000000000e+02 1.609750000000000106e-47
7.286250000000000000e+02 1.610019999999999908e-47
7.287500000000000000e+02 1.610289999999999953e-47
7.288750000000000000e+02 1.610860000000000021e-47
7.290000000000000000e+02 1.610810000000000058e-47
7.291250000000000000e+02 1.611070000000000110e-47
7.292500000000000000e+02 1.611329999999999920e-47
7.293750000000000000e+02 1.611599999999999965e-47
7.295000000000000000e+02 1.611870000000000010e-47
7.296250000000000000e+02 1.612170000000000033e-47
7.297500000000000000e+02 1.612440000000000079e-47
7.298750000000000000e+02 1.612709999999999881e-47
7.300000000000000000e+02 1.612979999999999926e-47
7.301250000000000000e+02 1.613269999999999956e-47
7.302500000000000000e+02 1.613540000000000002e-47
7.303750000000000000e+02 1.613810000000000047e-47
7.305000000000000000e+02 1.614070000000000099e-47
7.306250000000000000e+02 1.614339999999999901e-47
7.307500000000000000e+02 1.614599999999999954e-47
7.308750000000000000e+02 1.614869999999999999e-47
7.310000000000000000e+02 1.615140000000000044e-47
7.311250000000000000e+02 1.615400000000000097e-47
7.312500000000000000e+02 1.615659999999999906e-47
7.313750000000000000e+02 1.615909999999999966e-47
7.315000000000000000e+02 1.616190000000000004e-47
7.316250000000000000e+02 1.616470000000000042e-47
7.317500000000000000e+02 1.616750000000000080e-47
7.318750000000000000e+02 1.617030000000000118e-47
7.320000000000000000e+02 1.617299999999999920e-47
7.321250000000000000e+02 1.617559999999999972e-47
7.322500000000000000e+02 1.617820000000000025e-47
7.323750000000000000e+02 1.618080000000000077e-47
7.325000000000000000e+02 1.618339999999999887e-47
7.326250000000000000e+02 1.618609999999999932e-47
7.327500000000000000e+02 1.618869999999999985e-47
7.328750000000000000e+02 1.619130000000000037e-47
7.330000000000000000e+02 1.619390000000000090e-47
7.331250000000000000e+02 1.619649999999999899e-47
7.332500000000000000e+02 1.619909999999999952e-47
7.333750000000000000e+02 1.620179999999999997e-47
7.335000000000000000e+02 1.620440000000000049e-47
7.336250000000000000e+02 1.620780000000000043e-47
7.337500000000000000e+02 1.621040000000000096e-47
7.338750000000000000e+02 1.621299999999999905e-47
7.340000000000000000e+02 1.621559999999999958e-47
7.341250000000000000e+02 1.621810000000000017e-47
7.342500000000000000e+02 1.622060000000000077e-47
7.343750000000000000e+02 1.622319999999999887e-47
7.345000000000000000e+02 1.622619999999999910e-47
7.346250000000000000e+02 1.622909999999999941e-47
7.347500000000000000e+02 1.623189999999999978e-47
7.348750000000000000e+02 1.623509999999999987e-47
7.350000000000000000e+02 1.623810000000000010e-47
7.351250000000000000e+02 1.624100000000000041e-47
7.352500000000000000e+02 1.624400000000000064e-47
7.353750000000000000e+02 1.624700000000000087e-47
7.355000000000000000e+02 1.624990000000000118e-47
7.356250000000000000e+02 1.625279999999999905e-47
7.357500000000000000e+02 1.625549999999999950e-47
7.358750000000000000e+02 1.625810000000000003e-47
7.360000000000000000e+02 1.626179999999999975e-47
7.361250000000000000e+02 1.626340000000000101e-47
7.362500000000000000e+02 1.626599999999999910e-47
7.363750000000000000e+02 1.626859999999999962e-47
7.365000000000000000e+02 1.627120000000000015e-47
7.366250000000000000e+02 1.627390000000000060e-47
7.367500000000000000e+02 1.627650000000000113e-47
7.368750000000000000e+02 1.627909999999999922e-47
7.370000000000000000e+02 1.628169999999999975e-47
7.371250000000000000e+02 1.628469999999999998e-47
7.372500000000000000e+02 1.628760000000000028e-47
7.373750000000000000e+02 1.629060000000000052e-47
7.375000000000000000e+02 1.629360000000000075e-47
7.376250000000000000e+02 1.629650000000000105e-47
7.377500000000000000e+02 1.629949999999999885e-47
7.378750000000000000e+02 1.630249999999999909e-47
7.380000000000000000e+02 1.630549999999999932e-47
7.381250000000000000e+02 1.630839999999999962e-47
7.382500000000000000e+02 1.631129999999999993e-47
7.383750000000000000e+02 1.631380000000000053e-47
7.385000000000000000e+02 1.631640000000000105e-47
7.386250000000000000e+02 1.631889999999999922e-47
7.387500000000000000e+02 1.632139999999999982e-47
7.388750000000000000e+02 1.632400000000000035e-47
7.390000000000000000e+02 1.632670000000000080e-47
7.391250000000000000e+02 1.632929999999999889e-47
7.392500000000000000e+02 1.633189999999999942e-47
7.393750000000000000e+02 1.633459999999999987e-47
7.395000000000000000e+02 1.633740000000000025e-47
7.396250000000000000e+02 1.634370000000000049e-47
7.397500000000000000e+02 1.634640000000000094e-47
7.398750000000000000e+02 1.634919999999999889e-47
7.400000000000000000e+02 1.635209999999999920e-47
7.401250000000000000e+02 1.635519999999999936e-47
7.402500000000000000e+02 1.635829999999999951e-47
7.403750000000000000e+02 1.636119999999999982e-47
7.405000000000000000e+02 1.636290000000000100e-47
7.406250000000000000e+02 1.636600000000000116e-47
7.407500000000000000e+02 1.636909999999999889e-47
7.408750000000000000e+02 1.637179999999999934e-47
7.410000000000000000e+02 1.637429999999999994e-47
7.411250000000000000e+02 1.637690000000000047e-47
7.412500000000000000e+02 1.637970000000000085e-47
7.413750000000000000e+02 1.638239999999999887e-47
7.415000000000000000e+02 1.638519999999999925e-47
7.416250000000000000e+02 1.638809999999999955e-47
7.417500000000000000e+02 1.639129999999999964e-47
7.418750000000000000e+02 1.639429999999999987e-47
7.420000000000000000e+02 1.639710000000000025e-47
7.421250000000000000e+02 1.639980000000000070e-47
7.422500000000000000e+02 1.640260000000000108e-47
7.423750000000000000e+02 1.640559999999999888e-47
7.425000000000000000e+02 1.640859999999999911e-47
7.426250000000000000e+02 1.641159999999999934e-47
7.427500000000000000e+02 1.641459999999999957e-47
7.428750000000000000e+02 1.641759999999999981e-47
7.430000000000000000e+02 1.642060000000000004e-47
7.431250000000000000e+02 1.642529999999999903e-47
7.432500000000000000e+02 1.642660000000000050e-47
7.433750000000000000e+02 1.643030000000000022e-47
7.435000000000000000e+02 1.643549999999999884e-47
7.436250000000000000e+02 1.643580000000000105e-47
7.437500000000000000e+02 1.643859999999999900e-47
7.438750000000000000e+02 1.644149999999999931e-47
7.440000000000000000e+02 1.644449999999999954e-47
7.441250000000000000e+02 1.644779999999999955e-47
7.442500000000000000e+02 1.645069999999999986e-47
7.443750000000000000e+02 1.645360000000000016e-47
7.445000000000000000e+02 1.645650000000000047e-47
7.446250000000000000e+02 1.645950000000000070e-47
7.447500000000000000e+02 1.646250000000000093e-47
7.448750000000000000e+02 1.646550000000000116e-47
7.450000000000000000e+02 1.646849999999999896e-47
7.451250000000000000e+02 1.647149999999999920e-47
7.452500000000000000e+02 1.647449999999999943e-47
7.453750000000000000e+02 1.647749999999999966e-47
7.455000000000000000e+02 1.648049999999999989e-47
7.456250000000000000e+02 1.648350000000000012e-47
7.457500000000000000e+02 1.648650000000000036e-47
7.458750000000000000e+02 1.648950000000000059e-47
7.460000000000000000e+02 1.649250000000000082e-47
7.461250000000000000e+02 1.649729999999999973e-47
7.462500000000000000e+02 1.649849999999999885e-47
7.463750000000000000e+02 1.650149999999999909e-47
7.465000000000000000e+02 1.650449999999999932e-47
7.466250000000000000e+02 1.650759999999999948e-47
7.467500000000000000e+02 1.651059999999999971e-47
7.468750000000000000e+02 1.651359999999999994e-47
7.470000000000000000e+02 1.651650000000000025e-47
7.471250000000000000e+02 1.651930000000000062e-47
7.472500000000000000e+02 1.652210000000000100e-47
7.473750000000000000e+02 1.652479999999999902e-47
7.475000000000000000e+02 1.652749999999999948e-47
7.476250000000000000e+02 1.653019999999999993e-47
7.477500000000000000e+02 1.653300000000000031e-47
7.478750000000000000e+02 1.653580000000000069e-47
7.480000000000000000e+02 1.653870000000000099e-47
7.481250000000000000e+02 1.654149999999999894e-47
7.482500000000000000e+02 1.654449999999999917e-47
7.483750000000000000e+02 1.654779999999999918e-47
7.485000000000000000e+02 1.655099999999999927e-47
7.486250000000000000e+02 1.655389999999999957e-47
7.487500000000000000e+02 1.655669999999999995e-47
7.488750000000000000e+02 1.655950000000000033e-47
7.490000000000000000e+02 1.656240000000000064e-47
7.491250000000000000e+02 1.656520000000000102e-47
7.492500000000000000e+02 1.656809999999999889e-47
7.493750000000000000e+02 1.657089999999999927e-47
7.495000000000000000e+02 1.657369999999999965e-47
7.496250000000000000e+02 1.657659999999999995e-47
7.497500000000000000e+02 1.657940000000000033e-47
7.498750000000000000e+02 1.658220000000000071e-47
7.500000000000000000e+02 1.658510000000000102e-47
7.501250000000000000e+02 1.658789999999999896e-47
7.502500000000000000e+02 1.659079999999999927e-47
7.503750000000000000e+02 1.659359999999999965e-47
7.505000000000000000e+02 1.659640000000000003e-47
7.506250000000000000e+02 1.659930000000000033e-47
7.507500000000000000e+02 1.660210000000000071e-47
7.508750000000000000e+02 1.660500000000000101e-47
7.510000000000000000e+02 1.660779999999999896e-47
7.511250000000000000e+02 1.661069999999999927e-47
7.512500000000000000e+02 1.661349999999999965e-47
7.513750000000000000e+02 1.661639999999999995e-47
7.515000000000000000e+02 1.661920000000000033e-47
7.516250000000000000e+02 1.662200000000000071e-47
7.517500000000000000e+02 1.662490000000000101e-47
7.518750000000000000e+02 1.662769999999999896e-47
7.520000000000000000e+02 1.663059999999999927e-47
7.521250000000000000e+02 1.663339999999999965e-47
7.522500000000000000e+02 1.663629999999999995e-47
7.523750000000000000e+02 1.663910000000000033e-47
7.525000000000000000e+02 1.664200000000000064e-47
7.526250000000000000e+02 1.664540000000000057e-47
7.527500000000000000e+02 1.664880000000000051e-47
7.528750000000000000e+02 1.665200000000000060e-47
7.530000000000000000e+02 1.665500000000000083e-47
7.531250000000000000e+02 1.665810000000000099e-47
7.532500000000000000e+02 1.666540000000000050e-47
7.533750000000000000e+02 1.666870000000000051e-47
7.535000000000000000e+02 1.666800000000000103e-47
7.536250000000000000e+02 1.667260000000000009e-47
7.537500000000000000e+02 1.667989999999999960e-47
7.538750000000000000e+02 1.668299999999999976e-47
7.540000000000000000e+02 1.668599999999999999e-47
7.541250000000000000e+02 1.668900000000000022e-47
7.542500000000000000e+02 1.669210000000000038e-47
7.543750000000000000e+02 1.669260000000000001e-47
7.545000000000000000e+02 1.669570000000000017e-47
7.546250000000000000e+02 1.669939999999999989e-47
7.547500000000000000e+02 1.670299999999999968e-47
7.548750000000000000e+02 1.670659999999999948e-47
7.550000000000000000e+02 1.670999999999999941e-47
7.551250000000000000e+02 1.671329999999999943e-47
7.552500000000000000e+02 1.671609999999999980e-47
7.553750000000000000e+02 1.671890000000000018e-47
7.555000000000000000e+02 1.672180000000000049e-47
7.556250000000000000e+02 1.672460000000000087e-47
7.557500000000000000e+02 1.672739999999999882e-47
7.558750000000000000e+02 1.673019999999999919e-47
7.560000000000000000e+02 1.673299999999999957e-47
7.561250000000000000e+02 1.673579999999999995e-47
7.562500000000000000e+02 1.673860000000000033e-47
7.563750000000000000e+02 1.674160000000000056e-47
7.565000000000000000e+02 1.674460000000000079e-47
7.566250000000000000e+02 1.674770000000000095e-47
7.567500000000000000e+02 1.675080000000000111e-47
7.568750000000000000e+02 1.675379999999999891e-47
7.570000000000000000e+02 1.675689999999999907e-47
7.571250000000000000e+02 1.675999999999999923e-47
7.572500000000000000e+02 1.676299999999999946e-47
7.573750000000000000e+02 1.676609999999999962e-47
7.575000000000000000e+02 1.676919999999999978e-47
7.576250000000000000e+02 1.677229999999999994e-47
7.577500000000000000e+02 1.677530000000000017e-47
7.578750000000000000e+02 1.678060000000000115e-47
7.580000000000000000e+02 1.678130000000000063e-47
7.581250000000000000e+02 1.678410000000000101e-47
7.582500000000000000e+02 1.678720000000000117e-47
7.583750000000000000e+02 1.679060000000000111e-47
7.585000000000000000e+02 1.679339999999999906e-47
7.586250000000000000e+02 1.679629999999999936e-47
7.587500000000000000e+02 1.679939999999999952e-47
7.588750000000000000e+02 1.680249999999999968e-47
7.590000000000000000e+02 1.680589999999999962e-47
7.591250000000000000e+02 1.680919999999999963e-47
7.592500000000000000e+02 1.681229999999999979e-47
7.593750000000000000e+02 1.681539999999999995e-47
7.595000000000000000e+02 1.682040000000000115e-47
7.596250000000000000e+02 1.682130000000000049e-47
7.597500000000000000e+02 1.682410000000000087e-47
7.598750000000000000e+02 1.682689999999999881e-47
7.600000000000000000e+02 1.682979999999999912e-47
7.601250000000000000e+02 1.683259999999999950e-47
7.602500000000000000e+02 1.683539999999999988e-47
7.603750000000000000e+02 1.683830000000000018e-47
7.605000000000000000e+02 1.684090000000000071e-47
7.606250000000000000e+02 1.684349999999999880e-47
7.607500000000000000e+02 1.684599999999999940e-47
7.608750000000000000e+02 1.684859999999999993e-47
7.610000000000000000e+02 1.685120000000000045e-47
7.611250000000000000e+02 1.685370000000000105e-47
7.612500000000000000e+02 1.685629999999999914e-47
7.613750000000000000e+02 1.685879999999999974e-47
7.615000000000000000e+02 1.686140000000000027e-47
7.616250000000000000e+02 1.686410000000000072e-47
7.617500000000000000e+02 1.686700000000000103e-47
7.618750000000000000e+02 1.686979999999999897e-47
7.620000000000000000e+02 1.687259999999999935e-47
7.621250000000000000e+02 1.687539999999999973e-47
7.622500000000000000e+02 1.687820000000000011e-47
7.623750000000000000e+02 1.688100000000000049e-47
7.625000000000000000e+02 1.688390000000000079e-47
7.626250000000000000e+02 1.688670000000000117e-47
7.627500000000000000e+02 1.688949999999999912e-47
7.628750000000000000e+02 1.689229999999999950e-47
7.630000000000000000e+02 1.689509999999999988e-47
7.631250000000000000e+02 1.689790000000000026e-47
7.632500000000000000e+02 1.690080000000000056e-47
7.633750000000000000e+02 1.690360000000000094e-47
7.635000000000000000e+02 1.690639999999999889e-47
7.636250000000000000e+02 1.690949999999999905e-47
7.637500000000000000e+02 1.691259999999999920e-47
7.638750000000000000e+02 1.691569999999999936e-47
7.640000000000000000e+02 1.692279999999999902e-47
7.641250000000000000e+02 1.692179999999999975e-47
7.642500000000000000e+02 1.692489999999999991e-47
7.643750000000000000e+02 1.693199999999999957e-47
7.645000000000000000e+02 1.693509999999999973e-47
7.646250000000000000e+02 1.693819999999999989e-47
7.647500000000000000e+02 1.694130000000000005e-47
7.648750000000000000e+02 1.694030000000000078e-47
7.650000000000000000e+02 1.694360000000000079e-47
7.651250000000000000e+02 1.694690000000000080e-47
7.652500000000000000e+02 1.695010000000000089e-47
7.653750000000000000e+02 1.695340000000000090e-47
7.655000000000000000e+02 1.695670000000000091e-47
7.656250000000000000e+02 1.695990000000000100e-47
7.657500000000000000e+02 1.696320000000000101e-47
7.658750000000000000e+02 1.696650000000000102e-47
7.660000000000000000e+02 1.696970000000000111e-47
7.661250000000000000e+02 1.697300000000000112e-47
7.662500000000000000e+02 1.697630000000000113e-47
7.663750000000000000e+02 1.697960000000000115e-47
7.665000000000000000e+02 1.698279999999999880e-47
7.666250000000000000e+02 1.698609999999999881e-47
7.667500000000000000e+02 1.698939999999999883e-47
7.668750000000000000e+02 1.699259999999999891e-47
7.670000000000000000e+02 1.699589999999999892e-47
7.671250000000000000e+02 1.699919999999999894e-47
7.672500000000000000e+02 1.700249999999999895e-47
7.673750000000000000e+02 1.700579999999999896e-47
7.675000000000000000e+02 1.700899999999999905e-47
7.676250000000000000e+02 1.701229999999999906e-47
7.677500000000000000e+02 1.701549999999999914e-47
7.678750000000000000e+02 1.701859999999999930e-47
7.680000000000000000e+02 1.702169999999999946e-47
7.681250000000000000e+02 1.702479999999999962e-47
7.682500000000000000e+02 1.702789999999999978e-47
7.683750000000000000e+02 1.703099999999999994e-47
7.685000000000000000e+02 1.703410000000000010e-47
7.686250000000000000e+02 1.703889999999999901e-47
7.687500000000000000e+02 1.704350000000000050e-47
7.688750000000000000e+02 1.704769999999999985e-47
7.690000000000000000e+02 1.705179999999999928e-47
7.691250000000000000e+02 1.705539999999999907e-47
7.692500000000000000e+02 1.705849999999999923e-47
7.693750000000000000e+02 1.706219999999999895e-47
7.695000000000000000e+02 1.706569999999999881e-47
7.696250000000000000e+02 1.706920000000000111e-47
7.697500000000000000e+02 1.707250000000000112e-47
7.698750000000000000e+02 1.707539999999999900e-47
7.700000000000000000e+02 1.707849999999999915e-47
7.701250000000000000e+02 1.708179999999999917e-47
7.702500000000000000e+02 1.708519999999999911e-47
7.703750000000000000e+02 1.708849999999999912e-47
7.705000000000000000e+02 1.709179999999999913e-47
7.706250000000000000e+02 1.709509999999999914e-47
7.707500000000000000e+02 1.709839999999999915e-47
7.708750000000000000e+02 1.710159999999999924e-47
7.710000000000000000e+02 1.710469999999999940e-47
7.711250000000000000e+02 1.710789999999999948e-47
7.712500000000000000e+02 1.711099999999999964e-47
7.713750000000000000e+02 1.711419999999999973e-47
7.715000000000000000e+02 1.711759999999999967e-47
7.716250000000000000e+02 1.712069999999999983e-47
7.717500000000000000e+02 1.712379999999999999e-47
7.718750000000000000e+02 1.712680000000000022e-47
7.720000000000000000e+02 1.712990000000000038e-47
7.721250000000000000e+02 1.713300000000000053e-47
7.722500000000000000e+02 1.713630000000000055e-47
7.723750000000000000e+02 1.713940000000000071e-47
7.725000000000000000e+02 1.714260000000000079e-47
7.726250000000000000e+02 1.714570000000000095e-47
7.727500000000000000e+02 1.714880000000000111e-47
7.728750000000000000e+02 1.715200000000000119e-47
7.730000000000000000e+02 1.715509999999999892e-47
7.731250000000000000e+02 1.715829999999999901e-47
7.732500000000000000e+02 1.716139999999999917e-47
7.733750000000000000e+02 1.716449999999999933e-47
7.735000000000000000e+02 1.716769999999999941e-47
7.736250000000000000e+02 1.717079999999999957e-47
7.737500000000000000e+02 1.717389999999999973e-47
7.738750000000000000e+02 1.717709999999999981e-47
7.740000000000000000e+02 1.718029999999999990e-47
7.741250000000000000e+02 1.718310000000000028e-47
7.742500000000000000e+02 1.718630000000000036e-47
7.743750000000000000e+02 1.719459999999999914e-47
7.745000000000000000e+02 1.720349999999999991e-47
7.746250000000000000e+02 1.719600000000000055e-47
7.747500000000000000e+02 1.719900000000000078e-47
7.748750000000000000e+02 1.720220000000000086e-47
7.750000000000000000e+02 1.720530000000000102e-47
7.751250000000000000e+02 1.720860000000000103e-47
7.752500000000000000e+02 1.721170000000000119e-47
7.753750000000000000e+02 1.721489999999999885e-47
7.755000000000000000e+02 1.721779999999999915e-47
7.756250000000000000e+02 1.722099999999999924e-47
7.757500000000000000e+02 1.722409999999999940e-47
7.758750000000000000e+02 1.722689999999999978e-47
7.760000000000000000e+02 1.722980000000000008e-47
7.761250000000000000e+02 1.723260000000000046e-47
7.762500000000000000e+02 1.723669999999999989e-47
7.763750000000000000e+02 1.723980000000000005e-47
7.765000000000000000e+02 1.724109999999999909e-47
7.766250000000000000e+02 1.724399999999999940e-47
7.767500000000000000e+02 1.724830000000000111e-47
7.768750000000000000e+02 1.725160000000000112e-47
7.770000000000000000e+02 1.725490000000000113e-47
7.771250000000000000e+02 1.725809999999999879e-47
7.772500000000000000e+02 1.726129999999999887e-47
7.773750000000000000e+02 1.726439999999999903e-47
7.775000000000000000e+02 1.726540000000000073e-47
7.776250000000000000e+02 1.726860000000000081e-47
7.777500000000000000e+02 1.727170000000000097e-47
7.778750000000000000e+02 1.727480000000000113e-47
7.780000000000000000e+02 1.727789999999999886e-47
7.781250000000000000e+02 1.728119999999999887e-47
7.782500000000000000e+02 1.728449999999999888e-47
7.783750000000000000e+02 1.728759999999999904e-47
7.785000000000000000e+02 1.729069999999999920e-47
7.786250000000000000e+02 1.729389999999999929e-47
7.787500000000000000e+02 1.729699999999999945e-47
7.788750000000000000e+02 1.730009999999999961e-47
7.790000000000000000e+02 1.730319999999999976e-47
7.791250000000000000e+02 1.730639999999999985e-47
7.792500000000000000e+02 1.730950000000000001e-47
7.793750000000000000e+02 1.731230000000000039e-47
7.795000000000000000e+02 1.731810000000000100e-47
7.796250000000000000e+02 1.732089999999999895e-47
7.797500000000000000e+02 1.732079999999999902e-47
7.798750000000000000e+02 1.732359999999999940e-47
7.800000000000000000e+02 1.732639999999999978e-47
7.801250000000000000e+02 1.732920000000000015e-47
7.802500000000000000e+02 1.733210000000000046e-47
7.803750000000000000e+02 1.733490000000000084e-47
7.805000000000000000e+02 1.733790000000000107e-47
7.806250000000000000e+02 1.734089999999999887e-47
7.807500000000000000e+02 1.734389999999999910e-47
7.808750000000000000e+02 1.734709999999999919e-47
7.810000000000000000e+02 1.735669999999999945e-47
7.811250000000000000e+02 1.735440000000000113e-47
7.812500000000000000e+02 1.735800000000000092e-47
7.813750000000000000e+02 1.736100000000000116e-47
7.815000000000000000e+02 1.736379999999999910e-47
7.816250000000000000e+02 1.736669999999999941e-47
7.817500000000000000e+02 1.736959999999999971e-47
7.818750000000000000e+02 1.737240000000000009e-47
7.820000000000000000e+02 1.737530000000000040e-47
7.821250000000000000e+02 1.737820000000000070e-47
7.822500000000000000e+02 1.738100000000000108e-47
7.823750000000000000e+02 1.738389999999999896e-47
7.825000000000000000e+02 1.738679999999999926e-47
7.826250000000000000e+02 1.738969999999999957e-47
7.827500000000000000e+02 1.739249999999999995e-47
7.828750000000000000e+02 1.739540000000000025e-47
7.830000000000000000e+02 1.739830000000000056e-47
7.831250000000000000e+02 1.740120000000000086e-47
7.832500000000000000e+02 1.740430000000000102e-47
7.833750000000000000e+02 1.740729999999999882e-47
7.835000000000000000e+02 1.741029999999999905e-47
7.836250000000000000e+02 1.741329999999999929e-47
7.837500000000000000e+02 1.741609999999999967e-47
7.838750000000000000e+02 1.741880000000000012e-47
7.840000000000000000e+02 1.742160000000000050e-47
7.841250000000000000e+02 1.742430000000000095e-47
7.842500000000000000e+02 1.742709999999999890e-47
7.843750000000000000e+02 1.742989999999999927e-47
7.845000000000000000e+02 1.743279999999999958e-47
7.846250000000000000e+02 1.743559999999999996e-47
7.847500000000000000e+02 1.743850000000000026e-47
7.848750000000000000e+02 1.744140000000000057e-47
7.850000000000000000e+02 1.744430000000000087e-47
7.851250000000000000e+02 1.744720000000000118e-47
7.852500000000000000e+02 1.744999999999999913e-47
7.853750000000000000e+02 1.745289999999999943e-47
7.855000000000000000e+02 1.745579999999999974e-47
7.856250000000000000e+02 1.745949999999999946e-47
7.857500000000000000e+02 1.746339999999999903e-47
7.858750000000000000e+02 1.746730000000000103e-47
7.860000000000000000e+02 1.747120000000000061e-47
7.861250000000000000e+02 1.747520000000000010e-47
7.862500000000000000e+02 1.747860000000000004e-47
7.863750000000000000e+02 1.748190000000000006e-47
7.865000000000000000e+02 1.748529999999999999e-47
7.866250000000000000e+02 1.748860000000000001e-47
7.867500000000000000e+02 1.749190000000000002e-47
7.868750000000000000e+02 1.749529999999999996e-47
7.870000000000000000e+02 1.749859999999999997e-47
7.871250000000000000e+02 1.750199999999999991e-47
7.872500000000000000e+02 1.750529999999999992e-47
7.873750000000000000e+02 1.750869999999999986e-47
7.875000000000000000e+02 1.751199999999999987e-47
7.876250000000000000e+02 1.751539999999999981e-47
7.877500000000000000e+02 1.751869999999999982e-47
7.878750000000000000e+02 1.752209999999999976e-47
7.880000000000000000e+02 1.752539999999999977e-47
7.881250000000000000e+02 1.752879999999999971e-47
7.882500000000000000e+02 1.753209999999999973e-47
7.883750000000000000e+02 1.753549999999999966e-47
7.885000000000000000e+02 1.753879999999999968e-47
7.886250000000000000e+02 1.754219999999999962e-47
7.887500000000000000e+02 1.754549999999999963e-47
7.888750000000000000e+02 1.754939999999999920e-47
7.890000000000000000e+02 1.755330000000000120e-47
7.891250000000000000e+02 1.755680000000000107e-47
7.892500000000000000e+02 1.756030000000000093e-47
7.893750000000000000e+02 1.756380000000000080e-47
7.895000000000000000e+02 1.756730000000000067e-47
7.896250000000000000e+02 1.757080000000000053e-47
7.897500000000000000e+02 1.757370000000000084e-47
7.898750000000000000e+02 1.757639999999999886e-47
7.900000000000000000e+02 1.757909999999999931e-47
7.901250000000000000e+02 1.758169999999999984e-47
7.902500000000000000e+02 1.758440000000000029e-47
7.903750000000000000e+02 1.758710000000000074e-47
7.905000000000000000e+02 1.758980000000000119e-47
7.906250000000000000e+02 1.759269999999999907e-47
7.907500000000000000e+02 1.759559999999999937e-47
7.908750000000000000e+02 1.759859999999999960e-47
7.910000000000000000e+02 1.760149999999999991e-47
7.911250000000000000e+02 1.760450000000000014e-47
7.912500000000000000e+02 1.760740000000000045e-47
7.913750000000000000e+02 1.761040000000000068e-47
7.915000000000000000e+02 1.761370000000000069e-47
7.916250000000000000e+02 1.761730000000000048e-47
7.917500000000000000e+02 1.762080000000000035e-47
7.918750000000000000e+02 1.762440000000000014e-47
7.920000000000000000e+02 1.762819999999999979e-47
7.921250000000000000e+02 1.763139999999999987e-47
7.922500000000000000e+02 1.763459999999999996e-47
7.923750000000000000e+02 1.763789999999999997e-47
7.925000000000000000e+02 1.764110000000000005e-47
7.926250000000000000e+02 1.764430000000000014e-47
7.927500000000000000e+02 1.764760000000000015e-47
7.928750000000000000e+02 1.765189999999999943e-47
7.930000000000000000e+02 1.765620000000000114e-47
7.931250000000000000e+02 1.766040000000000049e-47
7.932500000000000000e+02 1.766469999999999977e-47
7.933750000000000000e+02 1.766899999999999905e-47
7.935000000000000000e+02 1.767320000000000084e-47
7.936250000000000000e+02 1.767680000000000063e-47
7.937500000000000000e+02 1.768099999999999998e-47
7.938750000000000000e+02 1.768519999999999933e-47
7.940000000000000000e+02 1.768909999999999891e-47
7.941250000000000000e+02 1.769219999999999906e-47
7.942500000000000000e+02 1.769489999999999952e-47
7.943750000000000000e+02 1.769759999999999997e-47
7.945000000000000000e+02 1.770030000000000042e-47
7.946250000000000000e+02 1.770300000000000087e-47
7.947500000000000000e+02 1.770559999999999897e-47
7.948750000000000000e+02 1.770859999999999920e-47
7.950000000000000000e+02 1.771169999999999936e-47
7.951250000000000000e+02 1.771489999999999944e-47
7.952500000000000000e+02 1.771799999999999960e-47
7.953750000000000000e+02 1.772119999999999969e-47
7.955000000000000000e+02 1.772409999999999999e-47
7.956250000000000000e+02 1.772670000000000052e-47
7.957500000000000000e+02 1.772990000000000060e-47
7.958750000000000000e+02 1.773300000000000076e-47
7.960000000000000000e+02 1.773610000000000092e-47
7.961250000000000000e+02 1.773930000000000101e-47
7.962500000000000000e+02 1.774240000000000117e-47
7.963750000000000000e+02 1.774559999999999882e-47
7.965000000000000000e+02 1.774879999999999891e-47
7.966250000000000000e+02 1.775240000000000113e-47
7.967500000000000000e+02 1.775590000000000099e-47
7.968750000000000000e+02 1.776409999999999985e-47
7.970000000000000000e+02 1.776729999999999993e-47
7.971250000000000000e+02 1.777059999999999994e-47
7.972500000000000000e+02 1.777380000000000003e-47
7.973750000000000000e+02 1.777389999999999996e-47
7.975000000000000000e+02 1.778330000000000036e-47
7.976250000000000000e+02 1.778169999999999910e-47
7.977500000000000000e+02 1.778680000000000022e-47
7.978750000000000000e+02 1.778950000000000068e-47
7.980000000000000000e+02 1.779330000000000032e-47
7.981250000000000000e+02 1.779670000000000026e-47
7.982500000000000000e+02 1.780000000000000027e-47
7.983750000000000000e+02 1.780320000000000036e-47
7.985000000000000000e+02 1.780650000000000037e-47
7.986250000000000000e+02 1.780980000000000038e-47
7.987500000000000000e+02 1.781300000000000047e-47
7.988750000000000000e+02 1.781650000000000033e-47
7.990000000000000000e+02 1.781980000000000035e-47
7.991250000000000000e+02 1.782300000000000043e-47
7.992500000000000000e+02 1.782630000000000044e-47
7.993750000000000000e+02 1.782950000000000053e-47
7.995000000000000000e+02 1.783300000000000040e-47
7.996250000000000000e+02 1.783610000000000055e-47
7.997500000000000000e+02 1.783930000000000064e-47
7.998750000000000000e+02 1.784260000000000065e-47
8.000000000000000000e+02 1.784590000000000066e-47
8.001250000000000000e+02 1.784910000000000075e-47
8.002500000000000000e+02 1.785210000000000098e-47
8.003750000000000000e+02 1.785520000000000114e-47
8.005000000000000000e+02 1.785850000000000115e-47
8.006250000000000000e+02 1.786169999999999881e-47
8.007500000000000000e+02 1.786520000000000110e-47
8.008750000000000000e+02 1.786870000000000097e-47
8.010000000000000000e+02 1.787149999999999892e-47
8.011250000000000000e+02 1.787479999999999893e-47
8.012500000000000000e+02 1.787809999999999894e-47
8.013750000000000000e+02 1.788139999999999895e-47
8.015000000000000000e+02 1.788459999999999904e-47
8.016250000000000000e+02 1.788789999999999905e-47
8.017500000000000000e+02 1.789119999999999906e-47
8.018750000000000000e+02 1.789439999999999915e-47
8.020000000000000000e+02 1.789809999999999887e-47
8.021250000000000000e+02 1.790099999999999917e-47
8.022500000000000000e+02 1.790419999999999926e-47
8.023750000000000000e+02 1.790739999999999934e-47
8.025000000000000000e+02 1.791029999999999965e-47
8.026250000000000000e+02 1.791319999999999995e-47
8.027500000000000000e+02 1.791600000000000033e-47
8.028750000000000000e+02 1.791970000000000005e-47
8.030000000000000000e+02 1.792359999999999962e-47
8.031250000000000000e+02 1.792719999999999942e-47
8.032500000000000000e+02 1.793049999999999943e-47
8.033750000000000000e+02 1.793369999999999951e-47
8.035000000000000000e+02 1.793699999999999953e-47
8.036250000000000000e+02 1.794029999999999954e-47
8.037500000000000000e+02 1.794359999999999955e-47
8.038750000000000000e+02 1.794689999999999956e-47
8.040000000000000000e+02 1.795009999999999965e-47
8.041250000000000000e+02 1.795339999999999966e-47
8.042500000000000000e+02 1.795669999999999967e-47
8.043750000000000000e+02 1.795999999999999969e-47
8.045000000000000000e+02 1.796329999999999970e-47
8.046250000000000000e+02 1.796659999999999971e-47
8.047500000000000000e+02 1.796979999999999980e-47
8.048750000000000000e+02 1.797309999999999981e-47
8.050000000000000000e+02 1.797639999999999982e-47
8.051250000000000000e+02 1.797969999999999983e-47
8.052500000000000000e+02 1.798299999999999984e-47
8.053750000000000000e+02 1.798629999999999986e-47
8.055000000000000000e+02 1.798959999999999987e-47
8.056250000000000000e+02 1.799289999999999988e-47
8.057500000000000000e+02 1.799609999999999997e-47
8.058750000000000000e+02 1.799939999999999998e-47
8.060000000000000000e+02 1.800269999999999999e-47
8.061250000000000000e+02 1.800540000000000044e-47
8.062500000000000000e+02 1.800860000000000053e-47
8.063750000000000000e+02 1.801240000000000017e-47
8.065000000000000000e+02 1.801500000000000070e-47
8.066250000000000000e+02 1.801749999999999887e-47
8.067500000000000000e+02 1.802009999999999939e-47
8.068750000000000000e+02 1.802259999999999999e-47
8.070000000000000000e+02 1.802510000000000059e-47
8.071250000000000000e+02 1.802770000000000111e-47
8.072500000000000000e+02 1.803299999999999966e-47
8.073750000000000000e+02 1.803939999999999983e-47
8.075000000000000000e+02 1.805019999999999921e-47
8.076250000000000000e+02 1.805289999999999966e-47
8.077500000000000000e+02 1.805570000000000004e-47
8.078750000000000000e+02 1.805880000000000020e-47
8.080000000000000000e+02 1.806190000000000036e-47
8.081250000000000000e+02 1.808090000000000102e-47
8.082500000000000000e+02 1.811740000000000100e-47
8.083750000000000000e+02 1.812009999999999902e-47
8.085000000000000000e+02 1.812289999999999940e-47
8.086250000000000000e+02 1.810909999999999979e-47
8.087500000000000000e+02 1.808130000000000072e-47
8.088750000000000000e+02 1.808460000000000074e-47
8.090000000000000000e+02 1.808160000000000050e-47
8.091250000000000000e+02 1.808460000000000074e-47
8.092500000000000000e+02 1.808760000000000097e-47
8.093750000000000000e+02 1.809060000000000120e-47
8.095000000000000000e+02 1.809319999999999929e-47
8.096250000000000000e+02 1.809569999999999989e-47
8.097500000000000000e+02 1.809750000000000100e-47
8.098750000000000000e+02 1.810060000000000116e-47
8.100000000000000000e+02 1.810259999999999970e-47
8.101250000000000000e+02 1.810450000000000074e-47
8.102500000000000000e+02 1.810770000000000082e-47
8.103750000000000000e+02 1.811120000000000069e-47
8.105000000000000000e+02 1.811430000000000085e-47
8.106250000000000000e+02 1.811790000000000064e-47
8.107500000000000000e+02 1.812170000000000028e-47
8.108750000000000000e+02 1.812549999999999993e-47
8.110000000000000000e+02 1.812929999999999957e-47
8.111250000000000000e+02 1.813309999999999922e-47
8.112500000000000000e+02 1.813689999999999887e-47
8.113750000000000000e+02 1.814019999999999888e-47
8.115000000000000000e+02 1.814359999999999882e-47
8.116250000000000000e+02 1.814689999999999883e-47
8.117500000000000000e+02 1.815030000000000120e-47
8.118750000000000000e+02 1.815370000000000114e-47
8.120000000000000000e+02 1.815700000000000115e-47
8.121250000000000000e+02 1.816009999999999888e-47
8.122500000000000000e+02 1.816299999999999918e-47
8.123750000000000000e+02 1.816639999999999912e-47
8.125000000000000000e+02 1.816969999999999913e-47
8.126250000000000000e+02 1.817309999999999907e-47
8.127500000000000000e+02 1.817639999999999909e-47
8.128750000000000000e+02 1.817959999999999917e-47
8.130000000000000000e+02 1.818249999999999948e-47
8.131250000000000000e+02 1.818649999999999898e-47
8.132500000000000000e+02 1.819060000000000083e-47
8.133750000000000000e+02 1.819360000000000106e-47
8.135000000000000000e+02 1.819649999999999894e-47
8.136250000000000000e+02 1.819939999999999924e-47
8.137500000000000000e+02 1.820229999999999955e-47
8.138750000000000000e+02 1.820519999999999985e-47
8.140000000000000000e+02 1.820849999999999987e-47
8.141250000000000000e+02 1.821189999999999981e-47
8.142500000000000000e+02 1.821569999999999945e-47
8.143750000000000000e+02 1.821780000000000034e-47
8.145000000000000000e+02 1.822110000000000036e-47
8.146250000000000000e+02 1.822810000000000009e-47
8.147500000000000000e+02 1.823140000000000010e-47
8.148750000000000000e+02 1.823430000000000040e-47
8.150000000000000000e+02 1.823720000000000071e-47
8.151250000000000000e+02 1.824010000000000102e-47
8.152500000000000000e+02 1.824299999999999889e-47
8.153750000000000000e+02 1.824480000000000000e-47
8.155000000000000000e+02 1.824750000000000045e-47
8.156250000000000000e+02 1.825010000000000098e-47
8.157500000000000000e+02 1.825269999999999907e-47
8.158750000000000000e+02 1.825559999999999938e-47
8.160000000000000000e+02 1.825869999999999954e-47
8.161250000000000000e+02 1.826179999999999970e-47
8.162500000000000000e+02 1.826479999999999993e-47
8.163750000000000000e+02 1.826790000000000009e-47
8.165000000000000000e+02 1.827090000000000032e-47
8.166250000000000000e+02 1.827400000000000048e-47
8.167500000000000000e+02 1.827730000000000049e-47
8.168750000000000000e+02 1.828060000000000050e-47
8.170000000000000000e+02 1.828400000000000044e-47
8.171250000000000000e+02 1.828740000000000038e-47
8.172500000000000000e+02 1.829070000000000039e-47
8.173750000000000000e+02 1.829410000000000033e-47
8.175000000000000000e+02 1.829750000000000027e-47
8.176250000000000000e+02 1.830080000000000028e-47
8.177500000000000000e+02 1.830420000000000022e-47
8.178750000000000000e+02 1.830750000000000023e-47
8.180000000000000000e+02 1.831060000000000039e-47
8.181250000000000000e+02 1.831380000000000048e-47
8.182500000000000000e+02 1.831660000000000086e-47
8.183750000000000000e+02 1.831960000000000109e-47
8.185000000000000000e+02 1.832280000000000117e-47
8.186250000000000000e+02 1.832569999999999905e-47
8.187500000000000000e+02 1.832929999999999884e-47
8.188750000000000000e+02 1.833290000000000106e-47
8.190000000000000000e+02 1.833640000000000093e-47
8.191250000000000000e+02 1.833980000000000087e-47
8.192500000000000000e+02 1.834300000000000095e-47
8.193750000000000000e+02 1.834630000000000097e-47
8.195000000000000000e+02 1.834940000000000112e-47
8.196250000000000000e+02 1.835249999999999885e-47
8.197500000000000000e+02 1.835579999999999886e-47
8.198750000000000000e+02 1.835909999999999888e-47
8.200000000000000000e+02 1.836229999999999896e-47
8.201250000000000000e+02 1.836539999999999912e-47
8.202500000000000000e+02 1.836849999999999928e-47
8.203750000000000000e+02 1.837169999999999937e-47
8.205000000000000000e+02 1.837479999999999952e-47
8.206250000000000000e+02 1.837809999999999954e-47
8.207500000000000000e+02 1.838149999999999948e-47
8.208750000000000000e+02 1.838489999999999941e-47
8.210000000000000000e+02 1.838829999999999935e-47
8.211250000000000000e+02 1.839169999999999929e-47
8.212500000000000000e+02 1.839509999999999923e-47
8.213750000000000000e+02 1.839849999999999917e-47
8.215000000000000000e+02 1.840189999999999911e-47
8.216250000000000000e+02 1.840519999999999912e-47
8.217500000000000000e+02 1.840839999999999921e-47
8.218750000000000000e+02 1.841149999999999936e-47
8.220000000000000000e+02 1.841469999999999945e-47
8.221250000000000000e+02 1.841779999999999961e-47
8.222500000000000000e+02 1.842079999999999984e-47
8.223750000000000000e+02 1.842360000000000022e-47
8.225000000000000000e+02 1.842600000000000089e-47
8.226250000000000000e+02 1.842900000000000112e-47
8.227500000000000000e+02 1.843220000000000121e-47
8.228750000000000000e+02 1.843499999999999916e-47
8.230000000000000000e+02 1.843789999999999946e-47
8.231250000000000000e+02 1.844069999999999984e-47
8.232500000000000000e+02 1.844399999999999985e-47
8.233750000000000000e+02 1.844680000000000023e-47
8.235000000000000000e+02 1.845119999999999944e-47
8.236250000000000000e+02 1.845459999999999938e-47
8.237500000000000000e+02 1.845630000000000056e-47
8.238750000000000000e+02 1.845920000000000087e-47
8.240000000000000000e+02 1.846210000000000117e-47
8.241250000000000000e+02 1.846499999999999905e-47
8.242500000000000000e+02 1.846779999999999943e-47
8.243750000000000000e+02 1.847069999999999973e-47
8.245000000000000000e+02 1.847360000000000004e-47
8.246250000000000000e+02 1.847779999999999939e-47
8.247500000000000000e+02 1.848129999999999925e-47
8.248750000000000000e+02 1.848330000000000022e-47
8.250000000000000000e+02 1.848640000000000038e-47
8.251250000000000000e+02 1.848960000000000046e-47
8.252500000000000000e+02 1.849250000000000077e-47
8.253750000000000000e+02 1.849620000000000049e-47
8.255000000000000000e+02 1.849960000000000043e-47
8.256250000000000000e+02 1.850280000000000051e-47
8.257500000000000000e+02 1.851000000000000010e-47
8.258750000000000000e+02 1.851300000000000033e-47
8.260000000000000000e+02 1.851789999999999917e-47
8.261250000000000000e+02 1.851960000000000035e-47
8.262500000000000000e+02 1.851850000000000116e-47
8.263750000000000000e+02 1.852190000000000110e-47
8.265000000000000000e+02 1.852540000000000096e-47
8.266250000000000000e+02 1.852880000000000090e-47
8.267500000000000000e+02 1.853230000000000077e-47
8.268750000000000000e+02 1.853570000000000071e-47
8.270000000000000000e+02 1.853900000000000072e-47
8.271250000000000000e+02 1.854240000000000066e-47
8.272500000000000000e+02 1.854520000000000104e-47
8.273750000000000000e+02 1.854769999999999921e-47
8.275000000000000000e+02 1.855009999999999988e-47
8.276250000000000000e+02 1.855260000000000048e-47
8.277500000000000000e+02 1.855510000000000107e-47
8.278750000000000000e+02 1.855759999999999924e-47
8.280000000000000000e+02 1.855999999999999991e-47
8.281250000000000000e+02 1.856250000000000051e-47
8.282500000000000000e+02 1.856500000000000111e-47
8.283750000000000000e+02 1.856749999999999928e-47
8.285000000000000000e+02 1.857029999999999966e-47
8.286250000000000000e+02 1.857319999999999996e-47
8.287500000000000000e+02 1.857610000000000027e-47
8.288750000000000000e+02 1.857900000000000057e-47
8.290000000000000000e+02 1.858190000000000088e-47
8.291250000000000000e+02 1.858480000000000118e-47
8.292500000000000000e+02 1.858820000000000112e-47
8.293750000000000000e+02 1.859150000000000113e-47
8.295000000000000000e+02 1.859449999999999894e-47
8.296250000000000000e+02 1.859769999999999902e-47
8.297500000000000000e+02 1.860099999999999903e-47
8.298750000000000000e+02 1.860399999999999927e-47
8.300000000000000000e+02 1.860659999999999979e-47
8.301250000000000000e+02 1.860910000000000039e-47
8.302500000000000000e+02 1.861160000000000099e-47
8.303750000000000000e+02 1.861409999999999916e-47
8.305000000000000000e+02 1.861669999999999968e-47
8.306250000000000000e+02 1.861910000000000035e-47
8.307500000000000000e+02 1.862200000000000066e-47
8.308750000000000000e+02 1.862490000000000096e-47
8.310000000000000000e+02 1.862779999999999884e-47
8.311250000000000000e+02 1.863069999999999914e-47
8.312500000000000000e+02 1.863359999999999945e-47
8.313750000000000000e+02 1.863659999999999968e-47
8.315000000000000000e+02 1.863949999999999999e-47
8.316250000000000000e+02 1.864240000000000029e-47
8.317500000000000000e+02 1.864530000000000060e-47
8.318750000000000000e+02 1.864820000000000090e-47
8.320000000000000000e+02 1.865150000000000091e-47
8.321250000000000000e+02 1.865520000000000063e-47
8.322500000000000000e+02 1.865749999999999895e-47
8.323750000000000000e+02 1.866019999999999940e-47
8.325000000000000000e+02 1.866309999999999971e-47
8.326250000000000000e+02 1.866619999999999986e-47
8.327500000000000000e+02 1.866949999999999988e-47
8.328750000000000000e+02 1.867210000000000040e-47
8.330000000000000000e+02 1.867480000000000085e-47
8.331250000000000000e+02 1.867759999999999880e-47
8.332500000000000000e+02 1.867999999999999947e-47
8.333750000000000000e+02 1.868240000000000014e-47
8.335000000000000000e+02 1.868490000000000074e-47
8.336250000000000000e+02 1.868760000000000120e-47
8.337500000000000000e+02 1.868999999999999944e-47
8.338750000000000000e+02 1.869250000000000003e-47
8.340000000000000000e+02 1.869490000000000071e-47
8.341250000000000000e+02 1.869729999999999895e-47
8.342500000000000000e+02 1.869979999999999955e-47
8.343750000000000000e+02 1.870269999999999985e-47
8.345000000000000000e+02 1.870560000000000016e-47
8.346250000000000000e+02 1.870820000000000068e-47
8.347500000000000000e+02 1.871059999999999892e-47
8.348750000000000000e+02 1.871329999999999937e-47
8.350000000000000000e+02 1.871619999999999968e-47
8.351250000000000000e+02 1.871929999999999984e-47
8.352500000000000000e+02 1.872220000000000014e-47
8.353750000000000000e+02 1.872500000000000052e-47
8.355000000000000000e+02 1.872810000000000068e-47
8.356250000000000000e+02 1.873150000000000062e-47
8.357500000000000000e+02 1.873460000000000078e-47
8.358750000000000000e+02 1.873790000000000079e-47
8.360000000000000000e+02 1.874110000000000088e-47
8.361250000000000000e+02 1.874450000000000082e-47
8.362500000000000000e+02 1.874770000000000090e-47
8.363750000000000000e+02 1.875070000000000113e-47
8.365000000000000000e+02 1.875309999999999937e-47
8.366250000000000000e+02 1.875559999999999997e-47
8.367500000000000000e+02 1.875810000000000057e-47
8.368750000000000000e+02 1.876080000000000102e-47
8.370000000000000000e+02 1.876369999999999890e-47
8.371250000000000000e+02 1.876659999999999920e-47
8.372500000000000000e+02 1.876959999999999944e-47
8.373750000000000000e+02 1.877249999999999974e-47
8.375000000000000000e+02 1.877510000000000027e-47
8.376250000000000000e+02 1.877760000000000086e-47
8.377500000000000000e+02 1.878009999999999903e-47
8.378750000000000000e+02 1.878259999999999963e-47
8.380000000000000000e+02 1.878530000000000008e-47
8.381250000000000000e+02 1.878820000000000039e-47
8.382500000000000000e+02 1.879110000000000069e-47
8.383750000000000000e+02 1.879400000000000100e-47
8.385000000000000000e+02 1.879689999999999887e-47
8.386250000000000000e+02 1.879969999999999925e-47
8.387500000000000000e+02 1.880259999999999956e-47
8.388750000000000000e+02 1.880549999999999986e-47
8.390000000000000000e+02 1.880840000000000017e-47
8.391250000000000000e+02 1.881120000000000055e-47
8.392500000000000000e+02 1.881390000000000100e-47
8.393750000000000000e+02 1.881639999999999917e-47
8.395000000000000000e+02 1.881879999999999984e-47
8.396250000000000000e+02 1.882140000000000036e-47
8.397500000000000000e+02 1.882400000000000089e-47
8.398750000000000000e+02 1.882619999999999928e-47
8.400000000000000000e+02 1.882899999999999965e-47
8.401250000000000000e+02 1.883219999999999974e-47
8.402500000000000000e+02 1.883529999999999990e-47
8.403750000000000000e+02 1.884209999999999978e-47
8.405000000000000000e+02 1.884470000000000030e-47
8.406250000000000000e+02 1.884740000000000075e-47
8.407500000000000000e+02 1.885120000000000040e-47
8.408750000000000000e+02 1.885800000000000028e-47
8.410000000000000000e+02 1.886070000000000073e-47
8.411250000000000000e+02 1.885800000000000028e-47
8.412500000000000000e+02 1.885579999999999946e-47
8.413750000000000000e+02 1.885820000000000013e-47
8.415000000000000000e+02 1.886120000000000036e-47
8.416250000000000000e+02 1.886420000000000060e-47
8.417500000000000000e+02 1.886720000000000083e-47
8.418750000000000000e+02 1.887030000000000099e-47
8.420000000000000000e+02 1.887329999999999879e-47
8.421250000000000000e+02 1.887569999999999946e-47
8.422500000000000000e+02 1.887869999999999969e-47
8.423750000000000000e+02 1.888150000000000007e-47
8.425000000000000000e+02 1.888380000000000082e-47
8.426250000000000000e+02 1.888619999999999906e-47
8.427500000000000000e+02 1.888869999999999965e-47
8.428750000000000000e+02 1.889110000000000033e-47
8.430000000000000000e+02 1.889350000000000100e-47
8.431250000000000000e+02 1.889619999999999902e-47
8.432500000000000000e+02 1.889909999999999932e-47
8.433750000000000000e+02 1.890199999999999963e-47
8.435000000000000000e+02 1.890489999999999994e-47
8.436250000000000000e+02 1.890760000000000039e-47
8.437500000000000000e+02 1.891040000000000077e-47
8.438750000000000000e+02 1.891330000000000107e-47
8.440000000000000000e+02 1.891629999999999887e-47
8.441250000000000000e+02 1.891919999999999918e-47
8.442500000000000000e+02 1.892209999999999948e-47
8.443750000000000000e+02 1.892509999999999972e-47
8.445000000000000000e+02 1.892800000000000002e-47
8.446250000000000000e+02 1.893080000000000040e-47
8.447500000000000000e+02 1.893330000000000100e-47
8.448750000000000000e+02 1.893569999999999924e-47
8.450000000000000000e+02 1.893829999999999976e-47
8.451250000000000000e+02 1.894199999999999948e-47
8.452500000000000000e+02 1.894499999999999972e-47
8.453750000000000000e+02 1.894780000000000009e-47
8.455000000000000000e+02 1.895139999999999989e-47
8.456250000000000000e+02 1.895410000000000034e-47
8.457500000000000000e+02 1.895740000000000035e-47
8.458750000000000000e+02 1.896030000000000066e-47
8.460000000000000000e+02 1.896330000000000089e-47
8.461250000000000000e+02 1.896660000000000090e-47
8.462500000000000000e+02 1.897020000000000069e-47
8.463750000000000000e+02 1.897400000000000034e-47
8.465000000000000000e+02 1.897789999999999991e-47
8.466250000000000000e+02 1.898189999999999941e-47
8.467500000000000000e+02 1.898489999999999964e-47
8.468750000000000000e+02 1.898779999999999995e-47
8.470000000000000000e+02 1.899080000000000018e-47
8.471250000000000000e+02 1.899370000000000048e-47
8.472500000000000000e+02 1.899750000000000013e-47
8.473750000000000000e+02 1.900040000000000044e-47
8.475000000000000000e+02 1.900340000000000067e-47
8.476250000000000000e+02 1.900640000000000090e-47
8.477500000000000000e+02 1.900990000000000077e-47
8.478750000000000000e+02 1.901310000000000085e-47
8.480000000000000000e+02 1.902209999999999912e-47
8.481250000000000000e+02 1.902499999999999942e-47
8.482500000000000000e+02 1.902219999999999904e-47
8.483750000000000000e+02 1.902479999999999957e-47
8.485000000000000000e+02 1.902740000000000009e-47
8.486250000000000000e+02 1.903010000000000055e-47
8.487500000000000000e+02 1.903310000000000078e-47
8.488750000000000000e+02 1.903579999999999880e-47
8.490000000000000000e+02 1.903909999999999881e-47
8.491250000000000000e+02 1.904159999999999941e-47
8.492500000000000000e+02 1.904439999999999979e-47
8.493750000000000000e+02 1.904700000000000031e-47
8.495000000000000000e+02 1.904950000000000091e-47
8.496250000000000000e+02 1.905250000000000114e-47
8.497500000000000000e+02 1.905499999999999931e-47
8.498750000000000000e+02 1.905859999999999910e-47
8.500000000000000000e+02 1.906270000000000096e-47
8.501250000000000000e+02 1.906529999999999905e-47
8.502500000000000000e+02 1.906799999999999951e-47
8.503750000000000000e+02 1.907060000000000003e-47
8.505000000000000000e+02 1.907320000000000056e-47
8.506250000000000000e+02 1.907640000000000064e-47
8.507500000000000000e+02 1.907930000000000095e-47
8.508750000000000000e+02 1.908240000000000111e-47
8.510000000000000000e+02 1.908630000000000068e-47
8.511250000000000000e+02 1.908950000000000076e-47
8.512500000000000000e+02 1.909219999999999879e-47
8.513750000000000000e+02 1.909479999999999931e-47
8.515000000000000000e+02 1.909739999999999984e-47
8.516250000000000000e+02 1.910069999999999985e-47
8.517500000000000000e+02 1.910409999999999979e-47
8.518750000000000000e+02 1.910739999999999980e-47
8.520000000000000000e+02 1.911030000000000010e-47
8.521250000000000000e+02 1.911330000000000034e-47
8.522500000000000000e+02 1.911630000000000057e-47
8.523750000000000000e+02 1.911920000000000087e-47
8.525000000000000000e+02 1.912149999999999919e-47
8.526250000000000000e+02 1.912379999999999993e-47
8.527500000000000000e+02 1.912620000000000061e-47
8.528750000000000000e+02 1.912849999999999892e-47
8.530000000000000000e+02 1.913109999999999945e-47
8.531250000000000000e+02 1.913369999999999997e-47
8.532500000000000000e+02 1.913630000000000050e-47
8.533750000000000000e+02 1.913920000000000080e-47
8.535000000000000000e+02 1.914210000000000111e-47
8.536250000000000000e+02 1.914540000000000112e-47
8.537500000000000000e+02 1.914900000000000091e-47
8.538750000000000000e+02 1.915320000000000026e-47
8.540000000000000000e+02 1.915739999999999962e-47
8.541250000000000000e+02 1.916049999999999977e-47
8.542500000000000000e+02 1.916320000000000023e-47
8.543750000000000000e+02 1.916570000000000083e-47
8.545000000000000000e+02 1.916709999999999980e-47
8.546250000000000000e+02 1.916970000000000032e-47
8.547500000000000000e+02 1.917220000000000092e-47
8.548750000000000000e+02 1.917489999999999894e-47
8.550000000000000000e+02 1.917759999999999940e-47
8.551250000000000000e+02 1.918039999999999977e-47
8.552500000000000000e+02 1.918320000000000015e-47
8.553750000000000000e+02 1.918580000000000068e-47
8.555000000000000000e+02 1.918829999999999885e-47
8.556250000000000000e+02 1.919079999999999944e-47
8.557500000000000000e+02 1.919369999999999975e-47
8.558750000000000000e+02 1.919669999999999998e-47
8.560000000000000000e+02 1.919970000000000021e-47
8.561250000000000000e+02 1.920260000000000052e-47
8.562500000000000000e+02 1.920560000000000075e-47
8.563750000000000000e+02 1.920860000000000098e-47
8.565000000000000000e+02 1.921149999999999886e-47
8.566250000000000000e+02 1.921449999999999909e-47
8.567500000000000000e+02 1.921669999999999991e-47
8.568750000000000000e+02 1.921940000000000036e-47
8.570000000000000000e+02 1.922230000000000067e-47
8.571250000000000000e+02 1.922530000000000090e-47
8.572500000000000000e+02 1.922840000000000106e-47
8.573750000000000000e+02 1.923160000000000114e-47
8.575000000000000000e+02 1.923469999999999887e-47
8.576250000000000000e+02 1.923739999999999932e-47
8.577500000000000000e+02 1.923989999999999992e-47
8.578750000000000000e+02 1.924290000000000015e-47
8.580000000000000000e+02 1.924630000000000009e-47
8.581250000000000000e+02 1.924960000000000010e-47
8.582500000000000000e+02 1.925300000000000004e-47
8.583750000000000000e+02 1.925630000000000005e-47
8.585000000000000000e+02 1.925969999999999999e-47
8.586250000000000000e+02 1.926300000000000001e-47
8.587500000000000000e+02 1.926620000000000009e-47
8.588750000000000000e+02 1.926930000000000025e-47
8.590000000000000000e+02 1.927210000000000063e-47
8.591250000000000000e+02 1.927470000000000115e-47
8.592500000000000000e+02 1.927709999999999940e-47
8.593750000000000000e+02 1.927989999999999977e-47
8.595000000000000000e+02 1.928290000000000001e-47
8.596250000000000000e+02 1.928550000000000053e-47
8.597500000000000000e+02 1.928790000000000120e-47
8.598750000000000000e+02 1.929029999999999944e-47
8.600000000000000000e+02 1.929319999999999975e-47
8.601250000000000000e+02 1.929619999999999998e-47
8.602500000000000000e+02 1.929930000000000014e-47
8.603750000000000000e+02 1.930230000000000037e-47
8.605000000000000000e+02 1.930530000000000060e-47
8.606250000000000000e+02 1.930830000000000084e-47
8.607500000000000000e+02 1.931130000000000107e-47
8.608750000000000000e+02 1.931429999999999887e-47
8.610000000000000000e+02 1.931729999999999910e-47
8.611250000000000000e+02 1.932019999999999941e-47
8.612500000000000000e+02 1.932260000000000008e-47
8.613750000000000000e+02 1.932490000000000082e-47
8.615000000000000000e+02 1.932759999999999885e-47
8.616250000000000000e+02 1.933049999999999915e-47
8.617500000000000000e+02 1.933349999999999938e-47
8.618750000000000000e+02 1.933639999999999969e-47
8.620000000000000000e+02 1.933939999999999992e-47
8.621250000000000000e+02 1.934240000000000015e-47
8.622500000000000000e+02 1.934530000000000046e-47
8.623750000000000000e+02 1.934830000000000069e-47
8.625000000000000000e+02 1.935110000000000107e-47
8.626250000000000000e+02 1.935419999999999880e-47
8.627500000000000000e+02 1.935739999999999888e-47
8.628750000000000000e+02 1.936049999999999904e-47
8.630000000000000000e+02 1.936359999999999920e-47
8.631250000000000000e+02 1.936659999999999943e-47
8.632500000000000000e+02 1.936949999999999974e-47
8.633750000000000000e+02 1.937279999999999975e-47
8.635000000000000000e+02 1.937619999999999969e-47
8.636250000000000000e+02 1.937949999999999970e-47
8.637500000000000000e+02 1.938259999999999986e-47
8.638750000000000000e+02 1.938570000000000002e-47
8.640000000000000000e+02 1.938890000000000010e-47
8.641250000000000000e+02 1.939200000000000026e-47
8.642500000000000000e+02 1.939490000000000057e-47
8.643750000000000000e+02 1.939810000000000065e-47
8.645000000000000000e+02 1.940140000000000066e-47
8.646250000000000000e+02 1.940460000000000075e-47
8.647500000000000000e+02 1.940770000000000091e-47
8.648750000000000000e+02 1.941070000000000114e-47
8.650000000000000000e+02 1.941369999999999894e-47
8.651250000000000000e+02 1.941679999999999910e-47
8.652500000000000000e+02 1.942009999999999911e-47
8.653750000000000000e+02 1.942309999999999935e-47
8.655000000000000000e+02 1.942599999999999965e-47
8.656250000000000000e+02 1.942880000000000003e-47
8.657500000000000000e+02 1.943190000000000019e-47
8.658750000000000000e+02 1.943490000000000042e-47
8.660000000000000000e+02 1.943800000000000058e-47
8.661250000000000000e+02 1.944140000000000052e-47
8.662500000000000000e+02 1.944430000000000082e-47
8.663750000000000000e+02 1.944710000000000120e-47
8.665000000000000000e+02 1.945019999999999893e-47
8.666250000000000000e+02 1.945319999999999916e-47
8.667500000000000000e+02 1.945619999999999939e-47
8.668750000000000000e+02 1.945909999999999970e-47
8.670000000000000000e+02 1.946209999999999993e-47
8.671250000000000000e+02 1.946520000000000009e-47
8.672500000000000000e+02 1.946780000000000062e-47
8.673750000000000000e+02 1.947030000000000121e-47
8.675000000000000000e+02 1.947289999999999931e-47
8.676250000000000000e+02 1.947559999999999976e-47
8.677500000000000000e+02 1.947869999999999992e-47
8.678750000000000000e+02 1.948180000000000008e-47
8.680000000000000000e+02 1.948500000000000016e-47
8.681250000000000000e+02 1.948850000000000003e-47
8.682500000000000000e+02 1.949229999999999967e-47
8.683750000000000000e+02 1.949549999999999976e-47
8.685000000000000000e+02 1.949849999999999999e-47
8.686250000000000000e+02 1.950150000000000022e-47
8.687500000000000000e+02 1.950460000000000038e-47
8.688750000000000000e+02 1.950760000000000062e-47
8.690000000000000000e+02 1.951070000000000077e-47
8.691250000000000000e+02 1.951410000000000071e-47
8.692500000000000000e+02 1.951740000000000072e-47
8.693750000000000000e+02 1.952060000000000081e-47
8.695000000000000000e+02 1.952380000000000090e-47
8.696250000000000000e+02 1.952690000000000105e-47
8.697500000000000000e+02 1.953120000000000033e-47
8.698750000000000000e+02 1.953569999999999947e-47
8.700000000000000000e+02 1.954030000000000096e-47
8.701250000000000000e+02 1.954480000000000009e-47
8.702500000000000000e+02 1.954899999999999944e-47
8.703750000000000000e+02 1.955199999999999967e-47
8.705000000000000000e+02 1.955499999999999991e-47
8.706250000000000000e+02 1.955800000000000014e-47
8.707500000000000000e+02 1.956100000000000037e-47
8.708750000000000000e+02 1.956400000000000060e-47
8.710000000000000000e+02 1.956700000000000083e-47
8.711250000000000000e+02 1.957010000000000099e-47
8.712500000000000000e+02 1.957309999999999879e-47
8.713750000000000000e+02 1.957599999999999910e-47
8.715000000000000000e+02 1.957889999999999941e-47
8.716250000000000000e+02 1.958209999999999949e-47
8.717500000000000000e+02 1.958509999999999972e-47
8.718750000000000000e+02 1.958809999999999995e-47
8.720000000000000000e+02 1.959139999999999997e-47
8.721250000000000000e+02 1.959440000000000020e-47
8.722500000000000000e+02 1.959899999999999926e-47
8.723750000000000000e+02 1.960239999999999920e-47
8.725000000000000000e+02 1.960390000000000053e-47
8.726250000000000000e+02 1.960660000000000098e-47
8.727500000000000000e+02 1.960990000000000099e-47
8.728750000000000000e+02 1.961300000000000115e-47
8.730000000000000000e+02 1.961609999999999888e-47
8.731250000000000000e+02 1.961909999999999911e-47
8.732500000000000000e+02 1.962209999999999934e-47
8.733750000000000000e+02 1.962519999999999950e-47
8.735000000000000000e+02 1.962819999999999973e-47
8.736250000000000000e+02 1.963129999999999989e-47
8.737500000000000000e+02 1.963430000000000013e-47
8.738750000000000000e+02 1.963740000000000028e-47
8.740000000000000000e+02 1.964040000000000052e-47
8.741250000000000000e+02 1.964350000000000068e-47
8.742500000000000000e+02 1.964650000000000091e-47
8.743750000000000000e+02 1.964960000000000107e-47
8.745000000000000000e+02 1.965269999999999879e-47
8.746250000000000000e+02 1.965569999999999903e-47
8.747500000000000000e+02 1.965879999999999918e-47
8.748750000000000000e+02 1.966179999999999942e-47
8.750000000000000000e+02 1.966489999999999958e-47
8.751250000000000000e+02 1.966789999999999981e-47
8.752500000000000000e+02 1.967109999999999989e-47
8.753750000000000000e+02 1.967420000000000005e-47
8.755000000000000000e+02 1.967720000000000028e-47
8.756250000000000000e+02 1.968020000000000052e-47
8.757500000000000000e+02 1.968330000000000067e-47
8.758750000000000000e+02 1.968660000000000069e-47
8.760000000000000000e+02 1.968990000000000070e-47
8.761250000000000000e+02 1.969320000000000071e-47
8.762500000000000000e+02 1.969650000000000072e-47
8.763750000000000000e+02 1.969980000000000074e-47
8.765000000000000000e+02 1.970320000000000067e-47
8.766250000000000000e+02 1.970660000000000061e-47
8.767500000000000000e+02 1.971000000000000055e-47
8.768750000000000000e+02 1.971340000000000049e-47
8.770000000000000000e+02 1.971680000000000043e-47
8.771250000000000000e+02 1.972000000000000052e-47
8.772500000000000000e+02 1.972340000000000045e-47
8.773750000000000000e+02 1.972680000000000039e-47
8.775000000000000000e+02 1.973000000000000048e-47
8.776250000000000000e+02 1.973350000000000034e-47
8.777500000000000000e+02 1.973690000000000028e-47
8.778750000000000000e+02 1.974030000000000022e-47
8.780000000000000000e+02 1.974370000000000016e-47
8.781250000000000000e+02 1.974720000000000003e-47
8.782500000000000000e+02 1.975059999999999997e-47
8.783750000000000000e+02 1.975399999999999990e-47
8.785000000000000000e+02 1.975729999999999992e-47
8.786250000000000000e+02 1.976030000000000015e-47
8.787500000000000000e+02 1.976330000000000038e-47
8.788750000000000000e+02 1.976630000000000061e-47
8.790000000000000000e+02 1.976930000000000085e-47
8.791250000000000000e+02 1.977250000000000093e-47
8.792500000000000000e+02 1.977580000000000094e-47
8.793750000000000000e+02 1.978030000000000008e-47
8.795000000000000000e+02 1.978370000000000001e-47
8.796250000000000000e+02 1.978670000000000025e-47
8.797500000000000000e+02 1.978970000000000048e-47
8.798750000000000000e+02 1.979240000000000093e-47
8.800000000000000000e+02 1.979570000000000094e-47
8.801250000000000000e+02 1.979900000000000095e-47
8.802500000000000000e+02 1.980230000000000097e-47
8.803750000000000000e+02 1.980560000000000098e-47
8.805000000000000000e+02 1.980900000000000092e-47
8.806250000000000000e+02 1.981230000000000093e-47
8.807500000000000000e+02 1.981560000000000094e-47
8.808750000000000000e+02 1.981890000000000095e-47
8.810000000000000000e+02 1.982220000000000097e-47
8.811250000000000000e+02 1.982560000000000091e-47
8.812500000000000000e+02 1.982890000000000092e-47
8.813750000000000000e+02 1.983220000000000093e-47
8.815000000000000000e+02 1.983550000000000094e-47
8.816250000000000000e+02 1.983890000000000088e-47
8.817500000000000000e+02 1.984220000000000089e-47
8.818750000000000000e+02 1.984550000000000091e-47
8.820000000000000000e+02 1.984880000000000092e-47
8.821250000000000000e+02 1.985220000000000086e-47
8.822500000000000000e+02 1.985550000000000087e-47
8.823750000000000000e+02 1.985880000000000088e-47
8.825000000000000000e+02 1.986210000000000089e-47
8.826250000000000000e+02 1.986550000000000083e-47
8.827500000000000000e+02 1.986880000000000084e-47
8.828750000000000000e+02 1.987210000000000086e-47
8.830000000000000000e+02 1.987550000000000080e-47
8.831250000000000000e+02 1.987900000000000066e-47
8.832500000000000000e+02 1.988369999999999965e-47
8.833750000000000000e+02 1.988689999999999973e-47
8.835000000000000000e+02 1.988989999999999996e-47
8.836250000000000000e+02 1.989300000000000012e-47
8.837500000000000000e+02 1.989570000000000058e-47
8.838750000000000000e+02 1.989910000000000051e-47
8.840000000000000000e+02 1.990210000000000075e-47
8.841250000000000000e+02 1.990540000000000076e-47
8.842500000000000000e+02 1.990860000000000084e-47
8.843750000000000000e+02 1.991170000000000100e-47
8.845000000000000000e+02 1.991510000000000094e-47
8.846250000000000000e+02 1.991880000000000066e-47
8.847500000000000000e+02 1.992220000000000060e-47
8.848750000000000000e+02 1.992550000000000061e-47
8.850000000000000000e+02 1.992890000000000055e-47
8.851250000000000000e+02 1.993220000000000056e-47
8.852500000000000000e+02 1.993550000000000058e-47
8.853750000000000000e+02 1.993890000000000051e-47
8.855000000000000000e+02 1.994220000000000053e-47
8.856250000000000000e+02 1.994560000000000047e-47
8.857500000000000000e+02 1.995840000000000081e-47
8.858750000000000000e+02 1.996250000000000023e-47
8.860000000000000000e+02 1.995920000000000022e-47
8.861250000000000000e+02 1.995900000000000037e-47
8.862500000000000000e+02 1.996230000000000038e-47
8.863750000000000000e+02 1.997470000000000101e-47
8.865000000000000000e+02 1.997820000000000088e-47
8.866250000000000000e+02 1.997550000000000043e-47
8.867500000000000000e+02 1.998029999999999934e-47
8.868750000000000000e+02 1.998520000000000061e-47
8.870000000000000000e+02 1.999009999999999945e-47
8.871250000000000000e+02 1.999510000000000065e-47
8.872500000000000000e+02 1.999900000000000022e-47
8.873750000000000000e+02 2.000220000000000031e-47
8.875000000000000000e+02 2.000490000000000076e-47
8.876250000000000000e+02 2.000760000000000121e-47
8.877500000000000000e+02 2.001019999999999930e-47
8.878750000000000000e+02 2.001550000000000028e-47
8.880000000000000000e+02 2.001920000000000000e-47
8.881250000000000000e+02 2.001830000000000066e-47
8.882500000000000000e+02 2.002090000000000119e-47
8.883750000000000000e+02 2.002359999999999921e-47
8.885000000000000000e+02 2.002629999999999966e-47
8.886250000000000000e+02 2.002900000000000011e-47
8.887500000000000000e+02 2.003160000000000064e-47
8.888750000000000000e+02 2.003470000000000079e-47
8.890000000000000000e+02 2.003810000000000073e-47
8.891250000000000000e+02 2.004150000000000067e-47
8.892500000000000000e+02 2.004500000000000054e-47
8.893750000000000000e+02 2.004840000000000048e-47
8.895000000000000000e+02 2.005180000000000042e-47
8.896250000000000000e+02 2.005520000000000035e-47
8.897500000000000000e+02 2.005860000000000029e-47
8.898750000000000000e+02 2.006200000000000023e-47
8.900000000000000000e+02 2.006550000000000010e-47
8.901250000000000000e+02 2.006890000000000004e-47
8.902500000000000000e+02 2.007229999999999998e-47
8.903750000000000000e+02 2.007550000000000006e-47
8.905000000000000000e+02 2.007890000000000000e-47
8.906250000000000000e+02 2.008220000000000001e-47
8.907500000000000000e+02 2.008500000000000039e-47
8.908750000000000000e+02 2.008770000000000084e-47
8.910000000000000000e+02 2.009039999999999886e-47
8.911250000000000000e+02 2.009329999999999917e-47
8.912500000000000000e+02 2.009669999999999911e-47
8.913750000000000000e+02 2.010009999999999905e-47
8.915000000000000000e+02 2.010339999999999906e-47
8.916250000000000000e+02 2.010679999999999900e-47
8.917500000000000000e+02 2.011019999999999894e-47
8.918750000000000000e+02 2.011359999999999888e-47
8.920000000000000000e+02 2.011689999999999889e-47
8.921250000000000000e+02 2.012029999999999883e-47
8.922500000000000000e+02 2.012370000000000120e-47
8.923750000000000000e+02 2.012710000000000114e-47
8.925000000000000000e+02 2.013050000000000107e-47
8.926250000000000000e+02 2.013380000000000109e-47
8.927500000000000000e+02 2.013720000000000103e-47
8.928750000000000000e+02 2.014019999999999883e-47
8.930000000000000000e+02 2.014279999999999935e-47
8.931250000000000000e+02 2.014549999999999980e-47
8.932500000000000000e+02 2.014879999999999982e-47
8.933750000000000000e+02 2.015219999999999976e-47
8.935000000000000000e+02 2.015519999999999999e-47
8.936250000000000000e+02 2.015850000000000000e-47
8.937500000000000000e+02 2.016180000000000001e-47
8.938750000000000000e+02 2.016519999999999995e-47
8.940000000000000000e+02 2.016849999999999996e-47
8.941250000000000000e+02 2.017179999999999997e-47
8.942500000000000000e+02 2.017480000000000021e-47
8.943750000000000000e+02 2.017750000000000066e-47
8.945000000000000000e+02 2.018050000000000089e-47
8.946250000000000000e+02 2.018319999999999891e-47
8.947500000000000000e+02 2.018589999999999936e-47
8.948750000000000000e+02 2.018859999999999982e-47
8.950000000000000000e+02 2.019130000000000027e-47
8.951250000000000000e+02 2.019400000000000072e-47
8.952500000000000000e+02 2.019670000000000117e-47
8.953750000000000000e+02 2.019939999999999919e-47
8.955000000000000000e+02 2.020209999999999964e-47
8.956250000000000000e+02 2.020490000000000002e-47
8.957500000000000000e+02 2.020780000000000033e-47
8.958750000000000000e+02 2.021090000000000049e-47
8.960000000000000000e+02 2.021360000000000094e-47
8.961250000000000000e+02 2.021639999999999889e-47
8.962500000000000000e+02 2.021909999999999934e-47
8.963750000000000000e+02 2.022199999999999964e-47
8.965000000000000000e+02 2.022499999999999988e-47
8.966250000000000000e+02 2.022790000000000018e-47
8.967500000000000000e+02 2.023080000000000049e-47
8.968750000000000000e+02 2.023370000000000079e-47
8.970000000000000000e+02 2.023670000000000103e-47
8.971250000000000000e+02 2.023969999999999883e-47
8.972500000000000000e+02 2.024249999999999920e-47
8.973750000000000000e+02 2.024539999999999951e-47
8.975000000000000000e+02 2.024829999999999982e-47
8.976250000000000000e+02 2.025120000000000012e-47
8.977500000000000000e+02 2.025499999999999977e-47
8.978750000000000000e+02 2.025800000000000000e-47
8.980000000000000000e+02 2.026110000000000016e-47
8.981250000000000000e+02 2.026499999999999973e-47
8.982500000000000000e+02 2.026799999999999996e-47
8.983750000000000000e+02 2.026980000000000107e-47
8.985000000000000000e+02 2.027279999999999887e-47
8.986250000000000000e+02 2.027609999999999889e-47
8.987500000000000000e+02 2.027949999999999883e-47
8.988750000000000000e+02 2.028259999999999898e-47
8.990000000000000000e+02 2.028569999999999914e-47
8.991250000000000000e+02 2.028929999999999894e-47
8.992500000000000000e+02 2.029229999999999917e-47
8.993750000000000000e+02 2.029539999999999933e-47
8.995000000000000000e+02 2.029929999999999890e-47
8.996250000000000000e+02 2.030219999999999920e-47
8.997500000000000000e+02 2.030519999999999944e-47
8.998750000000000000e+02 2.030819999999999967e-47
9.000000000000000000e+02 2.031119999999999990e-47
9.001250000000000000e+02 2.031420000000000013e-47
9.002500000000000000e+02 2.031720000000000036e-47
9.003750000000000000e+02 2.032050000000000038e-47
9.005000000000000000e+02 2.032310000000000090e-47
9.006250000000000000e+02 2.032610000000000113e-47
9.007500000000000000e+02 2.032950000000000107e-47
9.008750000000000000e+02 2.033249999999999887e-47
9.010000000000000000e+02 2.033539999999999918e-47
9.011250000000000000e+02 2.033839999999999941e-47
9.012500000000000000e+02 2.034129999999999972e-47
9.013750000000000000e+02 2.034420000000000002e-47
9.015000000000000000e+02 2.034690000000000047e-47
9.016250000000000000e+02 2.034960000000000093e-47
9.017500000000000000e+02 2.035229999999999895e-47
9.018750000000000000e+02 2.035509999999999933e-47
9.020000000000000000e+02 2.035779999999999978e-47
9.021250000000000000e+02 2.036089999999999994e-47
9.022500000000000000e+02 2.036400000000000010e-47
9.023750000000000000e+02 2.036720000000000018e-47
9.025000000000000000e+02 2.037040000000000027e-47
9.026250000000000000e+02 2.037350000000000043e-47
9.027500000000000000e+02 2.037640000000000073e-47
9.028750000000000000e+02 2.037930000000000104e-47
9.030000000000000000e+02 2.038270000000000098e-47
9.031250000000000000e+02 2.038570000000000121e-47
9.032500000000000000e+02 2.039040000000000019e-47
9.033750000000000000e+02 2.039149999999999939e-47
9.035000000000000000e+02 2.039429999999999977e-47
9.036250000000000000e+02 2.039720000000000007e-47
9.037500000000000000e+02 2.040000000000000045e-47
9.038750000000000000e+02 2.040280000000000083e-47
9.040000000000000000e+02 2.040560000000000121e-47
9.041250000000000000e+02 2.040940000000000085e-47
9.042500000000000000e+02 2.041389999999999999e-47
9.043750000000000000e+02 2.041809999999999934e-47
9.045000000000000000e+02 2.042189999999999898e-47
9.046250000000000000e+02 2.042590000000000091e-47
9.047500000000000000e+02 2.043040000000000005e-47
9.048750000000000000e+02 2.043419999999999969e-47
9.050000000000000000e+02 2.043710000000000000e-47
9.051250000000000000e+02 2.044000000000000030e-47
9.052500000000000000e+02 2.044290000000000061e-47
9.053750000000000000e+02 2.044570000000000099e-47
9.055000000000000000e+02 2.044920000000000085e-47
9.056250000000000000e+02 2.045310000000000042e-47
9.057500000000000000e+02 2.045670000000000022e-47
9.058750000000000000e+02 2.045990000000000030e-47
9.060000000000000000e+02 2.046310000000000039e-47
9.061250000000000000e+02 2.046630000000000047e-47
9.062500000000000000e+02 2.046950000000000056e-47
9.063750000000000000e+02 2.047270000000000064e-47
9.065000000000000000e+02 2.047590000000000073e-47
9.066250000000000000e+02 2.047910000000000082e-47
9.067500000000000000e+02 2.048230000000000090e-47
9.068750000000000000e+02 2.048550000000000099e-47
9.070000000000000000e+02 2.048910000000000078e-47
9.071250000000000000e+02 2.049359999999999991e-47
9.072500000000000000e+02 2.049650000000000022e-47
9.073750000000000000e+02 2.049960000000000038e-47
9.075000000000000000e+02 2.050409999999999951e-47
9.076250000000000000e+02 2.050870000000000100e-47
9.077500000000000000e+02 2.051310000000000020e-47
9.078750000000000000e+02 2.051769999999999926e-47
9.080000000000000000e+02 2.052230000000000075e-47
9.081250000000000000e+02 2.052689999999999981e-47
9.082500000000000000e+02 2.053129999999999902e-47
9.083750000000000000e+02 2.053600000000000044e-47
9.085000000000000000e+02 2.054049999999999957e-47
9.086250000000000000e+02 2.054359999999999973e-47
9.087500000000000000e+02 2.054669999999999989e-47
9.088750000000000000e+02 2.054970000000000012e-47
9.090000000000000000e+02 2.055280000000000028e-47
9.091250000000000000e+02 2.055590000000000044e-47
9.092500000000000000e+02 2.055890000000000067e-47
9.093750000000000000e+02 2.056200000000000083e-47
9.095000000000000000e+02 2.056580000000000047e-47
9.096250000000000000e+02 2.056779999999999901e-47
9.097500000000000000e+02 2.057069999999999931e-47
9.098750000000000000e+02 2.057359999999999962e-47
9.100000000000000000e+02 2.057640000000000000e-47
9.101250000000000000e+02 2.057930000000000030e-47
9.102500000000000000e+02 2.058290000000000009e-47
9.103750000000000000e+02 2.058580000000000040e-47
9.105000000000000000e+02 2.058960000000000005e-47
9.106250000000000000e+02 2.059260000000000028e-47
9.107500000000000000e+02 2.059570000000000044e-47
9.108750000000000000e+02 2.059880000000000059e-47
9.110000000000000000e+02 2.060180000000000083e-47
9.111250000000000000e+02 2.060490000000000099e-47
9.112500000000000000e+02 2.060800000000000114e-47
9.113750000000000000e+02 2.061109999999999887e-47
9.115000000000000000e+02 2.061409999999999910e-47
9.116250000000000000e+02 2.061719999999999926e-47
9.117500000000000000e+02 2.062029999999999942e-47
9.118750000000000000e+02 2.062329999999999965e-47
9.120000000000000000e+02 2.062639999999999981e-47
9.121250000000000000e+02 2.063039999999999931e-47
9.122500000000000000e+02 2.063339999999999954e-47
9.123750000000000000e+02 2.063649999999999970e-47
9.125000000000000000e+02 2.063959999999999986e-47
9.126250000000000000e+02 2.064270000000000002e-47
9.127500000000000000e+02 2.064679999999999945e-47
9.128750000000000000e+02 2.065130000000000101e-47
9.130000000000000000e+02 2.065570000000000022e-47
9.131250000000000000e+02 2.066019999999999935e-47
9.132500000000000000e+02 2.066450000000000106e-47
9.133750000000000000e+02 2.066900000000000019e-47
9.135000000000000000e+02 2.067289999999999976e-47
9.136250000000000000e+02 2.067599999999999992e-47
9.137500000000000000e+02 2.067910000000000008e-47
9.138750000000000000e+02 2.068220000000000024e-47
9.140000000000000000e+02 2.068530000000000040e-47
9.141250000000000000e+02 2.068840000000000056e-47
9.142500000000000000e+02 2.069150000000000072e-47
9.143750000000000000e+02 2.069470000000000080e-47
9.145000000000000000e+02 2.069780000000000096e-47
9.146250000000000000e+02 2.070090000000000112e-47
9.147500000000000000e+02 2.070399999999999885e-47
9.148750000000000000e+02 2.070770000000000100e-47
9.150000000000000000e+02 2.071220000000000013e-47
9.151250000000000000e+02 2.071530000000000029e-47
9.152500000000000000e+02 2.071840000000000045e-47
9.153750000000000000e+02 2.072150000000000061e-47
9.155000000000000000e+02 2.072460000000000076e-47
9.156250000000000000e+02 2.072850000000000034e-47
9.157500000000000000e+02 2.073160000000000050e-47
9.158750000000000000e+02 2.073470000000000065e-47
9.160000000000000000e+02 2.073780000000000081e-47
9.161250000000000000e+02 2.074090000000000097e-47
9.162500000000000000e+02 2.074400000000000113e-47
9.163750000000000000e+02 2.074699999999999893e-47
9.165000000000000000e+02 2.075009999999999909e-47
9.166250000000000000e+02 2.075319999999999925e-47
9.167500000000000000e+02 2.075629999999999941e-47
9.168750000000000000e+02 2.076029999999999891e-47
9.170000000000000000e+02 2.076490000000000040e-47
9.171250000000000000e+02 2.076899999999999982e-47
9.172500000000000000e+02 2.077200000000000006e-47
9.173750000000000000e+02 2.077500000000000029e-47
9.175000000000000000e+02 2.077800000000000052e-47
9.176250000000000000e+02 2.078090000000000083e-47
9.177500000000000000e+02 2.078390000000000106e-47
9.178750000000000000e+02 2.078689999999999886e-47
9.180000000000000000e+02 2.078989999999999909e-47
9.181250000000000000e+02 2.079279999999999940e-47
9.182500000000000000e+02 2.079579999999999963e-47
9.183750000000000000e+02 2.079879999999999986e-47
9.185000000000000000e+02 2.080170000000000017e-47
9.186250000000000000e+02 2.080470000000000040e-47
9.187500000000000000e+02 2.080869999999999990e-47
9.188750000000000000e+02 2.081329999999999896e-47
9.190000000000000000e+02 2.081780000000000052e-47
9.191250000000000000e+02 2.082100000000000061e-47
9.192500000000000000e+02 2.082410000000000076e-47
9.193750000000000000e+02 2.082720000000000092e-47
9.195000000000000000e+02 2.083030000000000108e-47
9.196250000000000000e+02 2.083339999999999881e-47
9.197500000000000000e+02 2.083649999999999897e-47
9.198750000000000000e+02 2.083959999999999913e-47
9.200000000000000000e+02 2.084279999999999921e-47
9.201250000000000000e+02 2.084599999999999930e-47
9.202500000000000000e+02 2.084909999999999946e-47
9.203750000000000000e+02 2.085219999999999962e-47
9.205000000000000000e+02 2.085529999999999977e-47
9.206250000000000000e+02 2.085849999999999986e-47
9.207500000000000000e+02 2.086160000000000002e-47
9.208750000000000000e+02 2.086470000000000018e-47
9.210000000000000000e+02 2.086780000000000034e-47
9.211250000000000000e+02 2.087090000000000050e-47
9.212500000000000000e+02 2.087410000000000058e-47
9.213750000000000000e+02 2.087720000000000074e-47
9.215000000000000000e+02 2.088330000000000113e-47
9.216250000000000000e+02 2.093780000000000008e-47
9.217500000000000000e+02 2.095219999999999925e-47
9.218750000000000000e+02 2.095680000000000074e-47
9.220000000000000000e+02 2.095310000000000102e-47
9.221250000000000000e+02 2.089599999999999911e-47
9.222500000000000000e+02 2.089909999999999927e-47
9.223750000000000000e+02 2.090219999999999943e-47
9.225000000000000000e+02 2.090539999999999952e-47
9.226250000000000000e+02 2.090849999999999968e-47
9.227500000000000000e+02 2.091259999999999910e-47
9.228750000000000000e+02 2.092430000000000025e-47
9.230000000000000000e+02 2.091790000000000008e-47
9.231250000000000000e+02 2.092110000000000016e-47
9.232500000000000000e+02 2.092450000000000010e-47
9.233750000000000000e+02 2.092819999999999982e-47
9.235000000000000000e+02 2.093139999999999991e-47
9.236250000000000000e+02 2.093450000000000007e-47
9.237500000000000000e+02 2.093770000000000015e-47
9.238750000000000000e+02 2.094080000000000031e-47
9.240000000000000000e+02 2.094390000000000047e-47
9.241250000000000000e+02 2.094710000000000056e-47
9.242500000000000000e+02 2.095020000000000071e-47
9.243750000000000000e+02 2.095420000000000021e-47
9.245000000000000000e+02 2.095740000000000030e-47
9.246250000000000000e+02 2.096050000000000046e-47
9.247500000000000000e+02 2.096370000000000054e-47
9.248750000000000000e+02 2.096730000000000034e-47
9.250000000000000000e+02 2.097209999999999925e-47
9.251250000000000000e+02 2.097760000000000008e-47
9.252500000000000000e+02 2.098219999999999914e-47
9.253750000000000000e+02 2.098769999999999997e-47
9.255000000000000000e+02 2.099219999999999910e-47
9.256250000000000000e+02 2.099680000000000059e-47
9.257500000000000000e+02 2.100010000000000060e-47
9.258750000000000000e+02 2.100310000000000084e-47
9.260000000000000000e+02 2.100720000000000026e-47
9.261250000000000000e+02 2.101060000000000020e-47
9.262500000000000000e+02 2.101680000000000052e-47
9.263750000000000000e+02 2.102290000000000091e-47
9.265000000000000000e+02 2.102909999999999880e-47
9.266250000000000000e+02 2.103529999999999911e-47
9.267500000000000000e+02 2.104050000000000016e-47
9.268750000000000000e+02 2.104509999999999922e-47
9.270000000000000000e+02 2.104879999999999894e-47
9.271250000000000000e+02 2.105250000000000109e-47
9.272500000000000000e+02 2.105630000000000074e-47
9.273750000000000000e+02 2.105950000000000082e-47
9.275000000000000000e+02 2.106260000000000098e-47
9.276250000000000000e+02 2.106680000000000033e-47
9.277500000000000000e+02 2.107149999999999932e-47
9.278750000000000000e+02 2.107610000000000081e-47
9.280000000000000000e+02 2.107980000000000053e-47
9.281250000000000000e+02 2.108320000000000047e-47
9.282500000000000000e+02 2.108620000000000070e-47
9.283750000000000000e+02 2.108910000000000101e-47
9.285000000000000000e+02 2.109199999999999888e-47
9.286250000000000000e+02 2.109499999999999911e-47
9.287500000000000000e+02 2.109789999999999942e-47
9.288750000000000000e+02 2.110109999999999950e-47
9.290000000000000000e+02 2.110429999999999959e-47
9.291250000000000000e+02 2.110779999999999946e-47
9.292500000000000000e+02 2.111199999999999881e-47
9.293750000000000000e+02 2.111709999999999993e-47
9.295000000000000000e+02 2.112129999999999928e-47
9.296250000000000000e+02 2.112449999999999937e-47
9.297500000000000000e+02 2.112910000000000086e-47
9.298750000000000000e+02 2.113419999999999955e-47
9.300000000000000000e+02 2.113860000000000119e-47
9.301250000000000000e+02 2.114340000000000010e-47
9.302500000000000000e+02 2.114699999999999989e-47
9.303750000000000000e+02 2.115069999999999961e-47
9.305000000000000000e+02 2.115580000000000074e-47
9.306250000000000000e+02 2.116019999999999994e-47
9.307500000000000000e+02 2.116530000000000107e-47
9.308750000000000000e+02 2.117049999999999969e-47
9.310000000000000000e+02 2.117560000000000081e-47
9.311250000000000000e+02 2.118069999999999950e-47
9.312500000000000000e+02 2.118530000000000099e-47
9.313750000000000000e+02 2.119009999999999991e-47
9.315000000000000000e+02 2.119399999999999948e-47
9.316250000000000000e+02 2.119719999999999956e-47
9.317500000000000000e+02 2.120039999999999965e-47
9.318750000000000000e+02 2.120359999999999974e-47
9.320000000000000000e+02 2.120689999999999975e-47
9.321250000000000000e+02 2.121009999999999983e-47
9.322500000000000000e+02 2.121329999999999992e-47
9.323750000000000000e+02 2.121659999999999993e-47
9.325000000000000000e+02 2.121980000000000002e-47
9.326250000000000000e+02 2.122310000000000003e-47
9.327500000000000000e+02 2.122630000000000011e-47
9.328750000000000000e+02 2.122950000000000020e-47
9.330000000000000000e+02 2.123280000000000021e-47
9.331250000000000000e+02 2.123600000000000030e-47
9.332500000000000000e+02 2.123920000000000038e-47
9.333750000000000000e+02 2.124250000000000039e-47
9.335000000000000000e+02 2.124570000000000048e-47
9.336250000000000000e+02 2.124900000000000049e-47
9.337500000000000000e+02 2.125220000000000058e-47
9.338750000000000000e+02 2.125550000000000059e-47
9.340000000000000000e+02 2.125870000000000068e-47
9.341250000000000000e+02 2.126200000000000069e-47
9.342500000000000000e+02 2.126520000000000077e-47
9.343750000000000000e+02 2.126850000000000079e-47
9.345000000000000000e+02 2.127170000000000087e-47
9.346250000000000000e+02 2.127500000000000088e-47
9.347500000000000000e+02 2.127820000000000097e-47
9.348750000000000000e+02 2.128150000000000098e-47
9.350000000000000000e+02 2.128470000000000107e-47
9.351250000000000000e+02 2.128800000000000108e-47
9.352500000000000000e+02 2.129120000000000116e-47
9.353750000000000000e+02 2.129450000000000118e-47
9.355000000000000000e+02 2.129769999999999883e-47
9.356250000000000000e+02 2.130130000000000105e-47
9.357500000000000000e+02 2.130570000000000026e-47
9.358750000000000000e+02 2.130910000000000020e-47
9.360000000000000000e+02 2.131309999999999970e-47
9.361250000000000000e+02 2.131659999999999956e-47
9.362500000000000000e+02 2.132069999999999899e-47
9.363750000000000000e+02 2.132699999999999923e-47
9.365000000000000000e+02 2.133049999999999910e-47
9.366250000000000000e+02 2.133369999999999918e-47
9.367500000000000000e+02 2.133699999999999920e-47
9.368750000000000000e+02 2.134019999999999928e-47
9.370000000000000000e+02 2.134339999999999937e-47
9.371250000000000000e+02 2.134659999999999945e-47
9.372500000000000000e+02 2.134989999999999947e-47
9.373750000000000000e+02 2.135309999999999955e-47
9.375000000000000000e+02 2.135629999999999964e-47
9.376250000000000000e+02 2.136009999999999928e-47
9.377500000000000000e+02 2.136339999999999929e-47
9.378750000000000000e+02 2.136659999999999938e-47
9.380000000000000000e+02 2.136989999999999939e-47
9.381250000000000000e+02 2.137309999999999948e-47
9.382500000000000000e+02 2.137629999999999956e-47
9.383750000000000000e+02 2.137959999999999958e-47
9.385000000000000000e+02 2.138279999999999966e-47
9.386250000000000000e+02 2.138609999999999967e-47
9.387500000000000000e+02 2.138929999999999976e-47
9.388750000000000000e+02 2.139249999999999984e-47
9.390000000000000000e+02 2.139579999999999986e-47
9.391250000000000000e+02 2.139899999999999994e-47
9.392500000000000000e+02 2.140229999999999995e-47
9.393750000000000000e+02 2.140550000000000004e-47
9.395000000000000000e+02 2.140880000000000005e-47
9.396250000000000000e+02 2.141200000000000014e-47
9.397500000000000000e+02 2.141629999999999942e-47
9.398750000000000000e+02 2.142170000000000032e-47
9.400000000000000000e+02 2.142730000000000108e-47
9.401250000000000000e+02 2.143279999999999948e-47
9.402500000000000000e+02 2.143780000000000067e-47
9.403750000000000000e+02 2.144100000000000076e-47
9.405000000000000000e+02 2.144539999999999997e-47
9.406250000000000000e+02 2.145100000000000072e-47
9.407500000000000000e+02 2.145619999999999934e-47
9.408750000000000000e+02 2.145949999999999935e-47
9.410000000000000000e+02 2.146279999999999937e-47
9.411250000000000000e+02 2.146599999999999945e-47
9.412500000000000000e+02 2.147030000000000116e-47
9.413750000000000000e+02 2.147460000000000044e-47
9.415000000000000000e+02 2.147830000000000016e-47
9.416250000000000000e+02 2.148160000000000017e-47
9.417500000000000000e+02 2.148480000000000026e-47
9.418750000000000000e+02 2.148810000000000027e-47
9.420000000000000000e+02 2.149130000000000036e-47
9.421250000000000000e+02 2.149450000000000044e-47
9.422500000000000000e+02 2.149780000000000045e-47
9.423750000000000000e+02 2.150100000000000054e-47
9.425000000000000000e+02 2.150430000000000055e-47
9.426250000000000000e+02 2.150750000000000064e-47
9.427500000000000000e+02 2.151080000000000065e-47
9.428750000000000000e+02 2.151400000000000073e-47
9.430000000000000000e+02 2.151730000000000075e-47
9.431250000000000000e+02 2.152050000000000083e-47
9.432500000000000000e+02 2.152380000000000084e-47
9.433750000000000000e+02 2.152700000000000093e-47
9.435000000000000000e+02 2.153030000000000094e-47
9.436250000000000000e+02 2.153360000000000095e-47
9.437500000000000000e+02 2.153680000000000104e-47
9.438750000000000000e+02 2.154010000000000105e-47
9.440000000000000000e+02 2.154330000000000114e-47
9.441250000000000000e+02 2.154660000000000115e-47
9.442500000000000000e+02 2.154990000000000116e-47
9.443750000000000000e+02 2.155309999999999882e-47
9.445000000000000000e+02 2.158020000000000083e-47
9.446250000000000000e+02 2.155969999999999884e-47
9.447500000000000000e+02 2.156289999999999893e-47
9.448750000000000000e+02 2.156619999999999894e-47
9.450000000000000000e+02 2.156949999999999895e-47
9.451250000000000000e+02 2.157320000000000110e-47
9.452500000000000000e+02 2.157730000000000053e-47
9.453750000000000000e+02 2.158149999999999988e-47
9.455000000000000000e+02 2.158569999999999923e-47
9.456250000000000000e+02 2.158990000000000102e-47
9.457500000000000000e+02 2.159410000000000037e-47
9.458750000000000000e+02 2.159829999999999972e-47
9.460000000000000000e+02 2.160249999999999907e-47
9.461250000000000000e+02 2.160670000000000086e-47
9.462500000000000000e+02 2.161090000000000021e-47
9.463750000000000000e+02 2.161509999999999956e-47
9.465000000000000000e+02 2.161929999999999891e-47
9.466250000000000000e+02 2.162360000000000062e-47
9.467500000000000000e+02 2.162789999999999990e-47
9.468750000000000000e+02 2.163300000000000103e-47
9.470000000000000000e+02 2.163809999999999972e-47
9.471250000000000000e+02 2.164330000000000077e-47
9.472500000000000000e+02 2.164839999999999946e-47
9.473750000000000000e+02 2.165320000000000081e-47
9.475000000000000000e+02 2.165760000000000001e-47
9.476250000000000000e+02 2.166189999999999929e-47
9.477500000000000000e+02 2.166630000000000093e-47
9.478750000000000000e+02 2.167070000000000014e-47
9.480000000000000000e+02 2.167509999999999934e-47
9.481250000000000000e+02 2.167950000000000098e-47
9.482500000000000000e+02 2.168390000000000018e-47
9.483750000000000000e+02 2.168829999999999939e-47
9.485000000000000000e+02 2.169260000000000110e-47
9.486250000000000000e+02 2.169700000000000031e-47
9.487500000000000000e+02 2.170139999999999951e-47
9.488750000000000000e+02 2.170580000000000115e-47
9.490000000000000000e+02 2.171020000000000035e-47
9.491250000000000000e+02 2.171459999999999956e-47
9.492500000000000000e+02 2.171859999999999906e-47
9.493750000000000000e+02 2.172129999999999951e-47
9.495000000000000000e+02 2.172390000000000004e-47
9.496250000000000000e+02 2.172640000000000064e-47
9.497500000000000000e+02 2.172900000000000116e-47
9.498750000000000000e+02 2.173149999999999933e-47
9.500000000000000000e+02 2.173409999999999985e-47
9.501250000000000000e+02 2.173660000000000045e-47
9.502500000000000000e+02 2.173920000000000098e-47
9.503750000000000000e+02 2.174189999999999900e-47
9.505000000000000000e+02 2.174449999999999952e-47
9.506250000000000000e+02 2.174700000000000012e-47
9.507500000000000000e+02 2.174950000000000072e-47
9.508750000000000000e+02 2.175209999999999882e-47
9.510000000000000000e+02 2.175580000000000097e-47
9.511250000000000000e+02 2.175970000000000054e-47
9.512500000000000000e+02 2.176370000000000004e-47
9.513750000000000000e+02 2.176759999999999961e-47
9.515000000000000000e+02 2.177159999999999911e-47
9.516250000000000000e+02 2.177560000000000104e-47
9.517500000000000000e+02 2.177950000000000061e-47
9.518750000000000000e+02 2.178350000000000011e-47
9.520000000000000000e+02 2.178819999999999910e-47
9.521250000000000000e+02 2.179300000000000044e-47
9.522500000000000000e+02 2.179749999999999957e-47
9.523750000000000000e+02 2.180190000000000121e-47
9.525000000000000000e+02 2.180640000000000034e-47
9.526250000000000000e+02 2.181079999999999955e-47
9.527500000000000000e+02 2.181530000000000111e-47
9.528750000000000000e+02 2.181970000000000032e-47
9.530000000000000000e+02 2.182419999999999945e-47
9.531250000000000000e+02 2.182870000000000101e-47
9.532500000000000000e+02 2.183310000000000022e-47
9.533750000000000000e+02 2.183759999999999935e-47
9.535000000000000000e+02 2.184210000000000092e-47
9.536250000000000000e+02 2.184660000000000005e-47
9.537500000000000000e+02 2.185109999999999918e-47
9.538750000000000000e+02 2.185560000000000074e-47
9.540000000000000000e+02 2.185980000000000010e-47
9.541250000000000000e+02 2.186349999999999982e-47
9.542500000000000000e+02 2.186729999999999946e-47
9.543750000000000000e+02 2.187099999999999918e-47
9.545000000000000000e+02 2.187469999999999890e-47
9.546250000000000000e+02 2.187840000000000105e-47
9.547500000000000000e+02 2.188210000000000077e-47
9.548750000000000000e+02 2.188580000000000049e-47
9.550000000000000000e+02 2.188960000000000013e-47
9.551250000000000000e+02 2.189329999999999985e-47
9.552500000000000000e+02 2.189699999999999957e-47
9.553750000000000000e+02 2.190069999999999929e-47
9.555000000000000000e+02 2.190439999999999901e-47
9.556250000000000000e+02 2.190809999999999873e-47
9.557500000000000000e+02 2.191190000000000081e-47
9.558750000000000000e+02 2.191560000000000052e-47
9.560000000000000000e+02 2.191930000000000024e-47
9.561250000000000000e+02 2.192299999999999996e-47
9.562500000000000000e+02 2.192669999999999968e-47
9.563750000000000000e+02 2.193050000000000176e-47
9.565000000000000000e+02 2.193420000000000148e-47
9.566250000000000000e+02 2.193790000000000120e-47
9.567500000000000000e+02 2.194160000000000091e-47
9.568750000000000000e+02 2.194539999999999813e-47
9.570000000000000000e+02 2.194909999999999785e-47
9.571250000000000000e+02 2.195280000000000243e-47
9.572500000000000000e+02 2.195650000000000215e-47
9.573750000000000000e+02 2.196029999999999936e-47
9.575000000000000000e+02 2.196399999999999908e-47
9.576250000000000000e+02 2.196780000000000116e-47
9.577500000000000000e+02 2.197150000000000088e-47
9.578750000000000000e+02 2.197529999999999809e-47
9.580000000000000000e+02 2.197899999999999781e-47
9.581250000000000000e+02 2.198290000000000225e-47
9.582500000000000000e+02 2.198829999999999829e-47
9.583750000000000000e+02 2.199380000000000155e-47
9.585000000000000000e+02 2.199940000000000231e-47
9.586250000000000000e+02 2.200490000000000071e-47
9.587500000000000000e+02 2.201039999999999911e-47
9.588750000000000000e+02 2.201590000000000237e-47
9.590000000000000000e+02 2.201969999999999958e-47
9.591250000000000000e+02 2.202339999999999930e-47
9.592500000000000000e+02 2.202720000000000138e-47
9.593750000000000000e+02 2.203090000000000110e-47
9.595000000000000000e+02 2.203469999999999831e-47
9.596250000000000000e+02 2.203839999999999803e-47
9.597500000000000000e+02 2.204220000000000011e-47
9.598750000000000000e+02 2.204589999999999983e-47
9.600000000000000000e+02 2.204959999999999955e-47
9.601250000000000000e+02 2.205340000000000162e-47
9.602500000000000000e+02 2.205710000000000134e-47
9.603750000000000000e+02 2.206089999999999856e-47
9.605000000000000000e+02 2.206459999999999828e-47
9.606250000000000000e+02 2.206840000000000035e-47
9.607500000000000000e+02 2.207220000000000243e-47
9.608750000000000000e+02 2.207590000000000215e-47
9.610000000000000000e+02 2.207969999999999936e-47
9.611250000000000000e+02 2.208339999999999908e-47
9.612500000000000000e+02 2.208720000000000116e-47
9.613750000000000000e+02 2.209090000000000088e-47
9.615000000000000000e+02 2.209469999999999809e-47
9.616250000000000000e+02 2.209850000000000017e-47
9.617500000000000000e+02 2.210219999999999989e-47
9.618750000000000000e+02 2.210640000000000167e-47
9.620000000000000000e+02 2.211190000000000007e-47
9.621250000000000000e+02 2.211759999999999832e-47
9.622500000000000000e+02 2.212339999999999893e-47
9.623750000000000000e+02 2.212829999999999777e-47
9.625000000000000000e+02 2.213289999999999926e-47
9.626250000000000000e+02 2.213869999999999988e-47
9.627500000000000000e+02 2.214450000000000049e-47
9.628750000000000000e+02 2.215030000000000110e-47
9.630000000000000000e+02 2.215610000000000171e-47
9.631250000000000000e+02 2.216190000000000232e-47
9.632500000000000000e+02 2.216780000000000042e-47
9.633750000000000000e+02 2.217300000000000148e-47
9.635000000000000000e+02 2.217670000000000119e-47
9.636250000000000000e+02 2.218009999999999870e-47
9.637500000000000000e+02 2.218540000000000211e-47
9.638750000000000000e+02 2.219130000000000022e-47
9.640000000000000000e+02 2.219719999999999832e-47
9.641250000000000000e+02 2.220270000000000158e-47
9.642500000000000000e+02 2.220720000000000072e-47
9.643750000000000000e+02 2.221119999999999779e-47
9.645000000000000000e+02 2.221420000000000045e-47
9.646250000000000000e+02 2.221730000000000061e-47
9.647500000000000000e+02 2.222029999999999841e-47
9.648750000000000000e+02 2.222410000000000049e-47
9.650000000000000000e+02 2.222720000000000064e-47
9.651250000000000000e+02 2.223099999999999786e-47
9.652500000000000000e+02 2.223400000000000052e-47
9.653750000000000000e+02 2.223699999999999832e-47
9.655000000000000000e+02 2.224000000000000099e-47
9.656250000000000000e+02 2.224310000000000114e-47
9.657500000000000000e+02 2.224609999999999895e-47
9.658750000000000000e+02 2.224910000000000161e-47
9.660000000000000000e+02 2.225220000000000177e-47
9.661250000000000000e+02 2.225530000000000193e-47
9.662500000000000000e+02 2.225829999999999973e-47
9.663750000000000000e+02 2.226139999999999989e-47
9.665000000000000000e+02 2.226439999999999769e-47
9.666250000000000000e+02 2.226749999999999785e-47
9.667500000000000000e+02 2.227050000000000051e-47
9.668750000000000000e+02 2.227360000000000067e-47
9.670000000000000000e+02 2.227659999999999847e-47
9.671250000000000000e+02 2.227969999999999863e-47
9.672500000000000000e+02 2.228279999999999879e-47
9.673750000000000000e+02 2.228580000000000145e-47
9.675000000000000000e+02 2.228890000000000161e-47
9.676250000000000000e+02 2.229200000000000177e-47
9.677500000000000000e+02 2.229510000000000193e-47
9.678750000000000000e+02 2.229820000000000208e-47
9.680000000000000000e+02 2.230130000000000224e-47
9.681250000000000000e+02 2.230440000000000240e-47
9.682500000000000000e+02 2.230749999999999770e-47
9.683750000000000000e+02 2.231059999999999786e-47
9.685000000000000000e+02 2.231369999999999802e-47
9.686250000000000000e+02 2.231679999999999818e-47
9.687500000000000000e+02 2.231989999999999833e-47
9.688750000000000000e+02 2.232299999999999849e-47
9.690000000000000000e+02 2.232609999999999865e-47
9.691250000000000000e+02 2.232930000000000117e-47
9.692500000000000000e+02 2.233240000000000133e-47
9.693750000000000000e+02 2.233550000000000149e-47
9.695000000000000000e+02 2.233869999999999914e-47
9.696250000000000000e+02 2.234179999999999930e-47
9.697500000000000000e+02 2.234529999999999917e-47
9.698750000000000000e+02 2.234919999999999874e-47
9.700000000000000000e+02 2.235300000000000081e-47
9.701250000000000000e+02 2.235690000000000039e-47
9.702500000000000000e+02 2.236069999999999760e-47
9.703750000000000000e+02 2.236460000000000204e-47
9.705000000000000000e+02 2.236819999999999940e-47
9.706250000000000000e+02 2.237169999999999926e-47
9.707500000000000000e+02 2.237519999999999913e-47
9.708750000000000000e+02 2.237860000000000150e-47
9.710000000000000000e+02 2.238210000000000136e-47
9.711250000000000000e+02 2.238560000000000123e-47
9.712500000000000000e+02 2.238910000000000109e-47
9.713750000000000000e+02 2.239260000000000096e-47
9.715000000000000000e+02 2.239619999999999832e-47
9.716250000000000000e+02 2.239969999999999819e-47
9.717500000000000000e+02 2.240319999999999805e-47
9.718750000000000000e+02 2.240669999999999792e-47
9.720000000000000000e+02 2.241019999999999778e-47
9.721250000000000000e+02 2.241430000000000207e-47
9.722500000000000000e+02 2.242090000000000210e-47
9.723750000000000000e+02 2.242640000000000050e-47
9.725000000000000000e+02 2.243030000000000007e-47
9.726250000000000000e+02 2.243379999999999993e-47
9.727500000000000000e+02 2.243729999999999980e-47
9.728750000000000000e+02 2.244090000000000202e-47
9.730000000000000000e+02 2.244440000000000189e-47
9.731250000000000000e+02 2.244790000000000175e-47
9.732500000000000000e+02 2.245140000000000162e-47
9.733750000000000000e+02 2.245490000000000149e-47
9.735000000000000000e+02 2.245840000000000135e-47
9.736250000000000000e+02 2.246199999999999871e-47
9.737500000000000000e+02 2.246549999999999858e-47
9.738750000000000000e+02 2.246910000000000080e-47
9.740000000000000000e+02 2.247260000000000067e-47
9.741250000000000000e+02 2.247610000000000053e-47
9.742500000000000000e+02 2.247969999999999789e-47
9.743750000000000000e+02 2.248349999999999997e-47
9.745000000000000000e+02 2.248739999999999954e-47
9.746250000000000000e+02 2.249140000000000147e-47
9.747500000000000000e+02 2.249530000000000105e-47
9.748750000000000000e+02 2.249920000000000062e-47
9.750000000000000000e+02 2.250319999999999769e-47
9.751250000000000000e+02 2.250710000000000212e-47
9.752500000000000000e+02 2.251109999999999919e-47
9.753750000000000000e+02 2.251499999999999876e-47
9.755000000000000000e+02 2.251900000000000069e-47
9.756250000000000000e+02 2.252290000000000026e-47
9.757500000000000000e+02 2.252690000000000219e-47
9.758750000000000000e+02 2.253080000000000177e-47
9.760000000000000000e+02 2.253479999999999883e-47
9.761250000000000000e+02 2.253880000000000076e-47
9.762500000000000000e+02 2.254270000000000034e-47
9.763750000000000000e+02 2.254670000000000227e-47
9.765000000000000000e+02 2.255069999999999933e-47
9.766250000000000000e+02 2.255470000000000126e-47
9.767500000000000000e+02 2.259189999999999831e-47
9.768750000000000000e+02 2.260199999999999820e-47
9.770000000000000000e+02 2.260549999999999806e-47
9.771250000000000000e+02 2.257060000000000177e-47
9.772500000000000000e+02 2.257430000000000148e-47
9.773750000000000000e+02 2.257800000000000120e-47
9.775000000000000000e+02 2.258170000000000092e-47
9.776250000000000000e+02 2.258540000000000064e-47
9.777500000000000000e+02 2.258910000000000036e-47
9.778750000000000000e+02 2.259280000000000008e-47
9.780000000000000000e+02 2.259660000000000216e-47
9.781250000000000000e+02 2.260030000000000188e-47
9.782500000000000000e+02 2.260409999999999909e-47
9.783750000000000000e+02 2.260779999999999881e-47
9.785000000000000000e+02 2.261160000000000089e-47
9.786250000000000000e+02 2.261530000000000060e-47
9.787500000000000000e+02 2.261909999999999782e-47
9.788750000000000000e+02 2.262289999999999990e-47
9.790000000000000000e+02 2.262670000000000197e-47
9.791250000000000000e+02 2.263049999999999919e-47
9.792500000000000000e+02 2.263430000000000126e-47
9.793750000000000000e+02 2.263809999999999848e-47
9.795000000000000000e+02 2.264219999999999790e-47
9.796250000000000000e+02 2.264630000000000219e-47
9.797500000000000000e+02 2.265040000000000162e-47
9.798750000000000000e+02 2.265450000000000104e-47
9.800000000000000000e+02 2.265860000000000047e-47
9.801250000000000000e+02 2.266269999999999990e-47
9.802500000000000000e+02 2.266690000000000168e-47
9.803750000000000000e+02 2.267100000000000111e-47
9.805000000000000000e+02 2.267519999999999803e-47
9.806250000000000000e+02 2.267930000000000231e-47
9.807500000000000000e+02 2.268349999999999924e-47
9.808750000000000000e+02 2.268770000000000102e-47
9.810000000000000000e+02 2.269189999999999794e-47
9.811250000000000000e+02 2.269609999999999972e-47
9.812500000000000000e+02 2.270039999999999900e-47
9.813750000000000000e+02 2.270989999999999933e-47
9.815000000000000000e+02 2.270879999999999771e-47
9.816250000000000000e+02 2.271299999999999949e-47
9.817500000000000000e+02 2.271720000000000128e-47
9.818750000000000000e+02 2.272150000000000055e-47
9.820000000000000000e+02 2.272579999999999983e-47
9.821250000000000000e+02 2.273009999999999911e-47
9.822500000000000000e+02 2.273439999999999839e-47
9.823750000000000000e+02 2.273869999999999767e-47
9.825000000000000000e+02 2.274300000000000181e-47
9.826250000000000000e+02 2.274739999999999859e-47
9.827500000000000000e+02 2.275169999999999787e-47
9.828750000000000000e+02 2.275609999999999950e-47
9.830000000000000000e+02 2.276050000000000114e-47
9.831250000000000000e+02 2.276500000000000027e-47
9.832500000000000000e+02 2.276940000000000191e-47
9.833750000000000000e+02 2.277390000000000104e-47
9.835000000000000000e+02 2.277840000000000018e-47
9.836250000000000000e+02 2.278289999999999931e-47
9.837500000000000000e+02 2.278739999999999844e-47
9.838750000000000000e+02 2.279189999999999757e-47
9.840000000000000000e+02 2.279640000000000157e-47
9.841250000000000000e+02 2.280099999999999820e-47
9.842500000000000000e+02 2.281410000000000075e-47
9.843750000000000000e+02 2.281100000000000059e-47
9.845000000000000000e+02 2.281680000000000120e-47
9.846250000000000000e+02 2.282249999999999945e-47
9.847500000000000000e+02 2.283149999999999772e-47
9.848750000000000000e+02 2.283410000000000068e-47
9.850000000000000000e+02 2.283999999999999878e-47
9.851250000000000000e+02 2.284590000000000175e-47
9.852500000000000000e+02 2.285179999999999986e-47
9.853750000000000000e+02 2.285649999999999884e-47
9.855000000000000000e+02 2.286050000000000077e-47
9.856250000000000000e+02 2.286420000000000049e-47
9.857500000000000000e+02 2.286810000000000007e-47
9.858750000000000000e+02 2.287109999999999787e-47
9.860000000000000000e+02 2.287609999999999906e-47
9.861250000000000000e+02 2.288220000000000189e-47
9.862500000000000000e+02 2.288849999999999970e-47
9.863750000000000000e+02 2.289410000000000046e-47
9.865000000000000000e+02 2.289939999999999900e-47
9.866250000000000000e+02 2.290479999999999991e-47
9.867500000000000000e+02 2.291529999999999950e-47
9.868750000000000000e+02 2.292090000000000026e-47
9.870000000000000000e+02 2.292409999999999791e-47
9.871250000000000000e+02 2.293089999999999779e-47
9.872500000000000000e+02 2.293780000000000003e-47
9.873750000000000000e+02 2.294389999999999799e-47
9.875000000000000000e+02 2.294980000000000096e-47
9.876250000000000000e+02 2.295600000000000127e-47
9.877500000000000000e+02 2.296220000000000159e-47
9.878750000000000000e+02 2.296860000000000176e-47
9.880000000000000000e+02 2.297509999999999943e-47
9.881250000000000000e+02 2.298389999999999784e-47
9.882500000000000000e+02 2.300479999999999954e-47
9.883750000000000000e+02 2.301299999999999839e-47
9.885000000000000000e+02 2.302400000000000005e-47
9.886250000000000000e+02 2.303330000000000053e-47
9.887500000000000000e+02 2.304410000000000234e-47
9.888750000000000000e+02 2.305529999999999899e-47
9.890000000000000000e+02 2.307210000000000126e-47
9.891250000000000000e+02 2.309420000000000208e-47
9.892500000000000000e+02 2.312450000000000175e-47
9.893750000000000000e+02 2.316169999999999879e-47
9.895000000000000000e+02 2.319629999999999774e-47
9.896250000000000000e+02 2.322519999999999844e-47
9.897500000000000000e+02 2.323899999999999805e-47
9.898750000000000000e+02 2.327879999999999805e-47
9.900000000000000000e+02 2.332419999999999880e-47
9.901250000000000000e+02 2.337440000000000090e-47
9.902500000000000000e+02 2.340459999999999822e-47
9.903750000000000000e+02 2.345440000000000061e-47
9.905000000000000000e+02 2.351030000000000096e-47
9.906250000000000000e+02 2.357539999999999944e-47
9.907500000000000000e+02 2.363650000000000084e-47
9.908750000000000000e+02 2.369030000000000030e-47
9.910000000000000000e+02 2.374939999999999831e-47
9.911250000000000000e+02 2.380859999999999868e-47
9.912500000000000000e+02 2.387029999999999964e-47
9.913750000000000000e+02 2.393510000000000077e-47
9.915000000000000000e+02 2.400019999999999924e-47
9.916250000000000000e+02 2.404540000000000014e-47
9.917500000000000000e+02 2.407720000000000114e-47
9.918750000000000000e+02 2.411549999999999981e-47
9.920000000000000000e+02 2.415760000000000056e-47
9.921250000000000000e+02 2.420039999999999836e-47
9.922500000000000000e+02 2.424519999999999955e-47
9.923750000000000000e+02 2.429370000000000047e-47
9.925000000000000000e+02 2.435060000000000009e-47
9.926250000000000000e+02 2.441700000000000004e-47
9.927500000000000000e+02 2.449190000000000106e-47
9.928750000000000000e+02 2.457429999999999900e-47
9.930000000000000000e+02 2.466829999999999817e-47
9.931250000000000000e+02 2.477630000000000166e-47
9.932500000000000000e+02 2.489630000000000122e-47
9.933750000000000000e+02 2.500549999999999897e-47
9.935000000000000000e+02 2.514279999999999801e-47
9.936250000000000000e+02 2.530870000000000039e-47
9.937500000000000000e+02 2.547609999999999924e-47
9.938750000000000000e+02 2.568670000000000046e-47
9.940000000000000000e+02 2.590780000000000128e-47
9.941250000000000000e+02 2.613539999999999976e-47
9.942500000000000000e+02 2.644250000000000075e-47
9.943750000000000000e+02 2.687120000000000012e-47
9.945000000000000000e+02 2.726950000000000233e-47
9.946250000000000000e+02 2.779289999999999793e-47
9.947500000000000000e+02 2.856499999999999842e-47
9.948750000000000000e+02 2.943669999999999884e-47
9.950000000000000000e+02 3.050380000000000190e-47
9.951250000000000000e+02 3.179869999999999844e-47
9.952500000000000000e+02 3.365600000000000088e-47
9.953750000000000000e+02 3.662840000000000037e-47
9.955000000000000000e+02 4.161540000000000126e-47
9.956250000000000000e+02 5.084979999999999574e-47
9.957500000000000000e+02 7.115070000000000076e-47
9.958750000000000000e+02 1.296729999999999908e-46
9.960000000000000000e+02 4.809780000000000002e-46
9.961250000000000000e+02 4.694630000000000300e-44
9.962500000000000000e+02 3.353670000000000051e-45
9.963750000000000000e+02 6.460830000000000410e-44
9.965000000000000000e+02 1.001889999999999989e-45
9.966250000000000000e+02 2.175009999999999882e-46
9.967500000000000000e+02 1.021230000000000069e-46
9.968750000000000000e+02 6.586729999999999833e-47
9.970000000000000000e+02 5.012859999999999927e-47
9.971250000000000000e+02 4.210979999999999867e-47
9.972500000000000000e+02 3.747799999999999997e-47
9.973750000000000000e+02 3.442380000000000209e-47
9.975000000000000000e+02 3.238929999999999826e-47
9.976250000000000000e+02 3.104200000000000124e-47
9.977500000000000000e+02 3.009559999999999966e-47
9.978750000000000000e+02 2.934050000000000129e-47
9.980000000000000000e+02 2.874930000000000190e-47
9.981250000000000000e+02 2.819480000000000236e-47
9.982500000000000000e+02 2.776440000000000180e-47
9.983750000000000000e+02 2.740120000000000061e-47
9.985000000000000000e+02 2.706809999999999923e-47
9.986250000000000000e+02 2.676249999999999957e-47
9.987500000000000000e+02 2.651579999999999807e-47
9.988750000000000000e+02 2.637280000000000078e-47
9.990000000000000000e+02 2.625090000000000019e-47
9.991250000000000000e+02 2.612379999999999854e-47
9.992500000000000000e+02 2.602180000000000037e-47
9.993750000000000000e+02 2.597799999999999844e-47
9.995000000000000000e+02 2.587839999999999852e-47
9.996250000000000000e+02 2.584160000000000118e-47
9.997500000000000000e+02 2.584359999999999971e-47
9.998750000000000000e+02 2.585730000000000183e-47
1.000000000000000000e+03 2.583770000000000161e-47
1.000120000000000005e+03 2.582240000000000067e-47
1.000250000000000000e+03 2.585110000000000151e-47
1.000379999999999995e+03 2.587810000000000117e-47
1.000500000000000000e+03 2.592180000000000074e-47
1.000620000000000005e+03 2.594299999999999979e-47
1.000750000000000000e+03 2.599830000000000058e-47
1.000879999999999995e+03 2.603500000000000042e-47
1.001000000000000000e+03 2.609019999999999886e-47
1.001120000000000005e+03 2.614970000000000143e-47
1.001250000000000000e+03 2.623349999999999835e-47
1.001379999999999995e+03 2.634770000000000217e-47
1.001500000000000000e+03 2.646649999999999774e-47
1.001620000000000005e+03 2.664139999999999839e-47
1.001750000000000000e+03 2.686169999999999979e-47
1.001879999999999995e+03 2.707389999999999984e-47
1.002000000000000000e+03 2.737030000000000138e-47
1.002120000000000005e+03 2.771379999999999999e-47
1.002250000000000000e+03 2.808579999999999960e-47
1.002379999999999995e+03 2.850120000000000143e-47
1.002500000000000000e+03 2.897639999999999832e-47
1.002620000000000005e+03 2.954880000000000176e-47
1.002750000000000000e+03 3.018910000000000162e-47
1.002879999999999995e+03 3.096490000000000184e-47
1.003000000000000000e+03 3.196090000000000110e-47
1.003120000000000005e+03 3.328560000000000010e-47
1.003250000000000000e+03 3.485999999999999840e-47
1.003379999999999995e+03 3.701929999999999828e-47
1.003500000000000000e+03 3.976230000000000060e-47
1.003620000000000005e+03 4.375379999999999944e-47
1.003750000000000000e+03 4.942170000000000446e-47
1.003879999999999995e+03 5.795009999999999619e-47
1.004000000000000000e+03 7.165019999999999686e-47
1.004120000000000005e+03 9.541210000000000789e-47
1.004250000000000000e+03 1.421089999999999967e-46
1.004379999999999995e+03 2.585019999999999974e-46
1.004500000000000000e+03 6.816419999999999848e-46
1.004620000000000005e+03 4.202520000000000117e-45
1.004750000000000000e+03 2.484029999999999929e-45
1.004879999999999995e+03 5.049919999999999893e-46
1.005000000000000000e+03 2.156089999999999942e-46
1.005120000000000005e+03 1.262209999999999928e-46
1.005250000000000000e+03 8.755069999999999888e-47
1.005379999999999995e+03 6.735110000000000470e-47
1.005500000000000000e+03 5.571149999999999853e-47
1.005620000000000005e+03 4.849439999999999618e-47
1.005750000000000000e+03 4.346489999999999970e-47
1.005879999999999995e+03 4.006460000000000025e-47
1.006000000000000000e+03 3.764100000000000205e-47
1.006120000000000005e+03 3.585570000000000031e-47
1.006250000000000000e+03 3.457510000000000059e-47
1.006379999999999995e+03 3.359239999999999888e-47
1.006500000000000000e+03 3.316529999999999833e-47
1.006620000000000005e+03 3.282879999999999944e-47
1.006750000000000000e+03 3.270970000000000165e-47
1.006879999999999995e+03 3.321900000000000030e-47
1.007000000000000000e+03 3.539849999999999995e-47
1.007120000000000005e+03 4.197389999999999861e-47
1.007250000000000000e+03 5.359189999999999630e-47
1.007379999999999995e+03 7.188600000000000392e-47
1.007500000000000000e+03 1.029599999999999914e-46
1.007620000000000005e+03 1.561540000000000047e-46
1.007750000000000000e+03 2.535220000000000108e-46
1.007879999999999995e+03 4.310259999999999735e-46
1.008000000000000000e+03 8.979449999999999857e-46
1.008120000000000005e+03 2.979939999999999700e-45
1.008250000000000000e+03 1.751350000000000113e-44
1.008379999999999995e+03 7.880429999999999541e-45
1.008500000000000000e+03 4.249889999999999887e-45
1.008620000000000005e+03 3.762929999999999827e-45
1.008750000000000000e+03 3.951009999999999895e-45
1.008879999999999995e+03 4.264009999999999922e-45
1.009000000000000000e+03 4.562009999999999859e-45
1.009120000000000005e+03 4.860540000000000253e-45
1.009250000000000000e+03 5.354170000000000023e-45
1.009379999999999995e+03 6.447020000000000320e-45
1.009500000000000000e+03 1.177559999999999882e-44
1.009620000000000005e+03 2.974529999999999836e-43
1.009750000000000000e+03 1.348280000000000119e-44
1.009879999999999995e+03 5.405249999999999884e-45
1.010000000000000000e+03 4.071260000000000156e-45
1.010120000000000005e+03 3.479330000000000227e-45
1.010250000000000000e+03 3.232240000000000169e-45
1.010379999999999995e+03 3.250249999999999911e-45
1.010500000000000000e+03 3.537000000000000246e-45
1.010620000000000005e+03 4.914879999999999922e-45
1.010750000000000000e+03 9.161239999999999955e-45
1.010879999999999995e+03 1.387709999999999878e-44
1.011000000000000000e+03 5.475100000000000213e-45
1.011120000000000005e+03 2.146159999999999957e-45
1.011250000000000000e+03 1.042079999999999946e-45
1.011379999999999995e+03 6.234050000000000263e-46
1.011500000000000000e+03 4.349869999999999826e-46
1.011620000000000005e+03 3.292840000000000131e-46
1.011750000000000000e+03 2.754319999999999863e-46
1.011879999999999995e+03 2.455599999999999832e-46
1.012000000000000000e+03 2.435750000000000038e-46
1.012120000000000005e+03 2.939719999999999911e-46
1.012250000000000000e+03 4.779270000000000340e-46
1.012379999999999995e+03 1.098839999999999923e-45
1.012500000000000000e+03 1.085879999999999931e-45
1.012620000000000005e+03 3.147700000000000037e-46
1.012750000000000000e+03 1.280330000000000066e-46
1.012879999999999995e+03 7.254239999999999928e-47
1.013000000000000000e+03 4.933800000000000018e-47
1.013120000000000005e+03 3.836299999999999794e-47
1.013250000000000000e+03 3.221000000000000084e-47
1.013379999999999995e+03 2.869469999999999817e-47
1.013500000000000000e+03 2.671669999999999911e-47
1.013620000000000005e+03 2.618990000000000114e-47
1.013750000000000000e+03 2.644890000000000092e-47
1.013879999999999995e+03 2.765499999999999933e-47
1.014000000000000000e+03 3.000860000000000022e-47
1.014120000000000005e+03 3.458810000000000079e-47
1.014250000000000000e+03 4.278010000000000085e-47
1.014379999999999995e+03 6.356270000000000043e-47
1.014500000000000000e+03 1.511340000000000085e-46
1.014620000000000005e+03 1.138069999999999961e-45
1.014750000000000000e+03 3.166120000000000052e-46
1.014879999999999995e+03 1.099690000000000029e-46
1.015000000000000000e+03 7.352350000000000216e-47
1.015120000000000005e+03 6.363130000000000363e-47
1.015250000000000000e+03 6.089049999999999969e-47
1.015379999999999995e+03 6.021350000000000485e-47
1.015500000000000000e+03 6.090379999999999723e-47
1.015620000000000005e+03 6.307239999999999759e-47
1.015750000000000000e+03 6.771239999999999999e-47
1.015879999999999995e+03 7.559569999999999538e-47
1.016000000000000000e+03 8.931420000000000201e-47
1.016120000000000005e+03 1.128129999999999993e-46
1.016250000000000000e+03 1.908459999999999949e-46
1.016379999999999995e+03 1.126570000000000047e-45
1.016500000000000000e+03 9.957300000000000703e-46
1.016620000000000005e+03 1.930769999999999982e-46
1.016750000000000000e+03 1.202829999999999986e-46
1.016879999999999995e+03 9.993080000000000440e-47
1.017000000000000000e+03 9.123129999999999952e-47
1.017120000000000005e+03 8.842429999999999062e-47
1.017250000000000000e+03 8.892690000000000633e-47
1.017379999999999995e+03 9.652650000000000788e-47
1.017500000000000000e+03 1.255960000000000085e-46
1.017620000000000005e+03 2.807890000000000028e-46
1.017750000000000000e+03 8.724100000000000272e-46
1.017879999999999995e+03 2.087110000000000035e-46
1.018000000000000000e+03 1.006089999999999984e-46
1.018120000000000005e+03 7.212669999999999524e-47
1.018250000000000000e+03 6.014359999999999531e-47
1.018379999999999995e+03 5.328920000000000181e-47
1.018500000000000000e+03 4.832610000000000042e-47
1.018620000000000005e+03 4.403329999999999634e-47
1.018750000000000000e+03 4.029090000000000211e-47
1.018879999999999995e+03 3.724670000000000177e-47
1.019000000000000000e+03 3.449590000000000030e-47
1.019120000000000005e+03 3.213689999999999851e-47
1.019250000000000000e+03 2.987980000000000225e-47
1.019379999999999995e+03 2.786580000000000041e-47
1.019500000000000000e+03 2.581959999999999786e-47
1.019620000000000005e+03 2.438220000000000124e-47
1.019750000000000000e+03 2.315219999999999846e-47
1.019879999999999995e+03 2.193380000000000177e-47
1.020000000000000000e+03 2.081110000000000057e-47
1.020120000000000005e+03 1.968779999999999981e-47
1.020250000000000000e+03 1.875070000000000113e-47
1.020379999999999995e+03 1.785459999999999915e-47
1.020500000000000000e+03 1.709700000000000018e-47
1.020620000000000005e+03 1.630869999999999940e-47
1.020750000000000000e+03 1.576189999999999908e-47
1.020879999999999995e+03 1.536250000000000011e-47
1.021000000000000000e+03 1.525709999999999957e-47
1.021120000000000005e+03 1.534820000000000087e-47
1.021250000000000000e+03 1.567960000000000106e-47
1.021379999999999995e+03 1.644549999999999881e-47
1.021500000000000000e+03 1.732160000000000086e-47
1.021620000000000005e+03 1.814229999999999977e-47
1.021750000000000000e+03 1.993079999999999916e-47
1.021879999999999995e+03 2.341039999999999883e-47
1.022000000000000000e+03 2.834459999999999952e-47
1.022120000000000005e+03 3.571359999999999993e-47
1.022250000000000000e+03 4.644139999999999861e-47
1.022379999999999995e+03 6.172259999999999997e-47
1.022500000000000000e+03 8.890059999999999400e-47
1.022620000000000005e+03 1.376510000000000067e-46
1.022750000000000000e+03 2.262580000000000020e-46
1.022879999999999995e+03 4.518499999999999963e-46
1.023000000000000000e+03 1.320269999999999943e-45
1.023120000000000005e+03 1.098089999999999980e-44
1.023250000000000000e+03 1.970830000000000122e-44
1.023379999999999995e+03 3.151299999999999966e-45
1.023500000000000000e+03 1.786130000000000124e-45
1.023620000000000005e+03 1.446340000000000003e-45
1.023750000000000000e+03 1.390199999999999981e-45
1.023879999999999995e+03 1.435839999999999939e-45
1.024000000000000000e+03 1.512280000000000116e-45
1.024119999999999891e+03 1.640009999999999912e-45
1.024250000000000000e+03 1.922479999999999922e-45
1.024380000000000109e+03 2.342300000000000048e-45
1.024500000000000000e+03 3.115530000000000017e-45
1.024619999999999891e+03 5.994710000000000252e-45
1.024750000000000000e+03 2.787629999999999837e-44
1.024880000000000109e+03 3.971040000000000035e-44
1.025000000000000000e+03 4.421359999999999848e-45
1.025119999999999891e+03 1.379109999999999951e-45
1.025250000000000000e+03 6.397509999999999765e-46
1.025380000000000109e+03 3.591070000000000181e-46
1.025500000000000000e+03 2.239099999999999922e-46
1.025619999999999891e+03 1.503819999999999957e-46
1.025750000000000000e+03 1.070359999999999988e-46
1.025880000000000109e+03 7.729009999999999810e-47
1.026000000000000000e+03 5.984639999999999922e-47
1.026119999999999891e+03 4.772840000000000337e-47
1.026250000000000000e+03 4.022940000000000100e-47
1.026380000000000109e+03 3.466679999999999901e-47
1.026500000000000000e+03 3.110949999999999795e-47
1.026619999999999891e+03 2.876479999999999784e-47
1.026750000000000000e+03 2.778070000000000201e-47
1.026880000000000109e+03 2.704360000000000017e-47
1.027000000000000000e+03 2.674380000000000112e-47
1.027119999999999891e+03 2.653599999999999785e-47
1.027250000000000000e+03 2.629659999999999829e-47
1.027380000000000109e+03 2.608729999999999855e-47
1.027500000000000000e+03 2.578820000000000142e-47
1.027619999999999891e+03 2.565540000000000152e-47
1.027750000000000000e+03 2.547100000000000055e-47
1.027880000000000109e+03 2.531120000000000099e-47
1.028000000000000000e+03 2.523889999999999807e-47
1.028119999999999891e+03 2.513700000000000226e-47
1.028250000000000000e+03 2.498179999999999933e-47
1.028380000000000109e+03 2.496419999999999764e-47
1.028500000000000000e+03 2.489329999999999856e-47
1.028619999999999891e+03 2.479209999999999981e-47
1.028750000000000000e+03 2.473440000000000077e-47
1.028880000000000109e+03 2.465960000000000212e-47
1.029000000000000000e+03 2.461630000000000225e-47
1.029119999999999891e+03 2.457950000000000005e-47
1.029250000000000000e+03 2.453799999999999887e-47
1.029380000000000109e+03 2.449150000000000135e-47
1.029500000000000000e+03 2.445310000000000032e-47
1.029619999999999891e+03 2.442340000000000021e-47
1.029750000000000000e+03 2.439549999999999878e-47
1.029880000000000109e+03 2.436849999999999913e-47
1.030000000000000000e+03 2.434280000000000095e-47
1.030119999999999891e+03 2.431790000000000218e-47
1.030250000000000000e+03 2.429540000000000166e-47
1.030380000000000109e+03 2.427439999999999760e-47
1.030500000000000000e+03 2.425430000000000018e-47
1.030619999999999891e+03 2.423589999999999908e-47
1.030750000000000000e+03 2.421859999999999960e-47
1.030880000000000109e+03 2.420940000000000148e-47
1.031000000000000000e+03 2.419270000000000157e-47
1.031119999999999891e+03 2.417990000000000123e-47
1.031250000000000000e+03 2.417279999999999914e-47
1.031380000000000109e+03 2.415709999999999849e-47
1.031500000000000000e+03 2.414139999999999784e-47
1.031619999999999891e+03 2.412830000000000015e-47
1.031750000000000000e+03 2.411979999999999909e-47
1.031880000000000109e+03 2.411100000000000068e-47
1.032000000000000000e+03 2.411410000000000084e-47
1.032119999999999891e+03 2.411789999999999805e-47
1.032250000000000000e+03 2.412260000000000190e-47
1.032380000000000109e+03 2.413549999999999974e-47
1.032500000000000000e+03 2.415450000000000040e-47
1.032619999999999891e+03 2.417660000000000122e-47
1.032750000000000000e+03 2.419769999999999791e-47
1.032880000000000109e+03 2.420220000000000190e-47
1.033000000000000000e+03 2.420820000000000236e-47
1.033119999999999891e+03 2.421100000000000031e-47
1.033250000000000000e+03 2.421020000000000090e-47
1.033380000000000109e+03 2.422989999999999861e-47
1.033500000000000000e+03 2.423709999999999820e-47
1.033619999999999891e+03 2.424389999999999808e-47
1.033750000000000000e+03 2.426160000000000212e-47
1.033880000000000109e+03 2.427159999999999965e-47
1.034000000000000000e+03 2.428639999999999853e-47
1.034119999999999891e+03 2.429549999999999915e-47
1.034250000000000000e+03 2.429529999999999930e-47
1.034380000000000109e+03 2.429569999999999900e-47
1.034500000000000000e+03 2.430570000000000140e-47
1.034619999999999891e+03 2.429569999999999900e-47
1.034750000000000000e+03 2.428140000000000219e-47
1.034880000000000109e+03 2.428699999999999809e-47
1.035000000000000000e+03 2.427760000000000012e-47
1.035119999999999891e+03 2.426619999999999875e-47
1.035250000000000000e+03 2.425569999999999915e-47
1.035380000000000109e+03 2.425109999999999766e-47
1.035500000000000000e+03 2.424590000000000147e-47
1.035619999999999891e+03 2.424140000000000234e-47
1.035750000000000000e+03 2.423890000000000174e-47
1.035880000000000109e+03 2.423410000000000040e-47
1.036000000000000000e+03 2.423190000000000201e-47
1.036119999999999891e+03 2.422670000000000096e-47
1.036250000000000000e+03 2.422019999999999843e-47
1.036380000000000109e+03 2.421629999999999886e-47
1.036500000000000000e+03 2.421480000000000239e-47
1.036619999999999891e+03 2.421299999999999885e-47
1.036750000000000000e+03 2.421410000000000047e-47
1.036880000000000109e+03 2.421310000000000120e-47
1.037000000000000000e+03 2.421979999999999872e-47
1.037119999999999891e+03 2.422829999999999979e-47
1.037250000000000000e+03 2.423509999999999966e-47
1.037380000000000109e+03 2.423419999999999789e-47
1.037500000000000000e+03 2.423270000000000142e-47
1.037619999999999891e+03 2.424090000000000028e-47
1.037750000000000000e+03 2.424960000000000119e-47
1.037880000000000109e+03 2.425700000000000063e-47
1.038000000000000000e+03 2.425580000000000151e-47
1.038119999999999891e+03 2.425460000000000239e-47
1.038250000000000000e+03 2.425150000000000223e-47
1.038380000000000109e+03 2.425830000000000211e-47
1.038500000000000000e+03 2.426039999999999814e-47
1.038619999999999891e+03 2.426849999999999949e-47
1.038750000000000000e+03 2.427439999999999760e-47
1.038880000000000109e+03 2.427139999999999980e-47
1.039000000000000000e+03 2.426849999999999949e-47
1.039119999999999891e+03 2.427210000000000172e-47
1.039250000000000000e+03 2.428059999999999792e-47
1.039380000000000109e+03 2.428010000000000071e-47
1.039500000000000000e+03 2.427870000000000174e-47
1.039619999999999891e+03 2.427680000000000070e-47
1.039750000000000000e+03 2.427689999999999820e-47
1.039880000000000109e+03 2.427569999999999908e-47
1.040000000000000000e+03 2.428120000000000234e-47
1.040119999999999891e+03 2.428109999999999998e-47
1.040250000000000000e+03 2.428120000000000234e-47
1.040380000000000109e+03 2.428320000000000087e-47
1.040500000000000000e+03 2.428269999999999881e-47
1.040619999999999891e+03 2.428240000000000146e-47
1.040750000000000000e+03 2.428260000000000131e-47
1.040880000000000109e+03 2.428309999999999852e-47
1.041000000000000000e+03 2.428670000000000074e-47
1.041119999999999891e+03 2.429449999999999988e-47
1.041250000000000000e+03 2.429549999999999915e-47
1.041380000000000109e+03 2.430120000000000227e-47
1.041500000000000000e+03 2.430169999999999947e-47
1.041619999999999891e+03 2.430220000000000153e-47
1.041750000000000000e+03 2.430360000000000051e-47
1.041880000000000109e+03 2.431600000000000114e-47
1.042000000000000000e+03 2.432249999999999881e-47
1.042119999999999891e+03 2.432750000000000001e-47
1.042250000000000000e+03 2.433069999999999766e-47
1.042380000000000109e+03 2.435409999999999996e-47
1.042500000000000000e+03 2.437150000000000179e-47
1.042619999999999891e+03 2.437830000000000167e-47
1.042750000000000000e+03 2.438679999999999787e-47
1.042880000000000109e+03 2.439810000000000174e-47
1.043000000000000000e+03 2.440749999999999971e-47
1.043119999999999891e+03 2.442490000000000154e-47
1.043250000000000000e+03 2.443350000000000010e-47
1.043380000000000109e+03 2.443910000000000086e-47
1.043500000000000000e+03 2.446220000000000095e-47
1.043619999999999891e+03 2.448209999999999851e-47
1.043750000000000000e+03 2.451090000000000171e-47
1.043880000000000109e+03 2.452510000000000103e-47
1.044000000000000000e+03 2.453219999999999826e-47
1.044119999999999891e+03 2.453239999999999811e-47
1.044250000000000000e+03 2.453609999999999783e-47
1.044380000000000109e+03 2.455259999999999789e-47
1.044500000000000000e+03 2.456749999999999912e-47
1.044619999999999891e+03 2.459730000000000159e-47
1.044750000000000000e+03 2.461139999999999855e-47
1.044880000000000109e+03 2.461650000000000210e-47
1.045000000000000000e+03 2.461960000000000226e-47
1.045119999999999891e+03 2.462299999999999977e-47
1.045250000000000000e+03 2.462709999999999920e-47
1.045380000000000109e+03 2.463280000000000231e-47
1.045500000000000000e+03 2.463890000000000027e-47
1.045619999999999891e+03 2.464310000000000206e-47
1.045750000000000000e+03 2.465019999999999928e-47
1.045880000000000109e+03 2.465449999999999856e-47
1.046000000000000000e+03 2.466760000000000111e-47
1.046119999999999891e+03 2.467710000000000144e-47
1.046250000000000000e+03 2.468330000000000176e-47
1.046380000000000109e+03 2.469540000000000019e-47
1.046500000000000000e+03 2.471190000000000025e-47
1.046619999999999891e+03 2.471969999999999939e-47
1.046750000000000000e+03 2.472410000000000103e-47
1.046880000000000109e+03 2.472849999999999780e-47
1.047000000000000000e+03 2.474660000000000155e-47
1.047119999999999891e+03 2.475010000000000142e-47
1.047250000000000000e+03 2.475710000000000115e-47
1.047380000000000109e+03 2.476689999999999883e-47
1.047500000000000000e+03 2.477360000000000121e-47
1.047619999999999891e+03 2.477880000000000226e-47
1.047750000000000000e+03 2.478390000000000096e-47
1.047880000000000109e+03 2.478910000000000201e-47
1.048000000000000000e+03 2.479440000000000055e-47
1.048119999999999891e+03 2.480749999999999824e-47
1.048250000000000000e+03 2.482390000000000081e-47
1.048380000000000109e+03 2.484660000000000119e-47
1.048500000000000000e+03 2.487820000000000233e-47
1.048619999999999891e+03 2.489269999999999900e-47
1.048750000000000000e+03 2.489860000000000197e-47
1.048880000000000109e+03 2.490459999999999757e-47
1.049000000000000000e+03 2.491070000000000039e-47
1.049119999999999891e+03 2.491679999999999835e-47
1.049250000000000000e+03 2.492279999999999882e-47
1.049380000000000109e+03 2.492879999999999928e-47
1.049500000000000000e+03 2.493490000000000210e-47
1.049619999999999891e+03 2.494100000000000006e-47
1.049750000000000000e+03 2.494709999999999802e-47
1.049880000000000109e+03 2.495320000000000084e-47
1.050000000000000000e+03 2.495940000000000116e-47
1.050119999999999891e+03 2.496549999999999912e-47
1.050250000000000000e+03 2.497439999999999989e-47
1.050380000000000109e+03 2.498330000000000066e-47
1.050500000000000000e+03 2.499559999999999894e-47
1.050619999999999891e+03 2.500919999999999869e-47
1.050750000000000000e+03 2.502420000000000228e-47
1.050880000000000109e+03 2.503780000000000204e-47
1.051000000000000000e+03 2.505129999999999944e-47
1.051119999999999891e+03 2.506480000000000170e-47
1.051250000000000000e+03 2.507829999999999910e-47
1.051380000000000109e+03 2.509169999999999900e-47
1.051500000000000000e+03 2.510449999999999934e-47
1.051619999999999891e+03 2.511089999999999951e-47
1.051750000000000000e+03 2.511539999999999864e-47
1.051880000000000109e+03 2.511909999999999836e-47
1.052000000000000000e+03 2.512290000000000044e-47
1.052119999999999891e+03 2.512669999999999765e-47
1.052250000000000000e+03 2.513060000000000209e-47
1.052380000000000109e+03 2.513459999999999916e-47
1.052500000000000000e+03 2.513849999999999873e-47
1.052619999999999891e+03 2.515080000000000187e-47
1.052750000000000000e+03 2.517610000000000034e-47
1.052880000000000109e+03 2.520139999999999881e-47
1.053000000000000000e+03 2.522659999999999979e-47
1.053119999999999891e+03 2.525080000000000150e-47
1.053250000000000000e+03 2.527609999999999997e-47
1.053380000000000109e+03 2.529950000000000227e-47
1.053500000000000000e+03 2.531229999999999775e-47
1.053619999999999891e+03 2.532489999999999824e-47
1.053750000000000000e+03 2.533760000000000109e-47
1.053880000000000109e+03 2.535029999999999907e-47
1.054000000000000000e+03 2.535809999999999821e-47
1.054119999999999891e+03 2.536529999999999780e-47
1.054250000000000000e+03 2.537999999999999918e-47
1.054380000000000109e+03 2.539669999999999909e-47
1.054500000000000000e+03 2.541180000000000018e-47
1.054619999999999891e+03 2.542469999999999802e-47
1.054750000000000000e+03 2.543859999999999999e-47
1.054880000000000109e+03 2.545080000000000077e-47
1.055000000000000000e+03 2.546819999999999774e-47
1.055119999999999891e+03 2.548130000000000029e-47
1.055250000000000000e+03 2.548980000000000135e-47
1.055380000000000109e+03 2.550429999999999802e-47
1.055500000000000000e+03 2.552860000000000209e-47
1.055619999999999891e+03 2.554829999999999980e-47
1.055750000000000000e+03 2.557069999999999797e-47
1.055880000000000109e+03 2.559020000000000069e-47
1.056000000000000000e+03 2.559930000000000132e-47
1.056119999999999891e+03 2.561130000000000224e-47
1.056250000000000000e+03 2.562149999999999963e-47
1.056380000000000109e+03 2.563219999999999908e-47
1.056500000000000000e+03 2.564300000000000089e-47
1.056619999999999891e+03 2.566050000000000022e-47
1.056750000000000000e+03 2.568229999999999882e-47
1.056880000000000109e+03 2.570060000000000243e-47
1.057000000000000000e+03 2.572390000000000237e-47
1.057119999999999891e+03 2.574169999999999904e-47
1.057250000000000000e+03 2.574809999999999921e-47
1.057380000000000109e+03 2.575600000000000072e-47
1.057500000000000000e+03 2.576769999999999943e-47
1.057619999999999891e+03 2.578100000000000184e-47
1.057750000000000000e+03 2.579779999999999925e-47
1.057880000000000109e+03 2.582069999999999948e-47
1.058000000000000000e+03 2.584359999999999971e-47
1.058119999999999891e+03 2.586639999999999759e-47
1.058250000000000000e+03 2.588820000000000106e-47
1.058380000000000109e+03 2.591119999999999878e-47
1.058500000000000000e+03 2.592620000000000238e-47
1.058619999999999891e+03 2.594260000000000008e-47
1.058750000000000000e+03 2.596319999999999957e-47
1.058880000000000109e+03 2.598310000000000200e-47
1.059000000000000000e+03 2.599759999999999866e-47
1.059119999999999891e+03 2.600129999999999838e-47
1.059250000000000000e+03 2.600499999999999810e-47
1.059380000000000109e+03 2.600809999999999826e-47
1.059500000000000000e+03 2.601139999999999827e-47
1.059619999999999891e+03 2.602669999999999921e-47
1.059750000000000000e+03 2.604530000000000016e-47
1.059880000000000109e+03 2.605790000000000065e-47
1.060000000000000000e+03 2.607079999999999849e-47
1.060119999999999891e+03 2.607440000000000071e-47
1.060250000000000000e+03 2.607670000000000146e-47
1.060380000000000109e+03 2.608410000000000090e-47
1.060500000000000000e+03 2.610279999999999935e-47
1.060619999999999891e+03 2.611659999999999895e-47
1.060750000000000000e+03 2.613119999999999798e-47
1.060880000000000109e+03 2.614120000000000037e-47
1.061000000000000000e+03 2.614930000000000173e-47
1.061119999999999891e+03 2.615499999999999998e-47
1.061250000000000000e+03 2.616800000000000018e-47
1.061380000000000109e+03 2.618000000000000110e-47
1.061500000000000000e+03 2.619139999999999761e-47
1.061619999999999891e+03 2.620069999999999809e-47
1.061750000000000000e+03 2.621130000000000004e-47
1.061880000000000109e+03 2.622049999999999816e-47
1.062000000000000000e+03 2.622950000000000129e-47
1.062119999999999891e+03 2.623809999999999985e-47
1.062250000000000000e+03 2.624769999999999767e-47
1.062380000000000109e+03 2.625679999999999829e-47
1.062500000000000000e+03 2.626589999999999892e-47
1.062619999999999891e+03 2.627679999999999822e-47
1.062750000000000000e+03 2.629889999999999904e-47
1.062880000000000109e+03 2.630419999999999758e-47
1.063000000000000000e+03 2.630870000000000158e-47
1.063119999999999891e+03 2.631960000000000088e-47
1.063250000000000000e+03 2.632890000000000136e-47
1.063380000000000109e+03 2.634190000000000155e-47
1.063500000000000000e+03 2.634460000000000201e-47
1.063619999999999891e+03 2.634770000000000217e-47
1.063750000000000000e+03 2.635080000000000232e-47
1.063880000000000109e+03 2.636250000000000104e-47
1.064000000000000000e+03 2.636130000000000192e-47
1.064119999999999891e+03 2.636730000000000239e-47
1.064250000000000000e+03 2.637380000000000005e-47
1.064380000000000109e+03 2.639149999999999923e-47
1.064500000000000000e+03 2.639929999999999838e-47
1.064619999999999891e+03 2.640509999999999899e-47
1.064750000000000000e+03 2.641089999999999960e-47
1.064880000000000109e+03 2.641670000000000021e-47
1.065000000000000000e+03 2.642649999999999789e-47
1.065119999999999891e+03 2.643949999999999808e-47
1.065250000000000000e+03 2.645269999999999813e-47
1.065380000000000109e+03 2.646150000000000141e-47
1.065500000000000000e+03 2.646449999999999921e-47
1.065619999999999891e+03 2.645320000000000020e-47
1.065750000000000000e+03 2.644330000000000016e-47
1.065880000000000109e+03 2.644810000000000150e-47
1.066000000000000000e+03 2.645419999999999946e-47
1.066119999999999891e+03 2.646030000000000229e-47
1.066250000000000000e+03 2.646649999999999774e-47
1.066380000000000109e+03 2.647499999999999881e-47
1.066500000000000000e+03 2.648119999999999912e-47
1.066619999999999891e+03 2.648560000000000076e-47
1.066750000000000000e+03 2.648899999999999827e-47
1.066880000000000109e+03 2.649619999999999785e-47
1.067000000000000000e+03 2.650349999999999979e-47
1.067119999999999891e+03 2.650970000000000011e-47
1.067250000000000000e+03 2.651539999999999837e-47
1.067380000000000109e+03 2.651980000000000000e-47
1.067500000000000000e+03 2.652449999999999899e-47
1.067619999999999891e+03 2.652910000000000048e-47
1.067750000000000000e+03 2.653379999999999946e-47
1.067880000000000109e+03 2.654250000000000038e-47
1.068000000000000000e+03 2.655180000000000086e-47
1.068119999999999891e+03 2.655640000000000235e-47
1.068250000000000000e+03 2.656449999999999884e-47
1.068380000000000109e+03 2.657439999999999888e-47
1.068500000000000000e+03 2.658139999999999861e-47
1.068619999999999891e+03 2.658779999999999878e-47
1.068750000000000000e+03 2.659410000000000146e-47
1.068880000000000109e+03 2.660039999999999927e-47
1.069000000000000000e+03 2.660779999999999871e-47
1.069119999999999891e+03 2.662859999999999805e-47
1.069250000000000000e+03 2.662210000000000038e-47
1.069380000000000109e+03 2.662850000000000055e-47
1.069500000000000000e+03 2.663680000000000176e-47
1.069619999999999891e+03 2.664289999999999972e-47
1.069750000000000000e+03 2.665459999999999844e-47
1.069880000000000109e+03 2.666079999999999875e-47
1.070000000000000000e+03 2.666699999999999907e-47
1.070119999999999891e+03 2.672440000000000076e-47
1.070250000000000000e+03 2.673459999999999814e-47
1.070380000000000109e+03 2.668599999999999973e-47
1.070500000000000000e+03 2.669239999999999990e-47
1.070619999999999891e+03 2.669880000000000007e-47
1.070750000000000000e+03 2.670529999999999774e-47
1.070880000000000109e+03 2.671169999999999791e-47
1.071000000000000000e+03 2.671809999999999808e-47
1.071119999999999891e+03 2.672710000000000121e-47
1.071250000000000000e+03 2.674090000000000082e-47
1.071380000000000109e+03 2.675609999999999940e-47
1.071500000000000000e+03 2.677290000000000167e-47
1.071619999999999891e+03 2.679169999999999762e-47
1.071750000000000000e+03 2.680429999999999811e-47
1.071880000000000109e+03 2.680989999999999886e-47
1.072000000000000000e+03 2.682770000000000040e-47
1.072119999999999891e+03 2.684690000000000092e-47
1.072250000000000000e+03 2.686449999999999774e-47
1.072380000000000109e+03 2.687540000000000190e-47
1.072500000000000000e+03 2.688490000000000223e-47
1.072619999999999891e+03 2.689660000000000095e-47
1.072750000000000000e+03 2.690989999999999850e-47
1.072880000000000109e+03 2.692739999999999782e-47
1.073000000000000000e+03 2.693790000000000228e-47
1.073119999999999891e+03 2.694570000000000143e-47
1.073250000000000000e+03 2.695919999999999883e-47
1.073380000000000109e+03 2.698140000000000200e-47
1.073500000000000000e+03 2.700360000000000032e-47
1.073619999999999891e+03 2.702059999999999758e-47
1.073750000000000000e+03 2.703580000000000102e-47
1.073880000000000109e+03 2.704929999999999842e-47
1.074000000000000000e+03 2.705750000000000214e-47
1.074119999999999891e+03 2.706749999999999967e-47
1.074250000000000000e+03 2.707930000000000074e-47
1.074380000000000109e+03 2.709110000000000182e-47
1.074500000000000000e+03 2.708209999999999869e-47
1.074619999999999891e+03 2.709529999999999874e-47
1.074750000000000000e+03 2.710709999999999981e-47
1.074880000000000109e+03 2.711930000000000060e-47
1.075000000000000000e+03 2.713560000000000080e-47
1.075119999999999891e+03 2.714909999999999820e-47
1.075250000000000000e+03 2.715290000000000028e-47
1.075380000000000109e+03 2.715670000000000235e-47
1.075500000000000000e+03 2.716120000000000149e-47
1.075619999999999891e+03 2.717750000000000170e-47
1.075750000000000000e+03 2.719250000000000042e-47
1.075880000000000109e+03 2.721349999999999962e-47
1.076000000000000000e+03 2.722310000000000231e-47
1.076119999999999891e+03 2.723150000000000101e-47
1.076250000000000000e+03 2.723980000000000222e-47
1.076380000000000109e+03 2.724809999999999857e-47
1.076500000000000000e+03 2.725779999999999875e-47
1.076619999999999891e+03 2.726599999999999760e-47
1.076750000000000000e+03 2.727389999999999910e-47
1.076880000000000109e+03 2.728990000000000196e-47
1.077000000000000000e+03 2.730049999999999906e-47
1.077119999999999891e+03 2.731150000000000072e-47
1.077250000000000000e+03 2.732430000000000106e-47
1.077380000000000109e+03 2.733710000000000140e-47
1.077500000000000000e+03 2.734979999999999939e-47
1.077619999999999891e+03 2.736259999999999973e-47
1.077750000000000000e+03 2.737349999999999903e-47
1.077880000000000109e+03 2.738180000000000024e-47
1.078000000000000000e+03 2.739010000000000145e-47
1.078119999999999891e+03 2.740259999999999958e-47
1.078250000000000000e+03 2.741530000000000243e-47
1.078380000000000109e+03 2.742800000000000041e-47
1.078500000000000000e+03 2.744080000000000075e-47
1.078619999999999891e+03 2.745159999999999770e-47
1.078750000000000000e+03 2.745839999999999758e-47
1.078880000000000109e+03 2.746829999999999761e-47
1.079000000000000000e+03 2.747260000000000175e-47
1.079119999999999891e+03 2.747819999999999765e-47
1.079250000000000000e+03 2.748259999999999929e-47
1.079380000000000109e+03 2.748669999999999871e-47
1.079500000000000000e+03 2.749050000000000079e-47
1.079619999999999891e+03 2.749440000000000036e-47
1.079750000000000000e+03 2.749819999999999758e-47
1.079880000000000109e+03 2.750199999999999965e-47
1.080000000000000000e+03 2.750769999999999791e-47
1.080119999999999891e+03 2.751369999999999837e-47
1.080250000000000000e+03 2.751810000000000001e-47
1.080380000000000109e+03 2.752250000000000164e-47
1.080500000000000000e+03 2.752689999999999842e-47
1.080619999999999891e+03 2.753679999999999846e-47
1.080750000000000000e+03 2.755149999999999984e-47
1.080880000000000109e+03 2.756669999999999842e-47
1.081000000000000000e+03 2.757800000000000229e-47
1.081119999999999891e+03 2.758370000000000054e-47
1.081250000000000000e+03 2.759070000000000028e-47
1.081380000000000109e+03 2.759719999999999794e-47
1.081500000000000000e+03 2.760709999999999798e-47
1.081619999999999891e+03 2.761710000000000037e-47
1.081750000000000000e+03 2.762299999999999848e-47
1.081880000000000109e+03 2.762890000000000145e-47
1.082000000000000000e+03 2.763479999999999955e-47
1.082119999999999891e+03 2.764080000000000002e-47
1.082250000000000000e+03 2.764759999999999990e-47
1.082380000000000109e+03 2.765450000000000213e-47
1.082500000000000000e+03 2.766870000000000145e-47
1.082619999999999891e+03 2.768060000000000002e-47
1.082750000000000000e+03 2.769160000000000168e-47
1.082880000000000109e+03 2.769069999999999991e-47
1.083000000000000000e+03 2.770480000000000173e-47
1.083119999999999891e+03 2.771639999999999809e-47
1.083250000000000000e+03 2.773140000000000168e-47
1.083380000000000109e+03 2.774870000000000115e-47
1.083500000000000000e+03 2.775370000000000235e-47
1.083619999999999891e+03 2.776609999999999812e-47
1.083750000000000000e+03 2.776810000000000152e-47
1.083880000000000109e+03 2.777840000000000126e-47
1.084000000000000000e+03 2.778360000000000231e-47
1.084119999999999891e+03 2.779789999999999913e-47
1.084250000000000000e+03 2.780580000000000063e-47
1.084380000000000109e+03 2.781709999999999964e-47
1.084500000000000000e+03 2.783080000000000175e-47
1.084619999999999891e+03 2.784449999999999900e-47
1.084750000000000000e+03 2.785660000000000229e-47
1.084880000000000109e+03 2.786799999999999880e-47
1.085000000000000000e+03 2.788549999999999812e-47
1.085119999999999891e+03 2.789889999999999803e-47
1.085250000000000000e+03 2.790969999999999983e-47
1.085380000000000109e+03 2.792460000000000107e-47
1.085500000000000000e+03 2.793929999999999759e-47
1.085619999999999891e+03 2.794910000000000013e-47
1.085750000000000000e+03 2.795900000000000016e-47
1.085880000000000109e+03 2.796480000000000077e-47
1.086000000000000000e+03 2.797129999999999844e-47
1.086119999999999891e+03 2.798509999999999805e-47
1.086250000000000000e+03 2.799910000000000237e-47
1.086380000000000109e+03 2.800670000000000166e-47
1.086500000000000000e+03 2.801990000000000171e-47
1.086619999999999891e+03 2.802850000000000027e-47
1.086750000000000000e+03 2.804520000000000019e-47
1.086880000000000109e+03 2.805350000000000140e-47
1.087000000000000000e+03 2.806099999999999833e-47
1.087119999999999891e+03 2.806659999999999909e-47
1.087250000000000000e+03 2.807169999999999778e-47
1.087380000000000109e+03 2.808289999999999929e-47
1.087500000000000000e+03 2.809499999999999772e-47
1.087619999999999891e+03 2.810229999999999966e-47
1.087750000000000000e+03 2.811020000000000116e-47
1.087880000000000109e+03 2.811930000000000179e-47
1.088000000000000000e+03 2.813239999999999948e-47
1.088119999999999891e+03 2.813919999999999935e-47
1.088250000000000000e+03 2.813430000000000052e-47
1.088380000000000109e+03 2.813129999999999785e-47
1.088500000000000000e+03 2.813950000000000157e-47
1.088619999999999891e+03 2.815230000000000191e-47
1.088750000000000000e+03 2.815140000000000014e-47
1.088880000000000109e+03 2.814619999999999909e-47
1.089000000000000000e+03 2.814240000000000187e-47
1.089119999999999891e+03 2.815190000000000220e-47
1.089250000000000000e+03 2.815509999999999986e-47
1.089380000000000109e+03 2.815580000000000177e-47
1.089500000000000000e+03 2.815609999999999912e-47
1.089619999999999891e+03 2.816619999999999901e-47
1.089750000000000000e+03 2.817140000000000006e-47
1.089880000000000109e+03 2.817040000000000080e-47
1.090000000000000000e+03 2.817720000000000067e-47
1.090119999999999891e+03 2.818139999999999760e-47
1.090250000000000000e+03 2.819009999999999851e-47
1.090380000000000109e+03 2.820130000000000003e-47
1.090500000000000000e+03 2.821250000000000154e-47
1.090619999999999891e+03 2.822519999999999953e-47
1.090750000000000000e+03 2.823629999999999868e-47
1.090880000000000109e+03 2.823529999999999942e-47
1.091000000000000000e+03 2.824260000000000136e-47
1.091119999999999891e+03 2.825089999999999771e-47
1.091250000000000000e+03 2.826369999999999805e-47
1.091380000000000109e+03 2.827399999999999779e-47
1.091500000000000000e+03 2.828079999999999767e-47
1.091619999999999891e+03 2.829150000000000198e-47
1.091750000000000000e+03 2.829390000000000022e-47
1.091880000000000109e+03 2.829279999999999860e-47
1.092000000000000000e+03 2.829489999999999949e-47
1.092119999999999891e+03 2.829449999999999978e-47
1.092250000000000000e+03 2.829090000000000242e-47
1.092380000000000109e+03 2.828730000000000020e-47
1.092500000000000000e+03 2.829040000000000036e-47
1.092619999999999891e+03 2.829749999999999758e-47
1.092750000000000000e+03 2.830209999999999907e-47
1.092880000000000109e+03 2.830129999999999966e-47
1.093000000000000000e+03 2.830380000000000026e-47
1.093119999999999891e+03 2.830849999999999924e-47
1.093250000000000000e+03 2.830730000000000012e-47
1.093380000000000109e+03 2.831259999999999867e-47
1.093500000000000000e+03 2.831119999999999970e-47
1.093619999999999891e+03 2.831130000000000205e-47
1.093750000000000000e+03 2.830650000000000071e-47
1.093880000000000109e+03 2.830820000000000189e-47
1.094000000000000000e+03 2.830749999999999998e-47
1.094119999999999891e+03 2.830650000000000071e-47
1.094250000000000000e+03 2.830510000000000174e-47
1.094380000000000109e+03 2.831359999999999794e-47
1.094500000000000000e+03 2.831830000000000178e-47
1.094619999999999891e+03 2.832439999999999974e-47
1.094750000000000000e+03 2.832789999999999961e-47
1.094880000000000109e+03 2.833640000000000067e-47
1.095000000000000000e+03 2.834120000000000202e-47
1.095119999999999891e+03 2.835040000000000014e-47
1.095250000000000000e+03 2.836229999999999871e-47
1.095380000000000109e+03 2.836840000000000153e-47
1.095500000000000000e+03 2.837609999999999831e-47
1.095619999999999891e+03 2.838880000000000116e-47
1.095750000000000000e+03 2.839999999999999781e-47
1.095880000000000109e+03 2.840630000000000049e-47
1.096000000000000000e+03 2.841119999999999933e-47
1.096119999999999891e+03 2.840479999999999916e-47
1.096250000000000000e+03 2.840100000000000194e-47
1.096380000000000109e+03 2.839950000000000061e-47
1.096500000000000000e+03 2.839389999999999985e-47
1.096619999999999891e+03 2.839689999999999766e-47
1.096750000000000000e+03 2.839999999999999781e-47
1.096880000000000109e+03 2.840479999999999916e-47
1.097000000000000000e+03 2.840829999999999902e-47
1.097119999999999891e+03 2.841250000000000081e-47
1.097250000000000000e+03 2.841660000000000023e-47
1.097380000000000109e+03 2.842040000000000231e-47
1.097500000000000000e+03 2.842280000000000055e-47
1.097619999999999891e+03 2.842709999999999983e-47
1.097750000000000000e+03 2.843159999999999896e-47
1.097880000000000109e+03 2.843600000000000060e-47
1.098000000000000000e+03 2.844029999999999988e-47
1.098119999999999891e+03 2.844459999999999916e-47
1.098250000000000000e+03 2.844889999999999844e-47
1.098380000000000109e+03 2.845310000000000022e-47
1.098500000000000000e+03 2.845710000000000215e-47
1.098619999999999891e+03 2.846120000000000158e-47
1.098750000000000000e+03 2.846530000000000100e-47
1.098880000000000109e+03 2.846989999999999763e-47
1.099000000000000000e+03 2.847380000000000206e-47
1.099119999999999891e+03 2.848530000000000093e-47
1.099250000000000000e+03 2.851830000000000105e-47
1.099380000000000109e+03 2.849919999999999803e-47
1.099500000000000000e+03 2.850479999999999879e-47
1.099619999999999891e+03 2.851270000000000029e-47
1.099750000000000000e+03 2.851870000000000076e-47
1.099880000000000109e+03 2.852610000000000020e-47
1.100000000000000000e+03 2.853190000000000081e-47
1.100119999999999891e+03 2.853609999999999773e-47
1.100250000000000000e+03 2.853529999999999831e-47
1.100380000000000109e+03 2.853059999999999933e-47
1.100500000000000000e+03 2.853380000000000184e-47
1.100619999999999891e+03 2.854269999999999775e-47
1.100750000000000000e+03 2.855150000000000103e-47
1.100880000000000109e+03 2.855790000000000120e-47
1.101000000000000000e+03 2.855380000000000177e-47
1.101119999999999891e+03 2.854979999999999984e-47
1.101250000000000000e+03 2.855460000000000118e-47
1.101380000000000109e+03 2.855939999999999767e-47
1.101500000000000000e+03 2.856769999999999888e-47
1.101619999999999891e+03 2.857529999999999817e-47
1.101750000000000000e+03 2.858049999999999922e-47
1.101880000000000109e+03 2.858660000000000204e-47
1.102000000000000000e+03 2.859469999999999853e-47
1.102119999999999891e+03 2.860419999999999886e-47
1.102250000000000000e+03 2.861320000000000199e-47
1.102380000000000109e+03 2.862069999999999892e-47
1.102500000000000000e+03 2.862809999999999836e-47
1.102619999999999891e+03 2.863699999999999913e-47
1.102750000000000000e+03 2.864379999999999901e-47
1.102880000000000109e+03 2.865119999999999845e-47
1.103000000000000000e+03 2.865929999999999980e-47
1.103119999999999891e+03 2.866100000000000099e-47
1.103250000000000000e+03 2.866889999999999763e-47
1.103380000000000109e+03 2.867610000000000208e-47
1.103500000000000000e+03 2.868550000000000005e-47
1.103619999999999891e+03 2.869619999999999950e-47
1.103750000000000000e+03 2.870609999999999953e-47
1.103880000000000109e+03 2.871289999999999941e-47
1.104000000000000000e+03 2.871830000000000032e-47
1.104119999999999891e+03 2.872600000000000196e-47
1.104250000000000000e+03 2.873150000000000036e-47
1.104380000000000109e+03 2.873190000000000007e-47
1.104500000000000000e+03 2.873960000000000172e-47
1.104619999999999891e+03 2.874979999999999911e-47
1.104750000000000000e+03 2.875949999999999929e-47
1.104880000000000109e+03 2.876729999999999843e-47
1.105000000000000000e+03 2.877420000000000067e-47
1.105119999999999891e+03 2.878290000000000159e-47
1.105250000000000000e+03 2.878230000000000203e-47
1.105380000000000109e+03 2.878009999999999878e-47
1.105500000000000000e+03 2.877579999999999950e-47
1.105619999999999891e+03 2.877349999999999875e-47
1.105750000000000000e+03 2.878100000000000055e-47
1.105880000000000109e+03 2.877940000000000172e-47
1.106000000000000000e+03 2.878000000000000128e-47
1.106119999999999891e+03 2.878179999999999996e-47
1.106250000000000000e+03 2.877830000000000010e-47
1.106380000000000109e+03 2.877340000000000126e-47
1.106500000000000000e+03 2.876840000000000006e-47
1.106619999999999891e+03 2.876479999999999784e-47
1.106750000000000000e+03 2.876470000000000034e-47
1.106880000000000109e+03 2.876419999999999828e-47
1.107000000000000000e+03 2.877240000000000199e-47
1.107119999999999891e+03 2.878060000000000084e-47
1.107250000000000000e+03 2.878879999999999969e-47
1.107380000000000109e+03 2.879699999999999854e-47
1.107500000000000000e+03 2.880509999999999990e-47
1.107619999999999891e+03 2.881329999999999875e-47
1.107750000000000000e+03 2.882149999999999760e-47
1.107880000000000109e+03 2.882970000000000132e-47
1.108000000000000000e+03 2.883790000000000017e-47
1.108119999999999891e+03 2.888859999999999947e-47
1.108250000000000000e+03 2.885309999999999875e-47
1.108380000000000109e+03 2.885869999999999951e-47
1.108500000000000000e+03 2.886210000000000188e-47
1.108619999999999891e+03 2.886259999999999908e-47
1.108750000000000000e+03 2.886150000000000232e-47
1.108880000000000109e+03 2.885929999999999907e-47
1.109000000000000000e+03 2.886049999999999819e-47
1.109119999999999891e+03 2.886689999999999836e-47
1.109250000000000000e+03 2.887019999999999837e-47
1.109380000000000109e+03 2.887499999999999972e-47
1.109500000000000000e+03 2.888259999999999901e-47
1.109619999999999891e+03 2.889129999999999992e-47
1.109750000000000000e+03 2.889010000000000080e-47
1.109880000000000109e+03 2.888810000000000227e-47
1.110000000000000000e+03 2.888859999999999947e-47
1.110119999999999891e+03 2.888839999999999962e-47
1.110250000000000000e+03 2.889530000000000185e-47
1.110380000000000109e+03 2.889980000000000099e-47
1.110500000000000000e+03 2.890589999999999895e-47
1.110619999999999891e+03 2.890549999999999924e-47
1.110750000000000000e+03 2.890649999999999851e-47
1.110880000000000109e+03 2.890500000000000204e-47
1.111000000000000000e+03 2.890339999999999835e-47
1.111119999999999891e+03 2.889980000000000099e-47
1.111250000000000000e+03 2.889940000000000128e-47
1.111380000000000109e+03 2.889820000000000216e-47
1.111500000000000000e+03 2.889090000000000022e-47
1.111619999999999891e+03 2.888159999999999974e-47
1.111750000000000000e+03 2.887610000000000134e-47
1.111880000000000109e+03 2.887510000000000207e-47
1.112000000000000000e+03 2.887759999999999781e-47
1.112119999999999891e+03 2.887130000000000000e-47
1.112250000000000000e+03 2.886859999999999955e-47
1.112380000000000109e+03 2.886999999999999852e-47
1.112500000000000000e+03 2.887149999999999985e-47
1.112619999999999891e+03 2.887169999999999970e-47
1.112750000000000000e+03 2.886769999999999777e-47
1.112880000000000109e+03 2.886270000000000144e-47
1.113000000000000000e+03 2.886509999999999968e-47
1.113119999999999891e+03 2.886310000000000115e-47
1.113250000000000000e+03 2.886020000000000084e-47
1.113380000000000109e+03 2.885599999999999906e-47
1.113500000000000000e+03 2.885249999999999919e-47
1.113619999999999891e+03 2.885090000000000036e-47
1.113750000000000000e+03 2.884689999999999843e-47
1.113880000000000109e+03 2.884000000000000106e-47
1.114000000000000000e+03 2.883420000000000045e-47
1.114119999999999891e+03 2.883650000000000119e-47
1.114250000000000000e+03 2.882899999999999940e-47
1.114380000000000109e+03 2.881940000000000157e-47
1.114500000000000000e+03 2.881409999999999817e-47
1.114619999999999891e+03 2.880830000000000242e-47
1.114750000000000000e+03 2.880990000000000124e-47
1.114880000000000109e+03 2.881309999999999890e-47
1.115000000000000000e+03 2.880789999999999785e-47
1.115119999999999891e+03 2.879980000000000135e-47
1.115250000000000000e+03 2.879269999999999926e-47
1.115380000000000109e+03 2.878919999999999940e-47
1.115500000000000000e+03 2.878350000000000115e-47
1.115619999999999891e+03 2.877989999999999892e-47
1.115750000000000000e+03 2.877409999999999831e-47
1.115880000000000109e+03 2.876829999999999770e-47
1.116000000000000000e+03 2.876330000000000137e-47
1.116119999999999891e+03 2.875599999999999942e-47
1.116250000000000000e+03 2.874609999999999939e-47
1.116380000000000109e+03 2.873730000000000098e-47
1.116500000000000000e+03 2.873030000000000124e-47
1.116619999999999891e+03 2.872660000000000153e-47
1.116750000000000000e+03 2.872169999999999782e-47
1.116880000000000109e+03 2.871920000000000209e-47
1.117000000000000000e+03 2.870990000000000161e-47
1.117119999999999891e+03 2.870040000000000128e-47
1.117250000000000000e+03 2.869079999999999859e-47
1.117380000000000109e+03 2.868100000000000091e-47
1.117500000000000000e+03 2.867110000000000088e-47
1.117619999999999891e+03 2.866160000000000055e-47
1.117750000000000000e+03 2.865320000000000184e-47
1.117880000000000109e+03 2.864499999999999813e-47
1.118000000000000000e+03 2.868869999999999770e-47
1.118119999999999891e+03 2.868049999999999885e-47
1.118250000000000000e+03 2.861929999999999995e-47
1.118380000000000109e+03 2.861810000000000083e-47
1.118500000000000000e+03 2.861079999999999889e-47
1.118619999999999891e+03 2.860109999999999870e-47
1.118750000000000000e+03 2.859130000000000103e-47
1.118880000000000109e+03 2.858929999999999763e-47
1.119000000000000000e+03 2.858499999999999835e-47
1.119119999999999891e+03 2.857819999999999847e-47
1.119250000000000000e+03 2.856849999999999829e-47
1.119380000000000109e+03 2.856040000000000179e-47
1.119500000000000000e+03 2.855930000000000017e-47
1.119619999999999891e+03 2.855210000000000059e-47
1.119750000000000000e+03 2.854590000000000027e-47
1.119880000000000109e+03 2.854029999999999951e-47
1.120000000000000000e+03 2.853340000000000214e-47
1.120119999999999891e+03 2.852519999999999842e-47
1.120250000000000000e+03 2.851509999999999853e-47
1.120380000000000109e+03 2.851420000000000162e-47
1.120500000000000000e+03 2.850649999999999998e-47
1.120619999999999891e+03 2.850289999999999775e-47
1.120750000000000000e+03 2.849679999999999979e-47
1.120880000000000109e+03 2.849230000000000066e-47
1.121000000000000000e+03 2.848510000000000107e-47
1.121119999999999891e+03 2.847469999999999897e-47
1.121250000000000000e+03 2.845999999999999759e-47
1.121380000000000109e+03 2.844579999999999828e-47
1.121500000000000000e+03 2.843690000000000237e-47
1.121619999999999891e+03 2.842969999999999792e-47
1.121750000000000000e+03 2.843039999999999984e-47
1.121880000000000109e+03 2.842900000000000087e-47
1.122000000000000000e+03 2.842260000000000070e-47
1.122119999999999891e+03 2.841090000000000198e-47
1.122250000000000000e+03 2.839640000000000045e-47
1.122380000000000109e+03 2.838419999999999967e-47
1.122500000000000000e+03 2.837669999999999788e-47
1.122619999999999891e+03 2.836189999999999900e-47
1.122750000000000000e+03 2.835210000000000132e-47
1.122880000000000109e+03 2.834459999999999952e-47
1.123000000000000000e+03 2.832980000000000065e-47
1.123119999999999891e+03 2.831500000000000177e-47
1.123250000000000000e+03 2.830570000000000130e-47
1.123380000000000109e+03 2.829130000000000213e-47
1.123500000000000000e+03 2.827850000000000178e-47
1.123619999999999891e+03 2.827170000000000191e-47
1.123750000000000000e+03 2.826120000000000231e-47
1.123880000000000109e+03 2.824809999999999976e-47
1.124000000000000000e+03 2.823509999999999956e-47
1.124119999999999891e+03 2.823100000000000014e-47
1.124250000000000000e+03 2.823370000000000059e-47
1.124380000000000109e+03 2.822869999999999939e-47
1.124500000000000000e+03 2.822249999999999907e-47
1.124619999999999891e+03 2.821640000000000111e-47
1.124750000000000000e+03 2.821040000000000065e-47
1.124880000000000109e+03 2.820209999999999944e-47
1.125000000000000000e+03 2.819470000000000000e-47
1.125119999999999891e+03 2.818320000000000114e-47
1.125250000000000000e+03 2.817729999999999817e-47
1.125380000000000109e+03 2.817609999999999905e-47
1.125500000000000000e+03 2.817479999999999757e-47
1.125619999999999891e+03 2.816779999999999784e-47
1.125750000000000000e+03 2.815339999999999867e-47
1.125880000000000109e+03 2.814969999999999895e-47
1.126000000000000000e+03 2.813879999999999965e-47
1.126119999999999891e+03 2.813629999999999905e-47
1.126250000000000000e+03 2.812220000000000209e-47
1.126380000000000109e+03 2.810889999999999969e-47
1.126500000000000000e+03 2.809859999999999994e-47
1.126619999999999891e+03 2.809399999999999845e-47
1.126750000000000000e+03 2.810699999999999865e-47
1.126880000000000109e+03 2.809870000000000230e-47
1.127000000000000000e+03 2.809290000000000169e-47
1.127119999999999891e+03 2.808320000000000151e-47
1.127250000000000000e+03 2.807470000000000044e-47
1.127380000000000109e+03 2.807510000000000015e-47
1.127500000000000000e+03 2.808010000000000135e-47
1.127619999999999891e+03 2.806150000000000039e-47
1.127750000000000000e+03 2.804949999999999947e-47
1.127880000000000109e+03 2.803930000000000208e-47
1.128000000000000000e+03 2.803310000000000176e-47
1.128119999999999891e+03 2.802369999999999893e-47
1.128250000000000000e+03 2.801080000000000109e-47
1.128380000000000109e+03 2.799169999999999807e-47
1.128500000000000000e+03 2.797270000000000228e-47
1.128619999999999891e+03 2.796269999999999988e-47
1.128750000000000000e+03 2.795370000000000162e-47
1.128880000000000109e+03 2.794739999999999894e-47
1.129000000000000000e+03 2.793069999999999903e-47
1.129119999999999891e+03 2.791780000000000119e-47
1.129250000000000000e+03 2.791069999999999910e-47
1.129380000000000109e+03 2.788989999999999976e-47
1.129500000000000000e+03 2.789579999999999787e-47
1.129619999999999891e+03 2.788449999999999886e-47
1.129750000000000000e+03 2.786139999999999877e-47
1.129880000000000109e+03 2.784710000000000196e-47
1.130000000000000000e+03 2.783550000000000074e-47
1.130119999999999891e+03 2.782199999999999848e-47
1.130250000000000000e+03 2.781249999999999815e-47
1.130380000000000109e+03 2.779419999999999941e-47
1.130500000000000000e+03 2.778620000000000041e-47
1.130619999999999891e+03 2.777769999999999935e-47
1.130750000000000000e+03 2.777120000000000168e-47
1.130880000000000109e+03 2.776179999999999884e-47
1.131000000000000000e+03 2.774500000000000143e-47
1.131119999999999891e+03 2.773720000000000229e-47
1.131250000000000000e+03 2.773220000000000109e-47
1.131380000000000109e+03 2.772090000000000208e-47
1.131500000000000000e+03 2.770779999999999953e-47
1.131619999999999891e+03 2.769200000000000139e-47
1.131750000000000000e+03 2.767610000000000089e-47
1.131880000000000109e+03 2.766299999999999833e-47
1.132000000000000000e+03 2.765309999999999830e-47
1.132119999999999891e+03 2.764339999999999811e-47
1.132250000000000000e+03 2.762919999999999880e-47
1.132380000000000109e+03 2.761459999999999977e-47
1.132500000000000000e+03 2.760850000000000181e-47
1.132619999999999891e+03 2.759880000000000163e-47
1.132750000000000000e+03 2.759120000000000234e-47
1.132880000000000109e+03 2.758359999999999819e-47
1.133000000000000000e+03 2.757360000000000065e-47
1.133119999999999891e+03 2.756290000000000120e-47
1.133250000000000000e+03 2.755220000000000175e-47
1.133380000000000109e+03 2.754159999999999980e-47
1.133500000000000000e+03 2.753099999999999784e-47
1.133619999999999891e+03 2.752339999999999855e-47
1.133750000000000000e+03 2.751460000000000014e-47
1.133880000000000109e+03 2.749639999999999890e-47
1.134000000000000000e+03 2.747150000000000013e-47
1.134119999999999891e+03 2.744809999999999783e-47
1.134250000000000000e+03 2.742250000000000201e-47
1.134380000000000109e+03 2.740879999999999990e-47
1.134500000000000000e+03 2.739449999999999822e-47
1.134619999999999891e+03 2.738250000000000216e-47
1.134750000000000000e+03 2.737980000000000171e-47
1.134880000000000109e+03 2.737900000000000229e-47
1.135000000000000000e+03 2.737719999999999875e-47
1.135119999999999891e+03 2.737770000000000081e-47
1.135250000000000000e+03 2.737750000000000096e-47
1.135380000000000109e+03 2.737690000000000140e-47
1.135500000000000000e+03 2.737429999999999844e-47
1.135619999999999891e+03 2.736600000000000210e-47
1.135750000000000000e+03 2.734979999999999939e-47
1.135880000000000109e+03 2.734290000000000201e-47
1.136000000000000000e+03 2.733159999999999814e-47
1.136119999999999891e+03 2.731819999999999824e-47
1.136250000000000000e+03 2.730350000000000172e-47
1.136380000000000109e+03 2.728990000000000196e-47
1.136500000000000000e+03 2.727790000000000103e-47
1.136619999999999891e+03 2.726499999999999834e-47
1.136750000000000000e+03 2.725210000000000050e-47
1.136880000000000109e+03 2.723919999999999780e-47
1.137000000000000000e+03 2.722769999999999893e-47
1.137119999999999891e+03 2.721489999999999859e-47
1.137250000000000000e+03 2.720229999999999810e-47
1.137380000000000109e+03 2.719059999999999939e-47
1.137500000000000000e+03 2.717320000000000242e-47
1.137619999999999891e+03 2.715500000000000117e-47
1.137750000000000000e+03 2.714200000000000097e-47
1.137880000000000109e+03 2.712359999999999988e-47
1.138000000000000000e+03 2.710869999999999864e-47
1.138119999999999891e+03 2.709429999999999947e-47
1.138250000000000000e+03 2.707779999999999941e-47
1.138380000000000109e+03 2.705629999999999815e-47
1.138500000000000000e+03 2.703560000000000117e-47
1.138619999999999891e+03 2.702989999999999806e-47
1.138750000000000000e+03 2.701870000000000140e-47
1.138880000000000109e+03 2.700189999999999913e-47
1.139000000000000000e+03 2.698200000000000156e-47
1.139119999999999891e+03 2.695970000000000089e-47
1.139250000000000000e+03 2.694300000000000098e-47
1.139380000000000109e+03 2.693199999999999931e-47
1.139500000000000000e+03 2.692110000000000001e-47
1.139619999999999891e+03 2.689850000000000199e-47
1.139750000000000000e+03 2.687439999999999778e-47
1.139880000000000109e+03 2.685950000000000140e-47
1.140000000000000000e+03 2.684400000000000061e-47
1.140119999999999891e+03 2.683529999999999969e-47
1.140250000000000000e+03 2.683120000000000027e-47
1.140380000000000109e+03 2.682819999999999761e-47
1.140500000000000000e+03 2.682510000000000231e-47
1.140619999999999891e+03 2.682229999999999950e-47
1.140750000000000000e+03 2.680750000000000062e-47
1.140880000000000109e+03 2.680189999999999987e-47
1.141000000000000000e+03 2.679740000000000073e-47
1.141119999999999891e+03 2.679310000000000145e-47
1.141250000000000000e+03 2.676949999999999930e-47
1.141380000000000109e+03 2.675890000000000221e-47
1.141500000000000000e+03 2.673600000000000198e-47
1.141619999999999891e+03 2.672070000000000104e-47
1.141750000000000000e+03 2.671000000000000159e-47
1.141880000000000109e+03 2.670119999999999831e-47
1.142000000000000000e+03 2.668150000000000060e-47
1.142119999999999891e+03 2.665240000000000005e-47
1.142250000000000000e+03 2.665109999999999857e-47
1.142380000000000109e+03 2.664110000000000104e-47
1.142500000000000000e+03 2.662580000000000010e-47
1.142619999999999891e+03 2.661499999999999829e-47
1.142750000000000000e+03 2.659089999999999894e-47
1.142880000000000109e+03 2.658420000000000142e-47
1.143000000000000000e+03 2.658099999999999890e-47
1.143119999999999891e+03 2.657579999999999785e-47
1.143250000000000000e+03 2.655800000000000117e-47
1.143380000000000109e+03 2.653889999999999816e-47
1.143500000000000000e+03 2.653009999999999975e-47
1.143619999999999891e+03 2.650950000000000026e-47
1.143750000000000000e+03 2.650750000000000172e-47
1.143880000000000109e+03 2.650380000000000201e-47
1.144000000000000000e+03 2.650259999999999802e-47
1.144119999999999891e+03 2.648600000000000047e-47
1.144250000000000000e+03 2.647430000000000175e-47
1.144380000000000109e+03 2.646669999999999760e-47
1.144500000000000000e+03 2.643740000000000205e-47
1.144619999999999891e+03 2.641539999999999873e-47
1.144750000000000000e+03 2.640739999999999973e-47
1.144880000000000109e+03 2.638079999999999978e-47
1.145000000000000000e+03 2.635510000000000160e-47
1.145119999999999891e+03 2.632859999999999915e-47
1.145250000000000000e+03 2.630190000000000170e-47
1.145380000000000109e+03 2.627530000000000175e-47
1.145500000000000000e+03 2.624439999999999766e-47
1.145619999999999891e+03 2.621860000000000198e-47
1.145750000000000000e+03 2.619349999999999850e-47
1.145880000000000109e+03 2.617480000000000005e-47
1.146000000000000000e+03 2.615369999999999850e-47
1.146119999999999891e+03 2.613260000000000181e-47
1.146250000000000000e+03 2.611380000000000101e-47
1.146380000000000109e+03 2.609650000000000153e-47
1.146500000000000000e+03 2.607960000000000176e-47
1.146619999999999891e+03 2.606319999999999920e-47
1.146750000000000000e+03 2.604660000000000164e-47
1.146880000000000109e+03 2.603010000000000158e-47
1.147000000000000000e+03 2.602800000000000069e-47
1.147119999999999891e+03 2.600200000000000030e-47
1.147250000000000000e+03 2.598249999999999758e-47
1.147380000000000109e+03 2.596800000000000091e-47
1.147500000000000000e+03 2.595799999999999852e-47
1.147619999999999891e+03 2.594669999999999951e-47
1.147750000000000000e+03 2.593859999999999815e-47
1.147880000000000109e+03 2.592780000000000120e-47
1.148000000000000000e+03 2.591600000000000013e-47
1.148119999999999891e+03 2.589320000000000225e-47
1.148250000000000000e+03 2.588350000000000207e-47
1.148380000000000109e+03 2.587560000000000057e-47
1.148500000000000000e+03 2.587520000000000086e-47
1.148619999999999891e+03 2.587170000000000100e-47
1.148750000000000000e+03 2.586459999999999891e-47
1.148880000000000109e+03 2.585509999999999858e-47
1.149000000000000000e+03 2.584570000000000061e-47
1.149119999999999891e+03 2.583679999999999984e-47
1.149250000000000000e+03 2.583030000000000217e-47
1.149380000000000109e+03 2.582809999999999892e-47
1.149500000000000000e+03 2.582180000000000111e-47
1.149619999999999891e+03 2.581830000000000124e-47
1.149750000000000000e+03 2.580689999999999987e-47
1.149880000000000109e+03 2.580120000000000162e-47
1.150000000000000000e+03 2.577239999999999842e-47
1.150119999999999891e+03 2.576309999999999794e-47
1.150250000000000000e+03 2.575389999999999982e-47
1.150380000000000109e+03 2.573899999999999859e-47
1.150500000000000000e+03 2.573250000000000092e-47
1.150619999999999891e+03 2.572800000000000179e-47
1.150750000000000000e+03 2.571950000000000073e-47
1.150880000000000109e+03 2.571110000000000202e-47
1.151000000000000000e+03 2.570909999999999863e-47
1.151119999999999891e+03 2.570289999999999831e-47
1.151250000000000000e+03 2.570320000000000052e-47
1.151380000000000109e+03 2.569830000000000168e-47
1.151500000000000000e+03 2.569429999999999975e-47
1.151619999999999891e+03 2.569440000000000211e-47
1.151750000000000000e+03 2.568410000000000237e-47
1.151880000000000109e+03 2.566880000000000143e-47
1.152000000000000000e+03 2.566209999999999904e-47
1.152119999999999891e+03 2.566059999999999771e-47
1.152250000000000000e+03 2.566249999999999875e-47
1.152380000000000109e+03 2.565689999999999799e-47
1.152500000000000000e+03 2.565159999999999945e-47
1.152619999999999891e+03 2.564719999999999781e-47
1.152750000000000000e+03 2.564820000000000194e-47
1.152880000000000109e+03 2.564340000000000059e-47
1.153000000000000000e+03 2.563799999999999969e-47
1.153119999999999891e+03 2.563629999999999851e-47
1.153250000000000000e+03 2.563569999999999895e-47
1.153380000000000109e+03 2.563219999999999908e-47
1.153500000000000000e+03 2.562929999999999877e-47
1.153619999999999891e+03 2.562659999999999832e-47
1.153750000000000000e+03 2.562300000000000096e-47
1.153880000000000109e+03 2.562209999999999919e-47
1.154000000000000000e+03 2.561449999999999990e-47
1.154119999999999891e+03 2.561529999999999931e-47
1.154250000000000000e+03 2.560829999999999958e-47
1.154380000000000109e+03 2.558459999999999994e-47
1.154500000000000000e+03 2.557990000000000095e-47
1.154619999999999891e+03 2.557970000000000110e-47
1.154750000000000000e+03 2.556340000000000089e-47
1.154880000000000109e+03 2.555560000000000174e-47
1.155000000000000000e+03 2.554750000000000039e-47
1.155119999999999891e+03 2.551199999999999967e-47
1.155250000000000000e+03 2.549669999999999873e-47
1.155380000000000109e+03 2.548280000000000162e-47
1.155500000000000000e+03 2.546799999999999788e-47
1.155619999999999891e+03 2.543740000000000086e-47
1.155750000000000000e+03 2.543189999999999760e-47
1.155880000000000109e+03 2.542639999999999920e-47
1.156000000000000000e+03 2.542750000000000083e-47
1.156119999999999891e+03 2.545339999999999886e-47
1.156250000000000000e+03 2.545740000000000079e-47
1.156380000000000109e+03 2.549390000000000078e-47
1.156500000000000000e+03 2.548810000000000017e-47
1.156619999999999891e+03 2.553109999999999782e-47
1.156750000000000000e+03 2.557520000000000196e-47
1.156880000000000109e+03 2.558019999999999830e-47
1.157000000000000000e+03 2.559060000000000040e-47
1.157119999999999891e+03 2.561100000000000003e-47
1.157250000000000000e+03 2.563429999999999997e-47
1.157380000000000109e+03 2.564909999999999885e-47
1.157500000000000000e+03 2.569159999999999930e-47
1.157619999999999891e+03 2.571020000000000025e-47
1.157750000000000000e+03 2.576459999999999927e-47
1.157880000000000109e+03 2.582960000000000025e-47
1.158000000000000000e+03 2.591980000000000221e-47
1.158119999999999891e+03 2.597560000000000020e-47
1.158250000000000000e+03 2.605739999999999859e-47
1.158380000000000109e+03 2.621019999999999842e-47
1.158500000000000000e+03 2.631570000000000131e-47
1.158619999999999891e+03 2.645189999999999872e-47
1.158750000000000000e+03 2.660639999999999973e-47
1.158880000000000109e+03 2.676710000000000106e-47
1.159000000000000000e+03 2.695370000000000043e-47
1.159119999999999891e+03 2.709159999999999902e-47
1.159250000000000000e+03 2.721650000000000228e-47
1.159380000000000109e+03 2.741019999999999887e-47
1.159500000000000000e+03 2.760700000000000048e-47
1.159619999999999891e+03 2.780279999999999796e-47
1.159750000000000000e+03 2.800830000000000049e-47
1.159880000000000109e+03 2.821839999999999965e-47
1.160000000000000000e+03 2.843380000000000221e-47
1.160119999999999891e+03 2.865469999999999831e-47
1.160250000000000000e+03 2.887829999999999973e-47
1.160380000000000109e+03 2.912819999999999888e-47
1.160500000000000000e+03 2.942030000000000114e-47
1.160619999999999891e+03 2.974260000000000071e-47
1.160750000000000000e+03 3.004479999999999800e-47
1.160880000000000109e+03 3.031100000000000222e-47
1.161000000000000000e+03 3.061060000000000141e-47
1.161119999999999891e+03 3.097469999999999952e-47
1.161250000000000000e+03 3.133389999999999878e-47
1.161380000000000109e+03 3.172380000000000228e-47
1.161500000000000000e+03 3.220429999999999773e-47
1.161619999999999891e+03 3.261710000000000146e-47
1.161750000000000000e+03 3.300170000000000155e-47
1.161880000000000109e+03 3.339089999999999828e-47
1.162000000000000000e+03 3.380780000000000144e-47
1.162119999999999891e+03 3.425719999999999780e-47
1.162250000000000000e+03 3.472539999999999982e-47
1.162380000000000109e+03 3.524180000000000055e-47
1.162500000000000000e+03 3.575989999999999760e-47
1.162619999999999891e+03 3.649609999999999767e-47
1.162750000000000000e+03 3.719780000000000115e-47
1.162880000000000109e+03 3.814850000000000201e-47
1.163000000000000000e+03 3.939960000000000147e-47
1.163119999999999891e+03 4.108739999999999931e-47
1.163250000000000000e+03 4.363040000000000237e-47
1.163380000000000109e+03 4.688839999999999673e-47
1.163500000000000000e+03 5.542449999999999983e-47
1.163619999999999891e+03 8.382830000000000458e-47
1.163750000000000000e+03 2.345850000000000101e-46
1.163880000000000109e+03 3.806060000000000294e-45
1.164000000000000000e+03 1.815529999999999851e-46
1.164119999999999891e+03 8.164430000000000093e-47
1.164250000000000000e+03 5.760219999999999594e-47
1.164380000000000109e+03 5.090249999999999844e-47
1.164500000000000000e+03 4.786419999999999621e-47
1.164619999999999891e+03 4.645020000000000188e-47
1.164750000000000000e+03 4.557310000000000056e-47
1.164880000000000109e+03 4.500930000000000054e-47
1.165000000000000000e+03 4.473150000000000482e-47
1.165119999999999891e+03 4.438309999999999764e-47
1.165250000000000000e+03 4.431610000000000299e-47
1.165380000000000109e+03 4.445579999999999540e-47
1.165500000000000000e+03 4.495109999999999944e-47
1.165619999999999891e+03 4.560130000000000420e-47
1.165750000000000000e+03 4.625229999999999865e-47
1.165880000000000109e+03 4.743899999999999670e-47
1.166000000000000000e+03 4.943880000000000409e-47
1.166119999999999891e+03 5.235890000000000058e-47
1.166250000000000000e+03 5.781090000000000098e-47
1.166380000000000109e+03 7.122050000000000308e-47
1.166500000000000000e+03 1.224629999999999954e-46
1.166619999999999891e+03 5.666380000000000114e-46
1.166750000000000000e+03 1.710240000000000060e-46
1.166880000000000109e+03 8.187389999999999795e-47
1.167000000000000000e+03 6.202709999999999800e-47
1.167119999999999891e+03 5.576410000000000373e-47
1.167250000000000000e+03 5.233969999999999521e-47
1.167380000000000109e+03 4.976529999999999572e-47
1.167500000000000000e+03 4.787520000000000273e-47
1.167619999999999891e+03 4.676369999999999818e-47
1.167750000000000000e+03 4.608929999999999657e-47
1.167880000000000109e+03 4.558710000000000002e-47
1.168000000000000000e+03 4.523539999999999769e-47
1.168119999999999891e+03 4.483370000000000284e-47
1.168250000000000000e+03 4.463979999999999667e-47
1.168380000000000109e+03 4.451479999999999591e-47
1.168500000000000000e+03 4.443289999999999517e-47
1.168619999999999891e+03 4.392459999999999580e-47
1.168750000000000000e+03 4.309199999999999832e-47
1.168880000000000109e+03 4.224999999999999801e-47
1.169000000000000000e+03 4.165600000000000067e-47
1.169119999999999891e+03 4.127780000000000075e-47
1.169250000000000000e+03 4.052129999999999854e-47
1.169380000000000109e+03 3.981100000000000137e-47
1.169500000000000000e+03 3.871000000000000128e-47
1.169619999999999891e+03 3.822219999999999904e-47
1.169750000000000000e+03 3.781460000000000121e-47
1.169880000000000109e+03 3.695280000000000083e-47
1.170000000000000000e+03 3.606260000000000181e-47
1.170119999999999891e+03 3.490019999999999811e-47
1.170250000000000000e+03 3.417849999999999957e-47
1.170380000000000109e+03 3.338139999999999795e-47
1.170500000000000000e+03 3.261650000000000190e-47
1.170619999999999891e+03 3.189140000000000099e-47
1.170750000000000000e+03 3.119130000000000120e-47
1.170880000000000109e+03 3.049140000000000127e-47
1.171000000000000000e+03 2.971850000000000136e-47
1.171119999999999891e+03 2.903610000000000075e-47
1.171250000000000000e+03 2.828340000000000062e-47
1.171380000000000109e+03 2.762500000000000188e-47
1.171500000000000000e+03 2.702260000000000098e-47
1.171619999999999891e+03 2.651969999999999764e-47
1.171750000000000000e+03 2.585340000000000225e-47
1.171880000000000109e+03 2.514770000000000171e-47
1.172000000000000000e+03 2.461870000000000049e-47
1.172119999999999891e+03 2.409769999999999827e-47
1.172250000000000000e+03 2.349460000000000032e-47
1.172380000000000109e+03 2.296929999999999882e-47
1.172500000000000000e+03 2.248400000000000203e-47
1.172619999999999891e+03 2.201910000000000002e-47
1.172750000000000000e+03 2.163300000000000103e-47
1.172880000000000109e+03 2.117809999999999898e-47
1.173000000000000000e+03 2.071309999999999947e-47
1.173119999999999891e+03 2.028400000000000039e-47
1.173250000000000000e+03 1.995369999999999939e-47
1.173380000000000109e+03 1.970640000000000076e-47
1.173500000000000000e+03 1.948380000000000104e-47
1.173619999999999891e+03 1.935780000000000102e-47
1.173750000000000000e+03 1.916389999999999971e-47
1.173880000000000109e+03 1.910290000000000067e-47
1.174000000000000000e+03 1.894400000000000045e-47
1.174119999999999891e+03 1.876989999999999922e-47
1.174250000000000000e+03 1.865530000000000056e-47
1.174380000000000109e+03 1.856449999999999905e-47
1.174500000000000000e+03 1.846449999999999941e-47
1.174619999999999891e+03 1.833439999999999996e-47
1.174750000000000000e+03 1.832539999999999927e-47
1.174880000000000109e+03 1.832219999999999918e-47
1.175000000000000000e+03 1.829090000000000025e-47
1.175119999999999891e+03 1.835479999999999960e-47
1.175250000000000000e+03 1.848809999999999913e-47
1.175380000000000109e+03 1.864460000000000111e-47
1.175500000000000000e+03 1.870500000000000060e-47
1.175619999999999891e+03 1.887499999999999997e-47
1.175750000000000000e+03 1.899010000000000069e-47
1.175880000000000109e+03 1.909710000000000006e-47
1.176000000000000000e+03 1.922520000000000097e-47
1.176119999999999891e+03 1.953700000000000094e-47
1.176250000000000000e+03 1.969499999999999939e-47
1.176380000000000109e+03 1.994439999999999891e-47
1.176500000000000000e+03 2.018579999999999944e-47
1.176619999999999891e+03 2.051829999999999882e-47
1.176750000000000000e+03 2.097199999999999932e-47
1.176880000000000109e+03 2.162730000000000034e-47
1.177000000000000000e+03 2.215949999999999922e-47
1.177119999999999891e+03 2.269270000000000222e-47
1.177250000000000000e+03 2.306639999999999815e-47
1.177380000000000109e+03 2.361440000000000002e-47
1.177500000000000000e+03 2.422309999999999874e-47
1.177619999999999891e+03 2.478560000000000214e-47
1.177750000000000000e+03 2.539450000000000071e-47
1.177880000000000109e+03 2.592820000000000091e-47
1.178000000000000000e+03 2.661809999999999845e-47
1.178119999999999891e+03 2.736080000000000105e-47
1.178250000000000000e+03 2.799510000000000044e-47
1.178380000000000109e+03 2.865050000000000139e-47
1.178500000000000000e+03 2.949029999999999845e-47
1.178619999999999891e+03 3.046859999999999853e-47
1.178750000000000000e+03 3.148020000000000094e-47
1.178880000000000109e+03 3.254709999999999929e-47
1.179000000000000000e+03 3.327399999999999888e-47
1.179119999999999891e+03 3.395739999999999875e-47
1.179250000000000000e+03 3.501339999999999779e-47
1.179380000000000109e+03 3.578219999999999827e-47
1.179500000000000000e+03 3.630399999999999991e-47
1.179619999999999891e+03 3.726879999999999772e-47
1.179750000000000000e+03 3.860440000000000089e-47
1.179880000000000109e+03 3.977249999999999799e-47
1.180000000000000000e+03 4.075220000000000190e-47
1.180119999999999891e+03 4.139390000000000074e-47
1.180250000000000000e+03 4.203779999999999796e-47
1.180380000000000109e+03 4.281009999999999831e-47
1.180500000000000000e+03 4.359720000000000239e-47
1.180619999999999891e+03 4.418490000000000191e-47
1.180750000000000000e+03 4.431540000000000107e-47
1.180880000000000109e+03 4.441539999999999584e-47
1.181000000000000000e+03 4.462959999999999928e-47
1.181119999999999891e+03 4.480749999999999773e-47
1.181250000000000000e+03 4.497339999999999525e-47
1.181380000000000109e+03 4.521850000000000279e-47
1.181500000000000000e+03 4.516199999999999801e-47
1.181619999999999891e+03 4.536669999999999626e-47
1.181750000000000000e+03 4.562500000000000384e-47
1.181880000000000109e+03 4.553439999999999732e-47
1.182000000000000000e+03 4.540039999999999830e-47
1.182119999999999891e+03 4.528060000000000346e-47
1.182250000000000000e+03 4.515079999999999649e-47
1.182380000000000109e+03 4.492140000000000419e-47
1.182500000000000000e+03 4.481409999999999776e-47
1.182619999999999891e+03 4.450370000000000162e-47
1.182750000000000000e+03 4.424379999999999521e-47
1.182880000000000109e+03 4.397189999999999759e-47
1.183000000000000000e+03 4.364930000000000067e-47
1.183119999999999891e+03 4.328549999999999992e-47
1.183250000000000000e+03 4.288189999999999916e-47
1.183380000000000109e+03 4.254260000000000233e-47
1.183500000000000000e+03 4.220130000000000210e-47
1.183619999999999891e+03 4.193449999999999831e-47
1.183750000000000000e+03 4.157440000000000214e-47
1.183880000000000109e+03 4.125530000000000022e-47
1.184000000000000000e+03 4.096110000000000194e-47
1.184119999999999891e+03 4.069590000000000184e-47
1.184250000000000000e+03 4.044220000000000061e-47
1.184380000000000109e+03 4.013939999999999890e-47
1.184500000000000000e+03 3.973590000000000050e-47
1.184619999999999891e+03 3.945340000000000093e-47
1.184750000000000000e+03 3.915850000000000073e-47
1.184880000000000109e+03 3.868420000000000074e-47
1.185000000000000000e+03 3.840349999999999985e-47
1.185119999999999891e+03 3.807949999999999910e-47
1.185250000000000000e+03 3.777310000000000003e-47
1.185380000000000109e+03 3.724770000000000104e-47
1.185500000000000000e+03 3.711379999999999951e-47
1.185619999999999891e+03 3.702219999999999858e-47
1.185750000000000000e+03 3.695209999999999891e-47
1.185880000000000109e+03 3.688350000000000057e-47
1.186000000000000000e+03 3.698710000000000243e-47
1.186119999999999891e+03 3.718569999999999786e-47
1.186250000000000000e+03 3.738719999999999846e-47
1.186380000000000109e+03 3.777349999999999974e-47
1.186500000000000000e+03 3.829720000000000241e-47
1.186619999999999891e+03 3.905010000000000239e-47
1.186750000000000000e+03 4.014880000000000173e-47
1.186880000000000109e+03 4.302260000000000057e-47
1.187000000000000000e+03 4.912499999999999585e-47
1.187119999999999891e+03 6.764400000000000151e-47
1.187250000000000000e+03 1.852159999999999889e-46
1.187380000000000109e+03 4.157039999999999729e-46
1.187500000000000000e+03 9.251479999999999468e-47
1.187619999999999891e+03 5.260880000000000460e-47
1.187750000000000000e+03 4.329500000000000025e-47
1.187880000000000109e+03 3.930869999999999760e-47
1.188000000000000000e+03 3.644419999999999925e-47
1.188119999999999891e+03 3.498109999999999959e-47
1.188250000000000000e+03 3.386490000000000091e-47
1.188380000000000109e+03 3.299869999999999889e-47
1.188500000000000000e+03 3.255540000000000050e-47
1.188619999999999891e+03 3.203899999999999977e-47
1.188750000000000000e+03 3.153909999999999910e-47
1.188880000000000109e+03 3.104949999999999817e-47
1.189000000000000000e+03 3.058280000000000234e-47
1.189119999999999891e+03 3.015110000000000031e-47
1.189250000000000000e+03 2.976379999999999976e-47
1.189380000000000109e+03 2.944610000000000168e-47
1.189500000000000000e+03 2.924549999999999799e-47
1.189619999999999891e+03 2.900919999999999859e-47
1.189750000000000000e+03 2.880479999999999769e-47
1.189880000000000109e+03 2.872259999999999960e-47
1.190000000000000000e+03 2.848439999999999916e-47
1.190119999999999891e+03 2.830960000000000087e-47
1.190250000000000000e+03 2.818119999999999774e-47
1.190380000000000109e+03 2.814289999999999907e-47
1.190500000000000000e+03 2.808420000000000077e-47
1.190619999999999891e+03 2.807990000000000149e-47
1.190750000000000000e+03 2.814099999999999804e-47
1.190880000000000109e+03 2.819549999999999942e-47
1.191000000000000000e+03 2.824969999999999858e-47
1.191119999999999891e+03 2.826940000000000116e-47
1.191250000000000000e+03 2.835440000000000207e-47
1.191380000000000109e+03 2.840900000000000094e-47
1.191500000000000000e+03 2.848510000000000107e-47
1.191619999999999891e+03 2.858149999999999848e-47
1.191750000000000000e+03 2.866089999999999863e-47
1.191880000000000109e+03 2.875139999999999793e-47
1.192000000000000000e+03 2.883550000000000193e-47
1.192119999999999891e+03 2.892159999999999959e-47
1.192250000000000000e+03 2.901719999999999759e-47
1.192380000000000109e+03 2.911630000000000031e-47
1.192500000000000000e+03 2.921729999999999921e-47
1.192619999999999891e+03 2.932010000000000166e-47
1.192750000000000000e+03 2.941089999999999831e-47
1.192880000000000109e+03 2.951580000000000164e-47
1.193000000000000000e+03 2.961270000000000112e-47
1.193119999999999891e+03 2.971319999999999795e-47
1.193250000000000000e+03 2.981839999999999863e-47
1.193380000000000109e+03 2.992109999999999872e-47
1.193500000000000000e+03 3.003249999999999972e-47
1.193619999999999891e+03 3.014520000000000220e-47
1.193750000000000000e+03 3.017820000000000232e-47
1.193880000000000109e+03 3.028500000000000183e-47
1.194000000000000000e+03 3.039639999999999797e-47
1.194119999999999891e+03 3.052309999999999991e-47
1.194250000000000000e+03 3.065160000000000053e-47
1.194380000000000109e+03 3.078180000000000234e-47
1.194500000000000000e+03 3.092849999999999935e-47
1.194619999999999891e+03 3.103130000000000179e-47
1.194750000000000000e+03 3.118000000000000219e-47
1.194880000000000109e+03 3.129429999999999864e-47
1.195000000000000000e+03 3.141070000000000083e-47
1.195119999999999891e+03 3.153079999999999789e-47
1.195250000000000000e+03 3.166759999999999972e-47
1.195380000000000109e+03 3.179880000000000079e-47
1.195500000000000000e+03 3.193089999999999878e-47
1.195619999999999891e+03 3.206369999999999868e-47
1.195750000000000000e+03 3.219729999999999799e-47
1.195880000000000109e+03 3.233170000000000158e-47
1.196000000000000000e+03 3.245690000000000219e-47
1.196119999999999891e+03 3.249890000000000058e-47
1.196250000000000000e+03 3.253630000000000234e-47
1.196380000000000109e+03 3.257460000000000101e-47
1.196500000000000000e+03 3.261380000000000145e-47
1.196619999999999891e+03 3.270970000000000165e-47
1.196750000000000000e+03 3.277499999999999998e-47
1.196880000000000109e+03 3.286830000000000209e-47
1.197000000000000000e+03 3.299599999999999844e-47
1.197119999999999891e+03 3.307040000000000225e-47
1.197250000000000000e+03 3.315789999999999889e-47
1.197380000000000109e+03 3.327330000000000182e-47
1.197500000000000000e+03 3.337330000000000145e-47
1.197619999999999891e+03 3.345390000000000072e-47
1.197750000000000000e+03 3.357640000000000088e-47
1.197880000000000109e+03 3.373879999999999853e-47
1.198000000000000000e+03 3.387070000000000152e-47
1.198119999999999891e+03 3.407340000000000124e-47
1.198250000000000000e+03 3.427059999999999770e-47
1.198380000000000109e+03 3.449740000000000163e-47
1.198500000000000000e+03 3.452039999999999936e-47
1.198619999999999891e+03 3.455229999999999785e-47
1.198750000000000000e+03 3.470079999999999840e-47
1.198880000000000109e+03 3.476639999999999894e-47
1.199000000000000000e+03 3.483219999999999933e-47
1.199119999999999891e+03 3.486949999999999873e-47
1.199250000000000000e+03 3.491190000000000169e-47
1.199380000000000109e+03 3.499999999999999789e-47
1.199500000000000000e+03 3.517699999999999943e-47
1.199619999999999891e+03 3.520060000000000158e-47
1.199750000000000000e+03 3.525759999999999869e-47
1.199880000000000109e+03 3.530970000000000183e-47
1.200000000000000000e+03 3.538990000000000139e-47
1.200119999999999891e+03 3.547980000000000113e-47
1.200250000000000000e+03 3.550399999999999798e-47
1.200380000000000109e+03 3.552379999999999806e-47
1.200500000000000000e+03 3.554609999999999873e-47
1.200619999999999891e+03 3.556859999999999925e-47
1.200750000000000000e+03 3.557869999999999914e-47
1.200880000000000109e+03 3.559380000000000023e-47
1.201000000000000000e+03 3.560299999999999835e-47
1.201119999999999891e+03 3.561820000000000179e-47
1.201250000000000000e+03 3.562629999999999829e-47
1.201380000000000109e+03 3.563570000000000112e-47
1.201500000000000000e+03 3.570369999999999990e-47
1.201619999999999891e+03 3.577829999999999870e-47
1.201750000000000000e+03 3.578699999999999962e-47
1.201880000000000109e+03 3.584119999999999879e-47
1.202000000000000000e+03 3.589999999999999944e-47
1.202119999999999891e+03 3.594879999999999771e-47
1.202250000000000000e+03 3.596540000000000013e-47
1.202380000000000109e+03 3.602440000000000064e-47
1.202500000000000000e+03 3.609569999999999943e-47
1.202619999999999891e+03 3.618940000000000125e-47
1.202750000000000000e+03 3.623440000000000230e-47
1.202880000000000109e+03 3.624869999999999911e-47
1.203000000000000000e+03 3.625159999999999942e-47
1.203119999999999891e+03 3.628109999999999967e-47
1.203250000000000000e+03 3.632379999999999998e-47
1.203380000000000109e+03 3.635870000000000114e-47
1.203500000000000000e+03 3.639939999999999805e-47
1.203619999999999891e+03 3.647349999999999965e-47
1.203750000000000000e+03 3.655320000000000201e-47
1.203880000000000109e+03 3.672040000000000100e-47
1.204000000000000000e+03 3.682870000000000184e-47
1.204119999999999891e+03 3.690339999999999814e-47
1.204250000000000000e+03 3.691809999999999952e-47
1.204380000000000109e+03 3.692580000000000117e-47
1.204500000000000000e+03 3.693260000000000105e-47
1.204619999999999891e+03 3.697490000000000165e-47
1.204750000000000000e+03 3.700239999999999851e-47
1.204880000000000109e+03 3.709880000000000078e-47
1.205000000000000000e+03 3.711789999999999894e-47
1.205119999999999891e+03 3.719229999999999788e-47
1.205250000000000000e+03 3.722219999999999785e-47
1.205380000000000109e+03 3.723249999999999759e-47
1.205500000000000000e+03 3.726420000000000110e-47
1.205619999999999891e+03 3.727880000000000012e-47
1.205750000000000000e+03 3.729259999999999973e-47
1.205880000000000109e+03 3.730619999999999948e-47
1.206000000000000000e+03 3.740289999999999910e-47
1.206119999999999891e+03 3.741740000000000063e-47
1.206250000000000000e+03 3.734110000000000064e-47
1.206380000000000109e+03 3.736179999999999763e-47
1.206500000000000000e+03 3.737299999999999914e-47
1.206619999999999891e+03 3.740759999999999809e-47
1.206750000000000000e+03 3.741660000000000122e-47
1.206880000000000109e+03 3.744460000000000014e-47
1.207000000000000000e+03 3.745159999999999987e-47
1.207119999999999891e+03 3.747230000000000172e-47
1.207250000000000000e+03 3.751219999999999921e-47
1.207380000000000109e+03 3.756900000000000134e-47
1.207500000000000000e+03 3.758050000000000020e-47
1.207619999999999891e+03 3.758769999999999979e-47
1.207750000000000000e+03 3.762920000000000097e-47
1.207880000000000109e+03 3.763919999999999850e-47
1.208000000000000000e+03 3.765050000000000238e-47
1.208119999999999891e+03 3.771899999999999836e-47
1.208250000000000000e+03 3.779799999999999880e-47
1.208380000000000109e+03 3.787090000000000128e-47
1.208500000000000000e+03 3.795010000000000157e-47
1.208619999999999891e+03 3.802310000000000154e-47
1.208750000000000000e+03 3.809400000000000063e-47
1.208880000000000109e+03 3.813470000000000240e-47
1.209000000000000000e+03 3.813300000000000121e-47
1.209119999999999891e+03 3.814109999999999771e-47
1.209250000000000000e+03 3.821160000000000194e-47
1.209380000000000109e+03 3.826420000000000229e-47
1.209500000000000000e+03 3.829349999999999783e-47
1.209619999999999891e+03 3.832159999999999911e-47
1.209750000000000000e+03 3.834850000000000127e-47
1.209880000000000109e+03 3.835439999999999938e-47
1.210000000000000000e+03 3.837189999999999871e-47
1.210119999999999891e+03 3.839869999999999851e-47
1.210250000000000000e+03 3.841849999999999858e-47
1.210380000000000109e+03 3.843129999999999893e-47
1.210500000000000000e+03 3.845619999999999769e-47
1.210619999999999891e+03 3.848529999999999824e-47
1.210750000000000000e+03 3.851169999999999834e-47
1.210880000000000109e+03 3.853229999999999783e-47
1.211000000000000000e+03 3.854919999999999759e-47
1.211119999999999891e+03 3.857470000000000078e-47
1.211250000000000000e+03 3.859029999999999907e-47
1.211380000000000109e+03 3.860300000000000192e-47
1.211500000000000000e+03 3.861250000000000225e-47
1.211619999999999891e+03 3.861899999999999991e-47
1.211750000000000000e+03 3.858830000000000054e-47
1.211880000000000109e+03 3.859310000000000188e-47
1.212000000000000000e+03 3.849189999999999827e-47
1.212119999999999891e+03 3.850859999999999818e-47
1.212250000000000000e+03 3.847990000000000220e-47
1.212380000000000109e+03 3.848819999999999855e-47
1.212500000000000000e+03 3.849240000000000033e-47
1.212619999999999891e+03 3.837320000000000018e-47
1.212750000000000000e+03 3.821050000000000032e-47
1.212880000000000109e+03 3.803130000000000039e-47
1.213000000000000000e+03 3.790780000000000097e-47
1.213119999999999891e+03 3.790749999999999876e-47
1.213250000000000000e+03 3.790129999999999844e-47
1.213380000000000109e+03 3.786200000000000051e-47
1.213500000000000000e+03 3.780459999999999882e-47
1.213619999999999891e+03 3.773819999999999887e-47
1.213750000000000000e+03 3.758039999999999784e-47
1.213880000000000109e+03 3.757859999999999916e-47
1.214000000000000000e+03 3.753150000000000208e-47
1.214119999999999891e+03 3.751899999999999909e-47
1.214250000000000000e+03 3.745720000000000063e-47
1.214380000000000109e+03 3.739950000000000160e-47
1.214500000000000000e+03 3.736730000000000089e-47
1.214619999999999891e+03 3.729450000000000077e-47
1.214750000000000000e+03 3.721140000000000090e-47
1.214880000000000109e+03 3.712230000000000057e-47
1.215000000000000000e+03 3.705180000000000120e-47
1.215119999999999891e+03 3.695729999999999996e-47
1.215250000000000000e+03 3.689650000000000077e-47
1.215380000000000109e+03 3.688250000000000131e-47
1.215500000000000000e+03 3.673690000000000106e-47
1.215619999999999891e+03 3.668640000000000161e-47
1.215750000000000000e+03 3.669200000000000237e-47
1.215880000000000109e+03 3.665710000000000121e-47
1.216000000000000000e+03 3.663790000000000070e-47
1.216119999999999891e+03 3.663429999999999847e-47
1.216250000000000000e+03 3.661030000000000148e-47
1.216380000000000109e+03 3.661260000000000222e-47
1.216500000000000000e+03 3.659520000000000039e-47
1.216619999999999891e+03 3.656829999999999823e-47
1.216750000000000000e+03 3.657139999999999839e-47
1.216880000000000109e+03 3.657239999999999766e-47
1.217000000000000000e+03 3.655899999999999775e-47
1.217119999999999891e+03 3.655739999999999893e-47
1.217250000000000000e+03 3.648289999999999762e-47
1.217380000000000109e+03 3.648820000000000103e-47
1.217500000000000000e+03 3.648350000000000204e-47
1.217619999999999891e+03 3.646849999999999845e-47
1.217750000000000000e+03 3.640900000000000074e-47
1.217880000000000109e+03 3.639919999999999820e-47
1.218000000000000000e+03 3.639070000000000199e-47
1.218119999999999891e+03 3.639259999999999817e-47
1.218250000000000000e+03 3.639649999999999774e-47
1.218380000000000109e+03 3.640120000000000159e-47
1.218500000000000000e+03 3.640530000000000102e-47
1.218619999999999891e+03 3.640849999999999867e-47
1.218750000000000000e+03 3.640869999999999853e-47
1.218880000000000109e+03 3.640700000000000220e-47
1.219000000000000000e+03 3.640570000000000072e-47
1.219119999999999891e+03 3.641059999999999956e-47
1.219250000000000000e+03 3.641330000000000002e-47
1.219380000000000109e+03 3.641679999999999988e-47
1.219500000000000000e+03 3.642109999999999916e-47
1.219619999999999891e+03 3.642550000000000080e-47
1.219750000000000000e+03 3.642999999999999993e-47
1.219880000000000109e+03 3.643440000000000157e-47
1.220000000000000000e+03 3.643890000000000070e-47
1.220119999999999891e+03 3.644419999999999925e-47
1.220250000000000000e+03 3.645010000000000221e-47
1.220380000000000109e+03 3.645609999999999782e-47
1.220500000000000000e+03 3.646200000000000078e-47
1.220619999999999891e+03 3.646789999999999889e-47
1.220750000000000000e+03 3.647389999999999936e-47
1.220880000000000109e+03 3.647980000000000232e-47
1.221000000000000000e+03 3.648570000000000043e-47
1.221119999999999891e+03 3.648990000000000221e-47
1.221250000000000000e+03 3.649600000000000017e-47
1.221380000000000109e+03 3.650200000000000064e-47
1.221500000000000000e+03 3.650809999999999860e-47
1.221619999999999891e+03 3.651420000000000142e-47
1.221750000000000000e+03 3.652020000000000188e-47
1.221880000000000109e+03 3.652629999999999984e-47
1.222000000000000000e+03 3.653239999999999780e-47
1.222119999999999891e+03 3.653850000000000063e-47
1.222250000000000000e+03 3.654510000000000065e-47
1.222380000000000109e+03 3.655130000000000097e-47
1.222500000000000000e+03 3.655710000000000158e-47
1.222619999999999891e+03 3.656279999999999983e-47
1.222750000000000000e+03 3.656889999999999779e-47
1.222880000000000109e+03 3.657409999999999884e-47
1.223000000000000000e+03 3.657850000000000048e-47
1.223119999999999891e+03 3.658390000000000138e-47
1.223250000000000000e+03 3.658930000000000229e-47
1.223380000000000109e+03 3.659440000000000098e-47
1.223500000000000000e+03 3.659779999999999849e-47
1.223619999999999891e+03 3.660129999999999835e-47
1.223750000000000000e+03 3.660499999999999807e-47
1.223880000000000109e+03 3.660860000000000029e-47
1.224000000000000000e+03 3.661320000000000179e-47
1.224119999999999891e+03 3.661830000000000048e-47
1.224250000000000000e+03 3.662299999999999946e-47
1.224380000000000109e+03 3.662800000000000066e-47
1.224500000000000000e+03 3.663249999999999979e-47
1.224619999999999891e+03 3.663699999999999893e-47
1.224750000000000000e+03 3.664149999999999806e-47
1.224880000000000109e+03 3.664580000000000220e-47
1.225000000000000000e+03 3.665039999999999883e-47
1.225119999999999891e+03 3.665489999999999796e-47
1.225250000000000000e+03 3.665960000000000181e-47
1.225380000000000109e+03 3.666419999999999844e-47
1.225500000000000000e+03 3.666879999999999993e-47
1.225619999999999891e+03 3.667400000000000098e-47
1.225750000000000000e+03 3.667810000000000040e-47
1.225880000000000109e+03 3.668279999999999939e-47
1.226000000000000000e+03 3.668740000000000088e-47
1.226119999999999891e+03 3.669489999999999781e-47
1.226250000000000000e+03 3.670100000000000064e-47
1.226380000000000109e+03 3.670359999999999873e-47
1.226500000000000000e+03 3.670640000000000154e-47
1.226619999999999891e+03 3.671059999999999846e-47
1.226750000000000000e+03 3.671519999999999995e-47
1.226880000000000109e+03 3.671989999999999894e-47
1.227000000000000000e+03 3.672620000000000161e-47
1.227119999999999891e+03 3.673150000000000016e-47
1.227250000000000000e+03 3.673679999999999871e-47
1.227380000000000109e+03 3.674350000000000109e-47
1.227500000000000000e+03 3.674820000000000007e-47
1.227619999999999891e+03 3.675180000000000230e-47
1.227750000000000000e+03 3.675449999999999789e-47
1.227880000000000109e+03 3.676199999999999968e-47
1.228000000000000000e+03 3.676789999999999779e-47
1.228119999999999891e+03 3.677169999999999987e-47
1.228250000000000000e+03 3.677389999999999825e-47
1.228380000000000109e+03 3.677639999999999885e-47
1.228500000000000000e+03 3.678000000000000108e-47
1.228619999999999891e+03 3.678470000000000006e-47
1.228750000000000000e+03 3.678930000000000155e-47
1.228880000000000109e+03 3.679389999999999818e-47
1.229000000000000000e+03 3.679860000000000203e-47
1.229119999999999891e+03 3.680459999999999763e-47
1.229250000000000000e+03 3.680859999999999956e-47
1.229380000000000109e+03 3.681249999999999913e-47
1.229500000000000000e+03 3.681690000000000077e-47
1.229619999999999891e+03 3.681929999999999901e-47
1.229750000000000000e+03 3.682439999999999770e-47
1.229880000000000109e+03 3.682680000000000081e-47
1.230000000000000000e+03 3.683090000000000023e-47
1.230119999999999891e+03 3.683470000000000231e-47
1.230250000000000000e+03 3.683690000000000070e-47
1.230380000000000109e+03 3.683909999999999908e-47
1.230500000000000000e+03 3.684150000000000219e-47
1.230619999999999891e+03 3.684580000000000147e-47
1.230750000000000000e+03 3.685090000000000016e-47
1.230880000000000109e+03 3.685590000000000136e-47
1.231000000000000000e+03 3.686069999999999784e-47
1.231119999999999891e+03 3.686440000000000242e-47
1.231250000000000000e+03 3.686770000000000243e-47
1.231380000000000109e+03 3.687019999999999817e-47
1.231500000000000000e+03 3.687260000000000127e-47
1.231619999999999891e+03 3.687829999999999952e-47
1.231750000000000000e+03 3.688779999999999985e-47
1.231880000000000109e+03 3.689459999999999973e-47
1.232000000000000000e+03 3.690110000000000226e-47
1.232119999999999891e+03 3.690629999999999845e-47
1.232250000000000000e+03 3.691140000000000200e-47
1.232380000000000109e+03 3.691419999999999995e-47
1.232500000000000000e+03 3.691650000000000070e-47
1.232619999999999891e+03 3.692009999999999806e-47
1.232750000000000000e+03 3.692850000000000162e-47
1.232880000000000109e+03 3.694199999999999902e-47
1.233000000000000000e+03 3.695869999999999894e-47
1.233119999999999891e+03 3.696190000000000145e-47
1.233250000000000000e+03 3.700050000000000233e-47
1.233380000000000109e+03 3.704540000000000102e-47
1.233500000000000000e+03 3.705720000000000210e-47
1.233619999999999891e+03 3.707169999999999876e-47
1.233750000000000000e+03 3.710500000000000110e-47
1.233880000000000109e+03 3.711929999999999791e-47
1.234000000000000000e+03 3.713929999999999784e-47
1.234119999999999891e+03 3.715530000000000069e-47
1.234250000000000000e+03 3.716890000000000045e-47
1.234380000000000109e+03 3.718250000000000021e-47
1.234500000000000000e+03 3.720429999999999881e-47
1.234619999999999891e+03 3.724949999999999972e-47
1.234750000000000000e+03 3.729430000000000091e-47
1.234880000000000109e+03 3.730799999999999816e-47
1.235000000000000000e+03 3.731849999999999776e-47
1.235119999999999891e+03 3.732969999999999928e-47
1.235250000000000000e+03 3.737669999999999886e-47
1.235380000000000109e+03 3.738759999999999816e-47
1.235500000000000000e+03 3.741689999999999857e-47
1.235619999999999891e+03 3.741979999999999887e-47
1.235750000000000000e+03 3.742960000000000141e-47
1.235880000000000109e+03 3.746440000000000022e-47
1.236000000000000000e+03 3.750929999999999891e-47
1.236119999999999891e+03 3.756260000000000117e-47
1.236250000000000000e+03 3.756880000000000148e-47
1.236380000000000109e+03 3.757830000000000181e-47
1.236500000000000000e+03 3.759910000000000115e-47
1.236619999999999891e+03 3.760619999999999838e-47
1.236750000000000000e+03 3.762820000000000170e-47
1.236880000000000109e+03 3.763330000000000040e-47
1.237000000000000000e+03 3.764049999999999998e-47
1.237119999999999891e+03 3.764670000000000030e-47
1.237250000000000000e+03 3.765290000000000062e-47
1.237380000000000109e+03 3.766030000000000006e-47
1.237500000000000000e+03 3.768419999999999955e-47
1.237619999999999891e+03 3.769059999999999973e-47
1.237750000000000000e+03 3.769690000000000240e-47
1.237880000000000109e+03 3.771150000000000142e-47
1.238000000000000000e+03 3.772209999999999852e-47
1.238119999999999891e+03 3.772709999999999971e-47
1.238250000000000000e+03 3.773520000000000107e-47
1.238380000000000109e+03 3.774459999999999904e-47
1.238500000000000000e+03 3.775099999999999921e-47
1.238619999999999891e+03 3.775739999999999938e-47
1.238750000000000000e+03 3.776399999999999941e-47
1.238880000000000109e+03 3.777199999999999841e-47
1.239000000000000000e+03 3.778660000000000229e-47
1.239119999999999891e+03 3.781409999999999915e-47
1.239250000000000000e+03 3.782649999999999979e-47
1.239380000000000109e+03 3.783879999999999806e-47
1.239500000000000000e+03 3.784519999999999823e-47
1.239619999999999891e+03 3.785799999999999858e-47
1.239750000000000000e+03 3.791560000000000011e-47
1.239880000000000109e+03 3.796780000000000075e-47
1.240000000000000000e+03 3.799349999999999893e-47
1.240119999999999891e+03 3.803790000000000042e-47
1.240250000000000000e+03 3.804419999999999823e-47
1.240380000000000109e+03 3.804689999999999868e-47
1.240500000000000000e+03 3.807690000000000100e-47
1.240619999999999891e+03 3.807960000000000146e-47
1.240750000000000000e+03 3.809369999999999842e-47
1.240880000000000109e+03 3.811889999999999939e-47
1.241000000000000000e+03 3.812800000000000002e-47
1.241119999999999891e+03 3.813479999999999989e-47
1.241250000000000000e+03 3.813980000000000109e-47
1.241380000000000109e+03 3.814990000000000098e-47
1.241500000000000000e+03 3.817050000000000047e-47
1.241619999999999891e+03 3.818569999999999905e-47
1.241750000000000000e+03 3.819010000000000069e-47
1.241880000000000109e+03 3.819429999999999761e-47
1.242000000000000000e+03 3.819989999999999837e-47
1.242119999999999891e+03 3.820720000000000031e-47
1.242250000000000000e+03 3.821459999999999975e-47
1.242380000000000109e+03 3.822199999999999918e-47
1.242500000000000000e+03 3.822660000000000067e-47
1.242619999999999891e+03 3.823269999999999863e-47
1.242750000000000000e+03 3.823690000000000042e-47
1.242880000000000109e+03 3.825140000000000194e-47
1.243000000000000000e+03 3.826079999999999992e-47
1.243119999999999891e+03 3.827069999999999995e-47
1.243250000000000000e+03 3.827349999999999790e-47
1.243380000000000109e+03 3.828079999999999984e-47
1.243500000000000000e+03 3.828819999999999928e-47
1.243619999999999891e+03 3.830230000000000110e-47
1.243750000000000000e+03 3.831120000000000187e-47
1.243880000000000109e+03 3.831450000000000188e-47
1.244000000000000000e+03 3.831840000000000146e-47
1.244119999999999891e+03 3.832449999999999942e-47
1.244250000000000000e+03 3.833889999999999858e-47
1.244380000000000109e+03 3.835459999999999923e-47
1.244500000000000000e+03 3.836389999999999971e-47
1.244619999999999891e+03 3.836959999999999796e-47
1.244750000000000000e+03 3.838540000000000097e-47
1.244880000000000109e+03 3.840509999999999868e-47
1.245000000000000000e+03 3.841229999999999827e-47
1.245119999999999891e+03 3.842750000000000171e-47
1.245250000000000000e+03 3.843470000000000130e-47
1.245380000000000109e+03 3.844620000000000016e-47
1.245500000000000000e+03 3.845310000000000239e-47
1.245619999999999891e+03 3.846030000000000198e-47
1.245750000000000000e+03 3.848910000000000032e-47
1.245880000000000109e+03 3.850890000000000039e-47
1.246000000000000000e+03 3.851519999999999820e-47
1.246119999999999891e+03 3.852150000000000088e-47
1.246250000000000000e+03 3.852779999999999869e-47
1.246380000000000109e+03 3.853410000000000137e-47
1.246500000000000000e+03 3.854039999999999918e-47
1.246619999999999891e+03 3.854819999999999833e-47
1.246750000000000000e+03 3.855450000000000100e-47
1.246880000000000109e+03 3.856130000000000088e-47
1.247000000000000000e+03 3.856870000000000032e-47
1.247119999999999891e+03 3.857370000000000151e-47
1.247250000000000000e+03 3.857999999999999933e-47
1.247380000000000109e+03 3.859109999999999848e-47
1.247500000000000000e+03 3.860679999999999913e-47
1.247619999999999891e+03 3.862159999999999801e-47
1.247750000000000000e+03 3.863339999999999908e-47
1.247880000000000109e+03 3.863979999999999925e-47
1.248000000000000000e+03 3.864480000000000045e-47
1.248119999999999891e+03 3.864690000000000134e-47
1.248250000000000000e+03 3.865129999999999812e-47
1.248380000000000109e+03 3.865519999999999769e-47
1.248500000000000000e+03 3.865930000000000198e-47
1.248619999999999891e+03 3.866559999999999979e-47
1.248750000000000000e+03 3.867189999999999760e-47
1.248880000000000109e+03 3.867629999999999924e-47
1.249000000000000000e+03 3.867479999999999791e-47
1.249119999999999891e+03 3.867560000000000219e-47
1.249250000000000000e+03 3.867959999999999925e-47
1.249380000000000109e+03 3.868400000000000089e-47
1.249500000000000000e+03 3.868630000000000164e-47
1.249619999999999891e+03 3.868980000000000150e-47
1.249750000000000000e+03 3.870300000000000155e-47
1.249880000000000109e+03 3.869850000000000242e-47
1.250000000000000000e+03 3.870079999999999830e-47
1.250119999999999891e+03 3.870309999999999905e-47
1.250250000000000000e+03 3.870810000000000024e-47
1.250380000000000109e+03 3.871499999999999762e-47
1.250500000000000000e+03 3.872180000000000236e-47
1.250619999999999891e+03 3.872869999999999973e-47
1.250750000000000000e+03 3.873569999999999946e-47
1.250880000000000109e+03 3.874619999999999906e-47
1.251000000000000000e+03 3.876269999999999912e-47
1.251119999999999891e+03 3.877430000000000034e-47
1.251250000000000000e+03 3.877700000000000079e-47
1.251380000000000109e+03 3.878090000000000036e-47
1.251500000000000000e+03 3.878659999999999862e-47
1.251619999999999891e+03 3.879230000000000173e-47
1.251750000000000000e+03 3.879799999999999999e-47
1.251880000000000109e+03 3.880119999999999764e-47
1.252000000000000000e+03 3.880249999999999912e-47
1.252119999999999891e+03 3.880499999999999972e-47
1.252250000000000000e+03 3.881080000000000033e-47
1.252380000000000109e+03 3.881729999999999799e-47
1.252500000000000000e+03 3.882459999999999994e-47
1.252619999999999891e+03 3.884099999999999764e-47
1.252750000000000000e+03 3.885700000000000050e-47
1.252880000000000109e+03 3.886369999999999802e-47
1.253000000000000000e+03 3.887009999999999819e-47
1.253119999999999891e+03 3.887640000000000086e-47
1.253250000000000000e+03 3.888280000000000104e-47
1.253380000000000109e+03 3.888920000000000121e-47
1.253500000000000000e+03 3.889310000000000078e-47
1.253619999999999891e+03 3.889580000000000123e-47
1.253750000000000000e+03 3.890240000000000126e-47
1.253880000000000109e+03 3.891350000000000041e-47
1.254000000000000000e+03 3.891370000000000027e-47
1.254119999999999891e+03 3.891629999999999836e-47
1.254250000000000000e+03 3.892369999999999780e-47
1.254380000000000109e+03 3.893110000000000210e-47
1.254500000000000000e+03 3.893850000000000154e-47
1.254619999999999891e+03 3.894189999999999904e-47
1.254750000000000000e+03 3.895350000000000027e-47
1.254880000000000109e+03 3.895709999999999763e-47
1.255000000000000000e+03 3.896069999999999985e-47
1.255119999999999891e+03 3.897170000000000151e-47
1.255250000000000000e+03 3.897970000000000051e-47
1.255380000000000109e+03 3.898769999999999951e-47
1.255500000000000000e+03 3.899549999999999865e-47
1.255619999999999891e+03 3.900240000000000089e-47
1.255750000000000000e+03 3.900929999999999826e-47
1.255880000000000109e+03 3.901620000000000050e-47
1.256000000000000000e+03 3.902309999999999787e-47
1.256119999999999891e+03 3.902960000000000040e-47
1.256250000000000000e+03 3.903600000000000057e-47
1.256380000000000109e+03 3.904240000000000074e-47
1.256500000000000000e+03 3.904880000000000091e-47
1.256619999999999891e+03 3.905520000000000108e-47
1.256750000000000000e+03 3.906209999999999846e-47
1.256880000000000109e+03 3.907340000000000233e-47
1.257000000000000000e+03 3.907990000000000000e-47
1.257119999999999891e+03 3.908630000000000017e-47
1.257250000000000000e+03 3.910370000000000200e-47
1.257380000000000109e+03 3.909919999999999800e-47
1.257500000000000000e+03 3.910570000000000053e-47
1.257619999999999891e+03 3.911219999999999820e-47
1.257750000000000000e+03 3.911859999999999837e-47
1.257880000000000109e+03 3.912510000000000090e-47
1.258000000000000000e+03 3.913150000000000107e-47
1.258119999999999891e+03 3.913799999999999874e-47
1.258250000000000000e+03 3.914450000000000127e-47
1.258380000000000109e+03 3.915090000000000144e-47
1.258500000000000000e+03 3.915739999999999910e-47
1.258619999999999891e+03 3.916379999999999927e-47
1.258750000000000000e+03 3.917030000000000180e-47
1.258880000000000109e+03 3.917679999999999947e-47
1.259000000000000000e+03 3.918240000000000023e-47
1.259119999999999891e+03 3.918769999999999877e-47
1.259250000000000000e+03 3.919300000000000218e-47
1.259380000000000109e+03 3.919830000000000073e-47
1.259500000000000000e+03 3.920290000000000222e-47
1.259619999999999891e+03 3.920510000000000061e-47
1.259750000000000000e+03 3.920800000000000091e-47
1.259880000000000109e+03 3.921289999999999975e-47
1.260000000000000000e+03 3.921819999999999830e-47
1.260119999999999891e+03 3.922379999999999905e-47
1.260250000000000000e+03 3.922990000000000188e-47
1.260380000000000109e+03 3.923639999999999954e-47
1.260500000000000000e+03 3.923980000000000191e-47
1.260619999999999891e+03 3.924089999999999868e-47
1.260750000000000000e+03 3.924060000000000133e-47
1.260880000000000109e+03 3.924060000000000133e-47
1.261000000000000000e+03 3.923989999999999941e-47
1.261119999999999891e+03 3.924000000000000177e-47
1.261250000000000000e+03 3.923929999999999985e-47
1.261380000000000109e+03 3.923870000000000029e-47
1.261500000000000000e+03 3.924250000000000236e-47
1.261619999999999891e+03 3.925240000000000240e-47
1.261750000000000000e+03 3.931750000000000087e-47
1.261880000000000109e+03 3.925329999999999931e-47
1.262000000000000000e+03 3.925159999999999813e-47
1.262119999999999891e+03 3.925130000000000078e-47
1.262250000000000000e+03 3.925420000000000108e-47
1.262380000000000109e+03 3.925719999999999888e-47
1.262500000000000000e+03 3.926160000000000052e-47
1.262619999999999891e+03 3.927469999999999821e-47
1.262750000000000000e+03 3.928640000000000179e-47
1.262880000000000109e+03 3.929119999999999827e-47
1.263000000000000000e+03 3.928930000000000210e-47
1.263119999999999891e+03 3.928660000000000164e-47
1.263250000000000000e+03 3.929300000000000181e-47
1.263380000000000109e+03 3.930189999999999772e-47
1.263500000000000000e+03 3.930899999999999981e-47
1.263619999999999891e+03 3.931799999999999808e-47
1.263750000000000000e+03 3.932689999999999885e-47
1.263880000000000109e+03 3.933590000000000197e-47
1.264000000000000000e+03 3.934439999999999817e-47
1.264119999999999891e+03 3.935090000000000070e-47
1.264250000000000000e+03 3.935739999999999837e-47
1.264380000000000109e+03 3.936390000000000090e-47
1.264500000000000000e+03 3.937039999999999856e-47
1.264619999999999891e+03 3.937619999999999918e-47
1.264750000000000000e+03 3.937759999999999815e-47
1.264880000000000109e+03 3.937889999999999963e-47
1.265000000000000000e+03 3.938020000000000111e-47
1.265119999999999891e+03 3.938149999999999772e-47
1.265250000000000000e+03 3.938250000000000185e-47
1.265380000000000109e+03 3.938219999999999964e-47
1.265500000000000000e+03 3.938270000000000170e-47
1.265619999999999891e+03 3.938129999999999787e-47
1.265750000000000000e+03 3.937989999999999889e-47
1.265880000000000109e+03 3.937849999999999992e-47
1.266000000000000000e+03 3.937710000000000095e-47
1.266119999999999891e+03 3.937630000000000153e-47
1.266250000000000000e+03 3.937810000000000021e-47
1.266380000000000109e+03 3.937710000000000095e-47
1.266500000000000000e+03 3.937909999999999948e-47
1.266619999999999891e+03 3.937779999999999800e-47
1.266750000000000000e+03 3.937710000000000095e-47
1.266880000000000109e+03 3.938359999999999861e-47
1.267000000000000000e+03 3.938729999999999833e-47
1.267119999999999891e+03 3.939360000000000101e-47
1.267250000000000000e+03 3.940259999999999927e-47
1.267380000000000109e+03 3.941169999999999990e-47
1.267500000000000000e+03 3.942069999999999816e-47
1.267619999999999891e+03 3.942859999999999966e-47
1.267750000000000000e+03 3.943460000000000013e-47
1.267880000000000109e+03 3.944199999999999957e-47
1.268000000000000000e+03 3.944709999999999826e-47
1.268119999999999891e+03 3.944910000000000165e-47
1.268250000000000000e+03 3.946000000000000096e-47
1.268380000000000109e+03 3.947010000000000085e-47
1.268500000000000000e+03 3.947050000000000055e-47
1.268619999999999891e+03 3.946979999999999864e-47
1.268750000000000000e+03 3.946959999999999878e-47
1.268880000000000109e+03 3.947090000000000026e-47
1.269000000000000000e+03 3.947059999999999805e-47
1.269119999999999891e+03 3.946979999999999864e-47
1.269250000000000000e+03 3.946850000000000202e-47
1.269380000000000109e+03 3.946769999999999775e-47
1.269500000000000000e+03 3.946720000000000054e-47
1.269619999999999891e+03 3.946620000000000128e-47
1.269750000000000000e+03 3.946529999999999950e-47
1.269880000000000109e+03 3.946450000000000009e-47
1.270000000000000000e+03 3.946370000000000068e-47
1.270119999999999891e+03 3.946299999999999876e-47
1.270250000000000000e+03 3.946219999999999935e-47
1.270380000000000109e+03 3.946120000000000008e-47
1.270500000000000000e+03 3.946029999999999831e-47
1.270619999999999891e+03 3.945980000000000110e-47
1.270750000000000000e+03 3.945920000000000154e-47
1.270880000000000109e+03 3.945849999999999963e-47
1.271000000000000000e+03 3.945790000000000007e-47
1.271119999999999891e+03 3.945730000000000051e-47
1.271250000000000000e+03 3.945679999999999844e-47
1.271380000000000109e+03 3.945730000000000051e-47
1.271500000000000000e+03 3.946049999999999816e-47
1.271619999999999891e+03 3.946000000000000096e-47
1.271750000000000000e+03 3.946450000000000009e-47
1.271880000000000109e+03 3.947119999999999761e-47
1.272000000000000000e+03 3.947490000000000219e-47
1.272119999999999891e+03 3.947980000000000103e-47
1.272250000000000000e+03 3.947940000000000132e-47
1.272380000000000109e+03 3.948589999999999899e-47
1.272500000000000000e+03 3.949289999999999872e-47
1.272619999999999891e+03 3.949229999999999916e-47
1.272750000000000000e+03 3.949189999999999946e-47
1.272880000000000109e+03 3.949129999999999990e-47
1.273000000000000000e+03 3.949079999999999783e-47
1.273119999999999891e+03 3.949030000000000063e-47
1.273250000000000000e+03 3.948979999999999856e-47
1.273380000000000109e+03 3.948930000000000136e-47
1.273500000000000000e+03 3.948890000000000165e-47
1.273619999999999891e+03 3.948839999999999959e-47
1.273750000000000000e+03 3.948830000000000209e-47
1.273880000000000109e+03 3.949280000000000123e-47
1.274000000000000000e+03 3.949450000000000241e-47
1.274119999999999891e+03 3.952339999999999825e-47
1.274250000000000000e+03 3.950439999999999759e-47
1.274380000000000109e+03 3.950020000000000066e-47
1.274500000000000000e+03 3.949900000000000154e-47
1.274619999999999891e+03 3.949840000000000198e-47
1.274750000000000000e+03 3.950299999999999861e-47
1.274880000000000109e+03 3.950100000000000008e-47
1.275000000000000000e+03 3.949770000000000007e-47
1.275119999999999891e+03 3.949590000000000139e-47
1.275250000000000000e+03 3.949550000000000168e-47
1.275380000000000109e+03 3.949869999999999933e-47
1.275500000000000000e+03 3.954859999999999922e-47
1.275619999999999891e+03 3.951189999999999938e-47
1.275750000000000000e+03 3.951900000000000147e-47
1.275880000000000109e+03 3.952430000000000002e-47
1.276000000000000000e+03 3.952790000000000224e-47
1.276119999999999891e+03 3.952999999999999827e-47
1.276250000000000000e+03 3.953360000000000049e-47
1.276380000000000109e+03 3.953650000000000080e-47
1.276500000000000000e+03 3.954270000000000112e-47
1.276619999999999891e+03 3.954680000000000054e-47
1.276750000000000000e+03 3.955380000000000027e-47
1.276880000000000109e+03 3.956110000000000222e-47
1.277000000000000000e+03 3.956839999999999930e-47
1.277119999999999891e+03 3.957559999999999888e-47
1.277250000000000000e+03 3.958290000000000082e-47
1.277380000000000109e+03 3.959010000000000041e-47
1.277500000000000000e+03 3.959740000000000235e-47
1.277619999999999891e+03 3.960469999999999943e-47
1.277750000000000000e+03 3.961200000000000137e-47
1.277880000000000109e+03 3.961920000000000096e-47
1.278000000000000000e+03 3.962609999999999833e-47
1.278119999999999891e+03 3.963160000000000159e-47
1.278250000000000000e+03 3.963720000000000235e-47
1.278380000000000109e+03 3.964270000000000075e-47
1.278500000000000000e+03 3.965559999999999859e-47
1.278619999999999891e+03 3.966290000000000053e-47
1.278750000000000000e+03 3.967019999999999761e-47
1.278880000000000109e+03 3.967749999999999955e-47
1.279000000000000000e+03 3.968480000000000149e-47
1.279119999999999891e+03 3.967579999999999837e-47
1.279250000000000000e+03 3.967709999999999984e-47
1.279380000000000109e+03 3.967590000000000072e-47
1.279500000000000000e+03 3.967470000000000160e-47
1.279619999999999891e+03 3.967780000000000176e-47
1.279750000000000000e+03 3.968339999999999766e-47
1.279880000000000109e+03 3.969100000000000181e-47
1.280000000000000000e+03 3.969860000000000110e-47
1.280119999999999891e+03 3.970609999999999804e-47
1.280250000000000000e+03 3.971359999999999983e-47
1.280380000000000109e+03 3.972099999999999927e-47
1.280500000000000000e+03 3.972219999999999839e-47
1.280619999999999891e+03 3.970839999999999878e-47
1.280750000000000000e+03 3.969530000000000109e-47
1.280880000000000109e+03 3.975490000000000116e-47
1.281000000000000000e+03 3.975909999999999809e-47
1.281119999999999891e+03 3.975410000000000175e-47
1.281250000000000000e+03 3.968400000000000208e-47
1.281380000000000109e+03 3.968890000000000092e-47
1.281500000000000000e+03 3.969379999999999976e-47
1.281619999999999891e+03 3.969860000000000110e-47
1.281750000000000000e+03 3.970349999999999994e-47
1.281880000000000109e+03 3.970839999999999878e-47
1.282000000000000000e+03 3.971320000000000013e-47
1.282119999999999891e+03 3.971809999999999897e-47
1.282250000000000000e+03 3.972290000000000031e-47
1.282380000000000109e+03 3.972770000000000165e-47
1.282500000000000000e+03 3.973260000000000049e-47
1.282619999999999891e+03 3.973740000000000184e-47
1.282750000000000000e+03 3.974219999999999832e-47
1.282880000000000109e+03 3.974710000000000202e-47
1.283000000000000000e+03 3.975189999999999850e-47
1.283119999999999891e+03 3.975669999999999984e-47
1.283250000000000000e+03 3.976150000000000119e-47
1.283380000000000109e+03 3.976629999999999767e-47
1.283500000000000000e+03 3.976939999999999783e-47
1.283619999999999891e+03 3.977410000000000168e-47
1.283750000000000000e+03 3.977880000000000066e-47
1.283880000000000109e+03 3.978219999999999817e-47
1.284000000000000000e+03 3.978380000000000186e-47
1.284119999999999891e+03 3.978980000000000232e-47
1.284250000000000000e+03 3.979629999999999999e-47
1.284380000000000109e+03 3.980230000000000045e-47
1.284500000000000000e+03 3.980859999999999827e-47
1.284619999999999891e+03 3.981430000000000138e-47
1.284750000000000000e+03 3.981909999999999786e-47
1.284880000000000109e+03 3.982389999999999921e-47
1.285000000000000000e+03 3.982859999999999819e-47
1.285119999999999891e+03 3.983339999999999954e-47
1.285250000000000000e+03 3.983820000000000088e-47
1.285380000000000109e+03 3.984289999999999987e-47
1.285500000000000000e+03 3.984770000000000121e-47
1.285619999999999891e+03 3.984690000000000180e-47
1.285750000000000000e+03 3.985089999999999887e-47
1.285880000000000109e+03 3.985399999999999903e-47
1.286000000000000000e+03 3.985660000000000198e-47
1.286119999999999891e+03 3.986050000000000155e-47
1.286250000000000000e+03 3.986400000000000142e-47
1.286380000000000109e+03 3.986850000000000055e-47
1.286500000000000000e+03 3.987259999999999998e-47
1.286619999999999891e+03 3.987470000000000087e-47
1.286750000000000000e+03 3.987939999999999986e-47
1.286880000000000109e+03 3.988349999999999928e-47
1.287000000000000000e+03 3.988730000000000136e-47
1.287119999999999891e+03 3.989069999999999887e-47
1.287250000000000000e+03 3.989539999999999785e-47
1.287380000000000109e+03 3.990010000000000170e-47
1.287500000000000000e+03 3.990480000000000069e-47
1.287619999999999891e+03 3.990949999999999967e-47
1.287750000000000000e+03 3.991419999999999866e-47
1.287880000000000109e+03 3.991900000000000000e-47
1.288000000000000000e+03 3.992369999999999899e-47
1.288119999999999891e+03 3.992839999999999797e-47
1.288250000000000000e+03 3.993310000000000182e-47
1.288380000000000109e+03 3.993780000000000081e-47
1.288500000000000000e+03 3.994199999999999773e-47
1.288619999999999891e+03 3.994670000000000158e-47
1.288750000000000000e+03 3.995140000000000056e-47
1.288880000000000109e+03 3.995609999999999955e-47
1.289000000000000000e+03 3.996079999999999854e-47
1.289119999999999891e+03 3.996550000000000238e-47
1.289250000000000000e+03 3.997020000000000137e-47
1.289380000000000109e+03 3.997600000000000198e-47
1.289500000000000000e+03 3.998059999999999861e-47
1.289619999999999891e+03 3.998429999999999833e-47
1.289750000000000000e+03 3.998889999999999982e-47
1.289880000000000109e+03 3.999120000000000056e-47
1.290000000000000000e+03 3.998659999999999907e-47
1.290119999999999891e+03 3.998790000000000055e-47
1.290250000000000000e+03 3.999290000000000175e-47
1.290380000000000109e+03 3.999800000000000044e-47
1.290500000000000000e+03 4.000320000000000149e-47
1.290619999999999891e+03 4.000659999999999900e-47
1.290750000000000000e+03 4.001040000000000108e-47
1.290880000000000109e+03 4.001419999999999829e-47
1.291000000000000000e+03 4.001970000000000155e-47
1.291119999999999891e+03 4.003120000000000042e-47
1.291250000000000000e+03 4.003499999999999763e-47
1.291380000000000109e+03 4.003600000000000176e-47
1.291500000000000000e+03 4.004059999999999839e-47
1.291619999999999891e+03 4.004719999999999841e-47
1.291750000000000000e+03 4.005390000000000079e-47
1.291880000000000109e+03 4.006050000000000082e-47
1.292000000000000000e+03 4.006719999999999834e-47
1.292119999999999891e+03 4.007179999999999983e-47
1.292250000000000000e+03 4.007740000000000059e-47
1.292380000000000109e+03 4.008380000000000076e-47
1.292500000000000000e+03 4.008820000000000239e-47
1.292619999999999891e+03 4.009029999999999842e-47
1.292750000000000000e+03 4.009259999999999917e-47
1.292880000000000109e+03 4.009970000000000126e-47
1.293000000000000000e+03 4.010469999999999759e-47
1.293119999999999891e+03 4.010969999999999879e-47
1.293250000000000000e+03 4.010960000000000130e-47
1.293380000000000109e+03 4.010770000000000026e-47
1.293500000000000000e+03 4.010869999999999952e-47
1.293619999999999891e+03 4.010969999999999879e-47
1.293750000000000000e+03 4.011080000000000042e-47
1.293880000000000109e+03 4.011179999999999968e-47
1.294000000000000000e+03 4.011279999999999895e-47
1.294119999999999891e+03 4.011379999999999822e-47
1.294250000000000000e+03 4.011480000000000235e-47
1.294380000000000109e+03 4.011839999999999971e-47
1.294500000000000000e+03 4.012070000000000045e-47
1.294619999999999891e+03 4.012260000000000149e-47
1.294750000000000000e+03 4.012409999999999796e-47
1.294880000000000109e+03 4.012820000000000225e-47
1.295000000000000000e+03 4.013239999999999917e-47
1.295119999999999891e+03 4.013649999999999860e-47
1.295250000000000000e+03 4.014059999999999802e-47
1.295380000000000109e+03 4.014470000000000231e-47
1.295500000000000000e+03 4.014889999999999923e-47
1.295619999999999891e+03 4.015219999999999924e-47
1.295750000000000000e+03 4.015529999999999940e-47
1.295880000000000109e+03 4.015729999999999794e-47
1.296000000000000000e+03 4.016149999999999972e-47
1.296119999999999891e+03 4.016570000000000150e-47
1.296250000000000000e+03 4.016980000000000093e-47
1.296380000000000109e+03 4.017150000000000211e-47
1.296500000000000000e+03 4.017500000000000198e-47
1.296619999999999891e+03 4.018479999999999966e-47
1.296750000000000000e+03 4.019000000000000071e-47
1.296880000000000109e+03 4.019460000000000220e-47
1.297000000000000000e+03 4.019919999999999883e-47
1.297119999999999891e+03 4.020470000000000209e-47
1.297250000000000000e+03 4.021090000000000241e-47
1.297380000000000109e+03 4.021359999999999800e-47
1.297500000000000000e+03 4.021429999999999991e-47
1.297619999999999891e+03 4.021509999999999933e-47
1.297750000000000000e+03 4.021580000000000125e-47
1.297880000000000109e+03 4.021660000000000066e-47
1.298000000000000000e+03 4.021729999999999772e-47
1.298119999999999891e+03 4.022100000000000230e-47
1.298250000000000000e+03 4.022570000000000128e-47
1.298380000000000109e+03 4.023040000000000027e-47
1.298500000000000000e+03 4.023509999999999925e-47
1.298619999999999891e+03 4.023970000000000074e-47
1.298750000000000000e+03 4.024329999999999811e-47
1.298880000000000109e+03 4.024240000000000120e-47
1.299000000000000000e+03 4.024140000000000193e-47
1.299119999999999891e+03 4.024039999999999780e-47
1.299250000000000000e+03 4.024249999999999869e-47
1.299380000000000109e+03 4.024719999999999768e-47
1.299500000000000000e+03 4.025139999999999946e-47
1.299619999999999891e+03 4.025299999999999829e-47
1.299750000000000000e+03 4.025440000000000212e-47
1.299880000000000109e+03 4.025600000000000095e-47
1.300000000000000000e+03 4.025839999999999919e-47
1.300119999999999891e+03 4.026329999999999803e-47
1.300250000000000000e+03 4.026820000000000173e-47
1.300380000000000109e+03 4.027299999999999822e-47
1.300500000000000000e+03 4.027790000000000192e-47
1.300619999999999891e+03 4.028289999999999825e-47
1.300750000000000000e+03 4.028780000000000195e-47
1.300880000000000109e+03 4.029279999999999829e-47
1.301000000000000000e+03 4.029770000000000199e-47
1.301119999999999891e+03 4.030039999999999758e-47
1.301250000000000000e+03 4.030160000000000156e-47
1.301380000000000109e+03 4.030149999999999921e-47
1.301500000000000000e+03 4.030249999999999847e-47
1.301619999999999891e+03 4.030780000000000188e-47
1.301750000000000000e+03 4.031689999999999764e-47
1.301880000000000109e+03 4.032610000000000062e-47
1.302000000000000000e+03 4.033179999999999888e-47
1.302119999999999891e+03 4.033620000000000051e-47
1.302250000000000000e+03 4.033899999999999846e-47
1.302380000000000109e+03 4.034320000000000024e-47
1.302500000000000000e+03 4.034840000000000129e-47
1.302619999999999891e+03 4.035360000000000234e-47
1.302750000000000000e+03 4.035879999999999853e-47
1.302880000000000109e+03 4.036410000000000194e-47
1.303000000000000000e+03 4.036780000000000166e-47
1.303119999999999891e+03 4.037090000000000182e-47
1.303250000000000000e+03 4.037409999999999947e-47
1.303380000000000109e+03 4.037730000000000199e-47
1.303500000000000000e+03 4.038060000000000200e-47
1.303619999999999891e+03 4.038359999999999980e-47
1.303750000000000000e+03 4.038680000000000232e-47
1.303880000000000109e+03 4.038929999999999806e-47
1.304000000000000000e+03 4.039099999999999924e-47
1.304119999999999891e+03 4.039290000000000028e-47
1.304250000000000000e+03 4.039500000000000117e-47
1.304380000000000109e+03 4.039730000000000192e-47
1.304500000000000000e+03 4.039970000000000016e-47
1.304619999999999891e+03 4.040229999999999825e-47
1.304750000000000000e+03 4.040630000000000018e-47
1.304880000000000109e+03 4.041110000000000153e-47
1.305000000000000000e+03 4.041739999999999934e-47
1.305119999999999891e+03 4.042379999999999951e-47
1.305250000000000000e+03 4.043030000000000204e-47
1.305380000000000109e+03 4.043690000000000206e-47
1.305500000000000000e+03 4.044359999999999958e-47
1.305619999999999891e+03 4.045050000000000182e-47
1.305750000000000000e+03 4.045759999999999905e-47
1.305880000000000109e+03 4.046470000000000113e-47
1.306000000000000000e+03 4.047210000000000057e-47
1.306119999999999891e+03 4.047960000000000237e-47
1.306250000000000000e+03 4.048559999999999797e-47
1.306380000000000109e+03 4.049019999999999946e-47
1.306500000000000000e+03 4.049489999999999845e-47
1.306619999999999891e+03 4.050109999999999876e-47
1.306750000000000000e+03 4.051030000000000174e-47
1.306880000000000109e+03 4.051989999999999957e-47
1.307000000000000000e+03 4.052669999999999945e-47
1.307119999999999891e+03 4.053380000000000154e-47
1.307250000000000000e+03 4.054009999999999935e-47
1.307380000000000109e+03 4.054689999999999923e-47
1.307500000000000000e+03 4.055650000000000192e-47
1.307619999999999891e+03 4.056780000000000093e-47
1.307750000000000000e+03 4.057529999999999786e-47
1.307880000000000109e+03 4.058339999999999922e-47
1.308000000000000000e+03 4.059509999999999793e-47
1.308119999999999891e+03 4.060899999999999990e-47
1.308250000000000000e+03 4.062749999999999849e-47
1.308380000000000109e+03 4.064860000000000005e-47
1.308500000000000000e+03 4.066879999999999983e-47
1.308619999999999891e+03 4.068720000000000092e-47
1.308750000000000000e+03 4.070729999999999835e-47
1.308880000000000109e+03 4.073369999999999844e-47
1.309000000000000000e+03 4.076520000000000210e-47
1.309119999999999891e+03 4.079590000000000147e-47
1.309250000000000000e+03 4.082290000000000113e-47
1.309380000000000109e+03 4.085400000000000022e-47
1.309500000000000000e+03 4.088040000000000031e-47
1.309619999999999891e+03 4.091039999999999777e-47
1.309750000000000000e+03 4.095010000000000028e-47
1.309880000000000109e+03 4.098319999999999789e-47
1.310000000000000000e+03 4.104099999999999929e-47
1.310119999999999891e+03 4.118469999999999849e-47
1.310250000000000000e+03 4.134570000000000203e-47
1.310380000000000109e+03 4.145669999999999846e-47
1.310500000000000000e+03 4.163070000000000220e-47
1.310619999999999891e+03 4.181870000000000054e-47
1.310750000000000000e+03 4.200140000000000033e-47
1.310880000000000109e+03 4.218830000000000190e-47
1.311000000000000000e+03 4.247539999999999810e-47
1.311119999999999891e+03 4.286630000000000087e-47
1.311250000000000000e+03 4.319739999999999885e-47
1.311380000000000109e+03 4.372030000000000211e-47
1.311500000000000000e+03 4.437569999999999820e-47
1.311619999999999891e+03 4.529759999999999586e-47
1.311750000000000000e+03 4.667770000000000287e-47
1.311880000000000109e+03 4.896130000000000159e-47
1.312000000000000000e+03 5.286710000000000246e-47
1.312119999999999891e+03 5.974119999999999854e-47
1.312250000000000000e+03 7.499719999999999892e-47
1.312380000000000109e+03 1.170759999999999911e-46
1.312500000000000000e+03 2.906969999999999946e-46
1.312619999999999891e+03 7.649229999999999262e-46
1.312750000000000000e+03 2.476219999999999984e-46
1.312880000000000109e+03 1.126270000000000092e-46
1.313000000000000000e+03 7.483219999999999831e-47
1.313119999999999891e+03 6.032190000000000319e-47
1.313250000000000000e+03 5.332380000000000076e-47
1.313380000000000109e+03 4.936810000000000486e-47
1.313500000000000000e+03 4.703380000000000198e-47
1.313619999999999891e+03 4.553920000000000353e-47
1.313750000000000000e+03 4.447009999999999707e-47
1.313880000000000109e+03 4.376859999999999831e-47
1.314000000000000000e+03 4.323540000000000017e-47
1.314119999999999891e+03 4.282550000000000161e-47
1.314250000000000000e+03 4.254139999999999835e-47
1.314380000000000109e+03 4.231889999999999856e-47
1.314500000000000000e+03 4.212509999999999961e-47
1.314619999999999891e+03 4.190530000000000027e-47
1.314750000000000000e+03 4.170089999999999937e-47
1.314880000000000109e+03 4.151310000000000088e-47
1.315000000000000000e+03 4.137990000000000127e-47
1.315119999999999891e+03 4.124659999999999931e-47
1.315250000000000000e+03 4.114569999999999790e-47
1.315380000000000109e+03 4.109149999999999874e-47
1.315500000000000000e+03 4.104440000000000166e-47
1.315619999999999891e+03 4.101300000000000036e-47
1.315750000000000000e+03 4.098879999999999865e-47
1.315880000000000109e+03 4.097300000000000051e-47
1.316000000000000000e+03 4.095909999999999854e-47
1.316119999999999891e+03 4.094159999999999921e-47
1.316250000000000000e+03 4.092939999999999843e-47
1.316380000000000109e+03 4.091309999999999822e-47
1.316500000000000000e+03 4.089730000000000008e-47
1.316619999999999891e+03 4.088759999999999990e-47
1.316750000000000000e+03 4.086970000000000086e-47
1.316880000000000109e+03 4.085849999999999935e-47
1.317000000000000000e+03 4.084910000000000138e-47
1.317119999999999891e+03 4.084219999999999914e-47
1.317250000000000000e+03 4.083559999999999912e-47
1.317380000000000109e+03 4.082629999999999864e-47
1.317500000000000000e+03 4.082089999999999774e-47
1.317619999999999891e+03 4.081630000000000111e-47
1.317750000000000000e+03 4.081240000000000153e-47
1.317880000000000109e+03 4.080930000000000138e-47
1.318000000000000000e+03 4.080669999999999842e-47
1.318119999999999891e+03 4.080469999999999989e-47
1.318250000000000000e+03 4.080330000000000091e-47
1.318380000000000109e+03 4.080230000000000164e-47
1.318500000000000000e+03 4.080170000000000208e-47
1.318619999999999891e+03 4.080159999999999973e-47
1.318750000000000000e+03 4.080179999999999958e-47
1.318880000000000109e+03 4.080230000000000164e-47
1.319000000000000000e+03 4.080319999999999855e-47
1.319119999999999891e+03 4.080430000000000018e-47
1.319250000000000000e+03 4.080370000000000062e-47
1.319380000000000109e+03 4.080290000000000120e-47
1.319500000000000000e+03 4.080239999999999914e-47
1.319619999999999891e+03 4.080040000000000061e-47
1.319750000000000000e+03 4.079710000000000059e-47
1.319880000000000109e+03 4.079389999999999808e-47
1.320000000000000000e+03 4.079099999999999777e-47
1.320119999999999891e+03 4.078819999999999982e-47
1.320250000000000000e+03 4.078560000000000173e-47
1.320380000000000109e+03 4.083479999999999970e-47
1.320500000000000000e+03 4.085739999999999772e-47
1.320619999999999891e+03 4.077849999999999964e-47
1.320750000000000000e+03 4.077650000000000111e-47
1.320880000000000109e+03 4.077449999999999771e-47
1.321000000000000000e+03 4.077140000000000241e-47
1.321119999999999891e+03 4.076669999999999857e-47
1.321250000000000000e+03 4.076219999999999943e-47
1.321380000000000109e+03 4.075619999999999897e-47
1.321500000000000000e+03 4.075249999999999925e-47
1.321619999999999891e+03 4.075010000000000101e-47
1.321750000000000000e+03 4.074769999999999791e-47
1.321880000000000109e+03 4.074560000000000188e-47
1.322000000000000000e+03 4.074359999999999848e-47
1.322119999999999891e+03 4.074170000000000230e-47
1.322250000000000000e+03 4.073989999999999876e-47
1.322380000000000109e+03 4.073799999999999772e-47
1.322500000000000000e+03 4.073699999999999846e-47
1.322619999999999891e+03 4.073829999999999993e-47
1.322750000000000000e+03 4.073969999999999891e-47
1.322880000000000109e+03 4.074120000000000024e-47
1.323000000000000000e+03 4.074259999999999921e-47
1.323119999999999891e+03 4.074410000000000055e-47
1.323250000000000000e+03 4.074569999999999937e-47
1.323380000000000109e+03 4.074720000000000070e-47
1.323500000000000000e+03 4.074879999999999953e-47
1.323619999999999891e+03 4.075039999999999836e-47
1.323750000000000000e+03 4.075409999999999808e-47
1.323880000000000109e+03 4.075790000000000015e-47
1.324000000000000000e+03 4.076179999999999973e-47
1.324119999999999891e+03 4.076569999999999930e-47
1.324250000000000000e+03 4.076959999999999887e-47
1.324380000000000109e+03 4.077349999999999844e-47
1.324500000000000000e+03 4.077750000000000037e-47
1.324619999999999891e+03 4.078139999999999995e-47
1.324750000000000000e+03 4.078540000000000188e-47
1.324880000000000109e+03 4.078939999999999895e-47
1.325000000000000000e+03 4.079340000000000088e-47
1.325119999999999891e+03 4.079750000000000030e-47
1.325250000000000000e+03 4.079960000000000119e-47
1.325380000000000109e+03 4.080250000000000150e-47
1.325500000000000000e+03 4.080549999999999930e-47
1.325619999999999891e+03 4.080850000000000196e-47
1.325750000000000000e+03 4.081140000000000227e-47
1.325880000000000109e+03 4.081440000000000007e-47
1.326000000000000000e+03 4.081739999999999787e-47
1.326119999999999891e+03 4.082049999999999803e-47
1.326250000000000000e+03 4.082350000000000069e-47
1.326380000000000109e+03 4.082649999999999849e-47
1.326500000000000000e+03 4.082950000000000116e-47
1.326619999999999891e+03 4.083249999999999896e-47
1.326750000000000000e+03 4.083550000000000162e-47
1.326880000000000109e+03 4.083849999999999942e-47
1.327000000000000000e+03 4.084159999999999958e-47
1.327119999999999891e+03 4.084460000000000224e-47
1.327250000000000000e+03 4.084760000000000004e-47
1.327380000000000109e+03 4.085070000000000020e-47
1.327500000000000000e+03 4.085369999999999800e-47
1.327619999999999891e+03 4.085679999999999816e-47
1.327750000000000000e+03 4.085989999999999832e-47
1.327880000000000109e+03 4.086299999999999848e-47
1.328000000000000000e+03 4.086669999999999820e-47
1.328119999999999891e+03 4.087120000000000219e-47
1.328250000000000000e+03 4.087570000000000133e-47
1.328380000000000109e+03 4.088000000000000061e-47
1.328500000000000000e+03 4.088310000000000076e-47
1.328619999999999891e+03 4.088620000000000092e-47
1.328750000000000000e+03 4.088930000000000108e-47
1.328880000000000109e+03 4.089229999999999888e-47
1.329000000000000000e+03 4.089530000000000155e-47
1.329119999999999891e+03 4.089840000000000170e-47
1.329250000000000000e+03 4.090150000000000186e-47
1.329380000000000109e+03 4.090449999999999966e-47
1.329500000000000000e+03 4.090759999999999982e-47
1.329619999999999891e+03 4.091069999999999998e-47
1.329750000000000000e+03 4.091380000000000014e-47
1.329880000000000109e+03 4.091690000000000030e-47
1.330000000000000000e+03 4.092009999999999795e-47
1.330119999999999891e+03 4.092099999999999973e-47
1.330250000000000000e+03 4.092239999999999870e-47
1.330380000000000109e+03 4.092379999999999767e-47
1.330500000000000000e+03 4.092509999999999915e-47
1.330619999999999891e+03 4.092709999999999769e-47
1.330750000000000000e+03 4.093019999999999784e-47
1.330880000000000109e+03 4.093229999999999874e-47
1.331000000000000000e+03 4.093189999999999903e-47
1.331119999999999891e+03 4.093249999999999859e-47
1.331250000000000000e+03 4.093729999999999993e-47
1.331380000000000109e+03 4.094139999999999936e-47
1.331500000000000000e+03 4.094190000000000142e-47
1.331619999999999891e+03 4.093989999999999803e-47
1.331750000000000000e+03 4.093929999999999847e-47
1.331880000000000109e+03 4.093849999999999905e-47
1.332000000000000000e+03 4.093769999999999964e-47
1.332119999999999891e+03 4.093690000000000023e-47
1.332250000000000000e+03 4.093610000000000081e-47
1.332380000000000109e+03 4.093360000000000021e-47
1.332500000000000000e+03 4.093129999999999947e-47
1.332619999999999891e+03 4.092910000000000108e-47
1.332750000000000000e+03 4.092790000000000196e-47
1.332880000000000109e+03 4.092759999999999975e-47
1.333000000000000000e+03 4.092739999999999990e-47
1.333119999999999891e+03 4.092779999999999960e-47
1.333250000000000000e+03 4.092999999999999799e-47
1.333380000000000109e+03 4.093160000000000168e-47
1.333500000000000000e+03 4.093140000000000183e-47
1.333619999999999891e+03 4.095740000000000222e-47
1.333750000000000000e+03 4.095740000000000222e-47
1.333880000000000109e+03 4.095740000000000222e-47
1.334000000000000000e+03 4.095740000000000222e-47
1.334119999999999891e+03 4.093039999999999770e-47
1.334250000000000000e+03 4.093019999999999784e-47
1.334380000000000109e+03 4.093129999999999947e-47
1.334500000000000000e+03 4.093510000000000155e-47
1.334619999999999891e+03 4.093900000000000112e-47
1.334750000000000000e+03 4.094290000000000069e-47
1.334880000000000109e+03 4.094680000000000026e-47
1.335000000000000000e+03 4.094970000000000057e-47
1.335119999999999891e+03 4.095260000000000087e-47
1.335250000000000000e+03 4.095550000000000118e-47
1.335380000000000109e+03 4.095840000000000148e-47
1.335500000000000000e+03 4.095869999999999883e-47
1.335619999999999891e+03 4.095889999999999869e-47
1.335750000000000000e+03 4.095909999999999854e-47
1.335880000000000109e+03 4.095929999999999839e-47
1.336000000000000000e+03 4.095949999999999825e-47
1.336119999999999891e+03 4.095969999999999810e-47
1.336250000000000000e+03 4.096000000000000031e-47
1.336380000000000109e+03 4.096020000000000017e-47
1.336500000000000000e+03 4.096050000000000238e-47
1.336619999999999891e+03 4.096070000000000223e-47
1.336750000000000000e+03 4.098999999999999777e-47
1.336880000000000109e+03 4.100070000000000208e-47
1.337000000000000000e+03 4.100139999999999914e-47
1.337119999999999891e+03 4.100210000000000106e-47
1.337250000000000000e+03 4.100290000000000047e-47
1.337380000000000109e+03 4.096250000000000091e-47
1.337500000000000000e+03 4.096279999999999826e-47
1.337619999999999891e+03 4.096319999999999797e-47
1.337750000000000000e+03 4.096350000000000018e-47
1.337880000000000109e+03 4.096389999999999988e-47
1.338000000000000000e+03 4.096429999999999959e-47
1.338119999999999891e+03 4.096460000000000180e-47
1.338250000000000000e+03 4.096500000000000151e-47
1.338380000000000109e+03 4.096540000000000122e-47
1.338500000000000000e+03 4.096580000000000092e-47
1.338619999999999891e+03 4.096640000000000048e-47
1.338750000000000000e+03 4.096680000000000019e-47
1.338880000000000109e+03 4.096730000000000225e-47
1.339000000000000000e+03 4.096790000000000181e-47
1.339119999999999891e+03 4.096839999999999902e-47
1.339250000000000000e+03 4.096879999999999872e-47
1.339380000000000109e+03 4.096930000000000079e-47
1.339500000000000000e+03 4.097149999999999918e-47
1.339619999999999891e+03 4.097249999999999844e-47
1.339750000000000000e+03 4.097539999999999875e-47
1.339880000000000109e+03 4.097780000000000185e-47
1.340000000000000000e+03 4.098179999999999892e-47
1.340119999999999891e+03 4.098600000000000070e-47
1.340250000000000000e+03 4.099010000000000013e-47
1.340380000000000109e+03 4.099419999999999955e-47
1.340500000000000000e+03 4.099829999999999898e-47
1.340619999999999891e+03 4.100239999999999841e-47
1.340750000000000000e+03 4.100660000000000019e-47
1.340880000000000109e+03 4.101069999999999962e-47
1.341000000000000000e+03 4.101479999999999904e-47
1.341119999999999891e+03 4.101889999999999847e-47
1.341250000000000000e+03 4.102330000000000010e-47
1.341380000000000109e+03 4.102779999999999924e-47
1.341500000000000000e+03 4.103080000000000190e-47
1.341619999999999891e+03 4.103519999999999867e-47
1.341750000000000000e+03 4.103740000000000192e-47
1.341880000000000109e+03 4.104239999999999826e-47
1.342000000000000000e+03 4.104739999999999946e-47
1.342119999999999891e+03 4.105240000000000065e-47
1.342250000000000000e+03 4.105729999999999949e-47
1.342380000000000109e+03 4.106230000000000069e-47
1.342500000000000000e+03 4.106710000000000203e-47
1.342619999999999891e+03 4.107189999999999852e-47
1.342750000000000000e+03 4.107729999999999942e-47
1.342880000000000109e+03 4.108139999999999885e-47
1.343000000000000000e+03 4.108489999999999871e-47
1.343119999999999891e+03 4.108939999999999784e-47
1.343250000000000000e+03 4.109359999999999963e-47
1.343380000000000109e+03 4.109769999999999905e-47
1.343500000000000000e+03 4.110170000000000098e-47
1.343619999999999891e+03 4.110569999999999805e-47
1.343750000000000000e+03 4.110879999999999821e-47
1.343880000000000109e+03 4.111189999999999837e-47
1.344000000000000000e+03 4.111499999999999853e-47
1.344119999999999891e+03 4.111800000000000119e-47
1.344250000000000000e+03 4.112239999999999797e-47
1.344380000000000109e+03 4.112690000000000196e-47
1.344500000000000000e+03 4.113140000000000109e-47
1.344619999999999891e+03 4.114589999999999776e-47
1.344750000000000000e+03 4.114030000000000186e-47
1.344880000000000109e+03 4.114440000000000129e-47
1.345000000000000000e+03 4.114839999999999836e-47
1.345119999999999891e+03 4.115249999999999778e-47
1.345250000000000000e+03 4.115649999999999971e-47
1.345380000000000109e+03 4.116050000000000164e-47
1.345500000000000000e+03 4.116460000000000107e-47
1.345619999999999891e+03 4.116859999999999814e-47
1.345750000000000000e+03 4.117260000000000007e-47
1.345880000000000109e+03 4.117660000000000200e-47
1.346000000000000000e+03 4.118070000000000142e-47
1.346119999999999891e+03 4.118429999999999878e-47
1.346250000000000000e+03 4.118589999999999761e-47
1.346380000000000109e+03 4.118730000000000145e-47
1.346500000000000000e+03 4.118980000000000204e-47
1.346619999999999891e+03 4.119419999999999882e-47
1.346750000000000000e+03 4.119909999999999766e-47
1.346880000000000109e+03 4.120219999999999782e-47
1.347000000000000000e+03 4.120420000000000121e-47
1.347119999999999891e+03 4.120770000000000108e-47
1.347250000000000000e+03 4.121229999999999771e-47
1.347380000000000109e+03 4.121740000000000126e-47
1.347500000000000000e+03 4.122249999999999996e-47
1.347619999999999891e+03 4.122770000000000101e-47
1.347750000000000000e+03 4.123279999999999970e-47
1.347880000000000109e+03 4.123749999999999869e-47
1.348000000000000000e+03 4.124230000000000003e-47
1.348119999999999891e+03 4.124750000000000108e-47
1.348250000000000000e+03 4.125239999999999992e-47
1.348380000000000109e+03 4.125640000000000185e-47
1.348500000000000000e+03 4.126030000000000142e-47
1.348619999999999891e+03 4.126420000000000099e-47
1.348750000000000000e+03 4.126639999999999938e-47
1.348880000000000109e+03 4.126810000000000057e-47
1.349000000000000000e+03 4.126980000000000175e-47
1.349119999999999891e+03 4.127160000000000043e-47
1.349250000000000000e+03 4.127430000000000088e-47
1.349380000000000109e+03 4.127769999999999839e-47
1.349500000000000000e+03 4.128019999999999899e-47
1.349619999999999891e+03 4.128179999999999782e-47
1.349750000000000000e+03 4.128340000000000151e-47
1.349880000000000109e+03 4.128619999999999945e-47
1.350000000000000000e+03 4.128909999999999976e-47
1.350119999999999891e+03 4.129230000000000228e-47
1.350250000000000000e+03 4.129609999999999949e-47
1.350380000000000109e+03 4.129970000000000171e-47
1.350500000000000000e+03 4.130090000000000083e-47
1.350619999999999891e+03 4.130209999999999996e-47
1.350750000000000000e+03 4.130340000000000143e-47
1.350880000000000109e+03 4.130460000000000055e-47
1.351000000000000000e+03 4.130579999999999967e-47
1.351119999999999891e+03 4.130710000000000115e-47
1.351250000000000000e+03 4.130830000000000027e-47
1.351380000000000109e+03 4.130960000000000175e-47
1.351500000000000000e+03 4.131080000000000087e-47
1.351619999999999891e+03 4.131210000000000235e-47
1.351750000000000000e+03 4.131330000000000147e-47
1.351880000000000109e+03 4.131459999999999809e-47
1.352000000000000000e+03 4.131589999999999956e-47
1.352119999999999891e+03 4.131720000000000104e-47
1.352250000000000000e+03 4.131840000000000016e-47
1.352380000000000109e+03 4.131999999999999899e-47
1.352500000000000000e+03 4.132159999999999782e-47
1.352619999999999891e+03 4.132340000000000136e-47
1.352750000000000000e+03 4.132539999999999989e-47
1.352880000000000109e+03 4.132730000000000093e-47
1.353000000000000000e+03 4.132929999999999947e-47
1.353119999999999891e+03 4.133129999999999800e-47
1.353250000000000000e+03 4.133379999999999860e-47
1.353380000000000109e+03 4.133700000000000112e-47
1.353500000000000000e+03 4.133899999999999965e-47
1.353619999999999891e+03 4.134039999999999862e-47
1.353750000000000000e+03 4.134200000000000231e-47
1.353880000000000109e+03 4.134369999999999864e-47
1.354000000000000000e+03 4.134650000000000145e-47
1.354119999999999891e+03 4.134830000000000013e-47
1.354250000000000000e+03 4.135000000000000131e-47
1.354380000000000109e+03 4.135179999999999999e-47
1.354500000000000000e+03 4.135370000000000103e-47
1.354619999999999891e+03 4.135580000000000192e-47
1.354750000000000000e+03 4.135780000000000046e-47
1.354880000000000109e+03 4.135959999999999914e-47
1.355000000000000000e+03 4.136139999999999782e-47
1.355119999999999891e+03 4.136380000000000092e-47
1.355250000000000000e+03 4.136639999999999901e-47
1.355380000000000109e+03 4.136840000000000241e-47
1.355500000000000000e+03 4.136909999999999947e-47
1.355619999999999891e+03 4.137029999999999859e-47
1.355750000000000000e+03 4.137210000000000213e-47
1.355880000000000109e+03 4.137540000000000214e-47
1.356000000000000000e+03 4.137910000000000186e-47
1.356119999999999891e+03 4.138260000000000173e-47
1.356250000000000000e+03 4.138690000000000101e-47
1.356380000000000109e+03 4.139190000000000220e-47
1.356500000000000000e+03 4.139709999999999839e-47
1.356619999999999891e+03 4.139999999999999870e-47
1.356750000000000000e+03 4.140200000000000209e-47
1.356880000000000109e+03 4.140400000000000063e-47
1.357000000000000000e+03 4.140590000000000166e-47
1.357119999999999891e+03 4.140790000000000020e-47
1.357250000000000000e+03 4.140980000000000124e-47
1.357380000000000109e+03 4.141179999999999977e-47
1.357500000000000000e+03 4.141370000000000081e-47
1.357619999999999891e+03 4.141569999999999934e-47
1.357750000000000000e+03 4.141760000000000038e-47
1.357880000000000109e+03 4.141959999999999892e-47
1.358000000000000000e+03 4.142180000000000217e-47
1.358119999999999891e+03 4.142369999999999834e-47
1.358250000000000000e+03 4.142570000000000174e-47
1.358380000000000109e+03 4.142770000000000027e-47
1.358500000000000000e+03 4.142960000000000131e-47
1.358619999999999891e+03 4.143159999999999984e-47
1.358750000000000000e+03 4.143350000000000088e-47
1.358880000000000109e+03 4.143549999999999942e-47
1.359000000000000000e+03 4.143810000000000237e-47
1.359119999999999891e+03 4.144329999999999856e-47
1.359250000000000000e+03 4.144849999999999961e-47
1.359380000000000109e+03 4.145370000000000066e-47
1.359500000000000000e+03 4.145890000000000171e-47
1.359619999999999891e+03 4.146409999999999790e-47
1.359750000000000000e+03 4.146920000000000146e-47
1.359880000000000109e+03 4.147439999999999765e-47
1.360000000000000000e+03 4.147959999999999870e-47
1.360119999999999891e+03 4.148479999999999975e-47
1.360250000000000000e+03 4.149000000000000080e-47
1.360380000000000109e+03 4.149520000000000185e-47
1.360500000000000000e+03 4.150039999999999804e-47
1.360619999999999891e+03 4.150559999999999909e-47
1.360750000000000000e+03 4.151080000000000014e-47
1.360880000000000109e+03 4.151600000000000119e-47
1.361000000000000000e+03 4.152120000000000224e-47
1.361119999999999891e+03 4.152639999999999843e-47
1.361250000000000000e+03 4.153170000000000183e-47
1.361380000000000109e+03 4.153689999999999802e-47
1.361500000000000000e+03 4.154209999999999907e-47
1.361619999999999891e+03 4.154730000000000012e-47
1.361750000000000000e+03 4.155259999999999867e-47
1.361880000000000109e+03 4.155779999999999972e-47
1.362000000000000000e+03 4.156300000000000077e-47
1.362119999999999891e+03 4.156820000000000182e-47
1.362250000000000000e+03 4.157339999999999801e-47
1.362380000000000109e+03 4.157859999999999906e-47
1.362500000000000000e+03 4.158380000000000011e-47
1.362619999999999891e+03 4.158900000000000116e-47
1.362750000000000000e+03 4.159420000000000221e-47
1.362880000000000109e+03 4.159939999999999840e-47
1.363000000000000000e+03 4.160459999999999945e-47
1.363119999999999891e+03 4.160989999999999800e-47
1.363250000000000000e+03 4.161509999999999905e-47
1.363380000000000109e+03 4.162030000000000010e-47
1.363500000000000000e+03 4.162550000000000115e-47
1.363619999999999891e+03 4.163070000000000220e-47
1.363750000000000000e+03 4.163589999999999839e-47
1.363880000000000109e+03 4.164120000000000180e-47
1.364000000000000000e+03 4.164639999999999799e-47
1.364119999999999891e+03 4.165159999999999904e-47
1.364250000000000000e+03 4.165680000000000009e-47
1.364380000000000109e+03 4.166200000000000114e-47
1.364500000000000000e+03 4.166720000000000219e-47
1.364619999999999891e+03 4.167250000000000073e-47
1.364750000000000000e+03 4.167770000000000178e-47
1.364880000000000109e+03 4.168289999999999797e-47
1.365000000000000000e+03 4.168809999999999902e-47
1.365119999999999891e+03 4.169330000000000007e-47
1.365250000000000000e+03 4.169859999999999862e-47
1.365380000000000109e+03 4.170379999999999967e-47
1.365500000000000000e+03 4.170900000000000072e-47
1.365619999999999891e+03 4.171420000000000177e-47
1.365750000000000000e+03 4.171950000000000032e-47
1.365880000000000109e+03 4.172470000000000137e-47
1.366000000000000000e+03 4.172990000000000242e-47
1.366119999999999891e+03 4.173520000000000097e-47
1.366250000000000000e+03 4.174040000000000202e-47
1.366380000000000109e+03 4.174550000000000071e-47
1.366500000000000000e+03 4.175079999999999926e-47
1.366619999999999891e+03 4.175580000000000045e-47
1.366750000000000000e+03 4.175870000000000076e-47
1.366880000000000109e+03 4.176160000000000106e-47
1.367000000000000000e+03 4.176510000000000093e-47
1.367119999999999891e+03 4.177030000000000198e-47
1.367250000000000000e+03 4.177560000000000053e-47
1.367380000000000109e+03 4.178080000000000158e-47
1.367500000000000000e+03 4.178599999999999777e-47
1.367619999999999891e+03 4.179130000000000117e-47
1.367750000000000000e+03 4.179529999999999824e-47
1.367880000000000109e+03 4.179839999999999840e-47
1.368000000000000000e+03 4.180129999999999871e-47
1.368119999999999891e+03 4.180419999999999901e-47
1.368250000000000000e+03 4.180700000000000182e-47
1.368380000000000109e+03 4.181130000000000110e-47
1.368500000000000000e+03 4.181569999999999787e-47
1.368619999999999891e+03 4.181980000000000216e-47
1.368750000000000000e+03 4.182260000000000011e-47
1.368880000000000109e+03 4.182220000000000040e-47
1.369000000000000000e+03 4.182620000000000233e-47
1.369119999999999891e+03 4.183030000000000176e-47
1.369250000000000000e+03 4.183440000000000119e-47
1.369380000000000109e+03 4.183850000000000061e-47
1.369500000000000000e+03 4.184209999999999797e-47
1.369619999999999891e+03 4.184470000000000093e-47
1.369750000000000000e+03 4.184820000000000079e-47
1.369880000000000109e+03 4.185340000000000184e-47
1.370000000000000000e+03 4.185650000000000200e-47
1.370119999999999891e+03 4.185870000000000039e-47
1.370250000000000000e+03 4.186629999999999968e-47
1.370380000000000109e+03 4.186649999999999954e-47
1.370500000000000000e+03 4.187369999999999912e-47
1.370619999999999891e+03 4.188009999999999929e-47
1.370750000000000000e+03 4.188530000000000034e-47
1.370880000000000109e+03 4.189059999999999889e-47
1.371000000000000000e+03 4.189529999999999787e-47
1.371119999999999891e+03 4.189929999999999980e-47
1.371250000000000000e+03 4.190279999999999967e-47
1.371380000000000109e+03 4.190629999999999954e-47
1.371500000000000000e+03 4.191110000000000088e-47
1.371619999999999891e+03 4.191630000000000193e-47
1.371750000000000000e+03 4.192160000000000048e-47
1.371880000000000109e+03 4.192660000000000167e-47
1.372000000000000000e+03 4.193090000000000095e-47
1.372119999999999891e+03 4.193460000000000067e-47
1.372250000000000000e+03 4.193900000000000231e-47
1.372380000000000109e+03 4.194410000000000100e-47
1.372500000000000000e+03 4.194939999999999955e-47
1.372619999999999891e+03 4.195469999999999809e-47
1.372750000000000000e+03 4.195819999999999796e-47
1.372880000000000109e+03 4.196160000000000033e-47
1.373000000000000000e+03 4.196510000000000019e-47
1.373119999999999891e+03 4.196849999999999770e-47
1.373250000000000000e+03 4.197249999999999963e-47
1.373380000000000109e+03 4.197779999999999818e-47
1.373500000000000000e+03 4.198319999999999908e-47
1.373619999999999891e+03 4.198849999999999763e-47
1.373750000000000000e+03 4.199380000000000104e-47
1.373880000000000109e+03 4.199920000000000194e-47
1.374000000000000000e+03 4.200459999999999798e-47
1.374119999999999891e+03 4.200970000000000154e-47
1.374250000000000000e+03 4.201480000000000023e-47
1.374380000000000109e+03 4.202020000000000113e-47
1.374500000000000000e+03 4.202549999999999968e-47
1.374619999999999891e+03 4.203090000000000059e-47
1.374750000000000000e+03 4.203630000000000149e-47
1.374880000000000109e+03 4.204040000000000091e-47
1.375000000000000000e+03 4.204339999999999872e-47
1.375119999999999891e+03 4.204859999999999977e-47
1.375250000000000000e+03 4.205309999999999890e-47
1.375380000000000109e+03 4.205750000000000054e-47
1.375500000000000000e+03 4.206230000000000188e-47
1.375619999999999891e+03 4.206749999999999807e-47
1.375750000000000000e+03 4.207269999999999912e-47
1.375880000000000109e+03 4.207790000000000017e-47
1.376000000000000000e+03 4.208310000000000122e-47
1.376119999999999891e+03 4.208810000000000242e-47
1.376250000000000000e+03 4.209240000000000170e-47
1.376380000000000109e+03 4.209670000000000098e-47
1.376500000000000000e+03 4.210170000000000217e-47
1.376619999999999891e+03 4.210760000000000028e-47
1.376750000000000000e+03 4.211389999999999809e-47
1.376880000000000109e+03 4.211949999999999885e-47
1.377000000000000000e+03 4.212529999999999946e-47
1.377119999999999891e+03 4.213090000000000022e-47
1.377250000000000000e+03 4.213610000000000127e-47
1.377380000000000109e+03 4.214080000000000025e-47
1.377500000000000000e+03 4.214549999999999924e-47
1.377619999999999891e+03 4.215070000000000029e-47
1.377750000000000000e+03 4.215590000000000134e-47
1.377880000000000109e+03 4.216110000000000239e-47
1.378000000000000000e+03 4.216609999999999873e-47
1.378119999999999891e+03 4.217129999999999978e-47
1.378250000000000000e+03 4.217650000000000083e-47
1.378380000000000109e+03 4.218139999999999967e-47
1.378500000000000000e+03 4.218660000000000072e-47
1.378619999999999891e+03 4.219180000000000177e-47
1.378750000000000000e+03 4.219699999999999796e-47
1.378880000000000109e+03 4.220259999999999871e-47
1.379000000000000000e+03 4.220890000000000139e-47
1.379119999999999891e+03 4.221510000000000171e-47
1.379250000000000000e+03 4.222029999999999790e-47
1.379380000000000109e+03 4.222549999999999895e-47
1.379500000000000000e+03 4.223070000000000000e-47
1.379619999999999891e+03 4.223590000000000105e-47
1.379750000000000000e+03 4.224029999999999782e-47
1.379880000000000109e+03 4.224560000000000123e-47
1.380000000000000000e+03 4.224970000000000066e-47
1.380119999999999891e+03 4.225490000000000171e-47
1.380250000000000000e+03 4.225980000000000055e-47
1.380380000000000109e+03 4.226500000000000160e-47
1.380500000000000000e+03 4.226910000000000102e-47
1.380619999999999891e+03 4.227300000000000060e-47
1.380750000000000000e+03 4.227829999999999914e-47
1.380880000000000109e+03 4.228350000000000019e-47
1.381000000000000000e+03 4.228879999999999874e-47
1.381119999999999891e+03 4.229309999999999802e-47
1.381250000000000000e+03 4.229659999999999788e-47
1.381380000000000109e+03 4.230230000000000100e-47
1.381500000000000000e+03 4.230799999999999925e-47
1.381619999999999891e+03 4.231370000000000237e-47
1.381750000000000000e+03 4.231940000000000062e-47
1.381880000000000109e+03 4.232509999999999887e-47
1.382000000000000000e+03 4.233049999999999978e-47
1.382119999999999891e+03 4.232999999999999771e-47
1.382250000000000000e+03 4.233539999999999862e-47
1.382380000000000109e+03 4.234070000000000202e-47
1.382500000000000000e+03 4.234609999999999807e-47
1.382619999999999891e+03 4.235149999999999897e-47
1.382750000000000000e+03 4.235630000000000031e-47
1.382880000000000109e+03 4.236170000000000122e-47
1.383000000000000000e+03 4.236589999999999814e-47
1.383119999999999891e+03 4.236990000000000007e-47
1.383250000000000000e+03 4.237519999999999862e-47
1.383380000000000109e+03 4.238059999999999952e-47
1.383500000000000000e+03 4.238540000000000086e-47
1.383619999999999891e+03 4.238990000000000000e-47
1.383750000000000000e+03 4.239530000000000090e-47
1.383880000000000109e+03 4.240059999999999945e-47
1.384000000000000000e+03 4.240600000000000035e-47
1.384119999999999891e+03 4.241089999999999919e-47
1.384250000000000000e+03 4.241499999999999862e-47
1.384380000000000109e+03 4.241709999999999951e-47
1.384500000000000000e+03 4.242239999999999805e-47
1.384619999999999891e+03 4.242770000000000146e-47
1.384750000000000000e+03 4.243269999999999780e-47
1.384880000000000109e+03 4.243559999999999810e-47
1.385000000000000000e+03 4.243769999999999899e-47
1.385119999999999891e+03 4.243960000000000003e-47
1.385250000000000000e+03 4.244099999999999901e-47
1.385380000000000109e+03 4.244440000000000138e-47
1.385500000000000000e+03 4.244650000000000227e-47
1.385619999999999891e+03 4.244919999999999786e-47
1.385750000000000000e+03 4.245399999999999920e-47
1.385880000000000109e+03 4.245780000000000128e-47
1.386000000000000000e+03 4.245869999999999819e-47
1.386119999999999891e+03 4.245949999999999760e-47
1.386250000000000000e+03 4.246039999999999937e-47
1.386380000000000109e+03 4.246119999999999879e-47
1.386500000000000000e+03 4.246259999999999776e-47
1.386619999999999891e+03 4.246810000000000102e-47
1.386750000000000000e+03 4.246980000000000221e-47
1.386880000000000109e+03 4.247069999999999912e-47
1.387000000000000000e+03 4.247220000000000045e-47
1.387119999999999891e+03 4.247359999999999942e-47
1.387250000000000000e+03 4.247510000000000075e-47
1.387380000000000109e+03 4.247599999999999766e-47
1.387500000000000000e+03 4.247760000000000135e-47
1.387619999999999891e+03 4.247889999999999797e-47
1.387750000000000000e+03 4.248019999999999945e-47
1.387880000000000109e+03 4.248159999999999842e-47
1.388000000000000000e+03 4.248270000000000004e-47
1.388119999999999891e+03 4.248420000000000138e-47
1.388250000000000000e+03 4.248549999999999799e-47
1.388380000000000109e+03 4.248679999999999947e-47
1.388500000000000000e+03 4.248819999999999844e-47
1.388619999999999891e+03 4.248949999999999992e-47
1.388750000000000000e+03 4.249109999999999875e-47
1.388880000000000109e+03 4.249240000000000023e-47
1.389000000000000000e+03 4.249430000000000127e-47
1.389119999999999891e+03 4.249559999999999788e-47
1.389250000000000000e+03 4.249689999999999936e-47
1.389380000000000109e+03 4.249820000000000084e-47
1.389500000000000000e+03 4.249999999999999952e-47
1.389619999999999891e+03 4.250090000000000129e-47
1.389750000000000000e+03 4.250309999999999968e-47
1.389880000000000109e+03 4.250440000000000116e-47
1.390000000000000000e+03 4.250569999999999777e-47
1.390119999999999891e+03 4.250799999999999852e-47
1.390250000000000000e+03 4.250919999999999764e-47
1.390380000000000109e+03 4.251189999999999809e-47
1.390500000000000000e+03 4.251319999999999957e-47
1.390619999999999891e+03 4.251620000000000223e-47
1.390750000000000000e+03 4.252010000000000180e-47
1.390880000000000109e+03 4.252580000000000006e-47
1.391000000000000000e+03 4.252940000000000228e-47
1.391119999999999891e+03 4.253470000000000083e-47
1.391250000000000000e+03 4.253789999999999848e-47
1.391380000000000109e+03 4.253889999999999775e-47
1.391500000000000000e+03 4.254139999999999835e-47
1.391619999999999891e+03 4.254770000000000102e-47
1.391750000000000000e+03 4.255359999999999913e-47
1.391880000000000109e+03 4.255999999999999930e-47
1.392000000000000000e+03 4.256570000000000241e-47
1.392119999999999891e+03 4.257209999999999772e-47
1.392250000000000000e+03 4.257399999999999876e-47
1.392380000000000109e+03 4.257439999999999847e-47
1.392500000000000000e+03 4.258050000000000129e-47
1.392619999999999891e+03 4.258759999999999852e-47
1.392750000000000000e+03 4.259160000000000045e-47
1.392880000000000109e+03 4.259239999999999986e-47
1.393000000000000000e+03 4.259319999999999927e-47
1.393119999999999891e+03 4.259399999999999869e-47
1.393250000000000000e+03 4.259479999999999810e-47
1.393380000000000109e+03 4.259560000000000238e-47
1.393500000000000000e+03 4.261029999999999890e-47
1.393619999999999891e+03 4.261160000000000037e-47
1.393750000000000000e+03 4.259919999999999974e-47
1.393880000000000109e+03 4.259990000000000166e-47
1.394000000000000000e+03 4.260099999999999842e-47
1.394119999999999891e+03 4.260199999999999769e-47
1.394250000000000000e+03 4.261080000000000096e-47
1.394380000000000109e+03 4.260309999999999931e-47
1.394500000000000000e+03 4.260139999999999813e-47
1.394619999999999891e+03 4.260460000000000064e-47
1.394750000000000000e+03 4.260759999999999844e-47
1.394880000000000109e+03 4.260799999999999815e-47
1.395000000000000000e+03 4.261040000000000125e-47
1.395119999999999891e+03 4.261129999999999816e-47
1.395250000000000000e+03 4.261250000000000214e-47
1.395380000000000109e+03 4.261399999999999861e-47
1.395500000000000000e+03 4.261479999999999803e-47
1.395619999999999891e+03 4.261620000000000186e-47
1.395750000000000000e+03 4.262119999999999820e-47
1.395880000000000109e+03 4.262449999999999821e-47
1.396000000000000000e+03 4.262869999999999999e-47
1.396119999999999891e+03 4.263339999999999898e-47
1.396250000000000000e+03 4.263680000000000135e-47
1.396380000000000109e+03 4.263939999999999944e-47
1.396500000000000000e+03 4.264139999999999798e-47
1.396619999999999891e+03 4.264539999999999991e-47
1.396750000000000000e+03 4.264830000000000021e-47
1.396880000000000109e+03 4.265270000000000185e-47
1.397000000000000000e+03 4.265510000000000009e-47
1.397119999999999891e+03 4.265749999999999833e-47
1.397250000000000000e+03 4.266119999999999805e-47
1.397380000000000109e+03 4.266389999999999850e-47
1.397500000000000000e+03 4.266449999999999806e-47
1.397619999999999891e+03 4.266650000000000146e-47
1.397750000000000000e+03 4.266759999999999822e-47
1.397880000000000109e+03 4.266849999999999999e-47
1.398000000000000000e+03 4.266949999999999926e-47
1.398119999999999891e+03 4.266900000000000206e-47
1.398250000000000000e+03 4.266980000000000147e-47
1.398380000000000109e+03 4.267439999999999810e-47
1.398500000000000000e+03 4.267629999999999914e-47
1.398619999999999891e+03 4.267689999999999870e-47
1.398750000000000000e+03 4.267890000000000210e-47
1.398880000000000109e+03 4.268059999999999842e-47
1.399000000000000000e+03 4.268280000000000167e-47
1.399119999999999891e+03 4.268619999999999918e-47
1.399250000000000000e+03 4.268759999999999815e-47
1.399380000000000109e+03 4.269089999999999816e-47
1.399500000000000000e+03 4.269250000000000185e-47
1.399619999999999891e+03 4.269419999999999817e-47
1.399750000000000000e+03 4.269479999999999773e-47
1.399880000000000109e+03 4.269720000000000084e-47
1.400000000000000000e+03 4.269829999999999760e-47
1.400119999999999891e+03 4.269950000000000158e-47
1.400250000000000000e+03 4.270189999999999982e-47
1.400380000000000109e+03 4.270340000000000115e-47
1.400500000000000000e+03 4.270440000000000042e-47
1.400619999999999891e+03 4.270469999999999777e-47
1.400750000000000000e+03 4.270810000000000014e-47
1.400880000000000109e+03 4.271319999999999883e-47
1.401000000000000000e+03 4.271859999999999974e-47
1.401119999999999891e+03 4.272079999999999812e-47
1.401250000000000000e+03 4.272249999999999931e-47
1.401380000000000109e+03 4.272369999999999843e-47
1.401500000000000000e+03 4.272590000000000168e-47
1.401619999999999891e+03 4.272750000000000051e-47
1.401750000000000000e+03 4.272929999999999919e-47
1.401880000000000109e+03 4.273109999999999787e-47
1.402000000000000000e+03 4.273290000000000141e-47
1.402119999999999891e+03 4.273459999999999773e-47
1.402250000000000000e+03 4.273629999999999892e-47
1.402380000000000109e+03 4.273800000000000010e-47
1.402500000000000000e+03 4.273990000000000114e-47
1.402619999999999891e+03 4.274169999999999982e-47
1.402750000000000000e+03 4.274409999999999806e-47
1.402880000000000109e+03 4.274579999999999925e-47
1.403000000000000000e+03 4.274809999999999999e-47
1.403119999999999891e+03 4.275069999999999809e-47
1.403250000000000000e+03 4.275390000000000060e-47
1.403380000000000109e+03 4.275640000000000120e-47
1.403500000000000000e+03 4.275789999999999767e-47
1.403619999999999891e+03 4.275789999999999767e-47
1.403750000000000000e+03 4.275850000000000209e-47
1.403880000000000109e+03 4.275899999999999930e-47
1.404000000000000000e+03 4.276050000000000063e-47
1.404119999999999891e+03 4.276220000000000181e-47
1.404250000000000000e+03 4.276389999999999814e-47
1.404380000000000109e+03 4.276559999999999932e-47
1.404500000000000000e+03 4.276739999999999800e-47
1.404619999999999891e+03 4.276969999999999875e-47
1.404750000000000000e+03 4.277299999999999876e-47
1.404880000000000109e+03 4.277959999999999878e-47
1.405000000000000000e+03 4.277799999999999996e-47
1.405119999999999891e+03 4.277959999999999878e-47
1.405250000000000000e+03 4.278590000000000146e-47
1.405380000000000109e+03 4.279100000000000015e-47
1.405500000000000000e+03 4.279350000000000075e-47
1.405619999999999891e+03 4.279540000000000179e-47
1.405750000000000000e+03 4.279689999999999826e-47
1.405880000000000109e+03 4.279700000000000062e-47
1.406000000000000000e+03 4.279640000000000106e-47
1.406119999999999891e+03 4.279910000000000151e-47
1.406250000000000000e+03 4.280129999999999990e-47
1.406380000000000109e+03 4.280140000000000225e-47
1.406500000000000000e+03 4.280120000000000240e-47
1.406619999999999891e+03 4.280099999999999768e-47
1.406750000000000000e+03 4.280189999999999946e-47
1.406880000000000109e+03 4.280220000000000167e-47
1.407000000000000000e+03 4.280289999999999872e-47
1.407119999999999891e+03 4.280349999999999828e-47
1.407250000000000000e+03 4.280519999999999947e-47
1.407380000000000109e+03 4.280639999999999859e-47
1.407500000000000000e+03 4.280759999999999771e-47
1.407619999999999891e+03 4.280869999999999933e-47
1.407750000000000000e+03 4.281040000000000052e-47
1.407880000000000109e+03 4.281210000000000170e-47
1.408000000000000000e+03 4.281419999999999773e-47
1.408119999999999891e+03 4.281589999999999892e-47
1.408250000000000000e+03 4.281760000000000010e-47
1.408380000000000109e+03 4.281890000000000158e-47
1.408500000000000000e+03 4.282059999999999790e-47
1.408619999999999891e+03 4.282240000000000145e-47
1.408750000000000000e+03 4.282450000000000234e-47
1.408880000000000109e+03 4.282619999999999866e-47
1.409000000000000000e+03 4.282789999999999985e-47
1.409119999999999891e+03 4.282960000000000103e-47
1.409250000000000000e+03 4.283130000000000222e-47
1.409380000000000109e+03 4.283299999999999854e-47
1.409500000000000000e+03 4.283480000000000208e-47
1.409619999999999891e+03 4.283649999999999840e-47
1.409750000000000000e+03 4.283819999999999959e-47
1.409880000000000109e+03 4.284039999999999798e-47
1.410000000000000000e+03 4.284320000000000079e-47
1.410119999999999891e+03 4.284490000000000197e-47
1.410250000000000000e+03 4.284659999999999829e-47
1.410380000000000109e+03 4.284860000000000169e-47
1.410500000000000000e+03 4.285190000000000170e-47
1.410619999999999891e+03 4.285520000000000172e-47
1.410750000000000000e+03 4.285709999999999789e-47
1.410880000000000109e+03 4.285879999999999908e-47
1.411000000000000000e+03 4.286030000000000041e-47
1.411119999999999891e+03 4.286180000000000174e-47
1.411250000000000000e+03 4.286340000000000057e-47
1.411380000000000109e+03 4.286490000000000190e-47
1.411500000000000000e+03 4.286730000000000014e-47
1.411619999999999891e+03 4.287090000000000236e-47
1.411750000000000000e+03 4.287319999999999825e-47
1.411880000000000109e+03 4.287649999999999826e-47
1.412000000000000000e+03 4.288070000000000004e-47
1.412119999999999891e+03 4.288329999999999814e-47
1.412250000000000000e+03 4.288439999999999976e-47
1.412380000000000109e+03 4.288579999999999873e-47
1.412500000000000000e+03 4.288860000000000154e-47
1.412619999999999891e+03 4.289190000000000156e-47
1.412750000000000000e+03 4.289009999999999801e-47
1.412880000000000109e+03 4.289099999999999978e-47
1.413000000000000000e+03 4.289000000000000052e-47
1.413119999999999891e+03 4.288880000000000140e-47
1.413250000000000000e+03 4.288960000000000081e-47
1.413380000000000109e+03 4.289110000000000214e-47
1.413500000000000000e+03 4.289250000000000112e-47
1.413619999999999891e+03 4.289399999999999759e-47
1.413750000000000000e+03 4.289549999999999892e-47
1.413880000000000109e+03 4.289700000000000025e-47
1.414000000000000000e+03 4.289890000000000129e-47
1.414119999999999891e+03 4.290260000000000101e-47
1.414250000000000000e+03 4.290519999999999910e-47
1.414380000000000109e+03 4.290769999999999970e-47
1.414500000000000000e+03 4.291009999999999794e-47
1.414619999999999891e+03 4.291270000000000090e-47
1.414750000000000000e+03 4.291529999999999899e-47
1.414880000000000109e+03 4.291750000000000224e-47
1.415000000000000000e+03 4.291850000000000151e-47
1.415119999999999891e+03 4.291979999999999812e-47
1.415250000000000000e+03 4.292169999999999916e-47
1.415380000000000109e+03 4.292369999999999770e-47
1.415500000000000000e+03 4.292570000000000109e-47
1.415619999999999891e+03 4.292789999999999948e-47
1.415750000000000000e+03 4.293110000000000200e-47
1.415880000000000109e+03 4.293429999999999965e-47
1.416000000000000000e+03 4.293609999999999833e-47
1.416119999999999891e+03 4.293669999999999789e-47
1.416250000000000000e+03 4.293620000000000069e-47
1.416380000000000109e+03 4.293480000000000171e-47
1.416500000000000000e+03 4.293370000000000009e-47
1.416619999999999891e+03 4.293389999999999994e-47
1.416750000000000000e+03 4.293469999999999936e-47
1.416880000000000109e+03 4.293660000000000040e-47
1.417000000000000000e+03 4.293819999999999922e-47
1.417119999999999891e+03 4.294069999999999982e-47
1.417250000000000000e+03 4.294300000000000057e-47
1.417380000000000109e+03 4.294479999999999925e-47
1.417500000000000000e+03 4.294619999999999822e-47
1.417619999999999891e+03 4.294709999999999999e-47
1.417750000000000000e+03 4.294829999999999911e-47
1.417880000000000109e+03 4.294900000000000103e-47
1.418000000000000000e+03 4.295029999999999765e-47
1.418119999999999891e+03 4.295199999999999883e-47
1.418250000000000000e+03 4.295250000000000090e-47
1.418380000000000109e+03 4.295259999999999839e-47
1.418500000000000000e+03 4.295270000000000075e-47
1.418619999999999891e+03 4.295420000000000208e-47
1.418750000000000000e+03 4.295580000000000091e-47
1.418880000000000109e+03 4.295730000000000224e-47
1.419000000000000000e+03 4.295890000000000107e-47
1.419119999999999891e+03 4.295970000000000048e-47
1.419250000000000000e+03 4.295930000000000077e-47
1.419380000000000109e+03 4.295910000000000092e-47
1.419500000000000000e+03 4.295879999999999871e-47
1.419619999999999891e+03 4.295919999999999842e-47
1.419750000000000000e+03 4.296030000000000004e-47
1.419880000000000109e+03 4.296349999999999770e-47
1.420000000000000000e+03 4.296510000000000138e-47
1.420119999999999891e+03 4.296579999999999844e-47
1.420250000000000000e+03 4.296599999999999829e-47
1.420380000000000109e+03 4.296639999999999800e-47
1.420500000000000000e+03 4.296639999999999800e-47
1.420619999999999891e+03 4.296630000000000050e-47
1.420750000000000000e+03 4.296900000000000096e-47
1.420880000000000109e+03 4.297239999999999846e-47
1.421000000000000000e+03 4.297580000000000083e-47
1.421119999999999891e+03 4.297919999999999834e-47
1.421250000000000000e+03 4.298260000000000071e-47
1.421380000000000109e+03 4.298599999999999822e-47
1.421500000000000000e+03 4.298920000000000074e-47
1.421619999999999891e+03 4.299099999999999942e-47
1.421750000000000000e+03 4.299250000000000075e-47
1.421880000000000109e+03 4.299400000000000208e-47
1.422000000000000000e+03 4.299600000000000061e-47
1.422119999999999891e+03 4.299810000000000151e-47
1.422250000000000000e+03 4.299959999999999798e-47
1.422380000000000109e+03 4.300140000000000152e-47
1.422500000000000000e+03 4.300260000000000064e-47
1.422619999999999891e+03 4.300419999999999947e-47
1.422750000000000000e+03 4.300579999999999829e-47
1.422880000000000109e+03 4.300740000000000198e-47
1.423000000000000000e+03 4.300889999999999845e-47
1.423119999999999891e+03 4.301050000000000214e-47
1.423250000000000000e+03 4.301239999999999832e-47
1.423380000000000109e+03 4.301509999999999877e-47
1.423500000000000000e+03 4.301739999999999952e-47
1.423619999999999891e+03 4.302009999999999997e-47
1.423750000000000000e+03 4.302280000000000042e-47
1.423880000000000109e+03 4.302450000000000160e-47
1.424000000000000000e+03 4.302610000000000043e-47
1.424119999999999891e+03 4.304029999999999975e-47
1.424250000000000000e+03 4.302940000000000044e-47
1.424380000000000109e+03 4.303110000000000163e-47
1.424500000000000000e+03 4.303270000000000046e-47
1.424619999999999891e+03 4.303440000000000164e-47
1.424750000000000000e+03 4.303600000000000047e-47
1.424880000000000109e+03 4.303770000000000165e-47
1.425000000000000000e+03 4.305830000000000114e-47
1.425119999999999891e+03 4.304100000000000166e-47
1.425250000000000000e+03 4.304269999999999799e-47
1.425380000000000109e+03 4.304430000000000168e-47
1.425500000000000000e+03 4.304599999999999800e-47
1.425619999999999891e+03 4.304760000000000169e-47
1.425750000000000000e+03 4.304929999999999801e-47
1.425880000000000109e+03 4.305090000000000170e-47
1.426000000000000000e+03 4.305259999999999802e-47
1.426119999999999891e+03 4.305429999999999921e-47
1.426250000000000000e+03 4.305589999999999804e-47
1.426380000000000109e+03 4.305770000000000158e-47
1.426500000000000000e+03 4.306599999999999793e-47
1.426619999999999891e+03 4.307079999999999927e-47
1.426750000000000000e+03 4.307259999999999795e-47
1.426880000000000109e+03 4.307429999999999914e-47
1.427000000000000000e+03 4.307609999999999782e-47
1.427119999999999891e+03 4.307779999999999900e-47
1.427250000000000000e+03 4.307959999999999768e-47
1.427380000000000109e+03 4.308140000000000122e-47
1.427500000000000000e+03 4.308300000000000005e-47
1.427619999999999891e+03 4.308370000000000197e-47
1.427750000000000000e+03 4.308430000000000153e-47
1.427880000000000109e+03 4.308490000000000109e-47
1.428000000000000000e+03 4.308550000000000065e-47
1.428119999999999891e+03 4.308610000000000021e-47
1.428250000000000000e+03 4.308669999999999977e-47
1.428380000000000109e+03 4.308729999999999933e-47
1.428500000000000000e+03 4.308789999999999889e-47
1.428619999999999891e+03 4.308869999999999831e-47
1.428750000000000000e+03 4.308929999999999787e-47
1.428880000000000109e+03 4.308990000000000229e-47
1.429000000000000000e+03 4.309099999999999905e-47
1.429119999999999891e+03 4.309210000000000068e-47
1.429250000000000000e+03 4.309320000000000230e-47
1.429380000000000109e+03 4.309440000000000142e-47
1.429500000000000000e+03 4.309730000000000173e-47
1.429619999999999891e+03 4.310109999999999894e-47
1.429750000000000000e+03 4.310280000000000013e-47
1.429880000000000109e+03 4.310629999999999999e-47
1.430000000000000000e+03 4.311190000000000075e-47
1.430119999999999891e+03 4.311759999999999900e-47
1.430250000000000000e+03 4.312140000000000108e-47
1.430380000000000109e+03 4.312299999999999991e-47
1.430500000000000000e+03 4.312570000000000036e-47
1.430619999999999891e+03 4.312800000000000110e-47
1.430750000000000000e+03 4.312979999999999978e-47
1.430880000000000109e+03 4.313159999999999846e-47
1.431000000000000000e+03 4.313440000000000127e-47
1.431119999999999891e+03 4.313659999999999966e-47
1.431250000000000000e+03 4.313799999999999863e-47
1.431380000000000109e+03 4.314000000000000203e-47
1.431500000000000000e+03 4.314229999999999791e-47
1.431619999999999891e+03 4.314609999999999999e-47
1.431750000000000000e+03 4.314829999999999838e-47
1.431880000000000109e+03 4.314979999999999971e-47
1.432000000000000000e+03 4.315139999999999854e-47
1.432119999999999891e+03 4.315250000000000016e-47
1.432250000000000000e+03 4.315300000000000223e-47
1.432380000000000109e+03 4.315360000000000179e-47
1.432500000000000000e+03 4.315489999999999840e-47
1.432619999999999891e+03 4.315659999999999959e-47
1.432750000000000000e+03 4.315830000000000077e-47
1.432880000000000109e+03 4.316009999999999945e-47
1.433000000000000000e+03 4.316189999999999813e-47
1.433119999999999891e+03 4.316359999999999932e-47
1.433250000000000000e+03 4.316539999999999800e-47
1.433380000000000109e+03 4.316720000000000154e-47
1.433500000000000000e+03 4.316900000000000022e-47
1.433619999999999891e+03 4.317079999999999890e-47
1.433750000000000000e+03 4.317259999999999758e-47
1.433880000000000109e+03 4.317469999999999848e-47
1.434000000000000000e+03 4.317639999999999966e-47
1.434119999999999891e+03 4.318069999999999894e-47
1.434250000000000000e+03 4.318200000000000042e-47
1.434380000000000109e+03 4.318279999999999983e-47
1.434500000000000000e+03 4.318350000000000175e-47
1.434619999999999891e+03 4.318479999999999837e-47
1.434750000000000000e+03 4.318660000000000191e-47
1.434880000000000109e+03 4.318840000000000059e-47
1.435000000000000000e+03 4.319019999999999927e-47
1.435119999999999891e+03 4.319199999999999795e-47
1.435250000000000000e+03 4.319380000000000149e-47
1.435380000000000109e+03 4.319560000000000017e-47
1.435500000000000000e+03 4.319750000000000121e-47
1.435619999999999891e+03 4.319949999999999975e-47
1.435750000000000000e+03 4.320129999999999843e-47
1.435880000000000109e+03 4.320310000000000197e-47
1.436000000000000000e+03 4.320479999999999829e-47
1.436119999999999891e+03 4.320669999999999933e-47
1.436250000000000000e+03 4.320860000000000037e-47
1.436380000000000109e+03 4.321039999999999905e-47
1.436500000000000000e+03 4.321219999999999773e-47
1.436619999999999891e+03 4.321400000000000127e-47
1.436750000000000000e+03 4.321590000000000231e-47
1.436880000000000109e+03 4.321770000000000099e-47
1.437000000000000000e+03 4.321949999999999967e-47
1.437119999999999891e+03 4.322140000000000071e-47
1.437250000000000000e+03 4.322339999999999924e-47
1.437380000000000109e+03 4.322519999999999793e-47
1.437500000000000000e+03 4.322709999999999896e-47
1.437619999999999891e+03 4.322869999999999779e-47
1.437750000000000000e+03 4.323059999999999883e-47
1.437880000000000109e+03 4.323240000000000237e-47
1.438000000000000000e+03 4.323449999999999840e-47
1.438119999999999891e+03 4.323890000000000004e-47
1.438250000000000000e+03 4.324410000000000109e-47
1.438380000000000109e+03 4.324600000000000213e-47
1.438500000000000000e+03 4.324789999999999830e-47
1.438619999999999891e+03 4.324970000000000185e-47
1.438750000000000000e+03 4.325280000000000201e-47
1.438880000000000109e+03 4.325690000000000143e-47
1.439000000000000000e+03 4.325879999999999761e-47
1.439119999999999891e+03 4.326459999999999822e-47
1.439250000000000000e+03 4.326640000000000176e-47
1.439380000000000109e+03 4.326430000000000087e-47
1.439500000000000000e+03 4.326789999999999823e-47
1.439619999999999891e+03 4.327260000000000208e-47
1.439750000000000000e+03 4.327449999999999826e-47
1.439880000000000109e+03 4.327639999999999929e-47
1.440000000000000000e+03 4.327819999999999797e-47
1.440119999999999891e+03 4.328009999999999901e-47
1.440250000000000000e+03 4.328189999999999769e-47
1.440380000000000109e+03 4.328390000000000109e-47
1.440500000000000000e+03 4.328569999999999977e-47
1.440619999999999891e+03 4.328879999999999993e-47
1.440750000000000000e+03 4.329159999999999788e-47
1.440880000000000109e+03 4.329389999999999862e-47
1.441000000000000000e+03 4.329750000000000084e-47
1.441119999999999891e+03 4.329969999999999923e-47
1.441250000000000000e+03 4.330479999999999793e-47
1.441380000000000109e+03 4.330769999999999823e-47
1.441500000000000000e+03 4.331300000000000164e-47
1.441619999999999891e+03 4.331830000000000018e-47
1.441750000000000000e+03 4.332370000000000109e-47
1.441880000000000109e+03 4.332899999999999964e-47
1.442000000000000000e+03 4.333440000000000054e-47
1.442119999999999891e+03 4.333980000000000144e-47
1.442250000000000000e+03 4.334509999999999999e-47
1.442380000000000109e+03 4.335320000000000135e-47
1.442500000000000000e+03 4.335860000000000225e-47
1.442619999999999891e+03 4.336399999999999829e-47
1.442750000000000000e+03 4.336939999999999919e-47
1.442880000000000109e+03 4.337469999999999774e-47
1.443000000000000000e+03 4.338009999999999865e-47
1.443119999999999891e+03 4.338549999999999955e-47
1.443250000000000000e+03 4.339369999999999840e-47
1.443380000000000109e+03 4.340009999999999857e-47
1.443500000000000000e+03 4.340549999999999948e-47
1.443619999999999891e+03 4.341090000000000038e-47
1.443750000000000000e+03 4.341630000000000128e-47
1.443880000000000109e+03 4.342170000000000219e-47
1.444000000000000000e+03 4.342709999999999823e-47
1.444119999999999891e+03 4.343249999999999913e-47
1.444250000000000000e+03 4.343790000000000004e-47
1.444380000000000109e+03 4.344330000000000094e-47
1.444500000000000000e+03 4.344540000000000183e-47
1.444619999999999891e+03 4.345050000000000053e-47
1.444750000000000000e+03 4.345590000000000143e-47
1.444880000000000109e+03 4.346139999999999983e-47
1.445000000000000000e+03 4.346689999999999823e-47
1.445119999999999891e+03 4.347599999999999885e-47
1.445250000000000000e+03 4.351240000000000134e-47
1.445380000000000109e+03 4.348330000000000079e-47
1.445500000000000000e+03 4.348879999999999919e-47
1.445619999999999891e+03 4.349429999999999759e-47
1.445750000000000000e+03 4.349980000000000086e-47
1.445880000000000109e+03 4.350529999999999926e-47
1.446000000000000000e+03 4.351079999999999765e-47
1.446119999999999891e+03 4.351630000000000092e-47
1.446250000000000000e+03 4.352190000000000167e-47
1.446380000000000109e+03 4.352740000000000007e-47
1.446500000000000000e+03 4.353300000000000083e-47
1.446619999999999891e+03 4.353849999999999923e-47
1.446750000000000000e+03 4.354409999999999999e-47
1.446880000000000109e+03 4.354970000000000075e-47
1.447000000000000000e+03 4.355530000000000150e-47
1.447119999999999891e+03 4.356090000000000226e-47
1.447250000000000000e+03 4.356649999999999816e-47
1.447380000000000109e+03 4.357220000000000127e-47
1.447500000000000000e+03 4.357780000000000203e-47
1.447619999999999891e+03 4.358350000000000028e-47
1.447750000000000000e+03 4.358910000000000104e-47
1.447880000000000109e+03 4.359479999999999929e-47
1.448000000000000000e+03 4.360050000000000241e-47
1.448119999999999891e+03 4.360620000000000066e-47
1.448250000000000000e+03 4.361200000000000127e-47
1.448380000000000109e+03 4.361769999999999952e-47
1.448500000000000000e+03 4.362350000000000013e-47
1.448619999999999891e+03 4.362919999999999839e-47
1.448750000000000000e+03 4.363499999999999900e-47
1.448880000000000109e+03 4.364090000000000197e-47
1.449000000000000000e+03 4.364669999999999771e-47
1.449119999999999891e+03 4.365260000000000068e-47
1.449250000000000000e+03 4.366469999999999911e-47
1.449380000000000109e+03 4.367049999999999972e-47
1.449500000000000000e+03 4.367639999999999782e-47
1.449619999999999891e+03 4.368239999999999829e-47
1.449750000000000000e+03 4.368830000000000126e-47
1.449880000000000109e+03 4.369430000000000172e-47
1.450000000000000000e+03 4.370030000000000219e-47
1.450119999999999891e+03 4.370640000000000015e-47
1.450250000000000000e+03 4.371249999999999811e-47
1.450380000000000109e+03 4.371860000000000093e-47
1.450500000000000000e+03 4.372469999999999889e-47
1.450619999999999891e+03 4.373089999999999920e-47
1.450750000000000000e+03 4.373999999999999983e-47
1.450880000000000109e+03 4.374620000000000015e-47
1.451000000000000000e+03 4.375249999999999796e-47
1.451119999999999891e+03 4.375880000000000063e-47
1.451250000000000000e+03 4.376520000000000080e-47
1.451380000000000109e+03 4.377160000000000098e-47
1.451500000000000000e+03 4.377809999999999864e-47
1.451619999999999891e+03 4.378460000000000117e-47
1.451750000000000000e+03 4.379120000000000120e-47
1.451880000000000109e+03 4.379780000000000122e-47
1.452000000000000000e+03 4.380449999999999874e-47
1.452119999999999891e+03 4.381199999999999567e-47
1.452250000000000000e+03 4.382030000000000174e-47
1.452380000000000109e+03 4.382859999999999809e-47
1.452500000000000000e+03 4.383690000000000416e-47
1.452619999999999891e+03 4.384539999999999550e-47
1.452750000000000000e+03 4.385400000000000378e-47
1.452880000000000109e+03 4.386279999999999733e-47
1.453000000000000000e+03 4.387369999999999664e-47
1.453119999999999891e+03 4.388510000000000287e-47
1.453250000000000000e+03 4.389670000000000409e-47
1.453380000000000109e+03 4.390859999999999780e-47
1.453500000000000000e+03 4.392059999999999873e-47
1.453619999999999891e+03 4.393290000000000187e-47
1.453750000000000000e+03 4.394549999999999749e-47
1.453880000000000109e+03 4.395839999999999533e-47
1.454000000000000000e+03 4.397149999999999788e-47
1.454119999999999891e+03 4.398500000000000014e-47
1.454250000000000000e+03 4.399869999999999739e-47
1.454380000000000109e+03 4.401389999999999598e-47
1.454500000000000000e+03 4.403009999999999869e-47
1.454619999999999891e+03 4.404679999999999860e-47
1.454750000000000000e+03 4.406399999999999572e-47
1.454880000000000109e+03 4.408040000000000315e-47
1.455000000000000000e+03 4.409389999999999568e-47
1.455119999999999891e+03 4.411249999999999664e-47
1.455250000000000000e+03 4.412959999999999626e-47
1.455380000000000109e+03 4.413870000000000174e-47
1.455500000000000000e+03 4.414840000000000193e-47
1.455619999999999891e+03 4.416019999999999814e-47
1.455750000000000000e+03 4.417290000000000098e-47
1.455880000000000109e+03 4.418849999999999927e-47
1.456000000000000000e+03 4.420470000000000199e-47
1.456119999999999891e+03 4.421980000000000307e-47
1.456250000000000000e+03 4.423949999999999593e-47
1.456380000000000109e+03 4.426370000000000250e-47
1.456500000000000000e+03 4.428869999999999876e-47
1.456619999999999891e+03 4.431410000000000445e-47
1.456750000000000000e+03 4.434610000000000045e-47
1.456880000000000109e+03 4.437969999999999527e-47
1.457000000000000000e+03 4.441499999999999613e-47
1.457119999999999891e+03 4.445210000000000054e-47
1.457250000000000000e+03 4.447909999999999534e-47
1.457380000000000109e+03 4.449759999999999880e-47
1.457500000000000000e+03 4.451659999999999946e-47
1.457619999999999891e+03 4.453660000000000424e-47
1.457750000000000000e+03 4.455770000000000093e-47
1.457880000000000109e+03 4.458349999999999661e-47
1.458000000000000000e+03 4.460359999999999889e-47
1.458119999999999891e+03 4.462879999999999987e-47
1.458250000000000000e+03 4.517390000000000144e-47
1.458380000000000109e+03 4.526000000000000397e-47
1.458500000000000000e+03 4.528140000000000287e-47
1.458619999999999891e+03 4.475340000000000092e-47
1.458750000000000000e+03 4.478999999999999840e-47
1.458880000000000109e+03 4.482849999999999692e-47
1.459000000000000000e+03 4.486720000000000016e-47
1.459119999999999891e+03 4.490409999999999986e-47
1.459250000000000000e+03 4.494120000000000427e-47
1.459380000000000109e+03 4.498050000000000220e-47
1.459500000000000000e+03 4.502400000000000192e-47
1.459619999999999891e+03 4.507020000000000209e-47
1.459750000000000000e+03 4.512119999999999874e-47
1.459880000000000109e+03 4.517770000000000352e-47
1.460000000000000000e+03 4.522940000000000209e-47
1.460119999999999891e+03 4.528749999999999597e-47
1.460250000000000000e+03 4.534970000000000386e-47
1.460380000000000109e+03 4.542090000000000029e-47
1.460500000000000000e+03 4.549800000000000455e-47
1.460619999999999891e+03 4.558089999999999970e-47
1.460750000000000000e+03 4.567219999999999842e-47
1.460880000000000109e+03 4.577659999999999969e-47
1.461000000000000000e+03 4.589060000000000365e-47
1.461119999999999891e+03 4.605629999999999645e-47
1.461250000000000000e+03 4.628109999999999699e-47
1.461380000000000109e+03 4.648280000000000230e-47
1.461500000000000000e+03 4.667829999999999757e-47
1.461619999999999891e+03 4.692390000000000231e-47
1.461750000000000000e+03 4.726349999999999649e-47
1.461880000000000109e+03 4.765919999999999574e-47
1.462000000000000000e+03 4.787269999999999727e-47
1.462119999999999891e+03 4.818820000000000182e-47
1.462250000000000000e+03 4.850890000000000257e-47
1.462380000000000109e+03 4.894230000000000093e-47
1.462500000000000000e+03 4.955760000000000452e-47
1.462619999999999891e+03 5.025470000000000165e-47
1.462750000000000000e+03 5.117939999999999726e-47
1.462880000000000109e+03 5.231850000000000102e-47
1.463000000000000000e+03 5.367769999999999662e-47
1.463119999999999891e+03 5.534790000000000249e-47
1.463250000000000000e+03 5.745349999999999554e-47
1.463380000000000109e+03 6.021940000000000296e-47
1.463500000000000000e+03 6.404170000000000426e-47
1.463619999999999891e+03 6.928659999999999844e-47
1.463750000000000000e+03 7.693839999999999577e-47
1.463880000000000109e+03 8.850960000000000346e-47
1.464000000000000000e+03 1.070359999999999988e-46
1.464119999999999891e+03 1.392129999999999995e-46
1.464250000000000000e+03 1.994440000000000037e-46
1.464380000000000109e+03 3.415089999999999938e-46
1.464500000000000000e+03 8.157439999999999917e-46
1.464619999999999891e+03 4.524749999999999845e-45
1.464750000000000000e+03 2.462630000000000235e-44
1.464880000000000109e+03 3.031040000000000072e-45
1.465000000000000000e+03 2.216710000000000103e-45
1.465119999999999891e+03 6.267179999999999580e-45
1.465250000000000000e+03 2.542539999999999791e-44
1.465380000000000109e+03 9.980029999999999552e-46
1.465500000000000000e+03 3.255979999999999824e-46
1.465619999999999891e+03 1.762679999999999935e-46
1.465750000000000000e+03 1.210120000000000039e-46
1.465880000000000109e+03 9.503740000000000783e-47
1.466000000000000000e+03 8.112249999999999930e-47
1.466119999999999891e+03 7.221650000000000234e-47
1.466250000000000000e+03 6.613919999999999595e-47
1.466380000000000109e+03 6.191390000000000318e-47
1.466500000000000000e+03 5.886470000000000163e-47
1.466619999999999891e+03 5.644609999999999977e-47
1.466750000000000000e+03 5.443200000000000043e-47
1.466880000000000109e+03 5.291159999999999658e-47
1.467000000000000000e+03 5.173750000000000389e-47
1.467119999999999891e+03 5.081439999999999738e-47
1.467250000000000000e+03 5.009190000000000429e-47
1.467380000000000109e+03 4.937119999999999529e-47
1.467500000000000000e+03 4.875519999999999950e-47
1.467619999999999891e+03 4.821420000000000221e-47
1.467750000000000000e+03 4.776389999999999922e-47
1.467880000000000109e+03 4.741919999999999662e-47
1.468000000000000000e+03 4.713809999999999603e-47
1.468119999999999891e+03 4.691270000000000079e-47
1.468250000000000000e+03 4.671580000000000169e-47
1.468380000000000109e+03 4.654250000000000473e-47
1.468500000000000000e+03 4.639070000000000417e-47
1.468619999999999891e+03 4.625729999999999985e-47
1.468750000000000000e+03 4.613939999999999632e-47
1.468880000000000109e+03 4.604389999999999582e-47
1.469000000000000000e+03 4.596090000000000317e-47
1.469119999999999891e+03 4.588240000000000480e-47
1.469250000000000000e+03 4.581039999999999923e-47
1.469380000000000109e+03 4.575240000000000284e-47
1.469500000000000000e+03 4.569810000000000132e-47
1.469619999999999891e+03 4.563269999999999577e-47
1.469750000000000000e+03 4.558059999999999749e-47
1.469880000000000109e+03 4.553920000000000353e-47
1.470000000000000000e+03 4.550339999999999573e-47
1.470119999999999891e+03 4.546900000000000150e-47
1.470250000000000000e+03 4.543320000000000343e-47
1.470380000000000109e+03 4.540690000000000083e-47
1.470500000000000000e+03 4.538010000000000102e-47
1.470619999999999891e+03 4.536119999999999786e-47
1.470750000000000000e+03 4.534339999999999632e-47
1.470880000000000109e+03 4.532579999999999950e-47
1.471000000000000000e+03 4.530700000000000355e-47
1.471119999999999891e+03 4.529120000000000055e-47
1.471250000000000000e+03 4.528150000000000037e-47
1.471380000000000109e+03 4.526999999999999664e-47
1.471500000000000000e+03 4.526149999999999558e-47
1.471619999999999891e+03 4.524939999999999715e-47
1.471750000000000000e+03 4.523779999999999593e-47
1.471880000000000109e+03 4.522759999999999855e-47
1.472000000000000000e+03 4.521890000000000249e-47
1.472119999999999891e+03 4.521200000000000026e-47
1.472250000000000000e+03 4.520610000000000215e-47
1.472380000000000109e+03 4.520169999999999565e-47
1.472500000000000000e+03 4.519849999999999800e-47
1.472619999999999891e+03 4.519649999999999946e-47
1.472750000000000000e+03 4.519560000000000255e-47
1.472880000000000109e+03 4.519570000000000005e-47
1.473000000000000000e+03 4.519680000000000167e-47
1.473119999999999891e+03 4.519800000000000079e-47
1.473250000000000000e+03 4.520009999999999682e-47
1.473380000000000109e+03 4.519560000000000255e-47
1.473500000000000000e+03 4.518839999999999811e-47
1.473619999999999891e+03 4.518959999999999723e-47
1.473750000000000000e+03 4.519779999999999608e-47
1.473880000000000109e+03 4.520549999999999773e-47
1.474000000000000000e+03 4.521430000000000100e-47
1.474119999999999891e+03 4.522670000000000164e-47
1.474250000000000000e+03 4.524399999999999625e-47
1.474380000000000109e+03 4.525799999999999571e-47
1.474500000000000000e+03 4.527339999999999901e-47
1.474619999999999891e+03 4.528640000000000407e-47
1.474750000000000000e+03 4.530209999999999985e-47
1.474880000000000109e+03 4.531720000000000094e-47
1.475000000000000000e+03 4.533199999999999982e-47
1.475119999999999891e+03 4.534729999999999589e-47
1.475250000000000000e+03 4.536170000000000479e-47
1.475380000000000109e+03 4.537669999999999866e-47
1.475500000000000000e+03 4.539750000000000286e-47
1.475619999999999891e+03 4.541610000000000381e-47
1.475750000000000000e+03 4.543459999999999754e-47
1.475880000000000109e+03 4.544969999999999863e-47
1.476000000000000000e+03 4.547029999999999812e-47
1.476119999999999891e+03 4.548760000000000245e-47
1.476250000000000000e+03 4.550919999999999635e-47
1.476380000000000109e+03 4.554200000000000148e-47
1.476500000000000000e+03 4.556870000000000378e-47
1.476619999999999891e+03 4.559569999999999858e-47
1.476750000000000000e+03 4.562049999999999985e-47
1.476880000000000109e+03 4.564060000000000213e-47
1.477000000000000000e+03 4.565720000000000455e-47
1.477119999999999891e+03 4.569580000000000057e-47
1.477250000000000000e+03 4.571989999999999992e-47
1.477380000000000109e+03 4.574930000000000268e-47
1.477500000000000000e+03 4.579139999999999857e-47
1.477619999999999891e+03 4.583590000000000241e-47
1.477750000000000000e+03 4.588149999999999816e-47
1.477880000000000109e+03 4.592670000000000393e-47
1.478000000000000000e+03 4.597509999999999762e-47
1.478119999999999891e+03 4.602639999999999649e-47
1.478250000000000000e+03 4.607510000000000212e-47
1.478380000000000109e+03 4.613100000000000247e-47
1.478500000000000000e+03 4.619749999999999992e-47
1.478619999999999891e+03 4.626610000000000312e-47
1.478750000000000000e+03 4.632679999999999996e-47
1.478880000000000109e+03 4.640170000000000097e-47
1.479000000000000000e+03 4.649400000000000381e-47
1.479119999999999891e+03 4.658250000000000458e-47
1.479250000000000000e+03 4.667310000000000138e-47
1.479380000000000109e+03 4.677609999999999882e-47
1.479500000000000000e+03 4.688630000000000070e-47
1.479619999999999891e+03 4.700810000000000380e-47
1.479750000000000000e+03 4.714090000000000370e-47
1.479880000000000109e+03 4.728700000000000115e-47
1.480000000000000000e+03 4.744890000000000160e-47
1.480119999999999891e+03 4.762750000000000196e-47
1.480250000000000000e+03 4.779840000000000068e-47
1.480380000000000109e+03 4.804180000000000217e-47
1.480500000000000000e+03 4.825890000000000105e-47
1.480619999999999891e+03 4.852769999999999851e-47
1.480750000000000000e+03 4.878129999999999738e-47
1.480880000000000109e+03 4.906370000000000432e-47
1.481000000000000000e+03 4.945780000000000475e-47
1.481119999999999891e+03 4.999929999999999923e-47
1.481250000000000000e+03 5.048469999999999837e-47
1.481380000000000109e+03 5.136269999999999661e-47
1.481500000000000000e+03 5.370340000000000452e-47
1.481619999999999891e+03 5.789299999999999672e-47
1.481750000000000000e+03 6.338010000000000299e-47
1.481880000000000109e+03 7.433439999999999853e-47
1.482000000000000000e+03 9.371880000000000679e-47
1.482119999999999891e+03 1.238520000000000032e-46
1.482250000000000000e+03 1.689530000000000022e-46
1.482380000000000109e+03 2.346659999999999848e-46
1.482500000000000000e+03 3.462960000000000100e-46
1.482619999999999891e+03 5.254970000000000076e-46
1.482750000000000000e+03 8.619260000000000297e-46
1.482880000000000109e+03 1.504720000000000095e-45
1.483000000000000000e+03 3.423580000000000045e-45
1.483119999999999891e+03 1.788979999999999986e-44
1.483250000000000000e+03 9.743349999999999439e-44
1.483380000000000109e+03 1.879659999999999962e-44
1.483500000000000000e+03 1.098039999999999949e-44
1.483619999999999891e+03 1.323870000000000090e-44
1.483750000000000000e+03 2.967499999999999973e-44
1.483880000000000109e+03 2.084389999999999838e-43
1.484000000000000000e+03 5.124449999999999802e-44
1.484119999999999891e+03 1.009879999999999938e-44
1.484250000000000000e+03 3.650669999999999982e-45
1.484380000000000109e+03 1.612029999999999942e-45
1.484500000000000000e+03 8.744430000000000103e-46
1.484619999999999891e+03 5.169560000000000299e-46
1.484750000000000000e+03 3.319960000000000090e-46
1.484880000000000109e+03 2.214180000000000101e-46
1.485000000000000000e+03 1.502720000000000083e-46
1.485119999999999891e+03 1.044410000000000096e-46
1.485250000000000000e+03 7.569259999999999972e-47
1.485380000000000109e+03 5.711089999999999869e-47
1.485500000000000000e+03 4.534019999999999867e-47
1.485619999999999891e+03 3.758490000000000184e-47
1.485750000000000000e+03 3.487219999999999918e-47
1.485880000000000109e+03 3.330540000000000017e-47
1.486000000000000000e+03 3.232929999999999848e-47
1.486119999999999891e+03 3.148410000000000052e-47
1.486250000000000000e+03 3.073859999999999997e-47
1.486380000000000109e+03 2.996250000000000241e-47
1.486500000000000000e+03 2.942380000000000101e-47
1.486619999999999891e+03 2.903080000000000221e-47
1.486750000000000000e+03 2.868930000000000212e-47
1.486880000000000109e+03 2.854959999999999999e-47
1.487000000000000000e+03 2.846829999999999880e-47
1.487119999999999891e+03 2.860950000000000227e-47
1.487250000000000000e+03 2.889690000000000068e-47
1.487380000000000109e+03 2.938420000000000086e-47
1.487500000000000000e+03 2.980229999999999828e-47
1.487619999999999891e+03 3.025070000000000023e-47
1.487750000000000000e+03 3.097049999999999773e-47
1.487880000000000109e+03 3.194899999999999767e-47
1.488000000000000000e+03 3.323880000000000037e-47
1.488119999999999891e+03 3.486440000000000004e-47
1.488250000000000000e+03 3.718440000000000124e-47
1.488380000000000109e+03 4.022869999999999908e-47
1.488500000000000000e+03 4.432449999999999683e-47
1.488619999999999891e+03 4.960070000000000454e-47
1.488750000000000000e+03 5.711350000000000165e-47
1.488880000000000109e+03 6.817160000000000375e-47
1.489000000000000000e+03 8.552379999999999921e-47
1.489119999999999891e+03 1.148929999999999916e-46
1.489250000000000000e+03 1.697229999999999920e-46
1.489380000000000109e+03 2.952970000000000069e-46
1.489500000000000000e+03 6.759510000000000089e-46
1.489619999999999891e+03 2.889679999999999988e-45
1.489750000000000000e+03 1.522049999999999907e-44
1.489880000000000109e+03 2.245209999999999965e-45
1.490000000000000000e+03 9.291839999999999252e-46
1.490119999999999891e+03 5.478820000000000310e-44
1.490250000000000000e+03 3.276590000000000033e-46
1.490380000000000109e+03 2.030259999999999940e-46
1.490500000000000000e+03 1.626839999999999929e-46
1.490619999999999891e+03 1.380990000000000090e-46
1.490750000000000000e+03 1.263599999999999930e-46
1.490880000000000109e+03 1.224850000000000085e-46
1.491000000000000000e+03 1.238830000000000048e-46
1.491119999999999891e+03 1.301920000000000042e-46
1.491250000000000000e+03 1.414050000000000071e-46
1.491380000000000109e+03 1.574689999999999986e-46
1.491500000000000000e+03 1.795079999999999914e-46
1.491619999999999891e+03 2.102100000000000182e-46
1.491750000000000000e+03 2.514840000000000168e-46
1.491880000000000109e+03 3.106530000000000118e-46
1.492000000000000000e+03 4.092779999999999863e-46
1.492119999999999891e+03 5.657269999999999741e-46
1.492250000000000000e+03 8.438039999999999810e-46
1.492380000000000109e+03 1.424590000000000027e-45
1.492500000000000000e+03 2.965609999999999906e-45
1.492619999999999891e+03 9.937949999999999746e-45
1.492750000000000000e+03 1.899229999999999887e-43
1.492880000000000109e+03 3.404949999999999914e-44
1.493000000000000000e+03 7.029450000000000503e-45
1.493119999999999891e+03 3.376910000000000092e-45
1.493250000000000000e+03 2.192970000000000059e-45
1.493380000000000109e+03 1.677910000000000079e-45
1.493500000000000000e+03 1.415790000000000098e-45
1.493619999999999891e+03 1.267619999999999998e-45
1.493750000000000000e+03 1.200200000000000075e-45
1.493880000000000109e+03 1.164429999999999971e-45
1.494000000000000000e+03 1.150120000000000065e-45
1.494119999999999891e+03 1.143739999999999977e-45
1.494250000000000000e+03 1.147090000000000059e-45
1.494380000000000109e+03 1.157860000000000012e-45
1.494500000000000000e+03 1.177109999999999973e-45
1.494619999999999891e+03 1.196040000000000013e-45
1.494750000000000000e+03 1.205899999999999923e-45
1.494880000000000109e+03 1.213129999999999923e-45
1.495000000000000000e+03 1.208289999999999932e-45
1.495119999999999891e+03 1.210910000000000053e-45
1.495250000000000000e+03 1.197529999999999922e-45
1.495380000000000109e+03 1.188660000000000074e-45
1.495500000000000000e+03 1.180199999999999954e-45
1.495619999999999891e+03 1.200680000000000035e-45
1.495750000000000000e+03 1.264190000000000052e-45
1.495880000000000109e+03 1.426049999999999949e-45
1.496000000000000000e+03 1.758660000000000101e-45
1.496119999999999891e+03 2.855530000000000310e-45
1.496250000000000000e+03 1.011380000000000009e-44
1.496380000000000109e+03 1.300600000000000079e-43
1.496500000000000000e+03 4.446229999999999793e-45
1.496619999999999891e+03 1.551770000000000100e-45
1.496750000000000000e+03 9.186180000000000753e-46
1.496880000000000109e+03 6.522420000000000247e-46
1.497000000000000000e+03 5.162309999999999633e-46
1.497119999999999891e+03 4.290870000000000091e-46
1.497250000000000000e+03 3.707219999999999888e-46
1.497380000000000109e+03 3.300749999999999828e-46
1.497500000000000000e+03 3.008399999999999941e-46
1.497619999999999891e+03 2.803519999999999974e-46
1.497750000000000000e+03 2.678129999999999843e-46
1.497880000000000109e+03 2.587990000000000082e-46
1.498000000000000000e+03 2.516069999999999899e-46
1.498119999999999891e+03 2.483990000000000075e-46
1.498250000000000000e+03 2.497330000000000118e-46
1.498380000000000109e+03 2.579910000000000170e-46
1.498500000000000000e+03 2.681340000000000165e-46
1.498619999999999891e+03 2.896790000000000115e-46
1.498750000000000000e+03 3.360900000000000129e-46
1.498880000000000109e+03 4.311120000000000369e-46
1.499000000000000000e+03 6.970000000000000174e-46
1.499119999999999891e+03 1.762730000000000045e-45
1.499250000000000000e+03 1.006959999999999970e-44
1.499380000000000109e+03 3.927429999999999889e-45
1.499500000000000000e+03 9.237700000000000331e-46
1.499619999999999891e+03 4.397989999999999756e-46
1.499750000000000000e+03 2.926480000000000086e-46
1.499880000000000109e+03 2.226680000000000176e-46
1.500000000000000000e+03 1.860699999999999950e-46
1.500119999999999891e+03 1.655320000000000057e-46
1.500250000000000000e+03 1.549900000000000021e-46
1.500380000000000109e+03 1.484559999999999975e-46
1.500500000000000000e+03 1.481320000000000016e-46
1.500619999999999891e+03 1.544069999999999967e-46
1.500750000000000000e+03 1.733080000000000044e-46
1.500880000000000109e+03 2.271250000000000132e-46
1.501000000000000000e+03 4.056120000000000382e-46
1.501119999999999891e+03 1.784999999999999912e-45
1.501250000000000000e+03 1.118859999999999963e-44
1.501380000000000109e+03 5.972189999999999761e-46
1.501500000000000000e+03 2.316689999999999887e-46
1.501619999999999891e+03 1.472429999999999968e-46
1.501750000000000000e+03 1.138769999999999973e-46
1.501880000000000109e+03 9.696230000000000448e-47
1.502000000000000000e+03 8.702109999999999811e-47
1.502119999999999891e+03 8.035120000000000308e-47
1.502250000000000000e+03 7.553459999999999884e-47
1.502380000000000109e+03 7.208499999999999906e-47
1.502500000000000000e+03 6.929650000000000334e-47
1.502619999999999891e+03 6.685819999999999890e-47
1.502750000000000000e+03 6.489010000000000474e-47
1.502880000000000109e+03 6.321919999999999695e-47
1.503000000000000000e+03 6.180349999999999658e-47
1.503119999999999891e+03 6.054149999999999781e-47
1.503250000000000000e+03 5.943620000000000330e-47
1.503380000000000109e+03 5.838750000000000135e-47
1.503500000000000000e+03 5.750349999999999778e-47
1.503619999999999891e+03 5.667609999999999650e-47
1.503750000000000000e+03 5.589839999999999524e-47
1.503880000000000109e+03 5.517909999999999981e-47
1.504000000000000000e+03 5.452949999999999947e-47
1.504119999999999891e+03 5.393180000000000242e-47
1.504250000000000000e+03 5.337479999999999741e-47
1.504380000000000109e+03 5.284819999999999930e-47
1.504500000000000000e+03 5.233440000000000152e-47
1.504619999999999891e+03 5.192520000000000001e-47
1.504750000000000000e+03 5.156330000000000030e-47
1.504880000000000109e+03 5.119790000000000071e-47
1.505000000000000000e+03 5.090320000000000036e-47
1.505119999999999891e+03 5.066470000000000257e-47
1.505250000000000000e+03 5.045089999999999884e-47
1.505380000000000109e+03 5.027929999999999820e-47
1.505500000000000000e+03 5.009360000000000061e-47
1.505619999999999891e+03 4.992709999999999867e-47
1.505750000000000000e+03 4.988009999999999909e-47
1.505880000000000109e+03 4.985660000000000416e-47
1.506000000000000000e+03 4.978100000000000122e-47
1.506119999999999891e+03 4.968540000000000323e-47
1.506250000000000000e+03 4.969729999999999694e-47
1.506380000000000109e+03 4.980110000000000351e-47
1.506500000000000000e+03 4.983579999999999995e-47
1.506619999999999891e+03 4.985369999999999899e-47
1.506750000000000000e+03 4.999330000000000363e-47
1.506880000000000109e+03 5.014459999999999726e-47
1.507000000000000000e+03 5.030059999999999961e-47
1.507119999999999891e+03 5.047159999999999582e-47
1.507250000000000000e+03 5.064840000000000237e-47
1.507380000000000109e+03 5.087139999999999936e-47
1.507500000000000000e+03 5.109380000000000166e-47
1.507619999999999891e+03 5.146159999999999948e-47
1.507750000000000000e+03 5.178699999999999921e-47
1.507880000000000109e+03 5.209100000000000004e-47
1.508000000000000000e+03 5.247060000000000379e-47
1.508119999999999891e+03 5.290120000000000421e-47
1.508250000000000000e+03 5.333960000000000376e-47
1.508380000000000109e+03 5.397410000000000301e-47
1.508500000000000000e+03 5.460959999999999667e-47
1.508619999999999891e+03 5.534919999999999911e-47
1.508750000000000000e+03 5.614139999999999703e-47
1.508880000000000109e+03 5.699890000000000299e-47
1.509000000000000000e+03 5.797150000000000482e-47
1.509119999999999891e+03 5.911909999999999992e-47
1.509250000000000000e+03 6.052270000000000187e-47
1.509380000000000109e+03 6.226920000000000287e-47
1.509500000000000000e+03 6.450049999999999859e-47
1.509619999999999891e+03 6.916340000000000123e-47
1.509750000000000000e+03 7.574560000000000463e-47
1.509880000000000109e+03 8.944279999999999041e-47
1.510000000000000000e+03 1.211580000000000039e-46
1.510119999999999891e+03 1.877329999999999867e-46
1.510250000000000000e+03 3.632250000000000045e-46
1.510380000000000109e+03 1.224740000000000000e-45
1.510500000000000000e+03 6.087170000000000351e-44
1.510619999999999891e+03 5.275880000000000240e-45
1.510750000000000000e+03 2.093320000000000048e-44
1.510880000000000109e+03 8.502589999999999921e-44
1.511000000000000000e+03 2.667239999999999862e-45
1.511119999999999891e+03 1.617099999999999891e-45
1.511250000000000000e+03 1.899899999999999923e-45
1.511380000000000109e+03 2.450910000000000089e-45
1.511500000000000000e+03 3.106170000000000109e-45
1.511619999999999891e+03 3.861160000000000067e-45
1.511750000000000000e+03 4.885489999999999750e-45
1.511880000000000109e+03 5.826869999999999585e-45
1.512000000000000000e+03 6.944569999999999939e-45
1.512119999999999891e+03 7.665290000000000268e-45
1.512250000000000000e+03 8.172749999999999518e-45
1.512380000000000109e+03 8.545190000000000552e-45
1.512500000000000000e+03 9.096939999999999379e-45
1.512619999999999891e+03 6.751720000000000110e-45
1.512750000000000000e+03 5.003920000000000237e-45
1.512880000000000109e+03 3.651630000000000212e-45
1.513000000000000000e+03 2.555209999999999974e-45
1.513119999999999891e+03 1.679700000000000021e-45
1.513250000000000000e+03 1.087300000000000077e-45
1.513380000000000109e+03 6.726869999999999897e-46
1.513500000000000000e+03 4.303660000000000100e-46
1.513619999999999891e+03 2.711639999999999835e-46
1.513750000000000000e+03 1.740469999999999927e-46
1.513880000000000109e+03 1.153409999999999939e-46
1.514000000000000000e+03 8.141360000000000229e-47
1.514119999999999891e+03 6.317230000000000458e-47
1.514250000000000000e+03 5.175820000000000087e-47
1.514380000000000109e+03 4.608029999999999831e-47
1.514500000000000000e+03 4.485789999999999968e-47
1.514619999999999891e+03 4.427410000000000460e-47
1.514750000000000000e+03 4.425139999999999936e-47
1.514880000000000109e+03 4.423350000000000032e-47
1.515000000000000000e+03 4.421120000000000451e-47
1.515119999999999891e+03 4.419230000000000135e-47
1.515250000000000000e+03 4.418020000000000293e-47
1.515380000000000109e+03 4.416630000000000096e-47
1.515500000000000000e+03 4.415049999999999796e-47
1.515619999999999891e+03 4.413499999999999716e-47
1.515750000000000000e+03 4.412019999999999829e-47
1.515880000000000109e+03 4.410770000000000015e-47
1.516000000000000000e+03 4.405379999999999833e-47
1.516119999999999891e+03 4.403759999999999562e-47
1.516250000000000000e+03 4.402199999999999733e-47
1.516380000000000109e+03 4.400700000000000347e-47
1.516500000000000000e+03 4.399780000000000049e-47
1.516619999999999891e+03 4.402840000000000237e-47
1.516750000000000000e+03 4.397450000000000055e-47
1.516880000000000109e+03 4.397609999999999937e-47
1.517000000000000000e+03 4.397860000000000483e-47
1.517119999999999891e+03 4.398859999999999750e-47
1.517250000000000000e+03 4.398420000000000073e-47
1.517380000000000109e+03 4.398110000000000057e-47
1.517500000000000000e+03 4.398260000000000190e-47
1.517619999999999891e+03 4.398110000000000057e-47
1.517750000000000000e+03 4.397569999999999967e-47
1.517880000000000109e+03 4.397010000000000377e-47
1.518000000000000000e+03 4.396480000000000036e-47
1.518119999999999891e+03 4.395979999999999917e-47
1.518250000000000000e+03 4.395519999999999768e-47
1.518380000000000109e+03 4.395080000000000090e-47
1.518500000000000000e+03 4.394669999999999661e-47
1.518619999999999891e+03 4.394300000000000176e-47
1.518750000000000000e+03 4.393950000000000189e-47
1.518880000000000109e+03 4.394089999999999600e-47
1.519000000000000000e+03 4.393840000000000027e-47
1.519119999999999891e+03 4.393649999999999923e-47
1.519250000000000000e+03 4.394190000000000013e-47
1.519380000000000109e+03 4.393250000000000216e-47
1.519500000000000000e+03 4.393109999999999832e-47
1.519619999999999891e+03 4.392989999999999920e-47
1.519750000000000000e+03 4.390349999999999911e-47
1.519880000000000109e+03 4.389240000000000481e-47
1.520000000000000000e+03 4.386619999999999970e-47
1.520119999999999891e+03 4.383580000000000254e-47
1.520250000000000000e+03 4.380569999999999786e-47
1.520380000000000109e+03 4.377610000000000011e-47
1.520500000000000000e+03 4.374819999999999868e-47
1.520619999999999891e+03 4.372190000000000094e-47
1.520750000000000000e+03 4.370950000000000030e-47
1.520880000000000109e+03 4.370750000000000177e-47
1.521000000000000000e+03 4.370609999999999793e-47
1.521119999999999891e+03 4.370509999999999867e-47
1.521250000000000000e+03 4.370159999999999880e-47
1.521380000000000109e+03 4.366660000000000015e-47
1.521500000000000000e+03 4.363929999999999828e-47
1.521619999999999891e+03 4.361880000000000115e-47
1.521750000000000000e+03 4.360700000000000007e-47
1.521880000000000109e+03 4.360489999999999918e-47
1.522000000000000000e+03 4.360310000000000050e-47
1.522119999999999891e+03 4.360150000000000167e-47
1.522250000000000000e+03 4.360000000000000034e-47
1.522380000000000109e+03 4.359880000000000122e-47
1.522500000000000000e+03 4.359840000000000151e-47
1.522619999999999891e+03 4.360050000000000241e-47
1.522750000000000000e+03 4.360279999999999829e-47
1.522880000000000109e+03 4.360549999999999874e-47
1.523000000000000000e+03 4.360549999999999874e-47
1.523119999999999891e+03 4.359280000000000076e-47
1.523250000000000000e+03 4.358819999999999927e-47
1.523380000000000109e+03 4.359180000000000149e-47
1.523500000000000000e+03 4.359579999999999856e-47
1.523619999999999891e+03 4.360009999999999784e-47
1.523750000000000000e+03 4.360469999999999933e-47
1.523880000000000109e+03 4.360959999999999817e-47
1.524000000000000000e+03 4.361479999999999922e-47
1.524119999999999891e+03 4.362029999999999762e-47
1.524250000000000000e+03 4.362609999999999823e-47
1.524380000000000109e+03 4.363220000000000105e-47
1.524500000000000000e+03 4.363860000000000122e-47
1.524619999999999891e+03 4.364529999999999874e-47
1.524750000000000000e+03 4.365220000000000098e-47
1.524880000000000109e+03 4.365949999999999806e-47
1.525000000000000000e+03 4.366699999999999985e-47
1.525119999999999891e+03 4.367479999999999900e-47
1.525250000000000000e+03 4.368290000000000035e-47
1.525380000000000109e+03 4.368890000000000082e-47
1.525500000000000000e+03 4.368569999999999830e-47
1.525619999999999891e+03 4.370890000000000074e-47
1.525750000000000000e+03 4.371820000000000122e-47
1.525880000000000109e+03 4.372759999999999919e-47
1.526000000000000000e+03 4.373749999999999923e-47
1.526119999999999891e+03 4.376819999999999861e-47
1.526250000000000000e+03 4.382690000000000177e-47
1.526380000000000109e+03 4.382730000000000148e-47
1.526500000000000000e+03 4.383989999999999710e-47
1.526619999999999891e+03 4.387979999999999946e-47
1.526750000000000000e+03 4.390190000000000028e-47
1.526880000000000109e+03 4.394469999999999808e-47
1.527000000000000000e+03 4.400109999999999564e-47
1.527119999999999891e+03 4.406420000000000044e-47
1.527250000000000000e+03 4.411730000000000284e-47
1.527380000000000109e+03 4.418830000000000428e-47
1.527500000000000000e+03 4.424289999999999830e-47
1.527619999999999891e+03 4.425520000000000144e-47
1.527750000000000000e+03 4.432660000000000258e-47
1.527880000000000109e+03 4.437109999999999671e-47
1.528000000000000000e+03 4.439549999999999827e-47
1.528119999999999891e+03 4.441090000000000157e-47
1.528250000000000000e+03 4.443580000000000034e-47
1.528380000000000109e+03 4.445590000000000262e-47
1.528500000000000000e+03 4.446739999999999662e-47
1.528619999999999891e+03 4.450220000000000029e-47
1.528750000000000000e+03 4.452540000000000273e-47
1.528880000000000109e+03 4.453959999999999718e-47
1.529000000000000000e+03 4.456529999999999536e-47
1.529119999999999891e+03 4.460369999999999639e-47
1.529250000000000000e+03 4.461379999999999628e-47
1.529380000000000109e+03 4.462889999999999737e-47
1.529500000000000000e+03 4.462699999999999633e-47
1.529619999999999891e+03 4.464049999999999859e-47
1.529750000000000000e+03 4.465019999999999877e-47
1.529880000000000109e+03 4.466290000000000162e-47
1.530000000000000000e+03 4.468460000000000273e-47
1.530119999999999891e+03 4.470010000000000352e-47
1.530250000000000000e+03 4.470649999999999883e-47
1.530380000000000109e+03 4.472180000000000463e-47
1.530500000000000000e+03 4.473090000000000039e-47
1.530619999999999891e+03 4.475490000000000225e-47
1.530750000000000000e+03 4.477150000000000467e-47
1.530880000000000109e+03 4.478820000000000458e-47
1.531000000000000000e+03 4.480549999999999920e-47
1.531119999999999891e+03 4.482379999999999794e-47
1.531250000000000000e+03 4.483880000000000153e-47
1.531380000000000109e+03 4.485590000000000115e-47
1.531500000000000000e+03 4.486060000000000014e-47
1.531619999999999891e+03 4.488110000000000213e-47
1.531750000000000000e+03 4.490170000000000161e-47
1.531880000000000109e+03 4.492260000000000331e-47
1.532000000000000000e+03 4.494149999999999675e-47
1.532119999999999891e+03 4.496100000000000434e-47
1.532250000000000000e+03 4.497989999999999778e-47
1.532380000000000109e+03 4.499809999999999902e-47
1.532500000000000000e+03 4.500859999999999862e-47
1.532619999999999891e+03 4.499610000000000049e-47
1.532750000000000000e+03 4.501320000000000011e-47
1.532880000000000109e+03 4.502929999999999560e-47
1.533000000000000000e+03 4.503250000000000298e-47
1.533119999999999891e+03 4.502590000000000296e-47
1.533250000000000000e+03 4.505860000000000087e-47
1.533380000000000109e+03 4.511549999999999563e-47
1.533500000000000000e+03 4.516779999999999862e-47
1.533619999999999891e+03 4.518740000000000370e-47
1.533750000000000000e+03 4.520699999999999906e-47
1.533880000000000109e+03 4.523609999999999961e-47
1.534000000000000000e+03 4.525540000000000248e-47
1.534119999999999891e+03 4.527760000000000079e-47
1.534250000000000000e+03 4.530029999999999631e-47
1.534380000000000109e+03 4.532119999999999801e-47
1.534500000000000000e+03 4.534019999999999867e-47
1.534619999999999891e+03 4.535950000000000154e-47
1.534750000000000000e+03 4.537880000000000441e-47
1.534880000000000109e+03 4.539839999999999977e-47
1.535000000000000000e+03 4.540920000000000157e-47
1.535119999999999891e+03 4.543109999999999768e-47
1.535250000000000000e+03 4.545570000000000396e-47
1.535380000000000109e+03 4.547720000000000035e-47
1.535500000000000000e+03 4.549719999999999542e-47
1.535619999999999891e+03 4.551729999999999770e-47
1.535750000000000000e+03 4.553749999999999748e-47
1.535880000000000109e+03 4.555790000000000198e-47
1.536000000000000000e+03 4.557920000000000338e-47
1.536119999999999891e+03 4.560100000000000199e-47
1.536250000000000000e+03 4.562280000000000060e-47
1.536380000000000109e+03 4.564669999999999523e-47
1.536500000000000000e+03 4.567010000000000239e-47
1.536619999999999891e+03 4.569159999999999879e-47
1.536750000000000000e+03 4.572060000000000184e-47
1.536880000000000109e+03 4.576520000000000318e-47
1.537000000000000000e+03 4.580250000000000259e-47
1.537119999999999891e+03 4.584530000000000039e-47
1.537250000000000000e+03 4.586679999999999678e-47
1.537380000000000109e+03 4.587019999999999915e-47
1.537500000000000000e+03 4.587040000000000387e-47
1.537619999999999891e+03 4.588189999999999787e-47
1.537750000000000000e+03 4.590479999999999810e-47
1.537880000000000109e+03 4.592910000000000217e-47
1.538000000000000000e+03 4.594009999999999897e-47
1.538119999999999891e+03 4.596259999999999949e-47
1.538250000000000000e+03 4.598530000000000473e-47
1.538380000000000109e+03 4.601239999999999703e-47
1.538500000000000000e+03 4.603930000000000405e-47
1.538619999999999891e+03 4.605579999999999925e-47
1.538750000000000000e+03 4.607919999999999668e-47
1.538880000000000109e+03 4.610300000000000355e-47
1.539000000000000000e+03 4.612760000000000010e-47
1.539119999999999891e+03 4.615839999999999698e-47
1.539250000000000000e+03 4.618920000000000357e-47
1.539380000000000109e+03 4.622019999999999544e-47
1.539500000000000000e+03 4.625140000000000174e-47
1.539619999999999891e+03 4.628290000000000053e-47
1.539750000000000000e+03 4.631460000000000404e-47
1.539880000000000109e+03 4.635219999999999592e-47
1.540000000000000000e+03 4.639620000000000257e-47
1.540119999999999891e+03 4.643139999999999622e-47
1.540250000000000000e+03 4.646140000000000340e-47
1.540380000000000109e+03 4.649239999999999526e-47
1.540500000000000000e+03 4.653739999999999631e-47
1.540619999999999891e+03 4.656120000000000318e-47
1.540750000000000000e+03 4.657900000000000472e-47
1.540880000000000109e+03 4.660900000000000218e-47
1.541000000000000000e+03 4.664280000000000171e-47
1.541119999999999891e+03 4.667669999999999874e-47
1.541250000000000000e+03 4.669959999999999898e-47
1.541380000000000109e+03 4.671920000000000406e-47
1.541500000000000000e+03 4.674250000000000400e-47
1.541619999999999891e+03 4.676080000000000274e-47
1.541750000000000000e+03 4.678250000000000385e-47
1.541880000000000109e+03 4.681090000000000248e-47
1.542000000000000000e+03 4.684129999999999965e-47
1.542119999999999891e+03 4.686790000000000446e-47
1.542250000000000000e+03 4.689090000000000219e-47
1.542380000000000109e+03 4.691220000000000359e-47
1.542500000000000000e+03 4.692700000000000247e-47
1.542619999999999891e+03 4.694189999999999884e-47
1.542750000000000000e+03 4.697390000000000456e-47
1.542880000000000109e+03 4.698990000000000255e-47
1.543000000000000000e+03 4.702010000000000473e-47
1.543119999999999891e+03 4.704690000000000453e-47
1.543250000000000000e+03 4.706440000000000386e-47
1.543380000000000109e+03 4.707979999999999743e-47
1.543500000000000000e+03 4.709620000000000486e-47
1.543619999999999891e+03 4.711690000000000184e-47
1.543750000000000000e+03 4.713600000000000000e-47
1.543880000000000109e+03 4.715420000000000124e-47
1.544000000000000000e+03 4.717240000000000249e-47
1.544119999999999891e+03 4.719209999999999534e-47
1.544250000000000000e+03 4.721200000000000264e-47
1.544380000000000109e+03 4.723220000000000242e-47
1.544500000000000000e+03 4.724549999999999996e-47
1.544619999999999891e+03 4.725900000000000222e-47
1.544750000000000000e+03 4.727500000000000022e-47
1.544880000000000109e+03 4.728829999999999776e-47
1.545000000000000000e+03 4.730900000000000447e-47
1.545119999999999891e+03 4.734510000000000475e-47
1.545250000000000000e+03 4.735859999999999728e-47
1.545380000000000109e+03 4.738130000000000252e-47
1.545500000000000000e+03 4.740850000000000204e-47
1.545619999999999891e+03 4.743260000000000139e-47
1.545750000000000000e+03 4.745280000000000117e-47
1.545880000000000109e+03 4.746900000000000388e-47
1.546000000000000000e+03 4.748209999999999671e-47
1.546119999999999891e+03 4.749850000000000414e-47
1.546250000000000000e+03 4.751840000000000171e-47
1.546380000000000109e+03 4.753660000000000295e-47
1.546500000000000000e+03 4.756209999999999642e-47
1.546619999999999891e+03 4.757850000000000384e-47
1.546750000000000000e+03 4.759690000000000008e-47
1.546880000000000109e+03 4.760690000000000247e-47
1.547000000000000000e+03 4.761679999999999765e-47
1.547119999999999891e+03 4.762670000000000255e-47
1.547250000000000000e+03 4.763939999999999567e-47
1.547380000000000109e+03 4.765709999999999971e-47
1.547500000000000000e+03 4.766710000000000211e-47
1.547619999999999891e+03 4.767710000000000450e-47
1.547750000000000000e+03 4.769219999999999587e-47
1.547880000000000109e+03 4.771239999999999565e-47
1.548000000000000000e+03 4.773240000000000043e-47
1.548119999999999891e+03 4.774729999999999681e-47
1.548250000000000000e+03 4.776380000000000173e-47
1.548380000000000109e+03 4.778179999999999826e-47
1.548500000000000000e+03 4.779990000000000201e-47
1.548619999999999891e+03 4.781860000000000046e-47
1.548750000000000000e+03 4.783800000000000082e-47
1.548880000000000109e+03 4.785190000000000279e-47
1.549000000000000000e+03 4.786639999999999946e-47
1.549119999999999891e+03 4.787990000000000172e-47
1.549250000000000000e+03 4.789139999999999572e-47
1.549380000000000109e+03 4.790900000000000226e-47
1.549500000000000000e+03 4.792880000000000234e-47
1.549619999999999891e+03 4.794909999999999961e-47
1.549750000000000000e+03 4.796709999999999614e-47
1.549880000000000109e+03 4.798040000000000341e-47
1.550000000000000000e+03 4.798790000000000035e-47
1.550119999999999891e+03 4.800539999999999967e-47
1.550250000000000000e+03 4.800810000000000013e-47
1.550380000000000109e+03 4.801880000000000444e-47
1.550500000000000000e+03 4.801089999999999807e-47
1.550619999999999891e+03 4.804020000000000334e-47
1.550750000000000000e+03 4.805540000000000192e-47
1.550880000000000109e+03 4.805140000000000485e-47
1.551000000000000000e+03 4.806820000000000226e-47
1.551119999999999891e+03 4.808499999999999967e-47
1.551250000000000000e+03 4.810179999999999708e-47
1.551380000000000109e+03 4.811860000000000422e-47
1.551500000000000000e+03 4.813549999999999912e-47
1.551619999999999891e+03 4.815229999999999653e-47
1.551750000000000000e+03 4.816920000000000116e-47
1.551880000000000109e+03 4.818609999999999607e-47
1.552000000000000000e+03 4.820309999999999819e-47
1.552119999999999891e+03 4.822000000000000282e-47
1.552250000000000000e+03 4.823699999999999523e-47
1.552380000000000109e+03 4.825399999999999735e-47
1.552500000000000000e+03 4.827080000000000449e-47
1.552619999999999891e+03 4.828279999999999569e-47
1.552750000000000000e+03 4.829549999999999854e-47
1.552880000000000109e+03 4.831259999999999816e-47
1.553000000000000000e+03 4.832960000000000028e-47
1.553119999999999891e+03 4.834669999999999990e-47
1.553250000000000000e+03 4.836389999999999702e-47
1.553380000000000109e+03 4.838099999999999664e-47
1.553500000000000000e+03 4.839820000000000348e-47
1.553619999999999891e+03 4.841540000000000060e-47
1.553750000000000000e+03 4.843259999999999772e-47
1.553880000000000109e+03 4.844980000000000456e-47
1.554000000000000000e+03 4.846709999999999917e-47
1.554119999999999891e+03 4.848440000000000351e-47
1.554250000000000000e+03 4.846799999999999608e-47
1.554380000000000109e+03 4.848509999999999570e-47
1.554500000000000000e+03 4.850230000000000254e-47
1.554619999999999891e+03 4.851940000000000216e-47
1.554750000000000000e+03 4.853659999999999928e-47
1.554880000000000109e+03 4.854500000000000285e-47
1.555000000000000000e+03 4.854709999999999888e-47
1.555119999999999891e+03 4.855010000000000154e-47
1.555250000000000000e+03 4.856750000000000337e-47
1.555380000000000109e+03 4.858479999999999798e-47
1.555500000000000000e+03 4.860219999999999982e-47
1.555619999999999891e+03 4.861969999999999914e-47
1.555750000000000000e+03 4.863710000000000098e-47
1.555880000000000109e+03 4.865460000000000030e-47
1.556000000000000000e+03 4.867209999999999963e-47
1.556119999999999891e+03 4.868940000000000397e-47
1.556250000000000000e+03 4.870220000000000431e-47
1.556380000000000109e+03 4.871329999999999861e-47
1.556500000000000000e+03 4.873020000000000324e-47
1.556619999999999891e+03 4.874709999999999814e-47
1.556750000000000000e+03 4.874899999999999918e-47
1.556880000000000109e+03 4.875069999999999550e-47
1.557000000000000000e+03 4.876079999999999539e-47
1.557119999999999891e+03 4.877309999999999853e-47
1.557250000000000000e+03 4.877650000000000090e-47
1.557380000000000109e+03 4.878220000000000402e-47
1.557500000000000000e+03 4.879369999999999802e-47
1.557619999999999891e+03 4.880720000000000028e-47
1.557750000000000000e+03 4.882819999999999947e-47
1.557880000000000109e+03 4.885180000000000162e-47
1.558000000000000000e+03 4.887749999999999980e-47
1.558119999999999891e+03 4.890030000000000254e-47
1.558250000000000000e+03 4.892430000000000439e-47
1.558380000000000109e+03 4.894869999999999623e-47
1.558500000000000000e+03 4.897309999999999780e-47
1.558619999999999891e+03 4.899599999999999803e-47
1.558750000000000000e+03 4.900689999999999733e-47
1.558880000000000109e+03 4.902169999999999621e-47
1.559000000000000000e+03 4.903869999999999834e-47
1.559119999999999891e+03 4.905570000000000046e-47
1.559250000000000000e+03 4.907270000000000259e-47
1.559380000000000109e+03 4.908970000000000471e-47
1.559500000000000000e+03 4.910680000000000433e-47
1.559619999999999891e+03 4.912390000000000395e-47
1.559750000000000000e+03 4.914100000000000357e-47
1.559880000000000109e+03 4.915810000000000320e-47
1.560000000000000000e+03 4.917520000000000282e-47
1.560119999999999891e+03 4.919239999999999993e-47
1.560250000000000000e+03 4.920959999999999705e-47
1.560380000000000109e+03 4.922680000000000389e-47
1.560500000000000000e+03 4.924409999999999850e-47
1.560619999999999891e+03 4.926140000000000284e-47
1.560750000000000000e+03 4.927869999999999745e-47
1.560880000000000109e+03 4.928839999999999764e-47
1.561000000000000000e+03 4.929590000000000429e-47
1.561119999999999891e+03 4.930330000000000373e-47
1.561250000000000000e+03 4.931080000000000067e-47
1.561380000000000109e+03 4.931810000000000261e-47
1.561500000000000000e+03 4.931700000000000098e-47
1.561619999999999891e+03 4.931899999999999952e-47
1.561750000000000000e+03 4.933529999999999973e-47
1.561880000000000109e+03 4.935159999999999993e-47
1.562000000000000000e+03 4.936080000000000291e-47
1.562119999999999891e+03 4.937079999999999558e-47
1.562250000000000000e+03 4.940069999999999555e-47
1.562380000000000109e+03 4.941720000000000047e-47
1.562500000000000000e+03 4.942070000000000034e-47
1.562619999999999891e+03 4.943709999999999804e-47
1.562750000000000000e+03 4.945360000000000296e-47
1.562880000000000109e+03 4.947009999999999816e-47
1.563000000000000000e+03 4.948660000000000308e-47
1.563119999999999891e+03 4.950309999999999828e-47
1.563250000000000000e+03 4.951960000000000321e-47
1.563380000000000109e+03 4.953619999999999590e-47
1.563500000000000000e+03 4.955279999999999832e-47
1.563619999999999891e+03 4.956940000000000074e-47
1.563750000000000000e+03 4.958610000000000065e-47
1.563880000000000109e+03 4.959629999999999804e-47
1.564000000000000000e+03 4.960850000000000368e-47
1.564119999999999891e+03 4.960860000000000118e-47
1.564250000000000000e+03 4.961360000000000237e-47
1.564380000000000109e+03 4.961659999999999531e-47
1.564500000000000000e+03 4.962239999999999592e-47
1.564619999999999891e+03 4.963089999999999699e-47
1.564750000000000000e+03 4.964719999999999719e-47
1.564880000000000109e+03 4.965379999999999722e-47
1.565000000000000000e+03 4.965900000000000313e-47
1.565119999999999891e+03 4.967460000000000142e-47
1.565250000000000000e+03 4.968669999999999985e-47
1.565380000000000109e+03 4.969130000000000134e-47
1.565500000000000000e+03 4.969670000000000224e-47
1.565619999999999891e+03 4.971239999999999802e-47
1.565750000000000000e+03 4.973210000000000060e-47
1.565880000000000109e+03 4.972909999999999794e-47
1.566000000000000000e+03 4.972359999999999954e-47
1.566119999999999891e+03 4.973729999999999679e-47
1.566250000000000000e+03 4.974969999999999743e-47
1.566380000000000109e+03 4.977010000000000192e-47
1.566500000000000000e+03 4.977609999999999752e-47
1.566619999999999891e+03 4.978320000000000447e-47
1.566750000000000000e+03 4.981310000000000444e-47
1.566880000000000109e+03 4.982560000000000257e-47
1.567000000000000000e+03 4.982600000000000228e-47
1.567119999999999891e+03 4.982060000000000137e-47
1.567250000000000000e+03 4.982779999999999609e-47
1.567380000000000109e+03 4.983490000000000304e-47
1.567500000000000000e+03 4.984190000000000278e-47
1.567619999999999891e+03 4.984869999999999779e-47
1.567750000000000000e+03 4.985539999999999531e-47
1.567880000000000109e+03 4.986600000000000213e-47
1.568000000000000000e+03 4.987829999999999554e-47
1.568119999999999891e+03 4.990550000000000478e-47
1.568250000000000000e+03 4.993559999999999973e-47
1.568380000000000109e+03 4.996570000000000441e-47
1.568500000000000000e+03 4.999210000000000451e-47
1.568619999999999891e+03 4.999610000000000158e-47
1.568750000000000000e+03 4.998659999999999639e-47
1.568880000000000109e+03 4.997710000000000092e-47
1.569000000000000000e+03 4.996759999999999573e-47
1.569119999999999891e+03 4.995819999999999775e-47
1.569250000000000000e+03 4.997649999999999650e-47
1.569380000000000109e+03 4.999840000000000232e-47
1.569500000000000000e+03 5.002039999999999592e-47
1.569619999999999891e+03 5.001400000000000061e-47
1.569750000000000000e+03 5.002729999999999816e-47
1.569880000000000109e+03 5.004890000000000177e-47
1.570000000000000000e+03 5.007039999999999817e-47
1.570119999999999891e+03 5.008620000000000117e-47
1.570250000000000000e+03 5.011309999999999847e-47
1.570380000000000109e+03 5.012310000000000087e-47
1.570500000000000000e+03 5.014090000000000241e-47
1.570619999999999891e+03 5.014940000000000347e-47
1.570750000000000000e+03 5.017050000000000016e-47
1.570880000000000109e+03 5.016840000000000413e-47
1.571000000000000000e+03 5.016540000000000147e-47
1.571119999999999891e+03 5.018160000000000418e-47
1.571250000000000000e+03 5.020389999999999999e-47
1.571380000000000109e+03 5.022659999999999550e-47
1.571500000000000000e+03 5.023400000000000467e-47
1.571619999999999891e+03 5.023619999999999819e-47
1.571750000000000000e+03 5.025510000000000136e-47
1.571880000000000109e+03 5.027979999999999541e-47
1.572000000000000000e+03 5.030449999999999918e-47
1.572119999999999891e+03 5.032939999999999795e-47
1.572250000000000000e+03 5.035429999999999671e-47
1.572380000000000109e+03 5.037930000000000270e-47
1.572500000000000000e+03 5.040450000000000368e-47
1.572619999999999891e+03 5.041930000000000255e-47
1.572750000000000000e+03 5.043269999999999759e-47
1.572880000000000109e+03 5.043640000000000217e-47
1.573000000000000000e+03 5.043950000000000233e-47
1.573119999999999891e+03 5.044709999999999676e-47
1.573250000000000000e+03 5.047259999999999995e-47
1.573380000000000109e+03 5.049839999999999562e-47
1.573500000000000000e+03 5.052469999999999823e-47
1.573619999999999891e+03 5.052100000000000337e-47
1.573750000000000000e+03 5.052789999999999588e-47
1.573880000000000109e+03 5.052749999999999617e-47
1.574000000000000000e+03 5.052789999999999588e-47
1.574119999999999891e+03 5.053059999999999633e-47
1.574250000000000000e+03 5.055339999999999907e-47
1.574380000000000109e+03 5.058010000000000138e-47
1.574500000000000000e+03 5.057589999999999959e-47
1.574619999999999891e+03 5.056800000000000295e-47
1.574750000000000000e+03 5.056370000000000367e-47
1.574880000000000109e+03 5.055670000000000394e-47
1.575000000000000000e+03 5.054900000000000229e-47
1.575119999999999891e+03 5.054139999999999814e-47
1.575250000000000000e+03 5.053380000000000371e-47
1.575380000000000109e+03 5.052629999999999705e-47
1.575500000000000000e+03 5.051910000000000233e-47
1.575619999999999891e+03 5.051210000000000260e-47
1.575750000000000000e+03 5.050729999999999639e-47
1.575880000000000109e+03 5.050820000000000303e-47
1.576000000000000000e+03 5.049719999999999650e-47
1.576119999999999891e+03 5.048990000000000429e-47
1.576250000000000000e+03 5.048359999999999675e-47
1.576380000000000109e+03 5.048260000000000234e-47
1.576500000000000000e+03 5.047539999999999790e-47
1.576619999999999891e+03 5.046839999999999817e-47
1.576750000000000000e+03 5.046210000000000035e-47
1.576880000000000109e+03 5.045919999999999519e-47
1.577000000000000000e+03 5.045289999999999737e-47
1.577119999999999891e+03 5.045240000000000017e-47
1.577250000000000000e+03 5.044570000000000265e-47
1.577380000000000109e+03 5.043560000000000276e-47
1.577500000000000000e+03 5.043100000000000127e-47
1.577619999999999891e+03 5.043950000000000233e-47
1.577750000000000000e+03 5.043589999999999525e-47
1.577880000000000109e+03 5.043260000000000010e-47
1.578000000000000000e+03 5.044370000000000412e-47
1.578119999999999891e+03 5.044610000000000236e-47
1.578250000000000000e+03 5.044089999999999644e-47
1.578380000000000109e+03 5.043779999999999629e-47
1.578500000000000000e+03 5.044129999999999615e-47
1.578619999999999891e+03 5.043140000000000098e-47
1.578750000000000000e+03 5.042660000000000449e-47
1.578880000000000109e+03 5.042189999999999578e-47
1.579000000000000000e+03 5.041719999999999680e-47
1.579119999999999891e+03 5.041240000000000032e-47
1.579250000000000000e+03 5.040749999999999662e-47
1.579380000000000109e+03 5.039100000000000142e-47
1.579500000000000000e+03 5.038529999999999830e-47
1.579619999999999891e+03 5.038700000000000435e-47
1.579750000000000000e+03 5.038329999999999977e-47
1.579880000000000109e+03 5.037569999999999561e-47
1.580000000000000000e+03 5.037709999999999945e-47
1.580119999999999891e+03 5.037080000000000164e-47
1.580250000000000000e+03 5.038870000000000067e-47
1.580380000000000109e+03 5.039670000000000453e-47
1.580500000000000000e+03 5.043929999999999762e-47
1.580619999999999891e+03 5.034179999999999858e-47
1.580750000000000000e+03 5.033500000000000357e-47
1.580880000000000109e+03 5.032850000000000104e-47
1.581000000000000000e+03 5.032209999999999600e-47
1.581119999999999891e+03 5.033000000000000237e-47
1.581250000000000000e+03 5.035250000000000289e-47
1.581380000000000109e+03 5.035239999999999567e-47
1.581500000000000000e+03 5.034750000000000170e-47
1.581619999999999891e+03 5.033439999999999914e-47
1.581750000000000000e+03 5.032970000000000016e-47
1.581880000000000109e+03 5.032249999999999571e-47
1.582000000000000000e+03 5.031199999999999611e-47
1.582119999999999891e+03 5.031330000000000245e-47
1.582250000000000000e+03 5.031729999999999952e-47
1.582380000000000109e+03 5.032199999999999851e-47
1.582500000000000000e+03 5.033479999999999885e-47
1.582619999999999891e+03 5.034560000000000066e-47
1.582750000000000000e+03 5.035710000000000438e-47
1.582880000000000109e+03 5.035969999999999762e-47
1.583000000000000000e+03 5.036340000000000220e-47
1.583119999999999891e+03 5.036890000000000060e-47
1.583250000000000000e+03 5.037590000000000033e-47
1.583380000000000109e+03 5.038299999999999756e-47
1.583500000000000000e+03 5.038409999999999918e-47
1.583619999999999891e+03 5.038529999999999830e-47
1.583750000000000000e+03 5.037789999999999886e-47
1.583880000000000109e+03 5.037030000000000443e-47
1.584000000000000000e+03 5.036289999999999527e-47
1.584119999999999891e+03 5.035549999999999583e-47
1.584250000000000000e+03 5.034809999999999640e-47
1.584380000000000109e+03 5.034080000000000418e-47
1.584500000000000000e+03 5.033380000000000445e-47
1.584619999999999891e+03 5.032669999999999750e-47
1.584750000000000000e+03 5.031979999999999526e-47
1.584880000000000109e+03 5.031309999999999774e-47
1.585000000000000000e+03 5.030649999999999772e-47
1.585119999999999891e+03 5.030010000000000241e-47
1.585250000000000000e+03 5.029420000000000430e-47
1.585380000000000109e+03 5.028819999999999897e-47
1.585500000000000000e+03 5.028289999999999557e-47
1.585619999999999891e+03 5.027729999999999967e-47
1.585750000000000000e+03 5.027199999999999626e-47
1.585880000000000109e+03 5.026689999999999757e-47
1.586000000000000000e+03 5.027520000000000364e-47
1.586119999999999891e+03 5.027520000000000364e-47
1.586250000000000000e+03 5.027610000000000055e-47
1.586380000000000109e+03 5.028009999999999762e-47
1.586500000000000000e+03 5.028230000000000087e-47
1.586619999999999891e+03 5.029049999999999972e-47
1.586750000000000000e+03 5.029620000000000283e-47
1.586880000000000109e+03 5.030219999999999844e-47
1.587000000000000000e+03 5.031339999999999995e-47
1.587119999999999891e+03 5.032690000000000221e-47
1.587250000000000000e+03 5.034689999999999728e-47
1.587380000000000109e+03 5.036909999999999559e-47
1.587500000000000000e+03 5.037059999999999692e-47
1.587619999999999891e+03 5.036739999999999927e-47
1.587750000000000000e+03 5.036810000000000118e-47
1.587880000000000109e+03 5.037009999999999972e-47
1.588000000000000000e+03 5.037879999999999577e-47
1.588119999999999891e+03 5.041519999999999826e-47
1.588250000000000000e+03 5.046189999999999564e-47
1.588380000000000109e+03 5.046390000000000390e-47
1.588500000000000000e+03 5.046329999999999947e-47
1.588619999999999891e+03 5.046729999999999654e-47
1.588750000000000000e+03 5.043779999999999629e-47
1.588880000000000109e+03 5.044960000000000222e-47
1.589000000000000000e+03 5.046219999999999785e-47
1.589119999999999891e+03 5.047539999999999790e-47
1.589250000000000000e+03 5.048869999999999544e-47
1.589380000000000109e+03 5.050360000000000154e-47
1.589500000000000000e+03 5.052060000000000366e-47
1.589619999999999891e+03 5.053669999999999915e-47
1.589750000000000000e+03 5.054499999999999550e-47
1.589880000000000109e+03 5.054860000000000259e-47
1.590000000000000000e+03 5.054219999999999755e-47
1.590119999999999891e+03 5.055710000000000365e-47
1.590250000000000000e+03 5.056850000000000016e-47
1.590380000000000109e+03 5.057960000000000418e-47
1.590500000000000000e+03 5.057989999999999666e-47
1.590619999999999891e+03 5.059330000000000143e-47
1.590750000000000000e+03 5.060690000000000118e-47
1.590880000000000109e+03 5.063590000000000424e-47
1.591000000000000000e+03 5.057479999999999797e-47
1.591119999999999891e+03 5.059440000000000305e-47
1.591250000000000000e+03 5.061899999999999961e-47
1.591380000000000109e+03 5.060610000000000177e-47
1.591500000000000000e+03 5.064150000000000013e-47
1.591619999999999891e+03 5.067379999999999834e-47
1.591750000000000000e+03 5.068819999999999750e-47
1.591880000000000109e+03 5.071619999999999643e-47
1.592000000000000000e+03 5.075799999999999983e-47
1.592119999999999891e+03 5.081329999999999576e-47
1.592250000000000000e+03 5.085669999999999798e-47
1.592380000000000109e+03 5.089469999999999930e-47
1.592500000000000000e+03 5.095189999999999627e-47
1.592619999999999891e+03 5.099149999999999642e-47
1.592750000000000000e+03 5.104389999999999690e-47
1.592880000000000109e+03 5.110770000000000362e-47
1.593000000000000000e+03 5.127419999999999584e-47
1.593119999999999891e+03 5.136349999999999602e-47
1.593250000000000000e+03 5.147379999999999540e-47
1.593380000000000109e+03 5.154279999999999830e-47
1.593500000000000000e+03 5.162720000000000451e-47
1.593619999999999891e+03 5.183070000000000364e-47
1.593750000000000000e+03 5.189379999999999872e-47
1.593880000000000109e+03 5.228019999999999749e-47
1.594000000000000000e+03 5.259220000000000218e-47
1.594119999999999891e+03 5.298830000000000114e-47
1.594250000000000000e+03 5.322569999999999730e-47
1.594380000000000109e+03 5.384379999999999885e-47
1.594500000000000000e+03 5.470969999999999866e-47
1.594619999999999891e+03 5.539709999999999560e-47
1.594750000000000000e+03 5.577449999999999611e-47
1.594880000000000109e+03 5.643520000000000047e-47
1.595000000000000000e+03 5.682249999999999615e-47
1.595119999999999891e+03 5.822630000000000281e-47
1.595250000000000000e+03 5.998789999999999518e-47
1.595380000000000109e+03 6.205709999999999546e-47
1.595500000000000000e+03 6.407699999999999540e-47
1.595619999999999891e+03 6.678670000000000026e-47
1.595750000000000000e+03 6.977210000000000480e-47
1.595880000000000109e+03 7.367610000000000214e-47
1.596000000000000000e+03 7.850410000000000288e-47
1.596119999999999891e+03 8.357180000000000054e-47
1.596250000000000000e+03 8.888769999999999616e-47
1.596380000000000109e+03 9.573089999999999787e-47
1.596500000000000000e+03 1.037169999999999957e-46
1.596619999999999891e+03 1.123479999999999949e-46
1.596750000000000000e+03 1.231229999999999979e-46
1.596880000000000109e+03 1.384139999999999969e-46
1.597000000000000000e+03 1.620439999999999952e-46
1.597119999999999891e+03 2.086079999999999963e-46
1.597250000000000000e+03 3.639349999999999994e-46
1.597380000000000109e+03 2.238489999999999912e-45
1.597500000000000000e+03 2.288800000000000036e-45
1.597619999999999891e+03 4.563309999999999742e-46
1.597750000000000000e+03 3.298540000000000135e-46
1.597880000000000109e+03 3.466980000000000168e-46
1.598000000000000000e+03 4.094619999999999681e-46
1.598119999999999891e+03 5.464030000000000383e-46
1.598250000000000000e+03 7.881740000000000613e-46
1.598380000000000109e+03 1.221950000000000052e-45
1.598500000000000000e+03 1.919670000000000086e-45
1.598619999999999891e+03 3.101349999999999694e-45
1.598750000000000000e+03 5.187260000000000064e-45
1.598880000000000109e+03 8.687080000000000471e-45
1.599000000000000000e+03 1.471089999999999997e-44
1.599119999999999891e+03 2.548469999999999908e-44
1.599250000000000000e+03 4.469050000000000192e-44
1.599380000000000109e+03 8.136600000000000326e-44
1.599500000000000000e+03 1.454789999999999911e-43
1.599619999999999891e+03 2.452060000000000090e-43
1.599750000000000000e+03 3.997899999999999837e-43
1.599880000000000109e+03 5.847860000000000005e-43
1.600000000000000000e+03 6.722549999999999878e-43
1.600119999999999891e+03 1.157259999999999971e-42
1.600250000000000000e+03 1.085789999999999983e-42
1.600380000000000109e+03 4.604019999999999845e-43
1.600500000000000000e+03 2.156410000000000037e-43
1.600619999999999891e+03 1.231869999999999931e-43
1.600750000000000000e+03 7.995279999999999645e-44
1.600880000000000109e+03 5.297180000000000182e-44
1.601000000000000000e+03 3.671640000000000090e-44
1.601119999999999891e+03 2.591359999999999850e-44
1.601250000000000000e+03 1.854219999999999907e-44
1.601380000000000109e+03 1.313720000000000059e-44
1.601500000000000000e+03 9.462770000000000367e-45
1.601619999999999891e+03 6.645129999999999969e-45
1.601750000000000000e+03 4.656360000000000025e-45
1.601880000000000109e+03 3.257060000000000083e-45
1.602000000000000000e+03 2.306100000000000016e-45
1.602119999999999891e+03 1.671780000000000148e-45
1.602250000000000000e+03 1.195359999999999928e-45
1.602380000000000109e+03 8.469040000000000620e-46
1.602500000000000000e+03 6.202930000000000125e-46
1.602619999999999891e+03 4.459620000000000334e-46
1.602750000000000000e+03 3.276049999999999943e-46
1.602880000000000109e+03 2.450400000000000142e-46
1.603000000000000000e+03 1.892290000000000181e-46
1.603119999999999891e+03 1.505419999999999951e-46
1.603250000000000000e+03 1.226429999999999996e-46
1.603380000000000109e+03 1.024150000000000068e-46
1.603500000000000000e+03 8.770770000000000536e-47
1.603619999999999891e+03 7.691840000000000071e-47
1.603750000000000000e+03 7.016780000000000406e-47
1.603880000000000109e+03 6.867939999999999620e-47
1.604000000000000000e+03 6.537410000000000005e-47
1.604119999999999891e+03 6.359119999999999656e-47
1.604250000000000000e+03 6.305210000000000031e-47
1.604380000000000109e+03 6.276329999999999806e-47
1.604500000000000000e+03 6.256959999999999661e-47
1.604619999999999891e+03 6.227460000000000377e-47
1.604750000000000000e+03 6.210180000000000402e-47
1.604880000000000109e+03 6.191799999999999774e-47
1.605000000000000000e+03 6.180879999999999999e-47
1.605119999999999891e+03 6.169920000000000253e-47
1.605250000000000000e+03 6.160819999999999630e-47
1.605380000000000109e+03 6.150049999999999988e-47
1.605500000000000000e+03 6.139039999999999550e-47
1.605619999999999891e+03 6.129780000000000016e-47
1.605750000000000000e+03 6.122499999999999518e-47
1.605880000000000109e+03 6.115240000000000464e-47
1.606000000000000000e+03 6.107330000000000184e-47
1.606119999999999891e+03 6.096850000000000086e-47
1.606250000000000000e+03 6.089169999999999881e-47
1.606380000000000109e+03 6.083520000000000376e-47
1.606500000000000000e+03 6.078099999999999973e-47
1.606619999999999891e+03 6.071840000000000185e-47
1.606750000000000000e+03 6.065710000000000060e-47
1.606880000000000109e+03 6.060890000000000189e-47
1.607000000000000000e+03 6.060399999999999819e-47
1.607119999999999891e+03 6.056319999999999892e-47
1.607250000000000000e+03 6.052390000000000099e-47
1.607380000000000109e+03 6.047810000000000052e-47
1.607500000000000000e+03 6.043749999999999625e-47
1.607619999999999891e+03 6.040219999999999538e-47
1.607750000000000000e+03 6.030300000000000002e-47
1.607880000000000109e+03 6.024040000000000215e-47
1.608000000000000000e+03 6.020059999999999729e-47
1.608119999999999891e+03 6.016799999999999687e-47
1.608250000000000000e+03 6.013659999999999558e-47
1.608380000000000109e+03 6.010619999999999841e-47
1.608500000000000000e+03 6.007669999999999816e-47
1.608619999999999891e+03 6.004799999999999731e-47
1.608750000000000000e+03 6.002020000000000310e-47
1.608880000000000109e+03 5.999310000000000109e-47
1.609000000000000000e+03 5.996679999999999849e-47
1.609119999999999891e+03 5.993940000000000398e-47
1.609250000000000000e+03 5.991249999999999696e-47
1.609380000000000109e+03 5.987719999999999609e-47
1.609500000000000000e+03 5.984919999999999717e-47
1.609619999999999891e+03 5.981509999999999542e-47
1.609750000000000000e+03 5.979200000000000020e-47
1.609880000000000109e+03 5.976930000000000468e-47
1.610000000000000000e+03 5.974600000000000474e-47
1.610119999999999891e+03 5.972440000000000113e-47
1.610250000000000000e+03 5.970319999999999722e-47
1.610380000000000109e+03 5.968240000000000274e-47
1.610500000000000000e+03 5.966209999999999574e-47
1.610619999999999891e+03 5.964210000000000068e-47
1.610750000000000000e+03 5.962260000000000281e-47
1.610880000000000109e+03 5.960350000000000466e-47
1.611000000000000000e+03 5.958530000000000341e-47
1.611119999999999891e+03 5.956550000000000334e-47
1.611250000000000000e+03 5.954289999999999560e-47
1.611380000000000109e+03 5.952109999999999699e-47
1.611500000000000000e+03 5.949859999999999646e-47
1.611619999999999891e+03 5.947989999999999801e-47
1.611750000000000000e+03 5.946479999999999693e-47
1.611880000000000109e+03 5.944999999999999805e-47
1.612000000000000000e+03 5.943550000000000139e-47
1.612119999999999891e+03 5.942119999999999971e-47
1.612250000000000000e+03 5.940729999999999775e-47
1.612380000000000109e+03 5.939350000000000300e-47
1.612500000000000000e+03 5.938009999999999824e-47
1.612619999999999891e+03 5.936680000000000069e-47
1.612750000000000000e+03 5.935379999999999563e-47
1.612880000000000109e+03 5.933910000000000398e-47
1.613000000000000000e+03 5.932419999999999788e-47
1.613119999999999891e+03 5.931029999999999591e-47
1.613250000000000000e+03 5.929250000000000410e-47
1.613380000000000109e+03 5.927200000000000211e-47
1.613500000000000000e+03 5.925170000000000483e-47
1.613619999999999891e+03 5.923160000000000255e-47
1.613750000000000000e+03 5.921469999999999792e-47
1.613880000000000109e+03 5.920240000000000450e-47
1.614000000000000000e+03 5.919029999999999636e-47
1.614119999999999891e+03 5.917850000000000014e-47
1.614250000000000000e+03 5.916680000000000143e-47
1.614380000000000109e+03 5.915529999999999770e-47
1.614500000000000000e+03 5.914390000000000119e-47
1.614619999999999891e+03 5.913209999999999526e-47
1.614750000000000000e+03 5.912020000000000155e-47
1.614880000000000109e+03 5.910930000000000224e-47
1.615000000000000000e+03 5.909859999999999793e-47
1.615119999999999891e+03 5.908800000000000084e-47
1.615250000000000000e+03 5.907700000000000404e-47
1.615380000000000109e+03 5.906529999999999560e-47
1.615500000000000000e+03 5.904830000000000320e-47
1.615619999999999891e+03 5.903799999999999859e-47
1.615750000000000000e+03 5.902709999999999929e-47
1.615880000000000109e+03 5.901150000000000100e-47
1.616000000000000000e+03 5.899919999999999786e-47
1.616119999999999891e+03 5.898780000000000135e-47
1.616250000000000000e+03 5.897239999999999806e-47
1.616380000000000109e+03 5.895710000000000198e-47
1.616500000000000000e+03 5.893810000000000132e-47
1.616619999999999891e+03 5.891929999999999565e-47
1.616750000000000000e+03 5.890070000000000442e-47
1.616880000000000109e+03 5.888389999999999729e-47
1.617000000000000000e+03 5.886740000000000209e-47
1.617119999999999891e+03 5.885030000000000247e-47
1.617250000000000000e+03 5.883870000000000124e-47
1.617380000000000109e+03 5.882949999999999826e-47
1.617500000000000000e+03 5.881789999999999704e-47
1.617619999999999891e+03 5.880549999999999641e-47
1.617750000000000000e+03 5.879389999999999519e-47
1.617880000000000109e+03 5.878639999999999825e-47
1.618000000000000000e+03 5.877749999999999748e-47
1.618119999999999891e+03 5.876589999999999626e-47
1.618250000000000000e+03 5.875339999999999813e-47
1.618380000000000109e+03 5.873859999999999925e-47
1.618500000000000000e+03 5.872560000000000392e-47
1.618619999999999891e+03 5.871200000000000416e-47
1.618750000000000000e+03 5.870190000000000427e-47
1.618880000000000109e+03 5.869260000000000380e-47
1.619000000000000000e+03 5.868159999999999728e-47
1.619119999999999891e+03 5.867280000000000373e-47
1.619250000000000000e+03 5.866099999999999779e-47
1.619380000000000109e+03 5.864669999999999612e-47
1.619500000000000000e+03 5.863250000000000166e-47
1.619619999999999891e+03 5.861859999999999969e-47
1.619750000000000000e+03 5.860819999999999759e-47
1.619880000000000109e+03 5.859919999999999933e-47
1.620000000000000000e+03 5.858790000000000032e-47
1.620119999999999891e+03 5.857439999999999806e-47
1.620250000000000000e+03 5.856340000000000126e-47
1.620380000000000109e+03 5.855619999999999681e-47
1.620500000000000000e+03 5.854970000000000401e-47
1.620619999999999891e+03 5.854320000000000148e-47
1.620750000000000000e+03 5.853679999999999645e-47
1.620880000000000109e+03 5.853040000000000114e-47
1.621000000000000000e+03 5.852410000000000332e-47
1.621119999999999891e+03 5.851680000000000138e-47
1.621250000000000000e+03 5.851020000000000136e-47
1.621380000000000109e+03 5.850409999999999853e-47
1.621500000000000000e+03 5.849799999999999571e-47
1.621619999999999891e+03 5.849019999999999657e-47
1.621750000000000000e+03 5.848250000000000464e-47
1.621880000000000109e+03 5.847649999999999932e-47
1.622000000000000000e+03 5.847050000000000371e-47
1.622119999999999891e+03 5.846229999999999514e-47
1.622250000000000000e+03 5.845260000000000468e-47
1.622380000000000109e+03 5.844169999999999565e-47
1.622500000000000000e+03 5.843600000000000226e-47
1.622619999999999891e+03 5.843039999999999664e-47
1.622750000000000000e+03 5.840610000000000230e-47
1.622880000000000109e+03 5.840119999999999860e-47
1.623000000000000000e+03 5.839630000000000462e-47
1.623119999999999891e+03 5.839130000000000342e-47
1.623250000000000000e+03 5.838620000000000473e-47
1.623380000000000109e+03 5.838120000000000353e-47
1.623500000000000000e+03 5.836279999999999757e-47
1.623619999999999891e+03 5.834269999999999529e-47
1.623750000000000000e+03 5.833669999999999968e-47
1.623880000000000109e+03 5.833070000000000408e-47
1.624000000000000000e+03 5.832479999999999625e-47
1.624119999999999891e+03 5.831090000000000401e-47
1.624250000000000000e+03 5.828319999999999757e-47
1.624380000000000109e+03 5.827459999999999901e-47
1.624500000000000000e+03 5.826879999999999840e-47
1.624619999999999891e+03 5.826250000000000059e-47
1.624750000000000000e+03 5.825620000000000278e-47
1.624880000000000109e+03 5.825000000000000246e-47
1.625000000000000000e+03 5.824380000000000214e-47
1.625119999999999891e+03 5.823499999999999887e-47
1.625250000000000000e+03 5.822759999999999943e-47
1.625380000000000109e+03 5.822290000000000044e-47
1.625500000000000000e+03 5.821860000000000116e-47
1.625619999999999891e+03 5.821439999999999938e-47
1.625750000000000000e+03 5.820989999999999539e-47
1.625880000000000109e+03 5.820350000000000008e-47
1.626000000000000000e+03 5.818910000000000091e-47
1.626119999999999891e+03 5.818520000000000133e-47
1.626250000000000000e+03 5.817169999999999907e-47
1.626380000000000109e+03 5.815790000000000433e-47
1.626500000000000000e+03 5.815290000000000313e-47
1.626619999999999891e+03 5.813550000000000130e-47
1.626750000000000000e+03 5.812500000000000170e-47
1.626880000000000109e+03 5.811730000000000005e-47
1.627000000000000000e+03 5.810969999999999590e-47
1.627119999999999891e+03 5.810510000000000413e-47
1.627250000000000000e+03 5.810090000000000235e-47
1.627380000000000109e+03 5.809379999999999540e-47
1.627500000000000000e+03 5.808049999999999785e-47
1.627619999999999891e+03 5.807659999999999828e-47
1.627750000000000000e+03 5.806929999999999634e-47
1.627880000000000109e+03 5.806630000000000340e-47
1.628000000000000000e+03 5.806079999999999528e-47
1.628119999999999891e+03 5.805820000000000204e-47
1.628250000000000000e+03 5.805550000000000159e-47
1.628380000000000109e+03 5.805280000000000114e-47
1.628500000000000000e+03 5.803629999999999622e-47
1.628619999999999891e+03 5.801160000000000217e-47
1.628750000000000000e+03 5.799600000000000388e-47
1.628880000000000109e+03 5.796799999999999523e-47
1.629000000000000000e+03 5.793489999999999761e-47
1.629119999999999891e+03 5.791180000000000239e-47
1.629250000000000000e+03 5.789999999999999645e-47
1.629380000000000109e+03 5.792570000000000435e-47
1.629500000000000000e+03 5.788519999999999757e-47
1.629619999999999891e+03 5.786849999999999766e-47
1.629750000000000000e+03 5.786739999999999604e-47
1.629880000000000109e+03 5.786619999999999691e-47
1.630000000000000000e+03 5.786170000000000264e-47
1.630119999999999891e+03 5.785529999999999761e-47
1.630250000000000000e+03 5.784949999999999700e-47
1.630380000000000109e+03 5.784420000000000332e-47
1.630500000000000000e+03 5.783479999999999562e-47
1.630619999999999891e+03 5.783169999999999546e-47
1.630750000000000000e+03 5.782849999999999781e-47
1.630880000000000109e+03 5.782429999999999602e-47
1.631000000000000000e+03 5.782349999999999661e-47
1.631119999999999891e+03 5.782119999999999586e-47
1.631250000000000000e+03 5.781430000000000335e-47
1.631380000000000109e+03 5.781360000000000143e-47
1.631500000000000000e+03 5.781280000000000202e-47
1.631619999999999891e+03 5.781219999999999760e-47
1.631750000000000000e+03 5.781149999999999568e-47
1.631880000000000109e+03 5.781090000000000098e-47
1.632000000000000000e+03 5.781029999999999656e-47
1.632119999999999891e+03 5.780970000000000186e-47
1.632250000000000000e+03 5.781320000000000173e-47
1.632380000000000109e+03 5.780869999999999773e-47
1.632500000000000000e+03 5.780820000000000053e-47
1.632619999999999891e+03 5.779709999999999651e-47
1.632750000000000000e+03 5.779250000000000475e-47
1.632880000000000109e+03 5.779220000000000253e-47
1.633000000000000000e+03 5.779110000000000091e-47
1.633119999999999891e+03 5.778379999999999897e-47
1.633250000000000000e+03 5.777510000000000291e-47
1.633380000000000109e+03 5.776650000000000435e-47
1.633500000000000000e+03 5.775779999999999858e-47
1.633619999999999891e+03 5.774950000000000223e-47
1.633750000000000000e+03 5.774710000000000399e-47
1.633880000000000109e+03 5.774560000000000266e-47
1.634000000000000000e+03 5.774419999999999882e-47
1.634119999999999891e+03 5.774309999999999720e-47
1.634250000000000000e+03 5.774199999999999557e-47
1.634380000000000109e+03 5.774100000000000117e-47
1.634500000000000000e+03 5.773999999999999704e-47
1.634619999999999891e+03 5.773910000000000013e-47
1.634750000000000000e+03 5.773820000000000322e-47
1.634880000000000109e+03 5.773729999999999659e-47
1.635000000000000000e+03 5.773649999999999717e-47
1.635119999999999891e+03 5.773569999999999776e-47
1.635250000000000000e+03 5.773489999999999835e-47
1.635380000000000109e+03 5.773419999999999643e-47
1.635500000000000000e+03 5.773350000000000423e-47
1.635619999999999891e+03 5.773289999999999981e-47
1.635750000000000000e+03 5.773229999999999539e-47
1.635880000000000109e+03 5.773179999999999819e-47
1.636000000000000000e+03 5.773130000000000098e-47
1.636119999999999891e+03 5.773080000000000378e-47
1.636250000000000000e+03 5.773029999999999685e-47
1.636380000000000109e+03 5.772799999999999611e-47
1.636500000000000000e+03 5.772759999999999640e-47
1.636619999999999891e+03 5.772730000000000392e-47
1.636750000000000000e+03 5.772730000000000392e-47
1.636880000000000109e+03 5.772780000000000112e-47
1.637000000000000000e+03 5.772810000000000333e-47
1.637119999999999891e+03 5.772949999999999744e-47
1.637250000000000000e+03 5.772709999999999920e-47
1.637380000000000109e+03 5.772749999999999891e-47
1.637500000000000000e+03 5.772770000000000362e-47
1.637619999999999891e+03 5.772789999999999861e-47
1.637750000000000000e+03 5.772789999999999861e-47
1.637880000000000109e+03 5.772799999999999611e-47
1.638000000000000000e+03 5.772810000000000333e-47
1.638119999999999891e+03 5.772839999999999582e-47
1.638250000000000000e+03 5.774459999999999853e-47
1.638380000000000109e+03 5.773839999999999821e-47
1.638500000000000000e+03 5.772890000000000274e-47
1.638619999999999891e+03 5.772919999999999523e-47
1.638750000000000000e+03 5.772949999999999744e-47
1.638880000000000109e+03 5.772979999999999965e-47
1.639000000000000000e+03 5.773019999999999936e-47
1.639119999999999891e+03 5.773069999999999656e-47
1.639250000000000000e+03 5.773120000000000349e-47
1.639380000000000109e+03 5.773170000000000069e-47
1.639500000000000000e+03 5.773219999999999789e-47
1.639619999999999891e+03 5.773280000000000232e-47
1.639750000000000000e+03 5.773339999999999701e-47
1.639880000000000109e+03 5.773409999999999893e-47
1.640000000000000000e+03 5.773480000000000085e-47
1.640119999999999891e+03 5.773550000000000277e-47
1.640250000000000000e+03 5.773620000000000468e-47
1.640380000000000109e+03 5.773710000000000159e-47
1.640500000000000000e+03 5.773790000000000101e-47
1.640619999999999891e+03 5.773879999999999792e-47
1.640750000000000000e+03 5.773970000000000455e-47
1.640880000000000109e+03 5.774060000000000146e-47
1.641000000000000000e+03 5.774159999999999587e-47
1.641119999999999891e+03 5.774259999999999999e-47
1.641250000000000000e+03 5.774370000000000162e-47
1.641380000000000109e+03 5.774480000000000324e-47
1.641500000000000000e+03 5.774589999999999514e-47
1.641619999999999891e+03 5.774699999999999677e-47
1.641750000000000000e+03 5.774819999999999589e-47
1.641880000000000109e+03 5.774819999999999589e-47
1.642000000000000000e+03 5.774940000000000473e-47
1.642119999999999891e+03 5.775070000000000135e-47
1.642250000000000000e+03 5.775199999999999797e-47
1.642380000000000109e+03 5.775359999999999679e-47
1.642500000000000000e+03 5.775519999999999562e-47
1.642619999999999891e+03 5.775680000000000417e-47
1.642750000000000000e+03 5.775840000000000300e-47
1.642880000000000109e+03 5.776040000000000153e-47
1.643000000000000000e+03 5.776230000000000257e-47
1.643119999999999891e+03 5.776390000000000140e-47
1.643250000000000000e+03 5.776550000000000023e-47
1.643380000000000109e+03 5.776719999999999655e-47
1.643500000000000000e+03 5.776890000000000260e-47
1.643619999999999891e+03 5.777059999999999892e-47
1.643750000000000000e+03 5.777240000000000246e-47
1.643880000000000109e+03 5.777409999999999878e-47
1.644000000000000000e+03 5.777569999999999761e-47
1.644119999999999891e+03 5.777759999999999865e-47
1.644250000000000000e+03 5.777949999999999969e-47
1.644380000000000109e+03 5.778010000000000411e-47
1.644500000000000000e+03 5.778229999999999764e-47
1.644619999999999891e+03 5.778450000000000089e-47
1.644750000000000000e+03 5.778670000000000413e-47
1.644880000000000109e+03 5.778889999999999766e-47
1.645000000000000000e+03 5.779119999999999841e-47
1.645119999999999891e+03 5.779349999999999915e-47
1.645250000000000000e+03 5.779579999999999990e-47
1.645380000000000109e+03 5.779810000000000064e-47
1.645500000000000000e+03 5.779990000000000418e-47
1.645619999999999891e+03 5.780479999999999816e-47
1.645750000000000000e+03 5.780540000000000258e-47
1.645880000000000109e+03 5.780610000000000450e-47
1.646000000000000000e+03 5.780719999999999640e-47
1.646119999999999891e+03 5.780470000000000067e-47
1.646250000000000000e+03 5.780479999999999816e-47
1.646380000000000109e+03 5.780610000000000450e-47
1.646500000000000000e+03 5.780989999999999685e-47
1.646619999999999891e+03 5.781059999999999877e-47
1.646750000000000000e+03 5.780770000000000333e-47
1.646880000000000109e+03 5.780989999999999685e-47
1.647000000000000000e+03 5.780989999999999685e-47
1.647119999999999891e+03 5.781219999999999760e-47
1.647250000000000000e+03 5.781449999999999834e-47
1.647380000000000109e+03 5.781729999999999629e-47
1.647500000000000000e+03 5.781999999999999674e-47
1.647619999999999891e+03 5.782259999999999970e-47
1.647750000000000000e+03 5.782530000000000015e-47
1.647880000000000109e+03 5.782790000000000311e-47
1.648000000000000000e+03 5.783060000000000356e-47
1.648119999999999891e+03 5.783330000000000401e-47
1.648250000000000000e+03 5.783610000000000196e-47
1.648380000000000109e+03 5.783889999999999991e-47
1.648500000000000000e+03 5.784169999999999786e-47
1.648619999999999891e+03 5.784460000000000302e-47
1.648750000000000000e+03 5.784979999999999921e-47
1.648880000000000109e+03 5.785029999999999641e-47
1.649000000000000000e+03 5.785329999999999908e-47
1.649119999999999891e+03 5.785620000000000424e-47
1.649250000000000000e+03 5.785919999999999718e-47
1.649380000000000109e+03 5.786229999999999734e-47
1.649500000000000000e+03 5.786530000000000001e-47
1.649619999999999891e+03 5.786320000000000398e-47
1.649750000000000000e+03 5.786480000000000280e-47
1.649880000000000109e+03 5.786800000000000046e-47
1.650000000000000000e+03 5.787119999999999811e-47
1.650119999999999891e+03 5.787210000000000474e-47
1.650250000000000000e+03 5.787530000000000240e-47
1.650380000000000109e+03 5.787760000000000314e-47
1.650500000000000000e+03 5.787810000000000035e-47
1.650619999999999891e+03 5.787760000000000314e-47
1.650750000000000000e+03 5.787129999999999561e-47
1.650880000000000109e+03 5.786429999999999588e-47
1.651000000000000000e+03 5.786739999999999604e-47
1.651119999999999891e+03 5.787100000000000312e-47
1.651250000000000000e+03 5.787460000000000048e-47
1.651380000000000109e+03 5.787819999999999784e-47
1.651500000000000000e+03 5.787530000000000240e-47
1.651619999999999891e+03 5.786990000000000150e-47
1.651750000000000000e+03 5.786889999999999737e-47
1.651880000000000109e+03 5.786579999999999721e-47
1.652000000000000000e+03 5.786819999999999545e-47
1.652119999999999891e+03 5.788289999999999683e-47
1.652250000000000000e+03 5.788690000000000362e-47
1.652380000000000109e+03 5.790809999999999781e-47
1.652500000000000000e+03 5.787659999999999902e-47
1.652619999999999891e+03 5.787960000000000168e-47
1.652750000000000000e+03 5.787770000000000064e-47
1.652880000000000109e+03 5.787810000000000035e-47
1.653000000000000000e+03 5.788169999999999771e-47
1.653119999999999891e+03 5.787939999999999696e-47
1.653250000000000000e+03 5.787810000000000035e-47
1.653380000000000109e+03 5.788040000000000109e-47
1.653500000000000000e+03 5.788479999999999787e-47
1.653619999999999891e+03 5.788920000000000437e-47
1.653750000000000000e+03 5.789449999999999805e-47
1.653880000000000109e+03 5.789430000000000306e-47
1.654000000000000000e+03 5.789869999999999983e-47
1.654119999999999891e+03 5.790309999999999661e-47
1.654250000000000000e+03 5.790760000000000060e-47
1.654380000000000109e+03 5.791210000000000460e-47
1.654500000000000000e+03 5.791629999999999666e-47
1.654619999999999891e+03 5.792000000000000124e-47
1.654750000000000000e+03 5.792380000000000332e-47
1.654880000000000109e+03 5.792789999999999788e-47
1.655000000000000000e+03 5.793200000000000217e-47
1.655119999999999891e+03 5.793620000000000395e-47
1.655250000000000000e+03 5.794029999999999851e-47
1.655380000000000109e+03 5.794450000000000030e-47
1.655500000000000000e+03 5.794879999999999958e-47
1.655619999999999891e+03 5.795300000000000136e-47
1.655750000000000000e+03 5.795730000000000064e-47
1.655880000000000109e+03 5.796159999999999992e-47
1.656000000000000000e+03 5.796589999999999920e-47
1.656119999999999891e+03 5.797029999999999597e-47
1.656250000000000000e+03 5.797470000000000247e-47
1.656380000000000109e+03 5.797909999999999925e-47
1.656500000000000000e+03 5.798349999999999602e-47
1.656619999999999891e+03 5.798800000000000002e-47
1.656750000000000000e+03 5.799239999999999679e-47
1.656880000000000109e+03 5.799690000000000079e-47
1.657000000000000000e+03 5.800000000000000095e-47
1.657119999999999891e+03 5.800000000000000095e-47
1.657250000000000000e+03 5.799210000000000430e-47
1.657380000000000109e+03 5.798170000000000220e-47
1.657500000000000000e+03 5.797320000000000114e-47
1.657619999999999891e+03 5.797829999999999983e-47
1.657750000000000000e+03 5.798339999999999853e-47
1.657880000000000109e+03 5.798860000000000444e-47
1.658000000000000000e+03 5.799370000000000313e-47
1.658119999999999891e+03 5.799889999999999932e-47
1.658250000000000000e+03 5.800409999999999551e-47
1.658380000000000109e+03 5.800939999999999892e-47
1.658500000000000000e+03 5.801470000000000233e-47
1.658619999999999891e+03 5.801999999999999601e-47
1.658750000000000000e+03 5.802529999999999942e-47
1.658880000000000109e+03 5.803070000000000032e-47
1.659000000000000000e+03 5.803610000000000123e-47
1.659119999999999891e+03 5.804150000000000213e-47
1.659250000000000000e+03 5.804700000000000053e-47
1.659380000000000109e+03 5.805240000000000143e-47
1.659500000000000000e+03 5.805799999999999733e-47
1.659619999999999891e+03 5.806349999999999573e-47
1.659750000000000000e+03 5.806910000000000135e-47
1.659880000000000109e+03 5.807469999999999724e-47
1.660000000000000000e+03 5.808030000000000286e-47
1.660119999999999891e+03 5.808589999999999876e-47
1.660250000000000000e+03 5.809160000000000187e-47
1.660380000000000109e+03 5.809729999999999526e-47
1.660500000000000000e+03 5.810309999999999587e-47
1.660619999999999891e+03 5.810879999999999899e-47
1.660750000000000000e+03 5.811459999999999960e-47
1.660880000000000109e+03 5.812049999999999771e-47
1.661000000000000000e+03 5.812599999999999611e-47
1.661119999999999891e+03 5.813150000000000423e-47
1.661250000000000000e+03 5.813700000000000263e-47
1.661380000000000109e+03 5.814250000000000103e-47
1.661500000000000000e+03 5.814809999999999693e-47
1.661619999999999891e+03 5.815370000000000254e-47
1.661750000000000000e+03 5.815950000000000315e-47
1.661880000000000109e+03 5.816639999999999567e-47
1.662000000000000000e+03 5.817329999999999790e-47
1.662119999999999891e+03 5.818029999999999763e-47
1.662250000000000000e+03 5.818640000000000046e-47
1.662380000000000109e+03 5.819260000000000077e-47
1.662500000000000000e+03 5.819870000000000359e-47
1.662619999999999891e+03 5.820500000000000141e-47
1.662750000000000000e+03 5.821120000000000173e-47
1.662880000000000109e+03 5.821749999999999954e-47
1.663000000000000000e+03 5.822379999999999735e-47
1.663119999999999891e+03 5.823009999999999517e-47
1.663250000000000000e+03 5.823650000000000020e-47
1.663380000000000109e+03 5.824279999999999801e-47
1.663500000000000000e+03 5.824920000000000304e-47
1.663619999999999891e+03 5.825569999999999585e-47
1.663750000000000000e+03 5.826210000000000088e-47
1.663880000000000109e+03 5.826849999999999619e-47
1.664000000000000000e+03 5.827419999999999931e-47
1.664119999999999891e+03 5.827990000000000242e-47
1.664250000000000000e+03 5.828559999999999581e-47
1.664380000000000109e+03 5.829129999999999893e-47
1.664500000000000000e+03 5.829709999999999954e-47
1.664619999999999891e+03 5.830299999999999764e-47
1.664750000000000000e+03 5.830989999999999988e-47
1.664880000000000109e+03 5.831689999999999961e-47
1.665000000000000000e+03 5.832389999999999934e-47
1.665119999999999891e+03 5.833099999999999657e-47
1.665250000000000000e+03 5.833810000000000352e-47
1.665380000000000109e+03 5.834520000000000075e-47
1.665500000000000000e+03 5.835229999999999797e-47
1.665619999999999891e+03 5.835950000000000242e-47
1.665750000000000000e+03 5.836669999999999714e-47
1.665880000000000109e+03 5.837390000000000159e-47
1.666000000000000000e+03 5.838120000000000353e-47
1.666119999999999891e+03 5.838900000000000268e-47
1.666250000000000000e+03 5.839640000000000211e-47
1.666380000000000109e+03 5.840629999999999729e-47
1.666500000000000000e+03 5.841120000000000099e-47
1.666619999999999891e+03 5.841810000000000323e-47
1.666750000000000000e+03 5.842539999999999544e-47
1.666880000000000109e+03 5.843250000000000240e-47
1.667000000000000000e+03 5.843969999999999712e-47
1.667119999999999891e+03 5.844690000000000156e-47
1.667250000000000000e+03 5.845470000000000071e-47
1.667380000000000109e+03 5.846320000000000177e-47
1.667500000000000000e+03 5.847180000000000033e-47
1.667619999999999891e+03 5.848049999999999639e-47
1.667750000000000000e+03 5.848910000000000467e-47
1.667880000000000109e+03 5.849820000000000043e-47
1.668000000000000000e+03 5.850799999999999811e-47
1.668119999999999891e+03 5.851769999999999829e-47
1.668250000000000000e+03 5.852749999999999597e-47
1.668380000000000109e+03 5.853719999999999615e-47
1.668500000000000000e+03 5.854700000000000356e-47
1.668619999999999891e+03 5.855609999999999932e-47
1.668750000000000000e+03 5.856450000000000288e-47
1.668880000000000109e+03 5.857289999999999673e-47
1.669000000000000000e+03 5.858209999999999971e-47
1.669119999999999891e+03 5.859210000000000210e-47
1.669250000000000000e+03 5.860199999999999728e-47
1.669380000000000109e+03 5.861190000000000217e-47
1.669500000000000000e+03 5.862190000000000457e-47
1.669619999999999891e+03 5.863170000000000225e-47
1.669750000000000000e+03 5.864020000000000331e-47
1.669880000000000109e+03 5.864819999999999745e-47
1.670000000000000000e+03 5.865599999999999659e-47
1.670119999999999891e+03 5.866360000000000074e-47
1.670250000000000000e+03 5.867189999999999709e-47
1.670380000000000109e+03 5.868220000000000170e-47
1.670500000000000000e+03 5.869220000000000409e-47
1.670619999999999891e+03 5.870219999999999676e-47
1.670750000000000000e+03 5.871039999999999561e-47
1.670880000000000109e+03 5.871990000000000081e-47
1.671000000000000000e+03 5.873009999999999819e-47
1.671119999999999891e+03 5.874029999999999558e-47
1.671250000000000000e+03 5.875050000000000269e-47
1.671380000000000109e+03 5.875790000000000212e-47
1.671500000000000000e+03 5.876389999999999773e-47
1.671619999999999891e+03 5.876990000000000305e-47
1.671750000000000000e+03 5.877589999999999866e-47
1.671880000000000109e+03 5.878190000000000398e-47
1.672000000000000000e+03 5.878789999999999958e-47
1.672119999999999891e+03 5.879400000000000241e-47
1.672250000000000000e+03 5.880090000000000464e-47
1.672380000000000109e+03 5.881150000000000173e-47
1.672500000000000000e+03 5.884480000000000407e-47
1.672619999999999891e+03 5.883290000000000063e-47
1.672750000000000000e+03 5.884359999999999522e-47
1.672880000000000109e+03 5.885439999999999703e-47
1.673000000000000000e+03 5.886510000000000134e-47
1.673119999999999891e+03 5.887579999999999593e-47
1.673250000000000000e+03 5.888659999999999774e-47
1.673380000000000109e+03 5.889639999999999542e-47
1.673500000000000000e+03 5.890550000000000090e-47
1.673619999999999891e+03 5.891379999999999725e-47
1.673750000000000000e+03 5.892119999999999669e-47
1.673880000000000109e+03 5.892870000000000334e-47
1.674000000000000000e+03 5.893620000000000028e-47
1.674119999999999891e+03 5.894369999999999721e-47
1.674250000000000000e+03 5.895290000000000019e-47
1.674380000000000109e+03 5.896290000000000259e-47
1.674500000000000000e+03 5.897580000000000042e-47
1.674619999999999891e+03 5.898810000000000356e-47
1.674750000000000000e+03 5.899430000000000388e-47
1.674880000000000109e+03 5.900050000000000420e-47
1.675000000000000000e+03 5.900680000000000201e-47
1.675119999999999891e+03 5.901789999999999631e-47
1.675250000000000000e+03 5.903029999999999694e-47
1.675380000000000109e+03 5.904130000000000347e-47
1.675500000000000000e+03 5.905129999999999614e-47
1.675619999999999891e+03 5.906089999999999882e-47
1.675750000000000000e+03 5.906850000000000298e-47
1.675880000000000109e+03 5.907609999999999741e-47
1.676000000000000000e+03 5.908370000000000156e-47
1.676119999999999891e+03 5.909129999999999599e-47
1.676250000000000000e+03 5.909890000000000014e-47
1.676380000000000109e+03 5.910650000000000430e-47
1.676500000000000000e+03 5.911419999999999622e-47
1.676619999999999891e+03 5.912450000000000083e-47
1.676750000000000000e+03 5.913629999999999704e-47
1.676880000000000109e+03 5.914650000000000415e-47
1.677000000000000000e+03 5.915430000000000329e-47
1.677119999999999891e+03 5.916079999999999610e-47
1.677250000000000000e+03 5.916729999999999863e-47
1.677380000000000109e+03 5.917370000000000366e-47
1.677500000000000000e+03 5.918200000000000001e-47
1.677619999999999891e+03 5.918880000000000475e-47
1.677750000000000000e+03 5.919590000000000197e-47
1.677880000000000109e+03 5.920309999999999670e-47
1.678000000000000000e+03 5.921030000000000114e-47
1.678119999999999891e+03 5.921709999999999616e-47
1.678250000000000000e+03 5.922479999999999781e-47
1.678380000000000109e+03 5.923369999999999858e-47
1.678500000000000000e+03 5.924400000000000318e-47
1.678619999999999891e+03 5.925370000000000337e-47
1.678750000000000000e+03 5.926430000000000046e-47
1.678880000000000109e+03 5.927350000000000344e-47
1.679000000000000000e+03 5.928160000000000480e-47
1.679119999999999891e+03 5.928969999999999643e-47
1.679250000000000000e+03 5.929779999999999778e-47
1.679380000000000109e+03 5.930599999999999664e-47
1.679500000000000000e+03 5.931409999999999799e-47
1.679619999999999891e+03 5.932229999999999684e-47
1.679750000000000000e+03 5.933049999999999569e-47
1.679880000000000109e+03 5.933870000000000427e-47
1.680000000000000000e+03 5.934669999999999841e-47
1.680119999999999891e+03 5.935460000000000477e-47
1.680250000000000000e+03 5.936250000000000141e-47
1.680380000000000109e+03 5.937159999999999717e-47
1.680500000000000000e+03 5.937990000000000324e-47
1.680619999999999891e+03 5.938819999999999959e-47
1.680750000000000000e+03 5.939649999999999594e-47
1.680880000000000109e+03 5.940480000000000201e-47
1.681000000000000000e+03 5.941380000000000028e-47
1.681119999999999891e+03 5.942199999999999913e-47
1.681250000000000000e+03 5.943080000000000240e-47
1.681380000000000109e+03 5.944010000000000288e-47
1.681500000000000000e+03 5.944940000000000335e-47
1.681619999999999891e+03 5.945979999999999573e-47
1.681750000000000000e+03 5.947019999999999783e-47
1.681880000000000109e+03 5.948059999999999993e-47
1.682000000000000000e+03 5.949109999999999953e-47
1.682119999999999891e+03 5.950079999999999971e-47
1.682250000000000000e+03 5.951029999999999518e-47
1.682380000000000109e+03 5.951989999999999787e-47
1.682500000000000000e+03 5.952940000000000306e-47
1.682619999999999891e+03 5.953899999999999602e-47
1.682750000000000000e+03 5.954869999999999621e-47
1.682880000000000109e+03 5.955829999999999889e-47
1.683000000000000000e+03 5.956799999999999908e-47
1.683119999999999891e+03 5.957689999999999985e-47
1.683250000000000000e+03 5.958519999999999619e-47
1.683380000000000109e+03 5.959369999999999726e-47
1.683500000000000000e+03 5.960269999999999552e-47
1.683619999999999891e+03 5.961180000000000101e-47
1.683750000000000000e+03 5.962129999999999647e-47
1.683880000000000109e+03 5.963169999999999858e-47
1.684000000000000000e+03 5.964240000000000289e-47
1.684119999999999891e+03 5.965309999999999748e-47
1.684250000000000000e+03 5.966359999999999707e-47
1.684380000000000109e+03 5.967289999999999755e-47
1.684500000000000000e+03 5.968299999999999744e-47
1.684619999999999891e+03 5.969349999999999704e-47
1.684750000000000000e+03 5.970330000000000444e-47
1.684880000000000109e+03 5.971169999999999828e-47
1.685000000000000000e+03 5.972010000000000185e-47
1.685119999999999891e+03 5.972849999999999569e-47
1.685250000000000000e+03 5.973699999999999675e-47
1.685380000000000109e+03 5.974749999999999635e-47
1.685500000000000000e+03 5.975930000000000229e-47
1.685619999999999891e+03 5.977109999999999850e-47
1.685750000000000000e+03 5.978290000000000444e-47
1.685880000000000109e+03 5.979470000000000065e-47
1.686000000000000000e+03 5.980660000000000408e-47
1.686119999999999891e+03 5.981840000000000030e-47
1.686250000000000000e+03 5.983030000000000373e-47
1.686380000000000109e+03 5.984209999999999994e-47
1.686500000000000000e+03 5.985299999999999925e-47
1.686619999999999891e+03 5.986380000000000105e-47
1.686750000000000000e+03 5.987460000000000286e-47
1.686880000000000109e+03 5.988540000000000467e-47
1.687000000000000000e+03 5.989630000000000397e-47
1.687119999999999891e+03 5.990709999999999606e-47
1.687250000000000000e+03 5.991799999999999536e-47
1.687380000000000109e+03 5.992890000000000439e-47
1.687500000000000000e+03 5.993990000000000119e-47
1.687619999999999891e+03 5.995150000000000241e-47
1.687750000000000000e+03 5.996179999999999729e-47
1.687880000000000109e+03 6.001480000000000220e-47
1.688000000000000000e+03 6.007460000000000213e-47
1.688119999999999891e+03 6.008489999999999701e-47
1.688250000000000000e+03 6.009520000000000161e-47
1.688380000000000109e+03 6.010530000000000150e-47
1.688500000000000000e+03 6.011549999999999889e-47
1.688619999999999891e+03 6.012489999999999686e-47
1.688750000000000000e+03 6.013379999999999763e-47
1.688880000000000109e+03 6.014319999999999560e-47
1.689000000000000000e+03 6.015300000000000301e-47
1.689119999999999891e+03 6.015479999999999682e-47
1.689250000000000000e+03 6.015970000000000053e-47
1.689380000000000109e+03 6.011319999999999814e-47
1.689500000000000000e+03 6.011279999999999844e-47
1.689619999999999891e+03 6.012070000000000480e-47
1.689750000000000000e+03 6.012700000000000262e-47
1.689880000000000109e+03 6.013569999999999867e-47
1.690000000000000000e+03 6.014539999999999885e-47
1.690119999999999891e+03 6.015639999999999565e-47
1.690250000000000000e+03 6.016679999999999775e-47
1.690380000000000109e+03 6.017719999999999985e-47
1.690500000000000000e+03 6.018920000000000078e-47
1.690619999999999891e+03 6.020219999999999612e-47
1.690750000000000000e+03 6.021470000000000397e-47
1.690880000000000109e+03 6.022629999999999547e-47
1.691000000000000000e+03 6.023800000000000391e-47
1.691119999999999891e+03 6.024959999999999541e-47
1.691250000000000000e+03 6.026090000000000414e-47
1.691380000000000109e+03 6.027190000000000094e-47
1.691500000000000000e+03 6.028420000000000408e-47
1.691619999999999891e+03 6.029640000000000000e-47
1.691750000000000000e+03 6.031349999999999962e-47
1.691880000000000109e+03 6.032789999999999879e-47
1.692000000000000000e+03 6.033940000000000252e-47
1.692119999999999891e+03 6.035100000000000374e-47
1.692250000000000000e+03 6.036620000000000232e-47
1.692380000000000109e+03 6.037759999999999883e-47
1.692500000000000000e+03 6.038849999999999813e-47
1.692619999999999891e+03 6.039800000000000332e-47
1.692750000000000000e+03 6.041210000000000028e-47
1.692880000000000109e+03 6.042480000000000313e-47
1.693000000000000000e+03 6.043559999999999521e-47
1.693119999999999891e+03 6.044550000000000011e-47
1.693250000000000000e+03 6.045740000000000354e-47
1.693380000000000109e+03 6.046840000000000034e-47
1.693500000000000000e+03 6.047950000000000436e-47
1.693619999999999891e+03 6.048979999999999924e-47
1.693750000000000000e+03 6.049890000000000473e-47
1.693880000000000109e+03 6.051089999999999593e-47
1.694000000000000000e+03 6.053080000000000322e-47
1.694119999999999891e+03 6.054159999999999531e-47
1.694250000000000000e+03 6.054699999999999621e-47
1.694380000000000109e+03 6.055929999999999935e-47
1.694500000000000000e+03 6.057240000000000190e-47
1.694619999999999891e+03 6.058389999999999591e-47
1.694750000000000000e+03 6.059539999999999963e-47
1.694880000000000109e+03 6.060589999999999923e-47
1.695000000000000000e+03 6.061599999999999912e-47
1.695119999999999891e+03 6.062640000000000122e-47
1.695250000000000000e+03 6.063669999999999610e-47
1.695380000000000109e+03 6.064709999999999820e-47
1.695500000000000000e+03 6.065759999999999780e-47
1.695619999999999891e+03 6.066959999999999873e-47
1.695750000000000000e+03 6.068099999999999523e-47
1.695880000000000109e+03 6.069489999999999720e-47
1.696000000000000000e+03 6.070699999999999562e-47
1.696119999999999891e+03 6.071600000000000361e-47
1.696250000000000000e+03 6.072749999999999761e-47
1.696380000000000109e+03 6.074250000000000121e-47
1.696500000000000000e+03 6.075840000000000171e-47
1.696619999999999891e+03 6.077219999999999645e-47
1.696750000000000000e+03 6.078269999999999605e-47
1.696880000000000109e+03 6.079319999999999565e-47
1.697000000000000000e+03 6.080369999999999524e-47
1.697119999999999891e+03 6.081420000000000456e-47
1.697250000000000000e+03 6.082470000000000416e-47
1.697380000000000109e+03 6.083530000000000125e-47
1.697500000000000000e+03 6.084720000000000469e-47
1.697619999999999891e+03 6.085860000000000119e-47
1.697750000000000000e+03 6.087050000000000463e-47
1.697880000000000109e+03 6.088340000000000246e-47
1.698000000000000000e+03 6.089630000000000030e-47
1.698119999999999891e+03 6.090919999999999814e-47
1.698250000000000000e+03 6.092209999999999598e-47
1.698380000000000109e+03 6.093479999999999882e-47
1.698500000000000000e+03 6.094579999999999562e-47
1.698619999999999891e+03 6.096100000000000393e-47
1.698750000000000000e+03 6.097380000000000427e-47
1.698880000000000109e+03 6.098660000000000461e-47
1.699000000000000000e+03 6.099899999999999552e-47
1.699119999999999891e+03 6.101099999999999645e-47
1.699250000000000000e+03 6.102320000000000210e-47
1.699380000000000109e+03 6.103570000000000023e-47
1.699500000000000000e+03 6.104829999999999585e-47
1.699619999999999891e+03 6.106040000000000400e-47
1.699750000000000000e+03 6.107360000000000405e-47
1.699880000000000109e+03 6.108559999999999525e-47
1.700000000000000000e+03 6.109719999999999648e-47
1.700119999999999891e+03 6.110930000000000462e-47
1.700250000000000000e+03 6.112199999999999775e-47
1.700380000000000109e+03 6.113350000000000147e-47
1.700500000000000000e+03 6.114489999999999798e-47
1.700619999999999891e+03 6.115699999999999640e-47
1.700750000000000000e+03 6.116979999999999674e-47
1.700880000000000109e+03 6.117799999999999560e-47
1.701000000000000000e+03 6.119039999999999623e-47
1.701119999999999891e+03 6.120439999999999569e-47
1.701250000000000000e+03 6.121890000000000208e-47
1.701380000000000109e+03 6.123330000000000125e-47
1.701500000000000000e+03 6.124709999999999600e-47
1.701619999999999891e+03 6.126069999999999575e-47
1.701750000000000000e+03 6.127680000000000097e-47
1.701880000000000109e+03 6.129110000000000264e-47
1.702000000000000000e+03 6.130329999999999856e-47
1.702119999999999891e+03 6.131520000000000200e-47
1.702250000000000000e+03 6.133059999999999557e-47
1.702380000000000109e+03 6.134440000000000004e-47
1.702500000000000000e+03 6.135529999999999934e-47
1.702619999999999891e+03 6.136549999999999673e-47
1.702750000000000000e+03 6.137639999999999603e-47
1.702880000000000109e+03 6.138750000000000005e-47
1.703000000000000000e+03 6.139849999999999685e-47
1.703119999999999891e+03 6.141070000000000250e-47
1.703250000000000000e+03 6.142489999999999695e-47
1.703380000000000109e+03 6.143520000000000156e-47
1.703500000000000000e+03 6.144539999999999894e-47
1.703619999999999891e+03 6.145559999999999633e-47
1.703750000000000000e+03 6.146580000000000344e-47
1.703880000000000109e+03 6.147600000000000082e-47
1.704000000000000000e+03 6.148720000000000234e-47
1.704119999999999891e+03 6.149770000000000193e-47
1.704250000000000000e+03 6.150799999999999682e-47
1.704380000000000109e+03 6.151830000000000142e-47
1.704500000000000000e+03 6.153000000000000014e-47
1.704619999999999891e+03 6.154139999999999664e-47
1.704750000000000000e+03 6.155440000000000170e-47
1.704880000000000109e+03 6.156809999999999895e-47
1.705000000000000000e+03 6.158209999999999841e-47
1.705119999999999891e+03 6.159710000000000201e-47
1.705250000000000000e+03 6.161349999999999971e-47
1.705380000000000109e+03 6.162979999999999992e-47
1.705500000000000000e+03 6.164549999999999570e-47
1.705619999999999891e+03 6.166089999999999900e-47
1.705750000000000000e+03 6.167560000000000038e-47
1.705880000000000109e+03 6.169129999999999617e-47
1.706000000000000000e+03 6.170770000000000359e-47
1.706119999999999891e+03 6.172400000000000380e-47
1.706250000000000000e+03 6.174040000000000150e-47
1.706380000000000109e+03 6.175679999999999921e-47
1.706500000000000000e+03 6.177319999999999691e-47
1.706619999999999891e+03 6.178960000000000434e-47
1.706750000000000000e+03 6.180600000000000204e-47
1.706880000000000109e+03 6.181730000000000105e-47
1.707000000000000000e+03 6.182190000000000254e-47
1.707119999999999891e+03 6.182660000000000153e-47
1.707250000000000000e+03 6.183310000000000406e-47
1.707380000000000109e+03 6.184079999999999598e-47
1.707500000000000000e+03 6.185330000000000384e-47
1.707619999999999891e+03 6.186789999999999800e-47
1.707750000000000000e+03 6.188259999999999938e-47
1.707880000000000109e+03 6.189720000000000326e-47
1.708000000000000000e+03 6.191190000000000464e-47
1.708119999999999891e+03 6.192670000000000352e-47
1.708250000000000000e+03 6.194199999999999960e-47
1.708380000000000109e+03 6.195719999999999818e-47
1.708500000000000000e+03 6.197189999999999956e-47
1.708619999999999891e+03 6.198660000000000094e-47
1.708750000000000000e+03 6.200130000000000232e-47
1.708880000000000109e+03 6.201600000000000370e-47
1.709000000000000000e+03 6.203080000000000258e-47
1.709119999999999891e+03 6.204600000000000116e-47
1.709250000000000000e+03 6.205899999999999649e-47
1.709380000000000109e+03 6.207219999999999654e-47
1.709500000000000000e+03 6.208499999999999688e-47
1.709619999999999891e+03 6.209790000000000445e-47
1.709750000000000000e+03 6.211089999999999978e-47
1.709880000000000109e+03 6.212259999999999850e-47
1.710000000000000000e+03 6.213419999999999972e-47
1.710119999999999891e+03 6.214589999999999844e-47
1.710250000000000000e+03 6.215780000000000187e-47
1.710380000000000109e+03 6.216929999999999587e-47
1.710500000000000000e+03 6.218039999999999989e-47
1.710619999999999891e+03 6.219160000000000140e-47
1.710750000000000000e+03 6.220269999999999570e-47
1.710880000000000109e+03 6.221440000000000414e-47
1.711000000000000000e+03 6.222680000000000477e-47
1.711119999999999891e+03 6.224029999999999731e-47
1.711250000000000000e+03 6.225440000000000399e-47
1.711380000000000109e+03 6.226850000000000095e-47
1.711500000000000000e+03 6.228160000000000350e-47
1.711619999999999891e+03 6.229480000000000355e-47
1.711750000000000000e+03 6.230819999999999859e-47
1.711880000000000109e+03 6.232050000000000173e-47
1.712000000000000000e+03 6.233279999999999515e-47
1.712119999999999891e+03 6.234519999999999578e-47
1.712250000000000000e+03 6.235749999999999892e-47
1.712380000000000109e+03 6.236959999999999735e-47
1.712500000000000000e+03 6.238190000000000049e-47
1.712619999999999891e+03 6.239430000000000112e-47
1.712750000000000000e+03 6.240599999999999984e-47
1.712880000000000109e+03 6.241750000000000356e-47
1.713000000000000000e+03 6.243139999999999581e-47
1.713119999999999891e+03 6.244390000000000366e-47
1.713250000000000000e+03 6.245630000000000430e-47
1.713380000000000109e+03 6.246869999999999521e-47
1.713500000000000000e+03 6.248120000000000306e-47
1.713619999999999891e+03 6.249140000000000045e-47
1.713750000000000000e+03 6.250300000000000167e-47
1.713880000000000109e+03 6.251030000000000361e-47
1.714000000000000000e+03 6.251920000000000438e-47
1.714119999999999891e+03 6.253039999999999617e-47
1.714250000000000000e+03 6.253849999999999753e-47
1.714380000000000109e+03 6.254539999999999976e-47
1.714500000000000000e+03 6.255730000000000320e-47
1.714619999999999891e+03 6.258180000000000226e-47
1.714750000000000000e+03 6.260599999999999910e-47
1.714880000000000109e+03 6.259540000000000201e-47
1.715000000000000000e+03 6.260040000000000321e-47
1.715119999999999891e+03 6.260930000000000398e-47
1.715250000000000000e+03 6.261760000000000032e-47
1.715380000000000109e+03 6.262840000000000213e-47
1.715500000000000000e+03 6.263920000000000394e-47
1.715619999999999891e+03 6.264999999999999602e-47
1.715750000000000000e+03 6.266079999999999783e-47
1.715880000000000109e+03 6.267199999999999935e-47
1.716000000000000000e+03 6.268500000000000440e-47
1.716119999999999891e+03 6.268959999999999617e-47
1.716250000000000000e+03 6.269400000000000267e-47
1.716380000000000109e+03 6.269830000000000195e-47
1.716500000000000000e+03 6.270359999999999563e-47
1.716619999999999891e+03 6.270889999999999904e-47
1.716750000000000000e+03 6.271669999999999819e-47
1.716880000000000109e+03 6.272780000000000221e-47
1.717000000000000000e+03 6.273990000000000063e-47
1.717119999999999891e+03 6.274979999999999580e-47
1.717250000000000000e+03 6.275859999999999908e-47
1.717380000000000109e+03 6.277099999999999971e-47
1.717500000000000000e+03 6.277699999999999532e-47
1.717619999999999891e+03 6.278180000000000152e-47
1.717750000000000000e+03 6.278659999999999800e-47
1.717880000000000109e+03 6.279140000000000421e-47
1.718000000000000000e+03 6.280380000000000484e-47
1.718119999999999891e+03 6.281059999999999986e-47
1.718250000000000000e+03 6.282210000000000359e-47
1.718380000000000109e+03 6.283060000000000465e-47
1.718500000000000000e+03 6.283939999999999820e-47
1.718619999999999891e+03 6.284820000000000147e-47
1.718750000000000000e+03 6.285799999999999915e-47
1.718880000000000109e+03 6.287049999999999728e-47
1.719000000000000000e+03 6.288240000000000071e-47
1.719119999999999891e+03 6.289409999999999943e-47
1.719250000000000000e+03 6.290579999999999815e-47
1.719380000000000109e+03 6.291749999999999687e-47
1.719500000000000000e+03 6.292919999999999558e-47
1.719619999999999891e+03 6.294090000000000402e-47
1.719750000000000000e+03 6.295260000000000274e-47
1.719880000000000109e+03 6.296430000000000146e-47
1.720000000000000000e+03 6.297609999999999767e-47
1.720119999999999891e+03 6.298779999999999639e-47
1.720250000000000000e+03 6.299950000000000483e-47
1.720380000000000109e+03 6.301130000000000104e-47
1.720500000000000000e+03 6.302299999999999976e-47
1.720619999999999891e+03 6.303479999999999597e-47
1.720750000000000000e+03 6.304650000000000441e-47
1.720880000000000109e+03 6.305830000000000063e-47
1.721000000000000000e+03 6.307009999999999684e-47
1.721119999999999891e+03 6.308190000000000278e-47
1.721250000000000000e+03 6.309369999999999899e-47
1.721380000000000109e+03 6.310539999999999771e-47
1.721500000000000000e+03 6.311479999999999568e-47
1.721619999999999891e+03 6.312660000000000162e-47
1.721750000000000000e+03 6.313900000000000225e-47
1.721880000000000109e+03 6.315150000000000038e-47
1.722000000000000000e+03 6.316399999999999851e-47
1.722119999999999891e+03 6.317759999999999827e-47
1.722250000000000000e+03 6.319150000000000024e-47
1.722380000000000109e+03 6.320399999999999837e-47
1.722500000000000000e+03 6.321660000000000372e-47
1.722619999999999891e+03 6.322910000000000185e-47
1.722750000000000000e+03 6.324850000000000221e-47
1.722880000000000109e+03 6.325430000000000282e-47
1.723000000000000000e+03 6.326680000000000096e-47
1.723119999999999891e+03 6.327910000000000409e-47
1.723250000000000000e+03 6.328960000000000369e-47
1.723380000000000109e+03 6.330219999999999932e-47
1.723500000000000000e+03 6.331480000000000467e-47
1.723619999999999891e+03 6.332740000000000030e-47
1.723750000000000000e+03 6.333999999999999592e-47
1.723880000000000109e+03 6.335260000000000127e-47
1.724000000000000000e+03 6.336519999999999690e-47
1.724119999999999891e+03 6.337750000000000004e-47
1.724250000000000000e+03 6.338879999999999905e-47
1.724380000000000109e+03 6.340019999999999556e-47
1.724500000000000000e+03 6.341150000000000429e-47
1.724619999999999891e+03 6.342430000000000463e-47
1.724750000000000000e+03 6.344049999999999762e-47
1.724880000000000109e+03 6.345099999999999722e-47
1.725000000000000000e+03 6.346170000000000153e-47
1.725119999999999891e+03 6.347250000000000334e-47
1.725250000000000000e+03 6.348300000000000293e-47
1.725380000000000109e+03 6.349350000000000253e-47
1.725500000000000000e+03 6.350400000000000213e-47
1.725619999999999891e+03 6.351450000000000172e-47
1.725750000000000000e+03 6.352500000000000132e-47
1.725880000000000109e+03 6.353559999999999841e-47
1.726000000000000000e+03 6.354609999999999801e-47
1.726119999999999891e+03 6.355659999999999761e-47
1.726250000000000000e+03 6.356720000000000442e-47
1.726380000000000109e+03 6.357770000000000402e-47
1.726500000000000000e+03 6.358830000000000111e-47
1.726619999999999891e+03 6.359889999999999820e-47
1.726750000000000000e+03 6.360939999999999780e-47
1.726880000000000109e+03 6.364490000000000338e-47
1.727000000000000000e+03 6.382970000000000407e-47
1.727119999999999891e+03 6.395039999999999582e-47
1.727250000000000000e+03 6.391499999999999746e-47
1.727380000000000109e+03 6.378019999999999902e-47
1.727500000000000000e+03 6.368319999999999719e-47
1.727619999999999891e+03 6.369669999999999945e-47
1.727750000000000000e+03 6.370820000000000318e-47
1.727880000000000109e+03 6.371969999999999718e-47
1.728000000000000000e+03 6.373470000000000077e-47
1.728119999999999891e+03 6.375090000000000348e-47
1.728250000000000000e+03 6.376380000000000132e-47
1.728380000000000109e+03 6.377380000000000371e-47
1.728500000000000000e+03 6.378390000000000360e-47
1.728619999999999891e+03 6.379400000000000349e-47
1.728750000000000000e+03 6.380399999999999616e-47
1.728880000000000109e+03 6.381409999999999605e-47
1.729000000000000000e+03 6.382419999999999594e-47
1.729119999999999891e+03 6.383560000000000217e-47
1.729250000000000000e+03 6.384829999999999530e-47
1.729380000000000109e+03 6.386099999999999814e-47
1.729500000000000000e+03 6.387370000000000099e-47
1.729619999999999891e+03 6.388640000000000383e-47
1.729750000000000000e+03 6.389920000000000418e-47
1.729880000000000109e+03 6.391189999999999730e-47
1.730000000000000000e+03 6.392460000000000014e-47
1.730119999999999891e+03 6.393740000000000049e-47
1.730250000000000000e+03 6.403099999999999995e-47
1.730380000000000109e+03 6.396709999999999573e-47
1.730500000000000000e+03 6.398590000000000140e-47
1.730619999999999891e+03 6.400469999999999735e-47
1.730750000000000000e+03 6.402310000000000331e-47
1.730880000000000109e+03 6.404119999999999733e-47
1.731000000000000000e+03 6.406120000000000212e-47
1.731119999999999891e+03 6.408929999999999854e-47
1.731250000000000000e+03 6.409059999999999516e-47
1.731380000000000109e+03 6.410679999999999787e-47
1.731500000000000000e+03 6.412020000000000263e-47
1.731619999999999891e+03 6.413089999999999722e-47
1.731750000000000000e+03 6.414139999999999682e-47
1.731880000000000109e+03 6.415179999999999892e-47
1.732000000000000000e+03 6.416220000000000102e-47
1.732119999999999891e+03 6.417260000000000312e-47
1.732250000000000000e+03 6.418310000000000272e-47
1.732380000000000109e+03 6.419350000000000482e-47
1.732500000000000000e+03 6.420389999999999720e-47
1.732619999999999891e+03 6.421439999999999680e-47
1.732750000000000000e+03 6.422449999999999669e-47
1.732880000000000109e+03 6.423520000000000100e-47
1.733000000000000000e+03 6.424570000000000059e-47
1.733119999999999891e+03 6.425880000000000315e-47
1.733250000000000000e+03 6.427790000000000130e-47
1.733380000000000109e+03 6.428769999999999898e-47
1.733500000000000000e+03 6.430399999999999919e-47
1.733619999999999891e+03 6.432109999999999881e-47
1.733750000000000000e+03 6.433840000000000315e-47
1.733880000000000109e+03 6.435529999999999805e-47
1.734000000000000000e+03 6.437180000000000298e-47
1.734119999999999891e+03 6.438869999999999788e-47
1.734250000000000000e+03 6.440560000000000251e-47
1.734380000000000109e+03 6.442089999999999859e-47
1.734500000000000000e+03 6.443590000000000218e-47
1.734619999999999891e+03 6.445020000000000385e-47
1.734750000000000000e+03 6.446549999999999993e-47
1.734880000000000109e+03 6.448079999999999601e-47
1.735000000000000000e+03 6.449539999999999990e-47
1.735119999999999891e+03 6.450829999999999773e-47
1.735250000000000000e+03 6.452130000000000279e-47
1.735380000000000109e+03 6.454190000000000228e-47
1.735500000000000000e+03 6.455320000000000129e-47
1.735619999999999891e+03 6.456499999999999750e-47
1.735750000000000000e+03 6.457720000000000314e-47
1.735880000000000109e+03 6.459240000000000173e-47
1.736000000000000000e+03 6.460489999999999986e-47
1.736119999999999891e+03 6.461969999999999873e-47
1.736250000000000000e+03 6.463529999999999702e-47
1.736380000000000109e+03 6.465180000000000195e-47
1.736500000000000000e+03 6.466230000000000154e-47
1.736619999999999891e+03 6.467470000000000218e-47
1.736750000000000000e+03 6.468999999999999826e-47
1.736880000000000109e+03 6.470519999999999684e-47
1.737000000000000000e+03 6.471780000000000219e-47
1.737119999999999891e+03 6.472959999999999840e-47
1.737250000000000000e+03 6.474140000000000434e-47
1.737380000000000109e+03 6.475439999999999967e-47
1.737500000000000000e+03 6.476919999999999855e-47
1.737619999999999891e+03 6.478399999999999743e-47
1.737750000000000000e+03 6.479959999999999572e-47
1.737880000000000109e+03 6.481579999999999843e-47
1.738000000000000000e+03 6.482580000000000082e-47
1.738119999999999891e+03 6.483829999999999895e-47
1.738250000000000000e+03 6.485140000000000151e-47
1.738380000000000109e+03 6.486519999999999625e-47
1.738500000000000000e+03 6.487789999999999910e-47
1.738619999999999891e+03 6.488959999999999782e-47
1.738750000000000000e+03 6.490129999999999653e-47
1.738880000000000109e+03 6.491299999999999525e-47
1.739000000000000000e+03 6.492470000000000369e-47
1.739119999999999891e+03 6.493640000000000241e-47
1.739250000000000000e+03 6.494840000000000334e-47
1.739380000000000109e+03 6.496000000000000456e-47
1.739500000000000000e+03 6.497360000000000431e-47
1.739619999999999891e+03 6.498950000000000482e-47
1.739750000000000000e+03 6.500080000000000383e-47
1.739880000000000109e+03 6.501210000000000284e-47
1.740000000000000000e+03 6.502340000000000185e-47
1.740119999999999891e+03 6.503610000000000469e-47
1.740250000000000000e+03 6.504759999999999869e-47
1.740380000000000109e+03 6.506089999999999624e-47
1.740500000000000000e+03 6.508139999999999823e-47
1.740619999999999891e+03 6.509379999999999887e-47
1.740750000000000000e+03 6.510540000000000009e-47
1.740880000000000109e+03 6.511700000000000131e-47
1.741000000000000000e+03 6.513050000000000357e-47
1.741119999999999891e+03 6.514880000000000231e-47
1.741250000000000000e+03 6.516710000000000105e-47
1.741380000000000109e+03 6.518539999999999979e-47
1.741500000000000000e+03 6.520369999999999853e-47
1.741619999999999891e+03 6.522199999999999728e-47
1.741750000000000000e+03 6.524029999999999602e-47
1.741880000000000109e+03 6.525860000000000448e-47
1.742000000000000000e+03 6.527639999999999630e-47
1.742119999999999891e+03 6.529389999999999563e-47
1.742250000000000000e+03 6.530920000000000143e-47
1.742380000000000109e+03 6.532390000000000281e-47
1.742500000000000000e+03 6.533630000000000344e-47
1.742619999999999891e+03 6.534870000000000408e-47
1.742750000000000000e+03 6.536029999999999558e-47
1.742880000000000109e+03 6.537179999999999930e-47
1.743000000000000000e+03 6.538340000000000052e-47
1.743119999999999891e+03 6.539500000000000175e-47
1.743250000000000000e+03 6.540660000000000297e-47
1.743380000000000109e+03 6.541820000000000419e-47
1.743500000000000000e+03 6.542979999999999569e-47
1.743619999999999891e+03 6.544289999999999824e-47
1.743750000000000000e+03 6.545780000000000434e-47
1.743880000000000109e+03 6.547530000000000366e-47
1.744000000000000000e+03 6.549109999999999694e-47
1.744119999999999891e+03 6.550689999999999995e-47
1.744250000000000000e+03 6.552519999999999869e-47
1.744380000000000109e+03 6.554360000000000465e-47
1.744500000000000000e+03 6.555770000000000161e-47
1.744619999999999891e+03 6.557069999999999694e-47
1.744750000000000000e+03 6.558440000000000392e-47
1.744880000000000109e+03 6.559749999999999675e-47
1.745000000000000000e+03 6.561059999999999930e-47
1.745119999999999891e+03 6.562379999999999935e-47
1.745250000000000000e+03 6.563690000000000190e-47
1.745380000000000109e+03 6.565000000000000446e-47
1.745500000000000000e+03 6.566309999999999729e-47
1.745619999999999891e+03 6.567619999999999984e-47
1.745750000000000000e+03 6.568930000000000239e-47
1.745880000000000109e+03 6.570239999999999522e-47
1.746000000000000000e+03 6.571559999999999527e-47
1.746119999999999891e+03 6.572869999999999782e-47
1.746250000000000000e+03 6.574180000000000038e-47
1.746380000000000109e+03 6.575490000000000293e-47
1.746500000000000000e+03 6.576799999999999576e-47
1.746619999999999891e+03 6.578109999999999831e-47
1.746750000000000000e+03 6.579779999999999823e-47
1.746880000000000109e+03 6.580939999999999945e-47
1.747000000000000000e+03 6.582159999999999537e-47
1.747119999999999891e+03 6.583169999999999526e-47
1.747250000000000000e+03 6.584390000000000090e-47
1.747380000000000109e+03 6.585670000000000124e-47
1.747500000000000000e+03 6.586980000000000379e-47
1.747619999999999891e+03 6.588279999999999913e-47
1.747750000000000000e+03 6.589580000000000419e-47
1.747880000000000109e+03 6.590879999999999952e-47
1.748000000000000000e+03 6.593510000000000212e-47
1.748119999999999891e+03 6.601489999999999711e-47
1.748250000000000000e+03 6.599049999999999555e-47
1.748380000000000109e+03 6.595840000000000206e-47
1.748500000000000000e+03 6.597160000000000211e-47
1.748619999999999891e+03 6.598389999999999552e-47
1.748750000000000000e+03 6.599669999999999587e-47
1.748880000000000109e+03 6.600970000000000092e-47
1.749000000000000000e+03 6.602280000000000348e-47
1.749119999999999891e+03 6.603579999999999881e-47
1.749250000000000000e+03 6.604890000000000136e-47
1.749380000000000109e+03 6.606189999999999670e-47
1.749500000000000000e+03 6.607579999999999866e-47
1.749619999999999891e+03 6.609029999999999533e-47
1.749750000000000000e+03 6.610320000000000289e-47
1.749880000000000109e+03 6.611619999999999822e-47
1.750000000000000000e+03 6.612909999999999606e-47
1.750119999999999891e+03 6.614200000000000362e-47
1.750250000000000000e+03 6.615499999999999896e-47
1.750380000000000109e+03 6.616949999999999562e-47
1.750500000000000000e+03 6.618459999999999671e-47
1.750619999999999891e+03 6.626830000000000099e-47
1.750750000000000000e+03 6.621219999999999593e-47
1.750880000000000109e+03 6.622520000000000098e-47
1.751000000000000000e+03 6.623819999999999632e-47
1.751119999999999891e+03 6.625120000000000137e-47
1.751250000000000000e+03 6.626430000000000393e-47
1.751380000000000109e+03 6.627809999999999867e-47
1.751500000000000000e+03 6.629300000000000477e-47
1.751619999999999891e+03 6.630750000000000143e-47
1.751750000000000000e+03 6.631950000000000236e-47
1.751880000000000109e+03 6.633399999999999903e-47
1.752000000000000000e+03 6.634660000000000438e-47
1.752119999999999891e+03 6.635920000000000000e-47
1.752250000000000000e+03 6.637179999999999563e-47
1.752380000000000109e+03 6.638430000000000349e-47
1.752500000000000000e+03 6.639689999999999911e-47
1.752619999999999891e+03 6.640950000000000446e-47
1.752750000000000000e+03 6.642210000000000009e-47
1.752880000000000109e+03 6.643459999999999822e-47
1.753000000000000000e+03 6.644720000000000357e-47
1.753119999999999891e+03 6.645970000000000170e-47
1.753250000000000000e+03 6.647309999999999674e-47
1.753380000000000109e+03 6.648840000000000254e-47
1.753500000000000000e+03 6.650510000000000246e-47
1.753619999999999891e+03 6.651800000000000030e-47
1.753750000000000000e+03 6.653080000000000064e-47
1.753880000000000109e+03 6.654369999999999848e-47
1.754000000000000000e+03 6.655659999999999631e-47
1.754119999999999891e+03 6.658489999999999745e-47
1.754250000000000000e+03 6.659779999999999529e-47
1.754380000000000109e+03 6.660009999999999603e-47
1.754500000000000000e+03 6.661500000000000213e-47
1.754619999999999891e+03 6.663259999999999895e-47
1.754750000000000000e+03 6.664830000000000446e-47
1.754880000000000109e+03 6.666099999999999758e-47
1.755000000000000000e+03 6.667379999999999793e-47
1.755119999999999891e+03 6.668650000000000077e-47
1.755250000000000000e+03 6.669920000000000362e-47
1.755380000000000109e+03 6.671130000000000204e-47
1.755500000000000000e+03 6.672309999999999826e-47
1.755619999999999891e+03 6.673490000000000419e-47
1.755750000000000000e+03 6.674670000000000040e-47
1.755880000000000109e+03 6.676039999999999766e-47
1.756000000000000000e+03 6.677509999999999904e-47
1.756119999999999891e+03 6.678820000000000159e-47
1.756250000000000000e+03 6.680159999999999663e-47
1.756380000000000109e+03 6.681589999999999830e-47
1.756500000000000000e+03 6.683029999999999747e-47
1.756619999999999891e+03 6.684509999999999635e-47
1.756750000000000000e+03 6.686089999999999935e-47
1.756880000000000109e+03 6.687670000000000236e-47
1.757000000000000000e+03 6.689249999999999564e-47
1.757119999999999891e+03 6.690829999999999864e-47
1.757250000000000000e+03 6.692330000000000224e-47
1.757380000000000109e+03 6.693570000000000287e-47
1.757500000000000000e+03 6.695019999999999954e-47
1.757619999999999891e+03 6.696570000000000033e-47
1.757750000000000000e+03 6.698209999999999803e-47
1.757880000000000109e+03 6.699830000000000074e-47
1.758000000000000000e+03 6.701020000000000418e-47
1.758119999999999891e+03 6.701920000000000244e-47
1.758250000000000000e+03 6.703520000000000044e-47
1.758380000000000109e+03 6.705039999999999902e-47
1.758500000000000000e+03 6.706770000000000336e-47
1.758619999999999891e+03 6.708539999999999768e-47
1.758750000000000000e+03 6.710209999999999759e-47
1.758880000000000109e+03 6.712760000000000078e-47
1.759000000000000000e+03 6.714709999999999864e-47
1.759119999999999891e+03 6.716379999999999856e-47
1.759250000000000000e+03 6.717229999999999962e-47
1.759380000000000109e+03 6.718570000000000438e-47
1.759500000000000000e+03 6.718620000000000159e-47
1.759619999999999891e+03 6.719050000000000087e-47
1.759750000000000000e+03 6.719540000000000457e-47
1.759880000000000109e+03 6.720299999999999900e-47
1.760000000000000000e+03 6.721060000000000315e-47
1.760119999999999891e+03 6.721870000000000451e-47
1.760250000000000000e+03 6.723569999999999691e-47
1.760380000000000109e+03 6.725279999999999653e-47
1.760500000000000000e+03 6.727000000000000337e-47
1.760619999999999891e+03 6.728349999999999591e-47
1.760750000000000000e+03 6.729410000000000272e-47
1.760880000000000109e+03 6.730469999999999981e-47
1.761000000000000000e+03 6.733859999999999685e-47
1.761119999999999891e+03 6.733009999999999578e-47
1.761250000000000000e+03 6.734369999999999554e-47
1.761380000000000109e+03 6.735750000000000001e-47
1.761500000000000000e+03 6.736689999999999798e-47
1.761619999999999891e+03 6.737640000000000317e-47
1.761750000000000000e+03 6.738599999999999614e-47
1.761880000000000109e+03 6.739550000000000133e-47
1.762000000000000000e+03 6.746260000000000320e-47
1.762119999999999891e+03 6.741450000000000199e-47
1.762250000000000000e+03 6.742610000000000321e-47
1.762380000000000109e+03 6.744309999999999561e-47
1.762500000000000000e+03 6.747679999999999765e-47
1.762619999999999891e+03 6.747730000000000458e-47
1.762750000000000000e+03 6.749440000000000420e-47
1.762880000000000109e+03 6.751139999999999660e-47
1.763000000000000000e+03 6.752839999999999873e-47
1.763119999999999891e+03 6.754549999999999835e-47
1.763250000000000000e+03 6.756229999999999576e-47
1.763380000000000109e+03 6.757389999999999698e-47
1.763500000000000000e+03 6.758399999999999687e-47
1.763619999999999891e+03 6.759340000000000456e-47
1.763750000000000000e+03 6.760280000000000254e-47
1.763880000000000109e+03 6.761220000000000051e-47
1.764000000000000000e+03 6.762709999999999688e-47
1.764119999999999891e+03 6.763089999999999896e-47
1.764250000000000000e+03 6.764019999999999943e-47
1.764380000000000109e+03 6.764949999999999991e-47
1.764500000000000000e+03 6.765880000000000039e-47
1.764619999999999891e+03 6.766800000000000337e-47
1.764750000000000000e+03 6.767900000000000017e-47
1.764880000000000109e+03 6.769509999999999566e-47
1.765000000000000000e+03 6.771110000000000338e-47
1.765119999999999891e+03 6.772710000000000137e-47
1.765250000000000000e+03 6.774319999999999687e-47
1.765380000000000109e+03 6.775789999999999825e-47
1.765500000000000000e+03 6.777240000000000464e-47
1.765619999999999891e+03 6.778410000000000335e-47
1.765750000000000000e+03 6.780090000000000076e-47
1.765880000000000109e+03 6.781779999999999567e-47
1.766000000000000000e+03 6.783460000000000280e-47
1.766119999999999891e+03 6.785140000000000021e-47
1.766250000000000000e+03 6.786819999999999762e-47
1.766380000000000109e+03 6.788500000000000476e-47
1.766500000000000000e+03 6.789940000000000393e-47
1.766619999999999891e+03 6.791129999999999764e-47
1.766750000000000000e+03 6.792270000000000387e-47
1.766880000000000109e+03 6.793189999999999712e-47
1.767000000000000000e+03 6.793849999999999715e-47
1.767119999999999891e+03 6.794779999999999762e-47
1.767250000000000000e+03 6.796129999999999988e-47
1.767380000000000109e+03 6.797529999999999935e-47
1.767500000000000000e+03 6.798969999999999851e-47
1.767619999999999891e+03 6.800599999999999872e-47
1.767750000000000000e+03 6.801780000000000466e-47
1.767880000000000109e+03 6.802960000000000087e-47
1.768000000000000000e+03 6.804129999999999959e-47
1.768119999999999891e+03 6.805309999999999580e-47
1.768250000000000000e+03 6.806480000000000424e-47
1.768380000000000109e+03 6.807660000000000046e-47
1.768500000000000000e+03 6.808860000000000138e-47
1.768619999999999891e+03 6.810030000000000010e-47
1.768750000000000000e+03 6.811199999999999882e-47
1.768880000000000109e+03 6.812369999999999754e-47
1.769000000000000000e+03 6.813539999999999625e-47
1.769119999999999891e+03 6.814710000000000469e-47
1.769250000000000000e+03 6.815920000000000312e-47
1.769380000000000109e+03 6.817459999999999669e-47
1.769500000000000000e+03 6.818969999999999778e-47
1.769619999999999891e+03 6.820299999999999532e-47
1.769750000000000000e+03 6.821360000000000214e-47
1.769880000000000109e+03 6.822469999999999644e-47
1.770000000000000000e+03 6.823519999999999603e-47
1.770119999999999891e+03 6.824669999999999976e-47
1.770250000000000000e+03 6.825999999999999730e-47
1.770380000000000109e+03 6.827159999999999852e-47
1.770500000000000000e+03 6.828280000000000004e-47
1.770619999999999891e+03 6.829409999999999905e-47
1.770750000000000000e+03 6.830530000000000056e-47
1.770880000000000109e+03 6.831669999999999707e-47
1.771000000000000000e+03 6.833099999999999874e-47
1.771119999999999891e+03 6.834699999999999674e-47
1.771250000000000000e+03 6.836049999999999900e-47
1.771380000000000109e+03 6.837219999999999772e-47
1.771500000000000000e+03 6.838400000000000365e-47
1.771619999999999891e+03 6.839570000000000237e-47
1.771750000000000000e+03 6.840740000000000109e-47
1.771880000000000109e+03 6.841909999999999981e-47
1.772000000000000000e+03 6.843159999999999794e-47
1.772119999999999891e+03 6.844740000000000094e-47
1.772250000000000000e+03 6.846050000000000350e-47
1.772380000000000109e+03 6.847020000000000368e-47
1.772500000000000000e+03 6.848099999999999576e-47
1.772619999999999891e+03 6.849369999999999861e-47
1.772750000000000000e+03 6.850609999999999924e-47
1.772880000000000109e+03 6.852030000000000342e-47
1.773000000000000000e+03 6.853209999999999963e-47
1.773119999999999891e+03 6.854259999999999923e-47
1.773250000000000000e+03 6.855269999999999912e-47
1.773380000000000109e+03 6.856610000000000389e-47
1.773500000000000000e+03 6.858130000000000247e-47
1.773619999999999891e+03 6.859189999999999956e-47
1.773750000000000000e+03 6.860479999999999740e-47
1.773880000000000109e+03 6.861660000000000334e-47
1.774000000000000000e+03 6.862429999999999526e-47
1.774119999999999891e+03 6.863210000000000413e-47
1.774250000000000000e+03 6.865069999999999536e-47
1.774380000000000109e+03 6.870099999999999982e-47
1.774500000000000000e+03 6.866440000000000233e-47
1.774619999999999891e+03 6.867779999999999737e-47
1.774750000000000000e+03 6.869160000000000184e-47
1.774880000000000109e+03 6.870550000000000381e-47
1.775000000000000000e+03 6.871929999999999856e-47
1.775119999999999891e+03 6.873320000000000052e-47
1.775250000000000000e+03 6.874699999999999527e-47
1.775380000000000109e+03 6.876079999999999974e-47
1.775500000000000000e+03 6.877460000000000421e-47
1.775619999999999891e+03 6.878830000000000146e-47
1.775750000000000000e+03 6.880089999999999709e-47
1.775880000000000109e+03 6.881550000000000098e-47
1.776000000000000000e+03 6.882860000000000353e-47
1.776119999999999891e+03 6.883769999999999929e-47
1.776250000000000000e+03 6.884680000000000477e-47
1.776380000000000109e+03 6.885580000000000304e-47
1.776500000000000000e+03 6.886489999999999880e-47
1.776619999999999891e+03 6.887389999999999707e-47
1.776750000000000000e+03 6.888289999999999533e-47
1.776880000000000109e+03 6.889190000000000332e-47
1.777000000000000000e+03 6.890090000000000159e-47
1.777119999999999891e+03 6.890980000000000236e-47
1.777250000000000000e+03 6.891870000000000313e-47
1.777380000000000109e+03 6.892770000000000139e-47
1.777500000000000000e+03 6.893650000000000466e-47
1.777619999999999891e+03 6.894940000000000250e-47
1.777750000000000000e+03 6.896330000000000447e-47
1.777880000000000109e+03 6.897719999999999671e-47
1.778000000000000000e+03 6.899109999999999868e-47
1.778119999999999891e+03 6.900500000000000064e-47
1.778250000000000000e+03 6.901749999999999878e-47
1.778380000000000109e+03 6.902959999999999720e-47
1.778500000000000000e+03 6.904129999999999592e-47
1.778619999999999891e+03 6.905460000000000319e-47
1.778750000000000000e+03 6.906790000000000073e-47
1.778880000000000109e+03 6.908110000000000078e-47
1.779000000000000000e+03 6.909439999999999832e-47
1.779119999999999891e+03 6.910759999999999837e-47
1.779250000000000000e+03 6.912079999999999842e-47
1.779380000000000109e+03 6.913399999999999847e-47
1.779500000000000000e+03 6.914719999999999852e-47
1.779619999999999891e+03 6.915450000000000046e-47
1.779750000000000000e+03 6.916070000000000078e-47
1.779880000000000109e+03 6.917040000000000096e-47
1.780000000000000000e+03 6.917690000000000349e-47
1.780119999999999891e+03 6.918599999999999925e-47
1.780250000000000000e+03 6.919849999999999738e-47
1.780380000000000109e+03 6.921279999999999906e-47
1.780500000000000000e+03 6.922710000000000073e-47
1.780619999999999891e+03 6.924079999999999798e-47
1.780750000000000000e+03 6.925380000000000304e-47
1.780880000000000109e+03 6.926559999999999925e-47
1.781000000000000000e+03 6.927940000000000372e-47
1.781119999999999891e+03 6.929329999999999596e-47
1.781250000000000000e+03 6.930860000000000177e-47
1.781380000000000109e+03 6.931940000000000357e-47
1.781500000000000000e+03 6.932870000000000405e-47
1.781619999999999891e+03 6.933549999999999907e-47
1.781750000000000000e+03 6.934609999999999616e-47
1.781880000000000109e+03 6.935750000000000239e-47
1.782000000000000000e+03 6.936899999999999639e-47
1.782119999999999891e+03 6.938040000000000262e-47
1.782250000000000000e+03 6.939179999999999913e-47
1.782380000000000109e+03 6.940419999999999976e-47
1.782500000000000000e+03 6.941690000000000261e-47
1.782619999999999891e+03 6.942919999999999602e-47
1.782750000000000000e+03 6.944060000000000225e-47
1.782880000000000109e+03 6.945209999999999626e-47
1.783000000000000000e+03 6.946350000000000249e-47
1.783119999999999891e+03 6.947480000000000150e-47
1.783250000000000000e+03 6.948600000000000301e-47
1.783380000000000109e+03 6.949730000000000202e-47
1.783500000000000000e+03 6.950780000000000162e-47
1.783619999999999891e+03 6.951849999999999621e-47
1.783750000000000000e+03 6.952760000000000169e-47
1.783880000000000109e+03 6.954160000000000115e-47
1.784000000000000000e+03 6.955860000000000328e-47
1.784119999999999891e+03 6.957389999999999936e-47
1.784250000000000000e+03 6.958700000000000191e-47
1.784380000000000109e+03 6.960010000000000446e-47
1.784500000000000000e+03 6.961209999999999567e-47
1.784619999999999891e+03 6.962399999999999910e-47
1.784750000000000000e+03 6.963520000000000062e-47
1.784880000000000109e+03 6.964680000000000184e-47
1.785000000000000000e+03 6.966660000000000191e-47
1.785119999999999891e+03 6.968020000000000167e-47
1.785250000000000000e+03 6.969230000000000009e-47
1.785380000000000109e+03 6.970390000000000131e-47
1.785500000000000000e+03 6.970639999999999705e-47
1.785619999999999891e+03 6.969760000000000350e-47
1.785750000000000000e+03 6.970930000000000222e-47
1.785880000000000109e+03 6.972109999999999843e-47
1.786000000000000000e+03 6.973279999999999715e-47
1.786119999999999891e+03 6.974270000000000204e-47
1.786250000000000000e+03 6.975189999999999530e-47
1.786380000000000109e+03 6.976109999999999828e-47
1.786500000000000000e+03 6.977030000000000126e-47
1.786619999999999891e+03 6.978190000000000248e-47
1.786750000000000000e+03 6.979729999999999606e-47
1.786880000000000109e+03 6.981260000000000186e-47
1.787000000000000000e+03 6.982789999999999794e-47
1.787119999999999891e+03 6.984320000000000374e-47
1.787250000000000000e+03 6.985849999999999982e-47
1.787380000000000109e+03 6.987109999999999545e-47
1.787500000000000000e+03 6.988140000000000005e-47
1.787619999999999891e+03 6.989180000000000215e-47
1.787750000000000000e+03 6.990209999999999703e-47
1.787880000000000109e+03 6.991240000000000164e-47
1.788000000000000000e+03 6.992269999999999652e-47
1.788119999999999891e+03 6.993300000000000113e-47
1.788250000000000000e+03 6.994329999999999601e-47
1.788380000000000109e+03 6.995350000000000312e-47
1.788500000000000000e+03 6.996370000000000050e-47
1.788619999999999891e+03 6.997389999999999789e-47
1.788750000000000000e+03 6.998369999999999557e-47
1.788880000000000109e+03 6.999430000000000238e-47
1.789000000000000000e+03 7.000440000000000227e-47
1.789119999999999891e+03 7.001459999999999966e-47
1.789250000000000000e+03 7.002469999999999955e-47
1.789380000000000109e+03 7.003479999999999944e-47
1.789500000000000000e+03 7.004489999999999933e-47
1.789619999999999891e+03 7.005490000000000172e-47
1.789750000000000000e+03 7.006599999999999602e-47
1.789880000000000109e+03 7.007730000000000475e-47
1.790000000000000000e+03 7.008839999999999905e-47
1.790119999999999891e+03 7.009739999999999731e-47
1.790250000000000000e+03 7.010700000000000000e-47
1.790380000000000109e+03 7.011599999999999827e-47
1.790500000000000000e+03 7.012480000000000154e-47
1.790619999999999891e+03 7.013389999999999730e-47
1.790750000000000000e+03 7.014279999999999807e-47
1.790880000000000109e+03 7.015169999999999884e-47
1.791000000000000000e+03 7.016059999999999961e-47
1.791119999999999891e+03 7.016849999999999625e-47
1.791250000000000000e+03 7.017619999999999790e-47
1.791380000000000109e+03 7.018570000000000309e-47
1.791500000000000000e+03 7.019500000000000357e-47
1.791619999999999891e+03 7.020409999999999933e-47
1.791750000000000000e+03 7.021379999999999951e-47
1.791880000000000109e+03 7.022439999999999660e-47
1.792000000000000000e+03 7.024000000000000462e-47
1.792119999999999891e+03 7.024569999999999801e-47
1.792250000000000000e+03 7.025729999999999923e-47
1.792380000000000109e+03 7.026979999999999736e-47
1.792500000000000000e+03 7.027709999999999930e-47
1.792619999999999891e+03 7.028799999999999861e-47
1.792750000000000000e+03 7.029889999999999791e-47
1.792880000000000109e+03 7.030969999999999972e-47
1.793000000000000000e+03 7.031919999999999519e-47
1.793119999999999891e+03 7.032870000000000038e-47
1.793250000000000000e+03 7.033819999999999585e-47
1.793380000000000109e+03 7.034770000000000104e-47
1.793500000000000000e+03 7.035709999999999901e-47
1.793619999999999891e+03 7.036649999999999698e-47
1.793750000000000000e+03 7.037779999999999599e-47
1.793880000000000109e+03 7.038749999999999618e-47
1.794000000000000000e+03 7.039820000000000049e-47
1.794119999999999891e+03 7.041180000000000024e-47
1.794250000000000000e+03 7.041879999999999997e-47
1.794380000000000109e+03 7.042669999999999662e-47
1.794500000000000000e+03 7.043319999999999914e-47
1.794619999999999891e+03 7.044189999999999520e-47
1.794750000000000000e+03 7.045419999999999834e-47
1.794880000000000109e+03 7.046210000000000470e-47
1.795000000000000000e+03 7.047129999999999796e-47
1.795119999999999891e+03 7.048170000000000006e-47
1.795250000000000000e+03 7.051620000000000151e-47
1.795380000000000109e+03 7.050570000000000192e-47
1.795500000000000000e+03 7.051770000000000284e-47
1.795619999999999891e+03 7.052959999999999655e-47
1.795750000000000000e+03 7.054020000000000337e-47
1.795880000000000109e+03 7.055169999999999737e-47
1.796000000000000000e+03 7.056029999999999593e-47
1.796119999999999891e+03 7.056850000000000451e-47
1.796250000000000000e+03 7.058009999999999600e-47
1.796380000000000109e+03 7.059110000000000253e-47
1.796500000000000000e+03 7.059850000000000196e-47
1.796619999999999891e+03 7.060470000000000228e-47
1.796750000000000000e+03 7.061079999999999538e-47
1.796880000000000109e+03 7.061689999999999820e-47
1.797000000000000000e+03 7.062300000000000102e-47
1.797119999999999891e+03 7.062899999999999663e-47
1.797250000000000000e+03 7.063690000000000299e-47
1.797380000000000109e+03 7.064550000000000155e-47
1.797500000000000000e+03 7.065529999999999923e-47
1.797619999999999891e+03 7.066440000000000471e-47
1.797750000000000000e+03 7.067159999999999944e-47
1.797880000000000109e+03 7.067779999999999975e-47
1.798000000000000000e+03 7.068710000000000023e-47
1.798119999999999891e+03 7.069419999999999746e-47
1.798250000000000000e+03 7.070069999999999999e-47
1.798380000000000109e+03 7.071119999999999958e-47
1.798500000000000000e+03 7.071789999999999710e-47
1.798619999999999891e+03 7.072299999999999580e-47
1.798750000000000000e+03 7.072620000000000317e-47
1.798880000000000109e+03 7.072949999999999832e-47
1.799000000000000000e+03 7.073499999999999672e-47
1.799119999999999891e+03 7.074050000000000485e-47
1.799250000000000000e+03 7.074610000000000074e-47
1.799380000000000109e+03 7.075169999999999664e-47
1.799500000000000000e+03 7.075760000000000447e-47
1.799619999999999891e+03 7.076219999999999623e-47
1.799750000000000000e+03 7.076529999999999639e-47
1.799880000000000109e+03 7.077189999999999642e-47
1.800000000000000000e+03 7.077440000000000188e-47
1.800119999999999891e+03 7.077820000000000395e-47
1.800250000000000000e+03 7.078779999999999692e-47
1.800380000000000109e+03 7.079669999999999769e-47
1.800500000000000000e+03 7.080679999999999758e-47
1.800619999999999891e+03 7.081679999999999997e-47
1.800750000000000000e+03 7.082680000000000237e-47
1.800880000000000109e+03 7.083680000000000476e-47
1.801000000000000000e+03 7.084609999999999551e-47
1.801119999999999891e+03 7.085609999999999791e-47
1.801250000000000000e+03 7.086320000000000486e-47
1.801380000000000109e+03 7.087159999999999870e-47
1.801500000000000000e+03 7.087810000000000123e-47
1.801619999999999891e+03 7.088380000000000434e-47
1.801750000000000000e+03 7.088930000000000274e-47
1.801880000000000109e+03 7.089480000000000114e-47
1.802000000000000000e+03 7.089940000000000263e-47
1.802119999999999891e+03 7.090360000000000442e-47
1.802250000000000000e+03 7.090840000000000090e-47
1.802380000000000109e+03 7.091279999999999767e-47
1.802500000000000000e+03 7.091640000000000476e-47
1.802619999999999891e+03 7.091990000000000463e-47
1.802750000000000000e+03 7.092399999999999919e-47
1.802880000000000109e+03 7.092919999999999538e-47
1.803000000000000000e+03 7.093759999999999895e-47
1.803119999999999891e+03 7.094490000000000089e-47
1.803250000000000000e+03 7.095380000000000166e-47
1.803380000000000109e+03 7.096350000000000184e-47
1.803500000000000000e+03 7.097299999999999731e-47
1.803619999999999891e+03 7.097839999999999821e-47
1.803750000000000000e+03 7.098250000000000250e-47
1.803880000000000109e+03 7.098920000000000002e-47
1.804000000000000000e+03 7.099500000000000063e-47
1.804119999999999891e+03 7.100449999999999610e-47
1.804250000000000000e+03 7.101419999999999628e-47
1.804380000000000109e+03 7.102370000000000147e-47
1.804500000000000000e+03 7.103330000000000416e-47
1.804619999999999891e+03 7.103960000000000197e-47
1.804750000000000000e+03 7.104300000000000434e-47
1.804880000000000109e+03 7.104589999999999979e-47
1.805000000000000000e+03 7.104879999999999523e-47
1.805119999999999891e+03 7.105160000000000290e-47
1.805250000000000000e+03 7.105440000000000085e-47
1.805380000000000109e+03 7.105719999999999880e-47
1.805500000000000000e+03 7.106379999999999882e-47
1.805619999999999891e+03 7.107180000000000268e-47
1.805750000000000000e+03 7.107690000000000137e-47
1.805880000000000109e+03 7.108350000000000140e-47
1.806000000000000000e+03 7.109750000000000086e-47
1.806119999999999891e+03 7.110680000000000134e-47
1.806250000000000000e+03 7.111629999999999681e-47
1.806380000000000109e+03 7.112279999999999933e-47
1.806500000000000000e+03 7.112430000000000067e-47
1.806619999999999891e+03 7.113419999999999584e-47
1.806750000000000000e+03 7.114229999999999720e-47
1.806880000000000109e+03 7.114410000000000074e-47
1.807000000000000000e+03 7.114790000000000282e-47
1.807119999999999891e+03 7.115330000000000372e-47
1.807250000000000000e+03 7.115849999999999991e-47
1.807380000000000109e+03 7.116470000000000023e-47
1.807500000000000000e+03 7.117160000000000246e-47
1.807619999999999891e+03 7.117750000000000057e-47
1.807750000000000000e+03 7.118590000000000413e-47
1.807880000000000109e+03 7.118969999999999649e-47
1.808000000000000000e+03 7.119819999999999755e-47
1.808119999999999891e+03 7.120650000000000362e-47
1.808250000000000000e+03 7.121489999999999746e-47
1.808380000000000109e+03 7.122320000000000354e-47
1.808500000000000000e+03 7.122969999999999634e-47
1.808619999999999891e+03 7.123410000000000284e-47
1.808750000000000000e+03 7.124239999999999919e-47
1.808880000000000109e+03 7.125059999999999804e-47
1.809000000000000000e+03 7.125879999999999689e-47
1.809119999999999891e+03 7.126699999999999574e-47
1.809250000000000000e+03 7.127509999999999710e-47
1.809380000000000109e+03 7.128319999999999845e-47
1.809500000000000000e+03 7.128669999999999832e-47
1.809619999999999891e+03 7.128540000000000170e-47
1.809750000000000000e+03 7.128469999999999979e-47
1.809880000000000109e+03 7.128669999999999832e-47
1.810000000000000000e+03 7.128859999999999936e-47
1.810119999999999891e+03 7.129339999999999584e-47
1.810250000000000000e+03 7.129999999999999586e-47
1.810380000000000109e+03 7.130529999999999927e-47
1.810500000000000000e+03 7.130769999999999751e-47
1.810619999999999891e+03 7.130630000000000340e-47
1.810750000000000000e+03 7.130499999999999706e-47
1.810880000000000109e+03 7.130630000000000340e-47
1.811000000000000000e+03 7.130820000000000444e-47
1.811119999999999891e+03 7.130919999999999884e-47
1.811250000000000000e+03 7.131109999999999988e-47
1.811380000000000109e+03 7.131389999999999783e-47
1.811500000000000000e+03 7.131640000000000329e-47
1.811619999999999891e+03 7.131730000000000020e-47
1.811750000000000000e+03 7.132089999999999756e-47
1.811880000000000109e+03 7.132629999999999847e-47
1.812000000000000000e+03 7.132880000000000393e-47
1.812119999999999891e+03 7.132939999999999862e-47
1.812250000000000000e+03 7.133010000000000054e-47
1.812380000000000109e+03 7.133089999999999996e-47
1.812500000000000000e+03 7.133139999999999716e-47
1.812619999999999891e+03 7.133219999999999657e-47
1.812750000000000000e+03 7.133379999999999540e-47
1.812880000000000109e+03 7.133919999999999630e-47
1.813000000000000000e+03 7.134470000000000443e-47
1.813119999999999891e+03 7.135090000000000474e-47
1.813250000000000000e+03 7.135459999999999960e-47
1.813380000000000109e+03 7.135469999999999710e-47
1.813500000000000000e+03 7.135469999999999710e-47
1.813619999999999891e+03 7.135480000000000432e-47
1.813750000000000000e+03 7.135480000000000432e-47
1.813880000000000109e+03 7.135520000000000402e-47
1.814000000000000000e+03 7.135769999999999976e-47
1.814119999999999891e+03 7.136019999999999550e-47
1.814250000000000000e+03 7.136540000000000141e-47
1.814380000000000109e+03 7.137129999999999952e-47
1.814500000000000000e+03 7.137710000000000013e-47
1.814619999999999891e+03 7.138280000000000324e-47
1.814750000000000000e+03 7.138830000000000164e-47
1.814880000000000109e+03 7.139359999999999533e-47
1.815000000000000000e+03 7.139739999999999740e-47
1.815119999999999891e+03 7.139969999999999815e-47
1.815250000000000000e+03 7.140199999999999889e-47
1.815380000000000109e+03 7.140429999999999964e-47
1.815500000000000000e+03 7.140650000000000289e-47
1.815619999999999891e+03 7.140869999999999641e-47
1.815750000000000000e+03 7.141089999999999966e-47
1.815880000000000109e+03 7.141299999999999569e-47
1.816000000000000000e+03 7.141510000000000145e-47
1.816119999999999891e+03 7.141719999999999748e-47
1.816250000000000000e+03 7.141959999999999572e-47
1.816380000000000109e+03 7.142370000000000000e-47
1.816500000000000000e+03 7.142780000000000429e-47
1.816619999999999891e+03 7.143090000000000445e-47
1.816750000000000000e+03 7.143140000000000165e-47
1.816880000000000109e+03 7.143400000000000461e-47
1.817000000000000000e+03 7.143579999999999843e-47
1.817119999999999891e+03 7.143659999999999784e-47
1.817250000000000000e+03 7.143739999999999726e-47
1.817380000000000109e+03 7.143830000000000389e-47
1.817500000000000000e+03 7.143899999999999608e-47
1.817619999999999891e+03 7.144129999999999683e-47
1.817750000000000000e+03 7.144270000000000066e-47
1.817880000000000109e+03 7.144380000000000229e-47
1.818000000000000000e+03 7.144620000000000053e-47
1.818119999999999891e+03 7.144439999999999699e-47
1.818250000000000000e+03 7.144589999999999832e-47
1.818380000000000109e+03 7.144540000000000112e-47
1.818500000000000000e+03 7.144580000000000082e-47
1.818619999999999891e+03 7.144840000000000378e-47
1.818750000000000000e+03 7.145010000000000010e-47
1.818880000000000109e+03 7.145350000000000247e-47
1.819000000000000000e+03 7.145810000000000396e-47
1.819119999999999891e+03 7.146269999999999573e-47
1.819250000000000000e+03 7.146309999999999544e-47
1.819380000000000109e+03 7.146309999999999544e-47
1.819500000000000000e+03 7.146489999999999898e-47
1.819619999999999891e+03 7.146430000000000428e-47
1.819750000000000000e+03 7.146430000000000428e-47
1.819880000000000109e+03 7.146520000000000119e-47
1.820000000000000000e+03 7.146750000000000193e-47
1.820119999999999891e+03 7.147189999999999871e-47
1.820250000000000000e+03 7.147429999999999695e-47
1.820380000000000109e+03 7.147689999999999991e-47
1.820500000000000000e+03 7.147530000000000108e-47
1.820619999999999891e+03 7.147370000000000225e-47
1.820750000000000000e+03 7.147330000000000254e-47
1.820880000000000109e+03 7.147610000000000049e-47
1.821000000000000000e+03 7.147920000000000065e-47
1.821119999999999891e+03 7.148340000000000243e-47
1.821250000000000000e+03 7.148819999999999892e-47
1.821380000000000109e+03 7.149369999999999732e-47
1.821500000000000000e+03 7.149679999999999748e-47
1.821619999999999891e+03 7.150430000000000413e-47
1.821750000000000000e+03 7.150830000000000120e-47
1.821880000000000109e+03 7.150489999999999883e-47
1.822000000000000000e+03 7.150139999999999897e-47
1.822119999999999891e+03 7.150170000000000118e-47
1.822250000000000000e+03 7.150830000000000120e-47
1.822380000000000109e+03 7.153230000000000306e-47
1.822500000000000000e+03 7.153590000000000042e-47
1.822619999999999891e+03 7.153900000000000058e-47
1.822750000000000000e+03 7.154360000000000207e-47
1.822880000000000109e+03 7.154929999999999546e-47
1.823000000000000000e+03 7.155239999999999562e-47
1.823119999999999891e+03 7.155459999999999887e-47
1.823250000000000000e+03 7.155429999999999666e-47
1.823380000000000109e+03 7.155729999999999932e-47
1.823500000000000000e+03 7.155720000000000182e-47
1.823619999999999891e+03 7.155680000000000212e-47
1.823750000000000000e+03 7.155649999999999991e-47
1.823880000000000109e+03 7.155699999999999711e-47
1.824000000000000000e+03 7.155939999999999535e-47
1.824119999999999891e+03 7.156020000000000449e-47
1.824250000000000000e+03 7.155640000000000241e-47
1.824380000000000109e+03 7.155429999999999666e-47
1.824500000000000000e+03 7.155480000000000358e-47
1.824619999999999891e+03 7.155459999999999887e-47
1.824750000000000000e+03 7.155389999999999695e-47
1.824880000000000109e+03 7.155320000000000476e-47
1.825000000000000000e+03 7.155250000000000284e-47
1.825119999999999891e+03 7.155170000000000342e-47
1.825250000000000000e+03 7.155079999999999679e-47
1.825380000000000109e+03 7.155130000000000372e-47
1.825500000000000000e+03 7.155389999999999695e-47
1.825619999999999891e+03 7.155589999999999548e-47
1.825750000000000000e+03 7.155980000000000478e-47
1.825880000000000109e+03 7.156260000000000273e-47
1.826000000000000000e+03 7.156519999999999596e-47
1.826119999999999891e+03 7.156599999999999537e-47
1.826250000000000000e+03 7.156490000000000347e-47
1.826380000000000109e+03 7.156150000000000110e-47
1.826500000000000000e+03 7.155659999999999740e-47
1.826619999999999891e+03 7.155560000000000300e-47
1.826750000000000000e+03 7.155699999999999711e-47
1.826880000000000109e+03 7.155840000000000094e-47
1.827000000000000000e+03 7.156039999999999948e-47
1.827119999999999891e+03 7.156209999999999580e-47
1.827250000000000000e+03 7.156209999999999580e-47
1.827380000000000109e+03 7.156100000000000390e-47
1.827500000000000000e+03 7.156319999999999743e-47
1.827619999999999891e+03 7.156370000000000435e-47
1.827750000000000000e+03 7.156230000000000052e-47
1.827880000000000109e+03 7.156389999999999934e-47
1.828000000000000000e+03 7.156559999999999567e-47
1.828119999999999891e+03 7.156850000000000083e-47
1.828250000000000000e+03 7.157139999999999628e-47
1.828380000000000109e+03 7.156960000000000246e-47
1.828500000000000000e+03 7.156969999999999995e-47
1.828619999999999891e+03 7.156859999999999833e-47
1.828750000000000000e+03 7.156730000000000171e-47
1.828880000000000109e+03 7.156460000000000126e-47
1.829000000000000000e+03 7.156180000000000331e-47
1.829119999999999891e+03 7.156030000000000198e-47
1.829250000000000000e+03 7.156349999999999964e-47
1.829380000000000109e+03 7.156359999999999713e-47
1.829500000000000000e+03 7.155880000000000065e-47
1.829619999999999891e+03 7.155800000000000124e-47
1.829750000000000000e+03 7.155739999999999682e-47
1.829880000000000109e+03 7.155779999999999652e-47
1.830000000000000000e+03 9.999999999999999293e-41
1.830119999999999891e+03 9.999999999999999293e-41
1.830250000000000000e+03 9.999999999999999293e-41
1.830380000000000109e+03 9.999999999999999293e-41
1.830500000000000000e+03 9.999999999999999293e-41
1.830619999999999891e+03 9.999999999999999293e-41
1.830750000000000000e+03 9.999999999999999293e-41
1.830880000000000109e+03 9.999999999999999293e-41
1.831000000000000000e+03 9.999999999999999293e-41
1.831119999999999891e+03 9.999999999999999293e-41
1.831250000000000000e+03 9.999999999999999293e-41
1.831380000000000109e+03 9.999999999999999293e-41
1.831500000000000000e+03 9.999999999999999293e-41
1.831619999999999891e+03 9.999999999999999293e-41
1.831750000000000000e+03 9.999999999999999293e-41
1.831880000000000109e+03 9.999999999999999293e-41
1.832000000000000000e+03 9.999999999999999293e-41
1.832119999999999891e+03 9.999999999999999293e-41
1.832250000000000000e+03 9.999999999999999293e-41
1.832380000000000109e+03 9.999999999999999293e-41
1.832500000000000000e+03 9.999999999999999293e-41
1.832619999999999891e+03 9.999999999999999293e-41
1.832750000000000000e+03 9.999999999999999293e-41
1.832880000000000109e+03 9.999999999999999293e-41
1.833000000000000000e+03 9.999999999999999293e-41
1.833119999999999891e+03 9.999999999999999293e-41
1.833250000000000000e+03 9.999999999999999293e-41
1.833380000000000109e+03 9.999999999999999293e-41
1.833500000000000000e+03 9.999999999999999293e-41
1.833619999999999891e+03 9.999999999999999293e-41
1.833750000000000000e+03 9.999999999999999293e-41
1.833880000000000109e+03 9.999999999999999293e-41
1.834000000000000000e+03 9.999999999999999293e-41
1.834119999999999891e+03 9.999999999999999293e-41
1.834250000000000000e+03 9.999999999999999293e-41
1.834380000000000109e+03 9.999999999999999293e-41
1.834500000000000000e+03 9.999999999999999293e-41
1.834619999999999891e+03 9.999999999999999293e-41
1.834750000000000000e+03 9.999999999999999293e-41
1.834880000000000109e+03 9.999999999999999293e-41
1.835000000000000000e+03 9.999999999999999293e-41
1.835119999999999891e+03 9.999999999999999293e-41
1.835250000000000000e+03 9.999999999999999293e-41
1.835380000000000109e+03 9.999999999999999293e-41
1.835500000000000000e+03 9.999999999999999293e-41
1.835619999999999891e+03 9.999999999999999293e-41
1.835750000000000000e+03 9.999999999999999293e-41
1.835880000000000109e+03 9.999999999999999293e-41
1.836000000000000000e+03 9.999999999999999293e-41
1.836119999999999891e+03 9.999999999999999293e-41
1.836250000000000000e+03 9.999999999999999293e-41
1.836380000000000109e+03 9.999999999999999293e-41
1.836500000000000000e+03 9.999999999999999293e-41
1.836619999999999891e+03 9.999999999999999293e-41
1.836750000000000000e+03 9.999999999999999293e-41
1.836880000000000109e+03 9.999999999999999293e-41
1.837000000000000000e+03 9.999999999999999293e-41
1.837119999999999891e+03 9.999999999999999293e-41
1.837250000000000000e+03 9.999999999999999293e-41
1.837380000000000109e+03 9.999999999999999293e-41
1.837500000000000000e+03 9.999999999999999293e-41
1.837619999999999891e+03 9.999999999999999293e-41
1.837750000000000000e+03 9.999999999999999293e-41
1.837880000000000109e+03 9.999999999999999293e-41
1.838000000000000000e+03 9.999999999999999293e-41
1.838119999999999891e+03 9.999999999999999293e-41
1.838250000000000000e+03 9.999999999999999293e-41
1.838380000000000109e+03 9.999999999999999293e-41
1.838500000000000000e+03 9.999999999999999293e-41
1.838619999999999891e+03 9.999999999999999293e-41
1.838750000000000000e+03 9.999999999999999293e-41
1.838880000000000109e+03 9.999999999999999293e-41
1.839000000000000000e+03 9.999999999999999293e-41
1.839119999999999891e+03 9.999999999999999293e-41
1.839250000000000000e+03 9.999999999999999293e-41
1.839380000000000109e+03 9.999999999999999293e-41
1.839500000000000000e+03 9.999999999999999293e-41
1.839619999999999891e+03 9.999999999999999293e-41
1.839750000000000000e+03 9.999999999999999293e-41
1.839880000000000109e+03 9.999999999999999293e-41
1.840000000000000000e+03 9.999999999999999293e-41
1.840119999999999891e+03 9.999999999999999293e-41
1.840250000000000000e+03 9.999999999999999293e-41
1.840380000000000109e+03 9.999999999999999293e-41
1.840500000000000000e+03 9.999999999999999293e-41
1.840619999999999891e+03 9.999999999999999293e-41
1.840750000000000000e+03 9.999999999999999293e-41
1.840880000000000109e+03 9.999999999999999293e-41
1.841000000000000000e+03 9.999999999999999293e-41
1.841119999999999891e+03 9.999999999999999293e-41
1.841250000000000000e+03 9.999999999999999293e-41
1.841380000000000109e+03 9.999999999999999293e-41
1.841500000000000000e+03 9.999999999999999293e-41
1.841619999999999891e+03 9.999999999999999293e-41
1.841750000000000000e+03 9.999999999999999293e-41
1.841880000000000109e+03 9.999999999999999293e-41
1.842000000000000000e+03 9.999999999999999293e-41
1.842119999999999891e+03 9.999999999999999293e-41
1.842250000000000000e+03 9.999999999999999293e-41
1.842380000000000109e+03 9.999999999999999293e-41
1.842500000000000000e+03 9.999999999999999293e-41
1.842619999999999891e+03 9.999999999999999293e-41
1.842750000000000000e+03 9.999999999999999293e-41
1.842880000000000109e+03 9.999999999999999293e-41
1.843000000000000000e+03 9.999999999999999293e-41
1.843119999999999891e+03 9.999999999999999293e-41
1.843250000000000000e+03 9.999999999999999293e-41
1.843380000000000109e+03 9.999999999999999293e-41
1.843500000000000000e+03 9.999999999999999293e-41
1.843619999999999891e+03 9.999999999999999293e-41
1.843750000000000000e+03 9.999999999999999293e-41
1.843880000000000109e+03 9.999999999999999293e-41
1.844000000000000000e+03 9.999999999999999293e-41
1.844119999999999891e+03 9.999999999999999293e-41
1.844250000000000000e+03 9.999999999999999293e-41
1.844380000000000109e+03 9.999999999999999293e-41
1.844500000000000000e+03 9.999999999999999293e-41
1.844619999999999891e+03 9.999999999999999293e-41
1.844750000000000000e+03 9.999999999999999293e-41
1.844880000000000109e+03 9.999999999999999293e-41
1.845000000000000000e+03 9.999999999999999293e-41
1.845119999999999891e+03 9.999999999999999293e-41
1.845250000000000000e+03 9.999999999999999293e-41
1.845380000000000109e+03 9.999999999999999293e-41
1.845500000000000000e+03 9.999999999999999293e-41
1.845619999999999891e+03 9.999999999999999293e-41
1.845750000000000000e+03 9.999999999999999293e-41
1.845880000000000109e+03 9.999999999999999293e-41
1.846000000000000000e+03 9.999999999999999293e-41
1.846119999999999891e+03 9.999999999999999293e-41
1.846250000000000000e+03 9.999999999999999293e-41
1.846380000000000109e+03 9.999999999999999293e-41
1.846500000000000000e+03 9.999999999999999293e-41
1.846619999999999891e+03 9.999999999999999293e-41
1.846750000000000000e+03 9.999999999999999293e-41
1.846880000000000109e+03 9.999999999999999293e-41
1.847000000000000000e+03 9.999999999999999293e-41
1.847119999999999891e+03 9.999999999999999293e-41
1.847250000000000000e+03 9.999999999999999293e-41
1.847380000000000109e+03 9.999999999999999293e-41
1.847500000000000000e+03 9.999999999999999293e-41
1.847619999999999891e+03 9.999999999999999293e-41
1.847750000000000000e+03 9.999999999999999293e-41
1.847880000000000109e+03 9.999999999999999293e-41
1.848000000000000000e+03 9.999999999999999293e-41
1.848119999999999891e+03 9.999999999999999293e-41
1.848250000000000000e+03 9.999999999999999293e-41
1.848380000000000109e+03 9.999999999999999293e-41
1.848500000000000000e+03 9.999999999999999293e-41
1.848619999999999891e+03 9.999999999999999293e-41
1.848750000000000000e+03 9.999999999999999293e-41
1.848880000000000109e+03 9.999999999999999293e-41
1.849000000000000000e+03 9.999999999999999293e-41
1.849119999999999891e+03 9.999999999999999293e-41
1.849250000000000000e+03 9.999999999999999293e-41
1.849380000000000109e+03 9.999999999999999293e-41
1.849500000000000000e+03 9.999999999999999293e-41
1.849619999999999891e+03 9.999999999999999293e-41
1.849750000000000000e+03 9.999999999999999293e-41
1.849880000000000109e+03 9.999999999999999293e-41
1.850000000000000000e+03 9.999999999999999293e-41
1.850119999999999891e+03 9.999999999999999293e-41
1.850250000000000000e+03 9.999999999999999293e-41
1.850380000000000109e+03 9.999999999999999293e-41
1.850500000000000000e+03 9.999999999999999293e-41
1.850619999999999891e+03 9.999999999999999293e-41
1.850750000000000000e+03 9.999999999999999293e-41
1.850880000000000109e+03 9.999999999999999293e-41
1.851000000000000000e+03 9.999999999999999293e-41
1.851119999999999891e+03 9.999999999999999293e-41
1.851250000000000000e+03 9.999999999999999293e-41
1.851380000000000109e+03 9.999999999999999293e-41
1.851500000000000000e+03 9.999999999999999293e-41
1.851619999999999891e+03 9.999999999999999293e-41
1.851750000000000000e+03 9.999999999999999293e-41
1.851880000000000109e+03 9.999999999999999293e-41
1.852000000000000000e+03 9.999999999999999293e-41
1.852119999999999891e+03 9.999999999999999293e-41
1.852250000000000000e+03 9.999999999999999293e-41
1.852380000000000109e+03 9.999999999999999293e-41
1.852500000000000000e+03 9.999999999999999293e-41
1.852619999999999891e+03 9.999999999999999293e-41
1.852750000000000000e+03 9.999999999999999293e-41
1.852880000000000109e+03 9.999999999999999293e-41
1.853000000000000000e+03 9.999999999999999293e-41
1.853119999999999891e+03 9.999999999999999293e-41
1.853250000000000000e+03 9.999999999999999293e-41
1.853380000000000109e+03 9.999999999999999293e-41
1.853500000000000000e+03 9.999999999999999293e-41
1.853619999999999891e+03 9.999999999999999293e-41
1.853750000000000000e+03 9.999999999999999293e-41
1.853880000000000109e+03 9.999999999999999293e-41
1.854000000000000000e+03 9.999999999999999293e-41
1.854119999999999891e+03 9.999999999999999293e-41
1.854250000000000000e+03 9.999999999999999293e-41
1.854380000000000109e+03 9.999999999999999293e-41
1.854500000000000000e+03 9.999999999999999293e-41
1.854619999999999891e+03 9.999999999999999293e-41
1.854750000000000000e+03 9.999999999999999293e-41
1.854880000000000109e+03 9.999999999999999293e-41
1.855000000000000000e+03 9.999999999999999293e-41
1.855119999999999891e+03 9.999999999999999293e-41
1.855250000000000000e+03 9.999999999999999293e-41
1.855380000000000109e+03 9.999999999999999293e-41
1.855500000000000000e+03 9.999999999999999293e-41
1.855619999999999891e+03 9.999999999999999293e-41
1.855750000000000000e+03 9.999999999999999293e-41
1.855880000000000109e+03 9.999999999999999293e-41
1.856000000000000000e+03 9.999999999999999293e-41
1.856119999999999891e+03 9.999999999999999293e-41
1.856250000000000000e+03 9.999999999999999293e-41
1.856380000000000109e+03 9.999999999999999293e-41
1.856500000000000000e+03 9.999999999999999293e-41
1.856619999999999891e+03 9.999999999999999293e-41
1.856750000000000000e+03 9.999999999999999293e-41
1.856880000000000109e+03 9.999999999999999293e-41
1.857000000000000000e+03 9.999999999999999293e-41
1.857119999999999891e+03 9.999999999999999293e-41
1.857250000000000000e+03 9.999999999999999293e-41
1.857380000000000109e+03 9.999999999999999293e-41
1.857500000000000000e+03 9.999999999999999293e-41
1.857619999999999891e+03 9.999999999999999293e-41
1.857750000000000000e+03 9.999999999999999293e-41
1.857880000000000109e+03 9.999999999999999293e-41
1.858000000000000000e+03 9.999999999999999293e-41
1.858119999999999891e+03 9.999999999999999293e-41
1.858250000000000000e+03 9.999999999999999293e-41
1.858380000000000109e+03 9.999999999999999293e-41
1.858500000000000000e+03 9.999999999999999293e-41
1.858619999999999891e+03 9.999999999999999293e-41
1.858750000000000000e+03 9.999999999999999293e-41
1.858880000000000109e+03 9.999999999999999293e-41
1.859000000000000000e+03 9.999999999999999293e-41
1.859119999999999891e+03 9.999999999999999293e-41
1.859250000000000000e+03 9.999999999999999293e-41
1.859380000000000109e+03 9.999999999999999293e-41
1.859500000000000000e+03 9.999999999999999293e-41
1.859619999999999891e+03 9.999999999999999293e-41
1.859750000000000000e+03 9.999999999999999293e-41
1.859880000000000109e+03 9.999999999999999293e-41
1.860000000000000000e+03 9.999999999999999293e-41
1.860119999999999891e+03 9.999999999999999293e-41
1.860250000000000000e+03 9.999999999999999293e-41
1.860380000000000109e+03 9.999999999999999293e-41
1.860500000000000000e+03 9.999999999999999293e-41
1.860619999999999891e+03 9.999999999999999293e-41
1.860750000000000000e+03 9.999999999999999293e-41
1.860880000000000109e+03 9.999999999999999293e-41
1.861000000000000000e+03 9.999999999999999293e-41
1.861119999999999891e+03 9.999999999999999293e-41
1.861250000000000000e+03 9.999999999999999293e-41
1.861380000000000109e+03 9.999999999999999293e-41
1.861500000000000000e+03 9.999999999999999293e-41
1.861619999999999891e+03 9.999999999999999293e-41
1.861750000000000000e+03 9.999999999999999293e-41
1.861880000000000109e+03 9.999999999999999293e-41
1.862000000000000000e+03 9.999999999999999293e-41
1.862119999999999891e+03 9.999999999999999293e-41
1.862250000000000000e+03 9.999999999999999293e-41
1.862380000000000109e+03 9.999999999999999293e-41
1.862500000000000000e+03 9.999999999999999293e-41
1.862619999999999891e+03 9.999999999999999293e-41
1.862750000000000000e+03 9.999999999999999293e-41
1.862880000000000109e+03 9.999999999999999293e-41
1.863000000000000000e+03 9.999999999999999293e-41
1.863119999999999891e+03 9.999999999999999293e-41
1.863250000000000000e+03 9.999999999999999293e-41
1.863380000000000109e+03 9.999999999999999293e-41
1.863500000000000000e+03 9.999999999999999293e-41
1.863619999999999891e+03 9.999999999999999293e-41
1.863750000000000000e+03 9.999999999999999293e-41
1.863880000000000109e+03 9.999999999999999293e-41
1.864000000000000000e+03 9.999999999999999293e-41
1.864119999999999891e+03 9.999999999999999293e-41
1.864250000000000000e+03 9.999999999999999293e-41
1.864380000000000109e+03 9.999999999999999293e-41
1.864500000000000000e+03 9.999999999999999293e-41
1.864619999999999891e+03 9.999999999999999293e-41
1.864750000000000000e+03 9.999999999999999293e-41
1.864880000000000109e+03 9.999999999999999293e-41
1.865000000000000000e+03 9.999999999999999293e-41
1.865119999999999891e+03 9.999999999999999293e-41
1.865250000000000000e+03 9.999999999999999293e-41
1.865380000000000109e+03 9.999999999999999293e-41
1.865500000000000000e+03 9.999999999999999293e-41
1.865619999999999891e+03 9.999999999999999293e-41
1.865750000000000000e+03 9.999999999999999293e-41
1.865880000000000109e+03 9.999999999999999293e-41
1.866000000000000000e+03 9.999999999999999293e-41
1.866119999999999891e+03 9.999999999999999293e-41
1.866250000000000000e+03 9.999999999999999293e-41
1.866380000000000109e+03 9.999999999999999293e-41
1.866500000000000000e+03 9.999999999999999293e-41
1.866619999999999891e+03 9.999999999999999293e-41
1.866750000000000000e+03 9.999999999999999293e-41
1.866880000000000109e+03 9.999999999999999293e-41
1.867000000000000000e+03 9.999999999999999293e-41
1.867119999999999891e+03 9.999999999999999293e-41
1.867250000000000000e+03 9.999999999999999293e-41
1.867380000000000109e+03 9.999999999999999293e-41
1.867500000000000000e+03 9.999999999999999293e-41
1.867619999999999891e+03 9.999999999999999293e-41
1.867750000000000000e+03 9.999999999999999293e-41
1.867880000000000109e+03 9.999999999999999293e-41
1.868000000000000000e+03 9.999999999999999293e-41
1.868119999999999891e+03 9.999999999999999293e-41
1.868250000000000000e+03 9.999999999999999293e-41
1.868380000000000109e+03 9.999999999999999293e-41
1.868500000000000000e+03 9.999999999999999293e-41
1.868619999999999891e+03 9.999999999999999293e-41
1.868750000000000000e+03 9.999999999999999293e-41
1.868880000000000109e+03 9.999999999999999293e-41
1.869000000000000000e+03 9.999999999999999293e-41
1.869119999999999891e+03 9.999999999999999293e-41
1.869250000000000000e+03 9.999999999999999293e-41
1.869380000000000109e+03 9.999999999999999293e-41
1.869500000000000000e+03 9.999999999999999293e-41
1.869619999999999891e+03 9.999999999999999293e-41
1.869750000000000000e+03 9.999999999999999293e-41
1.869880000000000109e+03 9.999999999999999293e-41
1.870000000000000000e+03 9.999999999999999293e-41
1.870119999999999891e+03 9.999999999999999293e-41
1.870250000000000000e+03 9.999999999999999293e-41
1.870380000000000109e+03 9.999999999999999293e-41
1.870500000000000000e+03 9.999999999999999293e-41
1.870619999999999891e+03 9.999999999999999293e-41
1.870750000000000000e+03 9.999999999999999293e-41
1.870880000000000109e+03 9.999999999999999293e-41
1.871000000000000000e+03 9.999999999999999293e-41
1.871119999999999891e+03 9.999999999999999293e-41
1.871250000000000000e+03 9.999999999999999293e-41
1.871380000000000109e+03 9.999999999999999293e-41
1.871500000000000000e+03 9.999999999999999293e-41
1.871619999999999891e+03 9.999999999999999293e-41
1.871750000000000000e+03 9.999999999999999293e-41
1.871880000000000109e+03 9.999999999999999293e-41
1.872000000000000000e+03 9.999999999999999293e-41
1.872119999999999891e+03 9.999999999999999293e-41
1.872250000000000000e+03 9.999999999999999293e-41
1.872380000000000109e+03 9.999999999999999293e-41
1.872500000000000000e+03 9.999999999999999293e-41
1.872619999999999891e+03 9.999999999999999293e-41
1.872750000000000000e+03 9.999999999999999293e-41
1.872880000000000109e+03 9.999999999999999293e-41
1.873000000000000000e+03 9.999999999999999293e-41
1.873119999999999891e+03 9.999999999999999293e-41
1.873250000000000000e+03 9.999999999999999293e-41
1.873380000000000109e+03 9.999999999999999293e-41
1.873500000000000000e+03 9.999999999999999293e-41
1.873619999999999891e+03 9.999999999999999293e-41
1.873750000000000000e+03 9.999999999999999293e-41
1.873880000000000109e+03 9.999999999999999293e-41
1.874000000000000000e+03 9.999999999999999293e-41
1.874119999999999891e+03 9.999999999999999293e-41
1.874250000000000000e+03 9.999999999999999293e-41
1.874380000000000109e+03 9.999999999999999293e-41
1.874500000000000000e+03 9.999999999999999293e-41
1.874619999999999891e+03 9.999999999999999293e-41
1.874750000000000000e+03 9.999999999999999293e-41
1.874880000000000109e+03 9.999999999999999293e-41
1.875000000000000000e+03 9.999999999999999293e-41
1.875119999999999891e+03 9.999999999999999293e-41
1.875250000000000000e+03 9.999999999999999293e-41
1.875380000000000109e+03 9.999999999999999293e-41
1.875500000000000000e+03 9.999999999999999293e-41
1.875619999999999891e+03 9.999999999999999293e-41
1.875750000000000000e+03 9.999999999999999293e-41
1.875880000000000109e+03 9.999999999999999293e-41
1.876000000000000000e+03 9.999999999999999293e-41
1.876119999999999891e+03 9.999999999999999293e-41
1.876250000000000000e+03 9.999999999999999293e-41
1.876380000000000109e+03 9.999999999999999293e-41
1.876500000000000000e+03 9.999999999999999293e-41
1.876619999999999891e+03 9.999999999999999293e-41
1.876750000000000000e+03 9.999999999999999293e-41
1.876880000000000109e+03 9.999999999999999293e-41
1.877000000000000000e+03 9.999999999999999293e-41
1.877119999999999891e+03 9.999999999999999293e-41
1.877250000000000000e+03 9.999999999999999293e-41
1.877380000000000109e+03 9.999999999999999293e-41
1.877500000000000000e+03 9.999999999999999293e-41
1.877619999999999891e+03 9.999999999999999293e-41
1.877750000000000000e+03 9.999999999999999293e-41
1.877880000000000109e+03 9.999999999999999293e-41
1.878000000000000000e+03 9.999999999999999293e-41
1.878119999999999891e+03 9.999999999999999293e-41
1.878250000000000000e+03 9.999999999999999293e-41
1.878380000000000109e+03 9.999999999999999293e-41
1.878500000000000000e+03 9.999999999999999293e-41
1.878619999999999891e+03 9.999999999999999293e-41
1.878750000000000000e+03 9.999999999999999293e-41
1.878880000000000109e+03 9.999999999999999293e-41
1.879000000000000000e+03 9.999999999999999293e-41
1.879119999999999891e+03 9.999999999999999293e-41
1.879250000000000000e+03 9.999999999999999293e-41
1.879380000000000109e+03 9.999999999999999293e-41
1.879500000000000000e+03 9.999999999999999293e-41
1.879619999999999891e+03 9.999999999999999293e-41
1.879750000000000000e+03 9.999999999999999293e-41
1.879880000000000109e+03 9.999999999999999293e-41
1.880000000000000000e+03 9.999999999999999293e-41
1.880119999999999891e+03 9.999999999999999293e-41
1.880250000000000000e+03 9.999999999999999293e-41
1.880380000000000109e+03 9.999999999999999293e-41
1.880500000000000000e+03 9.999999999999999293e-41
1.880619999999999891e+03 9.999999999999999293e-41
1.880750000000000000e+03 9.999999999999999293e-41
1.880880000000000109e+03 9.999999999999999293e-41
1.881000000000000000e+03 9.999999999999999293e-41
1.881119999999999891e+03 9.999999999999999293e-41
1.881250000000000000e+03 9.999999999999999293e-41
1.881380000000000109e+03 9.999999999999999293e-41
1.881500000000000000e+03 9.999999999999999293e-41
1.881619999999999891e+03 9.999999999999999293e-41
1.881750000000000000e+03 9.999999999999999293e-41
1.881880000000000109e+03 9.999999999999999293e-41
1.882000000000000000e+03 9.999999999999999293e-41
1.882119999999999891e+03 9.999999999999999293e-41
1.882250000000000000e+03 9.999999999999999293e-41
1.882380000000000109e+03 9.999999999999999293e-41
1.882500000000000000e+03 9.999999999999999293e-41
1.882619999999999891e+03 9.999999999999999293e-41
1.882750000000000000e+03 9.999999999999999293e-41
1.882880000000000109e+03 9.999999999999999293e-41
1.883000000000000000e+03 9.999999999999999293e-41
1.883119999999999891e+03 9.999999999999999293e-41
1.883250000000000000e+03 9.999999999999999293e-41
1.883380000000000109e+03 9.999999999999999293e-41
1.883500000000000000e+03 9.999999999999999293e-41
1.883619999999999891e+03 9.999999999999999293e-41
1.883750000000000000e+03 9.999999999999999293e-41
1.883880000000000109e+03 9.999999999999999293e-41
1.884000000000000000e+03 9.999999999999999293e-41
1.884119999999999891e+03 9.999999999999999293e-41
1.884250000000000000e+03 9.999999999999999293e-41
1.884380000000000109e+03 9.999999999999999293e-41
1.884500000000000000e+03 9.999999999999999293e-41
1.884619999999999891e+03 9.999999999999999293e-41
1.884750000000000000e+03 9.999999999999999293e-41
1.884880000000000109e+03 9.999999999999999293e-41
1.885000000000000000e+03 9.999999999999999293e-41
1.885119999999999891e+03 9.999999999999999293e-41
1.885250000000000000e+03 9.999999999999999293e-41
1.885380000000000109e+03 9.999999999999999293e-41
1.885500000000000000e+03 9.999999999999999293e-41
1.885619999999999891e+03 9.999999999999999293e-41
1.885750000000000000e+03 9.999999999999999293e-41
1.885880000000000109e+03 9.999999999999999293e-41
1.886000000000000000e+03 9.999999999999999293e-41
1.886119999999999891e+03 9.999999999999999293e-41
1.886250000000000000e+03 9.999999999999999293e-41
1.886380000000000109e+03 9.999999999999999293e-41
1.886500000000000000e+03 9.999999999999999293e-41
1.886619999999999891e+03 9.999999999999999293e-41
1.886750000000000000e+03 9.999999999999999293e-41
1.886880000000000109e+03 9.999999999999999293e-41
1.887000000000000000e+03 9.999999999999999293e-41
1.887119999999999891e+03 9.999999999999999293e-41
1.887250000000000000e+03 9.999999999999999293e-41
1.887380000000000109e+03 9.999999999999999293e-41
1.887500000000000000e+03 9.999999999999999293e-41
1.887619999999999891e+03 9.999999999999999293e-41
1.887750000000000000e+03 9.999999999999999293e-41
1.887880000000000109e+03 9.999999999999999293e-41
1.888000000000000000e+03 9.999999999999999293e-41
1.888119999999999891e+03 9.999999999999999293e-41
1.888250000000000000e+03 9.999999999999999293e-41
1.888380000000000109e+03 9.999999999999999293e-41
1.888500000000000000e+03 9.999999999999999293e-41
1.888619999999999891e+03 9.999999999999999293e-41
1.888750000000000000e+03 9.999999999999999293e-41
1.888880000000000109e+03 9.999999999999999293e-41
1.889000000000000000e+03 9.999999999999999293e-41
1.889119999999999891e+03 9.999999999999999293e-41
1.889250000000000000e+03 9.999999999999999293e-41
1.889380000000000109e+03 9.999999999999999293e-41
1.889500000000000000e+03 9.999999999999999293e-41
1.889619999999999891e+03 9.999999999999999293e-41
1.889750000000000000e+03 9.999999999999999293e-41
1.889880000000000109e+03 9.999999999999999293e-41
1.890000000000000000e+03 9.999999999999999293e-41
1.890119999999999891e+03 9.999999999999999293e-41
1.890250000000000000e+03 9.999999999999999293e-41
1.890380000000000109e+03 9.999999999999999293e-41
1.890500000000000000e+03 9.999999999999999293e-41
1.890619999999999891e+03 9.999999999999999293e-41
1.890750000000000000e+03 9.999999999999999293e-41
1.890880000000000109e+03 9.999999999999999293e-41
1.891000000000000000e+03 9.999999999999999293e-41
1.891119999999999891e+03 9.999999999999999293e-41
1.891250000000000000e+03 9.999999999999999293e-41
1.891380000000000109e+03 9.999999999999999293e-41
1.891500000000000000e+03 9.999999999999999293e-41
1.891619999999999891e+03 9.999999999999999293e-41
1.891750000000000000e+03 9.999999999999999293e-41
1.891880000000000109e+03 9.999999999999999293e-41
1.892000000000000000e+03 9.999999999999999293e-41
1.892119999999999891e+03 9.999999999999999293e-41
1.892250000000000000e+03 9.999999999999999293e-41
1.892380000000000109e+03 9.999999999999999293e-41
1.892500000000000000e+03 9.999999999999999293e-41
1.892619999999999891e+03 9.999999999999999293e-41
1.892750000000000000e+03 9.999999999999999293e-41
1.892880000000000109e+03 9.999999999999999293e-41
1.893000000000000000e+03 9.999999999999999293e-41
1.893119999999999891e+03 9.999999999999999293e-41
1.893250000000000000e+03 9.999999999999999293e-41
1.893380000000000109e+03 9.999999999999999293e-41
1.893500000000000000e+03 9.999999999999999293e-41
1.893619999999999891e+03 9.999999999999999293e-41
1.893750000000000000e+03 9.999999999999999293e-41
1.893880000000000109e+03 9.999999999999999293e-41
1.894000000000000000e+03 9.999999999999999293e-41
1.894119999999999891e+03 9.999999999999999293e-41
1.894250000000000000e+03 9.999999999999999293e-41
1.894380000000000109e+03 9.999999999999999293e-41
1.894500000000000000e+03 9.999999999999999293e-41
1.894619999999999891e+03 9.999999999999999293e-41
1.894750000000000000e+03 9.999999999999999293e-41
1.894880000000000109e+03 9.999999999999999293e-41
1.895000000000000000e+03 9.999999999999999293e-41
1.895119999999999891e+03 9.999999999999999293e-41
1.895250000000000000e+03 9.999999999999999293e-41
1.895380000000000109e+03 9.999999999999999293e-41
1.895500000000000000e+03 9.999999999999999293e-41
1.895619999999999891e+03 9.999999999999999293e-41
1.895750000000000000e+03 9.999999999999999293e-41
1.895880000000000109e+03 9.999999999999999293e-41
1.896000000000000000e+03 9.999999999999999293e-41
1.896119999999999891e+03 9.999999999999999293e-41
1.896250000000000000e+03 9.999999999999999293e-41
1.896380000000000109e+03 9.999999999999999293e-41
1.896500000000000000e+03 9.999999999999999293e-41
1.896619999999999891e+03 9.999999999999999293e-41
1.896750000000000000e+03 9.999999999999999293e-41
1.896880000000000109e+03 9.999999999999999293e-41
1.897000000000000000e+03 9.999999999999999293e-41
1.897119999999999891e+03 9.999999999999999293e-41
1.897250000000000000e+03 9.999999999999999293e-41
1.897380000000000109e+03 9.999999999999999293e-41
1.897500000000000000e+03 9.999999999999999293e-41
1.897619999999999891e+03 9.999999999999999293e-41
1.897750000000000000e+03 9.999999999999999293e-41
1.897880000000000109e+03 9.999999999999999293e-41
1.898000000000000000e+03 9.999999999999999293e-41
1.898119999999999891e+03 9.999999999999999293e-41
1.898250000000000000e+03 9.999999999999999293e-41
1.898380000000000109e+03 9.999999999999999293e-41
1.898500000000000000e+03 9.999999999999999293e-41
1.898619999999999891e+03 9.999999999999999293e-41
1.898750000000000000e+03 9.999999999999999293e-41
1.898880000000000109e+03 9.999999999999999293e-41
1.899000000000000000e+03 9.999999999999999293e-41
1.899119999999999891e+03 9.999999999999999293e-41
1.899250000000000000e+03 9.999999999999999293e-41
1.899380000000000109e+03 9.999999999999999293e-41
1.899500000000000000e+03 9.999999999999999293e-41
1.899619999999999891e+03 9.999999999999999293e-41
1.899750000000000000e+03 9.999999999999999293e-41
1.899880000000000109e+03 9.999999999999999293e-41
1.900000000000000000e+03 9.999999999999999293e-41
1.900119999999999891e+03 9.999999999999999293e-41
1.900250000000000000e+03 9.999999999999999293e-41
1.900380000000000109e+03 9.999999999999999293e-41
1.900500000000000000e+03 9.999999999999999293e-41
1.900619999999999891e+03 9.999999999999999293e-41
1.900750000000000000e+03 9.999999999999999293e-41
1.900880000000000109e+03 9.999999999999999293e-41
1.901000000000000000e+03 9.999999999999999293e-41
1.901119999999999891e+03 9.999999999999999293e-41
1.901250000000000000e+03 9.999999999999999293e-41
1.901380000000000109e+03 9.999999999999999293e-41
1.901500000000000000e+03 9.999999999999999293e-41
1.901619999999999891e+03 9.999999999999999293e-41
1.901750000000000000e+03 9.999999999999999293e-41
1.901880000000000109e+03 9.999999999999999293e-41
1.902000000000000000e+03 9.999999999999999293e-41
1.902119999999999891e+03 9.999999999999999293e-41
1.902250000000000000e+03 9.999999999999999293e-41
1.902380000000000109e+03 9.999999999999999293e-41
1.902500000000000000e+03 9.999999999999999293e-41
1.902619999999999891e+03 9.999999999999999293e-41
1.902750000000000000e+03 9.999999999999999293e-41
1.902880000000000109e+03 9.999999999999999293e-41
1.903000000000000000e+03 9.999999999999999293e-41
1.903119999999999891e+03 9.999999999999999293e-41
1.903250000000000000e+03 9.999999999999999293e-41
1.903380000000000109e+03 9.999999999999999293e-41
1.903500000000000000e+03 9.999999999999999293e-41
1.903619999999999891e+03 9.999999999999999293e-41
1.903750000000000000e+03 9.999999999999999293e-41
1.903880000000000109e+03 9.999999999999999293e-41
1.904000000000000000e+03 9.999999999999999293e-41
1.904119999999999891e+03 9.999999999999999293e-41
1.904250000000000000e+03 9.999999999999999293e-41
1.904380000000000109e+03 9.999999999999999293e-41
1.904500000000000000e+03 9.999999999999999293e-41
1.904619999999999891e+03 9.999999999999999293e-41
1.904750000000000000e+03 9.999999999999999293e-41
1.904880000000000109e+03 9.999999999999999293e-41
1.905000000000000000e+03 9.999999999999999293e-41
1.905119999999999891e+03 9.999999999999999293e-41
1.905250000000000000e+03 9.999999999999999293e-41
1.905380000000000109e+03 9.999999999999999293e-41
1.905500000000000000e+03 9.999999999999999293e-41
1.905619999999999891e+03 9.999999999999999293e-41
1.905750000000000000e+03 9.999999999999999293e-41
1.905880000000000109e+03 9.999999999999999293e-41
1.906000000000000000e+03 9.999999999999999293e-41
1.906119999999999891e+03 9.999999999999999293e-41
1.906250000000000000e+03 9.999999999999999293e-41
1.906380000000000109e+03 9.999999999999999293e-41
1.906500000000000000e+03 9.999999999999999293e-41
1.906619999999999891e+03 9.999999999999999293e-41
1.906750000000000000e+03 9.999999999999999293e-41
1.906880000000000109e+03 9.999999999999999293e-41
1.907000000000000000e+03 9.999999999999999293e-41
1.907119999999999891e+03 9.999999999999999293e-41
1.907250000000000000e+03 9.999999999999999293e-41
1.907380000000000109e+03 9.999999999999999293e-41
1.907500000000000000e+03 9.999999999999999293e-41
1.907619999999999891e+03 9.999999999999999293e-41
1.907750000000000000e+03 9.999999999999999293e-41
1.907880000000000109e+03 9.999999999999999293e-41
1.908000000000000000e+03 9.999999999999999293e-41
1.908119999999999891e+03 9.999999999999999293e-41
1.908250000000000000e+03 9.999999999999999293e-41
1.908380000000000109e+03 9.999999999999999293e-41
1.908500000000000000e+03 9.999999999999999293e-41
1.908619999999999891e+03 9.999999999999999293e-41
1.908750000000000000e+03 9.999999999999999293e-41
1.908880000000000109e+03 9.999999999999999293e-41
1.909000000000000000e+03 9.999999999999999293e-41
1.909119999999999891e+03 9.999999999999999293e-41
1.909250000000000000e+03 9.999999999999999293e-41
1.909380000000000109e+03 9.999999999999999293e-41
1.909500000000000000e+03 9.999999999999999293e-41
1.909619999999999891e+03 9.999999999999999293e-41
1.909750000000000000e+03 9.999999999999999293e-41
1.909880000000000109e+03 9.999999999999999293e-41
1.910000000000000000e+03 9.999999999999999293e-41
1.910119999999999891e+03 9.999999999999999293e-41
1.910250000000000000e+03 9.999999999999999293e-41
1.910380000000000109e+03 9.999999999999999293e-41
1.910500000000000000e+03 9.999999999999999293e-41
1.910619999999999891e+03 9.999999999999999293e-41
1.910750000000000000e+03 9.999999999999999293e-41
1.910880000000000109e+03 9.999999999999999293e-41
1.911000000000000000e+03 9.999999999999999293e-41
1.911119999999999891e+03 9.999999999999999293e-41
1.911250000000000000e+03 9.999999999999999293e-41
1.911380000000000109e+03 9.999999999999999293e-41
1.911500000000000000e+03 9.999999999999999293e-41
1.911619999999999891e+03 9.999999999999999293e-41
1.911750000000000000e+03 9.999999999999999293e-41
1.911880000000000109e+03 9.999999999999999293e-41
1.912000000000000000e+03 9.999999999999999293e-41
1.912119999999999891e+03 9.999999999999999293e-41
1.912250000000000000e+03 9.999999999999999293e-41
1.912380000000000109e+03 9.999999999999999293e-41
1.912500000000000000e+03 9.999999999999999293e-41
1.912619999999999891e+03 9.999999999999999293e-41
1.912750000000000000e+03 9.999999999999999293e-41
1.912880000000000109e+03 9.999999999999999293e-41
1.913000000000000000e+03 9.999999999999999293e-41
1.913119999999999891e+03 9.999999999999999293e-41
1.913250000000000000e+03 9.999999999999999293e-41
1.913380000000000109e+03 9.999999999999999293e-41
1.913500000000000000e+03 9.999999999999999293e-41
1.913619999999999891e+03 9.999999999999999293e-41
1.913750000000000000e+03 9.999999999999999293e-41
1.913880000000000109e+03 9.999999999999999293e-41
1.914000000000000000e+03 9.999999999999999293e-41
1.914119999999999891e+03 9.999999999999999293e-41
1.914250000000000000e+03 9.999999999999999293e-41
1.914380000000000109e+03 9.999999999999999293e-41
1.914500000000000000e+03 9.999999999999999293e-41
1.914619999999999891e+03 9.999999999999999293e-41
1.914750000000000000e+03 9.999999999999999293e-41
1.914880000000000109e+03 9.999999999999999293e-41
1.915000000000000000e+03 9.999999999999999293e-41
1.915119999999999891e+03 9.999999999999999293e-41
1.915250000000000000e+03 9.999999999999999293e-41
1.915380000000000109e+03 9.999999999999999293e-41
1.915500000000000000e+03 9.999999999999999293e-41
1.915619999999999891e+03 9.999999999999999293e-41
1.915750000000000000e+03 9.999999999999999293e-41
1.915880000000000109e+03 9.999999999999999293e-41
1.916000000000000000e+03 9.999999999999999293e-41
1.916119999999999891e+03 9.999999999999999293e-41
1.916250000000000000e+03 9.999999999999999293e-41
1.916380000000000109e+03 9.999999999999999293e-41
1.916500000000000000e+03 9.999999999999999293e-41
1.916619999999999891e+03 9.999999999999999293e-41
1.916750000000000000e+03 9.999999999999999293e-41
1.916880000000000109e+03 9.999999999999999293e-41
1.917000000000000000e+03 9.999999999999999293e-41
1.917119999999999891e+03 9.999999999999999293e-41
1.917250000000000000e+03 9.999999999999999293e-41
1.917380000000000109e+03 9.999999999999999293e-41
1.917500000000000000e+03 9.999999999999999293e-41
1.917619999999999891e+03 9.999999999999999293e-41
1.917750000000000000e+03 9.999999999999999293e-41
1.917880000000000109e+03 9.999999999999999293e-41
1.918000000000000000e+03 9.999999999999999293e-41
1.918119999999999891e+03 9.999999999999999293e-41
1.918250000000000000e+03 9.999999999999999293e-41
1.918380000000000109e+03 9.999999999999999293e-41
1.918500000000000000e+03 9.999999999999999293e-41
1.918619999999999891e+03 9.999999999999999293e-41
1.918750000000000000e+03 9.999999999999999293e-41
1.918880000000000109e+03 9.999999999999999293e-41
1.919000000000000000e+03 9.999999999999999293e-41
1.919119999999999891e+03 9.999999999999999293e-41
1.919250000000000000e+03 9.999999999999999293e-41
1.919380000000000109e+03 9.999999999999999293e-41
1.919500000000000000e+03 9.999999999999999293e-41
1.919619999999999891e+03 9.999999999999999293e-41
1.919750000000000000e+03 9.999999999999999293e-41
1.919880000000000109e+03 9.999999999999999293e-41
1.920000000000000000e+03 9.999999999999999293e-41
1.920119999999999891e+03 9.999999999999999293e-41
1.920250000000000000e+03 9.999999999999999293e-41
1.920380000000000109e+03 9.999999999999999293e-41
1.920500000000000000e+03 9.999999999999999293e-41
1.920619999999999891e+03 9.999999999999999293e-41
1.920750000000000000e+03 9.999999999999999293e-41
1.920880000000000109e+03 9.999999999999999293e-41
1.921000000000000000e+03 9.999999999999999293e-41
1.921119999999999891e+03 9.999999999999999293e-41
1.921250000000000000e+03 9.999999999999999293e-41
1.921380000000000109e+03 9.999999999999999293e-41
1.921500000000000000e+03 9.999999999999999293e-41
1.921619999999999891e+03 9.999999999999999293e-41
1.921750000000000000e+03 9.999999999999999293e-41
1.921880000000000109e+03 9.999999999999999293e-41
1.922000000000000000e+03 9.999999999999999293e-41
1.922119999999999891e+03 9.999999999999999293e-41
1.922250000000000000e+03 9.999999999999999293e-41
1.922380000000000109e+03 9.999999999999999293e-41
1.922500000000000000e+03 9.999999999999999293e-41
1.922619999999999891e+03 9.999999999999999293e-41
1.922750000000000000e+03 9.999999999999999293e-41
1.922880000000000109e+03 9.999999999999999293e-41
1.923000000000000000e+03 9.999999999999999293e-41
1.923119999999999891e+03 9.999999999999999293e-41
1.923250000000000000e+03 9.999999999999999293e-41
1.923380000000000109e+03 9.999999999999999293e-41
1.923500000000000000e+03 9.999999999999999293e-41
1.923619999999999891e+03 9.999999999999999293e-41
1.923750000000000000e+03 9.999999999999999293e-41
1.923880000000000109e+03 9.999999999999999293e-41
1.924000000000000000e+03 9.999999999999999293e-41
1.924119999999999891e+03 9.999999999999999293e-41
1.924250000000000000e+03 9.999999999999999293e-41
1.924380000000000109e+03 9.999999999999999293e-41
1.924500000000000000e+03 9.999999999999999293e-41
1.924619999999999891e+03 9.999999999999999293e-41
1.924750000000000000e+03 9.999999999999999293e-41
1.924880000000000109e+03 9.999999999999999293e-41
1.925000000000000000e+03 9.999999999999999293e-41
1.925119999999999891e+03 9.999999999999999293e-41
1.925250000000000000e+03 9.999999999999999293e-41
1.925380000000000109e+03 9.999999999999999293e-41
1.925500000000000000e+03 9.999999999999999293e-41
1.925619999999999891e+03 9.999999999999999293e-41
1.925750000000000000e+03 9.999999999999999293e-41
1.925880000000000109e+03 9.999999999999999293e-41
1.926000000000000000e+03 9.999999999999999293e-41
1.926119999999999891e+03 9.999999999999999293e-41
1.926250000000000000e+03 9.999999999999999293e-41
1.926380000000000109e+03 9.999999999999999293e-41
1.926500000000000000e+03 9.999999999999999293e-41
1.926619999999999891e+03 9.999999999999999293e-41
1.926750000000000000e+03 9.999999999999999293e-41
1.926880000000000109e+03 9.999999999999999293e-41
1.927000000000000000e+03 9.999999999999999293e-41
1.927119999999999891e+03 9.999999999999999293e-41
1.927250000000000000e+03 9.999999999999999293e-41
1.927380000000000109e+03 9.999999999999999293e-41
1.927500000000000000e+03 9.999999999999999293e-41
1.927619999999999891e+03 9.999999999999999293e-41
1.927750000000000000e+03 9.999999999999999293e-41
1.927880000000000109e+03 9.999999999999999293e-41
1.928000000000000000e+03 9.999999999999999293e-41
1.928119999999999891e+03 9.999999999999999293e-41
1.928250000000000000e+03 9.999999999999999293e-41
1.928380000000000109e+03 9.999999999999999293e-41
1.928500000000000000e+03 9.999999999999999293e-41
1.928619999999999891e+03 9.999999999999999293e-41
1.928750000000000000e+03 9.999999999999999293e-41
1.928880000000000109e+03 9.999999999999999293e-41
1.929000000000000000e+03 9.999999999999999293e-41
1.929119999999999891e+03 9.999999999999999293e-41
1.929250000000000000e+03 9.999999999999999293e-41
1.929380000000000109e+03 9.999999999999999293e-41
1.929500000000000000e+03 9.999999999999999293e-41
1.929619999999999891e+03 9.999999999999999293e-41
1.929750000000000000e+03 9.999999999999999293e-41
1.929880000000000109e+03 9.999999999999999293e-41
1.930000000000000000e+03 9.999999999999999293e-41
1.930119999999999891e+03 9.999999999999999293e-41
1.930250000000000000e+03 9.999999999999999293e-41
1.930380000000000109e+03 9.999999999999999293e-41
1.930500000000000000e+03 9.999999999999999293e-41
1.930619999999999891e+03 9.999999999999999293e-41
1.930750000000000000e+03 9.999999999999999293e-41
1.930880000000000109e+03 9.999999999999999293e-41
1.931000000000000000e+03 9.999999999999999293e-41
1.931119999999999891e+03 9.999999999999999293e-41
1.931250000000000000e+03 9.999999999999999293e-41
1.931380000000000109e+03 9.999999999999999293e-41
1.931500000000000000e+03 9.999999999999999293e-41
1.931619999999999891e+03 9.999999999999999293e-41
1.931750000000000000e+03 9.999999999999999293e-41
1.931880000000000109e+03 9.999999999999999293e-41
1.932000000000000000e+03 9.999999999999999293e-41
1.932119999999999891e+03 9.999999999999999293e-41
1.932250000000000000e+03 9.999999999999999293e-41
1.932380000000000109e+03 9.999999999999999293e-41
1.932500000000000000e+03 9.999999999999999293e-41
1.932619999999999891e+03 9.999999999999999293e-41
1.932750000000000000e+03 9.999999999999999293e-41
1.932880000000000109e+03 9.999999999999999293e-41
1.933000000000000000e+03 9.999999999999999293e-41
1.933119999999999891e+03 9.999999999999999293e-41
1.933250000000000000e+03 9.999999999999999293e-41
1.933380000000000109e+03 9.999999999999999293e-41
1.933500000000000000e+03 9.999999999999999293e-41
1.933619999999999891e+03 9.999999999999999293e-41
1.933750000000000000e+03 9.999999999999999293e-41
1.933880000000000109e+03 9.999999999999999293e-41
1.934000000000000000e+03 9.999999999999999293e-41
1.934119999999999891e+03 9.999999999999999293e-41
1.934250000000000000e+03 9.999999999999999293e-41
1.934380000000000109e+03 9.999999999999999293e-41
1.934500000000000000e+03 9.999999999999999293e-41
1.934619999999999891e+03 9.999999999999999293e-41
1.934750000000000000e+03 9.999999999999999293e-41
1.934880000000000109e+03 9.999999999999999293e-41
1.935000000000000000e+03 9.999999999999999293e-41
1.935119999999999891e+03 9.999999999999999293e-41
1.935250000000000000e+03 9.999999999999999293e-41
1.935380000000000109e+03 9.999999999999999293e-41
1.935500000000000000e+03 9.999999999999999293e-41
1.935619999999999891e+03 9.999999999999999293e-41
1.935750000000000000e+03 9.999999999999999293e-41
1.935880000000000109e+03 9.999999999999999293e-41
1.936000000000000000e+03 9.999999999999999293e-41
1.936119999999999891e+03 9.999999999999999293e-41
1.936250000000000000e+03 9.999999999999999293e-41
1.936380000000000109e+03 9.999999999999999293e-41
1.936500000000000000e+03 9.999999999999999293e-41
1.936619999999999891e+03 9.999999999999999293e-41
1.936750000000000000e+03 9.999999999999999293e-41
1.936880000000000109e+03 9.999999999999999293e-41
1.937000000000000000e+03 9.999999999999999293e-41
1.937119999999999891e+03 9.999999999999999293e-41
1.937250000000000000e+03 9.999999999999999293e-41
1.937380000000000109e+03 9.999999999999999293e-41
1.937500000000000000e+03 9.999999999999999293e-41
1.937619999999999891e+03 9.999999999999999293e-41
1.937750000000000000e+03 9.999999999999999293e-41
1.937880000000000109e+03 9.999999999999999293e-41
1.938000000000000000e+03 9.999999999999999293e-41
1.938119999999999891e+03 9.999999999999999293e-41
1.938250000000000000e+03 9.999999999999999293e-41
1.938380000000000109e+03 9.999999999999999293e-41
1.938500000000000000e+03 9.999999999999999293e-41
1.938619999999999891e+03 9.999999999999999293e-41
1.938750000000000000e+03 9.999999999999999293e-41
1.938880000000000109e+03 9.999999999999999293e-41
1.939000000000000000e+03 9.999999999999999293e-41
1.939119999999999891e+03 9.999999999999999293e-41
1.939250000000000000e+03 9.999999999999999293e-41
1.939380000000000109e+03 9.999999999999999293e-41
1.939500000000000000e+03 9.999999999999999293e-41
1.939619999999999891e+03 9.999999999999999293e-41
1.939750000000000000e+03 9.999999999999999293e-41
1.939880000000000109e+03 9.999999999999999293e-41
1.940000000000000000e+03 9.999999999999999293e-41
1.940119999999999891e+03 9.999999999999999293e-41
1.940250000000000000e+03 9.999999999999999293e-41
1.940380000000000109e+03 9.999999999999999293e-41
1.940500000000000000e+03 9.999999999999999293e-41
1.940619999999999891e+03 9.999999999999999293e-41
1.940750000000000000e+03 9.999999999999999293e-41
1.940880000000000109e+03 9.999999999999999293e-41
1.941000000000000000e+03 9.999999999999999293e-41
1.941119999999999891e+03 9.999999999999999293e-41
1.941250000000000000e+03 9.999999999999999293e-41
1.941380000000000109e+03 9.999999999999999293e-41
1.941500000000000000e+03 9.999999999999999293e-41
1.941619999999999891e+03 9.999999999999999293e-41
1.941750000000000000e+03 9.999999999999999293e-41
1.941880000000000109e+03 9.999999999999999293e-41
1.942000000000000000e+03 9.999999999999999293e-41
1.942119999999999891e+03 9.999999999999999293e-41
1.942250000000000000e+03 9.999999999999999293e-41
1.942380000000000109e+03 9.999999999999999293e-41
1.942500000000000000e+03 9.999999999999999293e-41
1.942619999999999891e+03 9.999999999999999293e-41
1.942750000000000000e+03 9.999999999999999293e-41
1.942880000000000109e+03 9.999999999999999293e-41
1.943000000000000000e+03 9.999999999999999293e-41
1.943119999999999891e+03 9.999999999999999293e-41
1.943250000000000000e+03 9.999999999999999293e-41
1.943380000000000109e+03 9.999999999999999293e-41
1.943500000000000000e+03 9.999999999999999293e-41
1.943619999999999891e+03 9.999999999999999293e-41
1.943750000000000000e+03 9.999999999999999293e-41
1.943880000000000109e+03 9.999999999999999293e-41
1.944000000000000000e+03 9.999999999999999293e-41
1.944119999999999891e+03 9.999999999999999293e-41
1.944250000000000000e+03 9.999999999999999293e-41
1.944380000000000109e+03 9.999999999999999293e-41
1.944500000000000000e+03 9.999999999999999293e-41
1.944619999999999891e+03 9.999999999999999293e-41
1.944750000000000000e+03 9.999999999999999293e-41
1.944880000000000109e+03 9.999999999999999293e-41
1.945000000000000000e+03 9.999999999999999293e-41
1.945119999999999891e+03 9.999999999999999293e-41
1.945250000000000000e+03 9.999999999999999293e-41
1.945380000000000109e+03 9.999999999999999293e-41
1.945500000000000000e+03 9.999999999999999293e-41
1.945619999999999891e+03 9.999999999999999293e-41
1.945750000000000000e+03 9.999999999999999293e-41
1.945880000000000109e+03 9.999999999999999293e-41
1.946000000000000000e+03 9.999999999999999293e-41
1.946119999999999891e+03 9.999999999999999293e-41
1.946250000000000000e+03 9.999999999999999293e-41
1.946380000000000109e+03 9.999999999999999293e-41
1.946500000000000000e+03 9.999999999999999293e-41
1.946619999999999891e+03 9.999999999999999293e-41
1.946750000000000000e+03 9.999999999999999293e-41
1.946880000000000109e+03 9.999999999999999293e-41
1.947000000000000000e+03 9.999999999999999293e-41
1.947119999999999891e+03 9.999999999999999293e-41
1.947250000000000000e+03 9.999999999999999293e-41
1.947380000000000109e+03 9.999999999999999293e-41
1.947500000000000000e+03 9.999999999999999293e-41
1.947619999999999891e+03 9.999999999999999293e-41
1.947750000000000000e+03 9.999999999999999293e-41
1.947880000000000109e+03 9.999999999999999293e-41
1.948000000000000000e+03 9.999999999999999293e-41
1.948119999999999891e+03 9.999999999999999293e-41
1.948250000000000000e+03 9.999999999999999293e-41
1.948380000000000109e+03 9.999999999999999293e-41
1.948500000000000000e+03 9.999999999999999293e-41
1.948619999999999891e+03 9.999999999999999293e-41
1.948750000000000000e+03 9.999999999999999293e-41
1.948880000000000109e+03 9.999999999999999293e-41
1.949000000000000000e+03 9.999999999999999293e-41
1.949119999999999891e+03 9.999999999999999293e-41
1.949250000000000000e+03 9.999999999999999293e-41
1.949380000000000109e+03 9.999999999999999293e-41
1.949500000000000000e+03 9.999999999999999293e-41
1.949619999999999891e+03 9.999999999999999293e-41
1.949750000000000000e+03 9.999999999999999293e-41
1.949880000000000109e+03 9.999999999999999293e-41
1.950000000000000000e+03 9.999999999999999293e-41
1.950119999999999891e+03 9.999999999999999293e-41
1.950250000000000000e+03 9.999999999999999293e-41
1.950380000000000109e+03 9.999999999999999293e-41
1.950500000000000000e+03 9.999999999999999293e-41
1.950619999999999891e+03 9.999999999999999293e-41
1.950750000000000000e+03 9.999999999999999293e-41
1.950880000000000109e+03 9.999999999999999293e-41
1.951000000000000000e+03 9.999999999999999293e-41
1.951119999999999891e+03 9.999999999999999293e-41
1.951250000000000000e+03 9.999999999999999293e-41
1.951380000000000109e+03 9.999999999999999293e-41
1.951500000000000000e+03 9.999999999999999293e-41
1.951619999999999891e+03 9.999999999999999293e-41
1.951750000000000000e+03 9.999999999999999293e-41
1.951880000000000109e+03 9.999999999999999293e-41
1.952000000000000000e+03 9.999999999999999293e-41
1.952119999999999891e+03 9.999999999999999293e-41
1.952250000000000000e+03 9.999999999999999293e-41
1.952380000000000109e+03 9.999999999999999293e-41
1.952500000000000000e+03 9.999999999999999293e-41
1.952619999999999891e+03 9.999999999999999293e-41
1.952750000000000000e+03 9.999999999999999293e-41
1.952880000000000109e+03 9.999999999999999293e-41
1.953000000000000000e+03 9.999999999999999293e-41
1.953119999999999891e+03 9.999999999999999293e-41
1.953250000000000000e+03 9.999999999999999293e-41
1.953380000000000109e+03 9.999999999999999293e-41
1.953500000000000000e+03 9.999999999999999293e-41
1.953619999999999891e+03 9.999999999999999293e-41
1.953750000000000000e+03 9.999999999999999293e-41
1.953880000000000109e+03 9.999999999999999293e-41
1.954000000000000000e+03 9.999999999999999293e-41
1.954119999999999891e+03 9.999999999999999293e-41
1.954250000000000000e+03 9.999999999999999293e-41
1.954380000000000109e+03 9.999999999999999293e-41
1.954500000000000000e+03 9.999999999999999293e-41
1.954619999999999891e+03 9.999999999999999293e-41
1.954750000000000000e+03 9.999999999999999293e-41
1.954880000000000109e+03 9.999999999999999293e-41
1.955000000000000000e+03 9.999999999999999293e-41
1.955119999999999891e+03 9.999999999999999293e-41
1.955250000000000000e+03 9.999999999999999293e-41
1.955380000000000109e+03 9.999999999999999293e-41
1.955500000000000000e+03 9.999999999999999293e-41
1.955619999999999891e+03 9.999999999999999293e-41
1.955750000000000000e+03 9.999999999999999293e-41
1.955880000000000109e+03 9.999999999999999293e-41
1.956000000000000000e+03 9.999999999999999293e-41
1.956119999999999891e+03 9.999999999999999293e-41
1.956250000000000000e+03 9.999999999999999293e-41
1.956380000000000109e+03 9.999999999999999293e-41
1.956500000000000000e+03 9.999999999999999293e-41
1.956619999999999891e+03 9.999999999999999293e-41
1.956750000000000000e+03 9.999999999999999293e-41
1.956880000000000109e+03 9.999999999999999293e-41
1.957000000000000000e+03 9.999999999999999293e-41
1.957119999999999891e+03 9.999999999999999293e-41
1.957250000000000000e+03 9.999999999999999293e-41
1.957380000000000109e+03 9.999999999999999293e-41
1.957500000000000000e+03 9.999999999999999293e-41
1.957619999999999891e+03 9.999999999999999293e-41
1.957750000000000000e+03 9.999999999999999293e-41
1.957880000000000109e+03 9.999999999999999293e-41
1.958000000000000000e+03 9.999999999999999293e-41
1.958119999999999891e+03 9.999999999999999293e-41
1.958250000000000000e+03 9.999999999999999293e-41
1.958380000000000109e+03 9.999999999999999293e-41
1.958500000000000000e+03 9.999999999999999293e-41
1.958619999999999891e+03 9.999999999999999293e-41
1.958750000000000000e+03 9.999999999999999293e-41
1.958880000000000109e+03 9.999999999999999293e-41
1.959000000000000000e+03 9.999999999999999293e-41
1.959119999999999891e+03 9.999999999999999293e-41
1.959250000000000000e+03 9.999999999999999293e-41
1.959380000000000109e+03 9.999999999999999293e-41
1.959500000000000000e+03 9.999999999999999293e-41
1.959619999999999891e+03 9.999999999999999293e-41
1.959750000000000000e+03 9.999999999999999293e-41
1.959880000000000109e+03 9.999999999999999293e-41
1.960000000000000000e+03 9.999999999999999293e-41
1.960119999999999891e+03 9.999999999999999293e-41
1.960250000000000000e+03 9.999999999999999293e-41
1.960380000000000109e+03 9.999999999999999293e-41
1.960500000000000000e+03 9.999999999999999293e-41
1.960619999999999891e+03 9.999999999999999293e-41
1.960750000000000000e+03 9.999999999999999293e-41
1.960880000000000109e+03 9.999999999999999293e-41
1.961000000000000000e+03 9.999999999999999293e-41
1.961119999999999891e+03 9.999999999999999293e-41
1.961250000000000000e+03 9.999999999999999293e-41
1.961380000000000109e+03 9.999999999999999293e-41
1.961500000000000000e+03 9.999999999999999293e-41
1.961619999999999891e+03 9.999999999999999293e-41
1.961750000000000000e+03 9.999999999999999293e-41
1.961880000000000109e+03 9.999999999999999293e-41
1.962000000000000000e+03 9.999999999999999293e-41
1.962119999999999891e+03 9.999999999999999293e-41
1.962250000000000000e+03 9.999999999999999293e-41
1.962380000000000109e+03 9.999999999999999293e-41
1.962500000000000000e+03 9.999999999999999293e-41
1.962619999999999891e+03 9.999999999999999293e-41
1.962750000000000000e+03 9.999999999999999293e-41
1.962880000000000109e+03 9.999999999999999293e-41
1.963000000000000000e+03 9.999999999999999293e-41
1.963119999999999891e+03 9.999999999999999293e-41
1.963250000000000000e+03 9.999999999999999293e-41
1.963380000000000109e+03 9.999999999999999293e-41
1.963500000000000000e+03 9.999999999999999293e-41
1.963619999999999891e+03 9.999999999999999293e-41
1.963750000000000000e+03 9.999999999999999293e-41
1.963880000000000109e+03 9.999999999999999293e-41
1.964000000000000000e+03 9.999999999999999293e-41
1.964119999999999891e+03 9.999999999999999293e-41
1.964250000000000000e+03 9.999999999999999293e-41
1.964380000000000109e+03 9.999999999999999293e-41
1.964500000000000000e+03 9.999999999999999293e-41
1.964619999999999891e+03 9.999999999999999293e-41
1.964750000000000000e+03 9.999999999999999293e-41
1.964880000000000109e+03 9.999999999999999293e-41
1.965000000000000000e+03 9.999999999999999293e-41
1.965119999999999891e+03 9.999999999999999293e-41
1.965250000000000000e+03 9.999999999999999293e-41
1.965380000000000109e+03 9.999999999999999293e-41
1.965500000000000000e+03 9.999999999999999293e-41
1.965619999999999891e+03 9.999999999999999293e-41
1.965750000000000000e+03 9.999999999999999293e-41
1.965880000000000109e+03 9.999999999999999293e-41
1.966000000000000000e+03 9.999999999999999293e-41
1.966119999999999891e+03 9.999999999999999293e-41
1.966250000000000000e+03 9.999999999999999293e-41
1.966380000000000109e+03 9.999999999999999293e-41
1.966500000000000000e+03 9.999999999999999293e-41
1.966619999999999891e+03 9.999999999999999293e-41
1.966750000000000000e+03 9.999999999999999293e-41
1.966880000000000109e+03 9.999999999999999293e-41
1.967000000000000000e+03 9.999999999999999293e-41
1.967119999999999891e+03 9.999999999999999293e-41
1.967250000000000000e+03 9.999999999999999293e-41
1.967380000000000109e+03 9.999999999999999293e-41
1.967500000000000000e+03 9.999999999999999293e-41
1.967619999999999891e+03 9.999999999999999293e-41
1.967750000000000000e+03 9.999999999999999293e-41
1.967880000000000109e+03 9.999999999999999293e-41
1.968000000000000000e+03 9.999999999999999293e-41
1.968119999999999891e+03 9.999999999999999293e-41
1.968250000000000000e+03 9.999999999999999293e-41
1.968380000000000109e+03 9.999999999999999293e-41
1.968500000000000000e+03 9.999999999999999293e-41
1.968619999999999891e+03 9.999999999999999293e-41
1.968750000000000000e+03 9.999999999999999293e-41
1.968880000000000109e+03 9.999999999999999293e-41
1.969000000000000000e+03 9.999999999999999293e-41
1.969119999999999891e+03 9.999999999999999293e-41
1.969250000000000000e+03 9.999999999999999293e-41
1.969380000000000109e+03 9.999999999999999293e-41
1.969500000000000000e+03 9.999999999999999293e-41
1.969619999999999891e+03 9.999999999999999293e-41
1.969750000000000000e+03 9.999999999999999293e-41
1.969880000000000109e+03 9.999999999999999293e-41
1.970000000000000000e+03 9.999999999999999293e-41
1.970119999999999891e+03 9.999999999999999293e-41
1.970250000000000000e+03 9.999999999999999293e-41
1.970380000000000109e+03 9.999999999999999293e-41
1.970500000000000000e+03 9.999999999999999293e-41
1.970619999999999891e+03 9.999999999999999293e-41
1.970750000000000000e+03 9.999999999999999293e-41
1.970880000000000109e+03 9.999999999999999293e-41
1.971000000000000000e+03 9.999999999999999293e-41
1.971119999999999891e+03 9.999999999999999293e-41
1.971250000000000000e+03 9.999999999999999293e-41
1.971380000000000109e+03 9.999999999999999293e-41
1.971500000000000000e+03 9.999999999999999293e-41
1.971619999999999891e+03 9.999999999999999293e-41
1.971750000000000000e+03 9.999999999999999293e-41
1.971880000000000109e+03 9.999999999999999293e-41
1.972000000000000000e+03 9.999999999999999293e-41
1.972119999999999891e+03 9.999999999999999293e-41
1.972250000000000000e+03 9.999999999999999293e-41
1.972380000000000109e+03 9.999999999999999293e-41
1.972500000000000000e+03 9.999999999999999293e-41
1.972619999999999891e+03 9.999999999999999293e-41
1.972750000000000000e+03 9.999999999999999293e-41
1.972880000000000109e+03 9.999999999999999293e-41
1.973000000000000000e+03 9.999999999999999293e-41
1.973119999999999891e+03 9.999999999999999293e-41
1.973250000000000000e+03 9.999999999999999293e-41
1.973380000000000109e+03 9.999999999999999293e-41
1.973500000000000000e+03 9.999999999999999293e-41
1.973619999999999891e+03 9.999999999999999293e-41
1.973750000000000000e+03 9.999999999999999293e-41
1.973880000000000109e+03 9.999999999999999293e-41
1.974000000000000000e+03 9.999999999999999293e-41
1.974119999999999891e+03 9.999999999999999293e-41
1.974250000000000000e+03 9.999999999999999293e-41
1.974380000000000109e+03 9.999999999999999293e-41
1.974500000000000000e+03 9.999999999999999293e-41
1.974619999999999891e+03 9.999999999999999293e-41
1.974750000000000000e+03 9.999999999999999293e-41
1.974880000000000109e+03 9.999999999999999293e-41
1.975000000000000000e+03 9.999999999999999293e-41
1.975119999999999891e+03 9.999999999999999293e-41
1.975250000000000000e+03 9.999999999999999293e-41
1.975380000000000109e+03 9.999999999999999293e-41
1.975500000000000000e+03 9.999999999999999293e-41
1.975619999999999891e+03 9.999999999999999293e-41
1.975750000000000000e+03 9.999999999999999293e-41
1.975880000000000109e+03 9.999999999999999293e-41
1.976000000000000000e+03 9.999999999999999293e-41
1.976119999999999891e+03 9.999999999999999293e-41
1.976250000000000000e+03 9.999999999999999293e-41
1.976380000000000109e+03 9.999999999999999293e-41
1.976500000000000000e+03 9.999999999999999293e-41
1.976619999999999891e+03 9.999999999999999293e-41
1.976750000000000000e+03 9.999999999999999293e-41
1.976880000000000109e+03 9.999999999999999293e-41
1.977000000000000000e+03 9.999999999999999293e-41
1.977119999999999891e+03 9.999999999999999293e-41
1.977250000000000000e+03 9.999999999999999293e-41
1.977380000000000109e+03 9.999999999999999293e-41
1.977500000000000000e+03 9.999999999999999293e-41
1.977619999999999891e+03 9.999999999999999293e-41
1.977750000000000000e+03 9.999999999999999293e-41
1.977880000000000109e+03 9.999999999999999293e-41
1.978000000000000000e+03 9.999999999999999293e-41
1.978119999999999891e+03 9.999999999999999293e-41
1.978250000000000000e+03 9.999999999999999293e-41
1.978380000000000109e+03 9.999999999999999293e-41
1.978500000000000000e+03 9.999999999999999293e-41
1.978619999999999891e+03 9.999999999999999293e-41
1.978750000000000000e+03 9.999999999999999293e-41
1.978880000000000109e+03 9.999999999999999293e-41
1.979000000000000000e+03 9.999999999999999293e-41
1.979119999999999891e+03 9.999999999999999293e-41
1.979250000000000000e+03 9.999999999999999293e-41
1.979380000000000109e+03 9.999999999999999293e-41
1.979500000000000000e+03 9.999999999999999293e-41
1.979619999999999891e+03 9.999999999999999293e-41
1.979750000000000000e+03 9.999999999999999293e-41
1.979880000000000109e+03 9.999999999999999293e-41
1.980000000000000000e+03 9.999999999999999293e-41
1.980119999999999891e+03 9.999999999999999293e-41
1.980250000000000000e+03 9.999999999999999293e-41
1.980380000000000109e+03 9.999999999999999293e-41
1.980500000000000000e+03 9.999999999999999293e-41
1.980619999999999891e+03 9.999999999999999293e-41
1.980750000000000000e+03 9.999999999999999293e-41
1.980880000000000109e+03 9.999999999999999293e-41
1.981000000000000000e+03 9.999999999999999293e-41
1.981119999999999891e+03 9.999999999999999293e-41
1.981250000000000000e+03 9.999999999999999293e-41
1.981380000000000109e+03 9.999999999999999293e-41
1.981500000000000000e+03 9.999999999999999293e-41
1.981619999999999891e+03 9.999999999999999293e-41
1.981750000000000000e+03 9.999999999999999293e-41
1.981880000000000109e+03 9.999999999999999293e-41
1.982000000000000000e+03 9.999999999999999293e-41
1.982119999999999891e+03 9.999999999999999293e-41
1.982250000000000000e+03 9.999999999999999293e-41
1.982380000000000109e+03 9.999999999999999293e-41
1.982500000000000000e+03 9.999999999999999293e-41
1.982619999999999891e+03 9.999999999999999293e-41
1.982750000000000000e+03 9.999999999999999293e-41
1.982880000000000109e+03 9.999999999999999293e-41
1.983000000000000000e+03 9.999999999999999293e-41
1.983119999999999891e+03 9.999999999999999293e-41
1.983250000000000000e+03 9.999999999999999293e-41
1.983380000000000109e+03 9.999999999999999293e-41
1.983500000000000000e+03 9.999999999999999293e-41
1.983619999999999891e+03 9.999999999999999293e-41
1.983750000000000000e+03 9.999999999999999293e-41
1.983880000000000109e+03 9.999999999999999293e-41
1.984000000000000000e+03 9.999999999999999293e-41
1.984119999999999891e+03 9.999999999999999293e-41
1.984250000000000000e+03 9.999999999999999293e-41
1.984380000000000109e+03 9.999999999999999293e-41
1.984500000000000000e+03 9.999999999999999293e-41
1.984619999999999891e+03 9.999999999999999293e-41
1.984750000000000000e+03 9.999999999999999293e-41
1.984880000000000109e+03 9.999999999999999293e-41
1.985000000000000000e+03 9.999999999999999293e-41
1.985119999999999891e+03 9.999999999999999293e-41
1.985250000000000000e+03 9.999999999999999293e-41
1.985380000000000109e+03 9.999999999999999293e-41
1.985500000000000000e+03 9.999999999999999293e-41
1.985619999999999891e+03 9.999999999999999293e-41
1.985750000000000000e+03 9.999999999999999293e-41
1.985880000000000109e+03 9.999999999999999293e-41
1.986000000000000000e+03 9.999999999999999293e-41
1.986119999999999891e+03 9.999999999999999293e-41
1.986250000000000000e+03 9.999999999999999293e-41
1.986380000000000109e+03 9.999999999999999293e-41
1.986500000000000000e+03 9.999999999999999293e-41
1.986619999999999891e+03 9.999999999999999293e-41
1.986750000000000000e+03 9.999999999999999293e-41
1.986880000000000109e+03 9.999999999999999293e-41
1.987000000000000000e+03 9.999999999999999293e-41
1.987119999999999891e+03 9.999999999999999293e-41
1.987250000000000000e+03 9.999999999999999293e-41
1.987380000000000109e+03 9.999999999999999293e-41
1.987500000000000000e+03 9.999999999999999293e-41
1.987619999999999891e+03 9.999999999999999293e-41
1.987750000000000000e+03 9.999999999999999293e-41
1.987880000000000109e+03 9.999999999999999293e-41
1.988000000000000000e+03 9.999999999999999293e-41
1.988119999999999891e+03 9.999999999999999293e-41
1.988250000000000000e+03 9.999999999999999293e-41
1.988380000000000109e+03 9.999999999999999293e-41
1.988500000000000000e+03 9.999999999999999293e-41
1.988619999999999891e+03 9.999999999999999293e-41
1.988750000000000000e+03 9.999999999999999293e-41
1.988880000000000109e+03 9.999999999999999293e-41
1.989000000000000000e+03 9.999999999999999293e-41
1.989119999999999891e+03 9.999999999999999293e-41
1.989250000000000000e+03 9.999999999999999293e-41
1.989380000000000109e+03 9.999999999999999293e-41
1.989500000000000000e+03 9.999999999999999293e-41
1.989619999999999891e+03 9.999999999999999293e-41
1.989750000000000000e+03 9.999999999999999293e-41
1.989880000000000109e+03 9.999999999999999293e-41
1.990000000000000000e+03 9.999999999999999293e-41
1.990119999999999891e+03 9.999999999999999293e-41
1.990250000000000000e+03 9.999999999999999293e-41
1.990380000000000109e+03 9.999999999999999293e-41
1.990500000000000000e+03 9.999999999999999293e-41
1.990619999999999891e+03 9.999999999999999293e-41
1.990750000000000000e+03 9.999999999999999293e-41
1.990880000000000109e+03 9.999999999999999293e-41
1.991000000000000000e+03 9.999999999999999293e-41
1.991119999999999891e+03 9.999999999999999293e-41
1.991250000000000000e+03 9.999999999999999293e-41
1.991380000000000109e+03 9.999999999999999293e-41
1.991500000000000000e+03 9.999999999999999293e-41
1.991619999999999891e+03 9.999999999999999293e-41
1.991750000000000000e+03 9.999999999999999293e-41
1.991880000000000109e+03 9.999999999999999293e-41
1.992000000000000000e+03 9.999999999999999293e-41
1.992119999999999891e+03 9.999999999999999293e-41
1.992250000000000000e+03 9.999999999999999293e-41
1.992380000000000109e+03 9.999999999999999293e-41
1.992500000000000000e+03 9.999999999999999293e-41
1.992619999999999891e+03 9.999999999999999293e-41
1.992750000000000000e+03 9.999999999999999293e-41
1.992880000000000109e+03 9.999999999999999293e-41
1.993000000000000000e+03 9.999999999999999293e-41
1.993119999999999891e+03 9.999999999999999293e-41
1.993250000000000000e+03 9.999999999999999293e-41
1.993380000000000109e+03 9.999999999999999293e-41
1.993500000000000000e+03 9.999999999999999293e-41
1.993619999999999891e+03 9.999999999999999293e-41
1.993750000000000000e+03 9.999999999999999293e-41
1.993880000000000109e+03 9.999999999999999293e-41
1.994000000000000000e+03 9.999999999999999293e-41
1.994119999999999891e+03 9.999999999999999293e-41
1.994250000000000000e+03 9.999999999999999293e-41
1.994380000000000109e+03 9.999999999999999293e-41
1.994500000000000000e+03 9.999999999999999293e-41
1.994619999999999891e+03 9.999999999999999293e-41
1.994750000000000000e+03 9.999999999999999293e-41
1.994880000000000109e+03 9.999999999999999293e-41
1.995000000000000000e+03 9.999999999999999293e-41
1.995119999999999891e+03 9.999999999999999293e-41
1.995250000000000000e+03 9.999999999999999293e-41
1.995380000000000109e+03 9.999999999999999293e-41
1.995500000000000000e+03 9.999999999999999293e-41
1.995619999999999891e+03 9.999999999999999293e-41
1.995750000000000000e+03 9.999999999999999293e-41
1.995880000000000109e+03 9.999999999999999293e-41
1.996000000000000000e+03 9.999999999999999293e-41
1.996119999999999891e+03 9.999999999999999293e-41
1.996250000000000000e+03 9.999999999999999293e-41
1.996380000000000109e+03 9.999999999999999293e-41
1.996500000000000000e+03 9.999999999999999293e-41
1.996619999999999891e+03 9.999999999999999293e-41
1.996750000000000000e+03 9.999999999999999293e-41
1.996880000000000109e+03 9.999999999999999293e-41
1.997000000000000000e+03 9.999999999999999293e-41
1.997119999999999891e+03 9.999999999999999293e-41
1.997250000000000000e+03 9.999999999999999293e-41
1.997380000000000109e+03 9.999999999999999293e-41
1.997500000000000000e+03 9.999999999999999293e-41
1.997619999999999891e+03 9.999999999999999293e-41
1.997750000000000000e+03 9.999999999999999293e-41
1.997880000000000109e+03 9.999999999999999293e-41
1.998000000000000000e+03 9.999999999999999293e-41
1.998119999999999891e+03 9.999999999999999293e-41
1.998250000000000000e+03 9.999999999999999293e-41
1.998380000000000109e+03 9.999999999999999293e-41
1.998500000000000000e+03 9.999999999999999293e-41
1.998619999999999891e+03 9.999999999999999293e-41
1.998750000000000000e+03 9.999999999999999293e-41
1.998880000000000109e+03 9.999999999999999293e-41
1.999000000000000000e+03 9.999999999999999293e-41
1.999119999999999891e+03 9.999999999999999293e-41
1.999250000000000000e+03 9.999999999999999293e-41
1.999380000000000109e+03 9.999999999999999293e-41
1.999500000000000000e+03 9.999999999999999293e-41
1.999619999999999891e+03 9.999999999999999293e-41
1.999750000000000000e+03 9.999999999999999293e-41
1.999880000000000109e+03 9.999999999999999293e-41
2.000000000000000000e+03 9.999999999999999293e-41
2.000119999999999891e+03 9.999999999999999293e-41
2.000250000000000000e+03 9.999999999999999293e-41
2.000380000000000109e+03 9.999999999999999293e-41
2.000500000000000000e+03 9.999999999999999293e-41
2.000619999999999891e+03 9.999999999999999293e-41
2.000750000000000000e+03 9.999999999999999293e-41
2.000880000000000109e+03 9.999999999999999293e-41
2.001000000000000000e+03 9.999999999999999293e-41
2.001119999999999891e+03 9.999999999999999293e-41
2.001250000000000000e+03 9.999999999999999293e-41
2.001380000000000109e+03 9.999999999999999293e-41
2.001500000000000000e+03 9.999999999999999293e-41
2.001619999999999891e+03 9.999999999999999293e-41
2.001750000000000000e+03 9.999999999999999293e-41
2.001880000000000109e+03 9.999999999999999293e-41
2.002000000000000000e+03 9.999999999999999293e-41
2.002119999999999891e+03 9.999999999999999293e-41
2.002250000000000000e+03 9.999999999999999293e-41
2.002380000000000109e+03 9.999999999999999293e-41
2.002500000000000000e+03 9.999999999999999293e-41
2.002619999999999891e+03 9.999999999999999293e-41
2.002750000000000000e+03 9.999999999999999293e-41
2.002880000000000109e+03 9.999999999999999293e-41
2.003000000000000000e+03 9.999999999999999293e-41
2.003119999999999891e+03 9.999999999999999293e-41
2.003250000000000000e+03 9.999999999999999293e-41
2.003380000000000109e+03 9.999999999999999293e-41
2.003500000000000000e+03 9.999999999999999293e-41
2.003619999999999891e+03 9.999999999999999293e-41
2.003750000000000000e+03 9.999999999999999293e-41
2.003880000000000109e+03 9.999999999999999293e-41
2.004000000000000000e+03 9.999999999999999293e-41
2.004119999999999891e+03 9.999999999999999293e-41
2.004250000000000000e+03 9.999999999999999293e-41
2.004380000000000109e+03 9.999999999999999293e-41
2.004500000000000000e+03 9.999999999999999293e-41
2.004619999999999891e+03 9.999999999999999293e-41
2.004750000000000000e+03 9.999999999999999293e-41
2.004880000000000109e+03 9.999999999999999293e-41
2.005000000000000000e+03 9.999999999999999293e-41
2.005119999999999891e+03 9.999999999999999293e-41
2.005250000000000000e+03 9.999999999999999293e-41
2.005380000000000109e+03 9.999999999999999293e-41
2.005500000000000000e+03 9.999999999999999293e-41
2.005619999999999891e+03 9.999999999999999293e-41
2.005750000000000000e+03 9.999999999999999293e-41
2.005880000000000109e+03 9.999999999999999293e-41
2.006000000000000000e+03 9.999999999999999293e-41
2.006119999999999891e+03 9.999999999999999293e-41
2.006250000000000000e+03 9.999999999999999293e-41
2.006380000000000109e+03 9.999999999999999293e-41
2.006500000000000000e+03 9.999999999999999293e-41
2.006619999999999891e+03 9.999999999999999293e-41
2.006750000000000000e+03 9.999999999999999293e-41
2.006880000000000109e+03 9.999999999999999293e-41
2.007000000000000000e+03 9.999999999999999293e-41
2.007119999999999891e+03 9.999999999999999293e-41
2.007250000000000000e+03 9.999999999999999293e-41
2.007380000000000109e+03 9.999999999999999293e-41
2.007500000000000000e+03 9.999999999999999293e-41
2.007619999999999891e+03 9.999999999999999293e-41
2.007750000000000000e+03 9.999999999999999293e-41
2.007880000000000109e+03 9.999999999999999293e-41
2.008000000000000000e+03 9.999999999999999293e-41
2.008119999999999891e+03 9.999999999999999293e-41
2.008250000000000000e+03 9.999999999999999293e-41
2.008380000000000109e+03 9.999999999999999293e-41
2.008500000000000000e+03 9.999999999999999293e-41
2.008619999999999891e+03 9.999999999999999293e-41
2.008750000000000000e+03 9.999999999999999293e-41
2.008880000000000109e+03 9.999999999999999293e-41
2.009000000000000000e+03 9.999999999999999293e-41
2.009119999999999891e+03 9.999999999999999293e-41
2.009250000000000000e+03 9.999999999999999293e-41
2.009380000000000109e+03 9.999999999999999293e-41
2.009500000000000000e+03 9.999999999999999293e-41
2.009619999999999891e+03 9.999999999999999293e-41
2.009750000000000000e+03 9.999999999999999293e-41
2.009880000000000109e+03 9.999999999999999293e-41
2.010000000000000000e+03 9.999999999999999293e-41
2.010119999999999891e+03 9.999999999999999293e-41
2.010250000000000000e+03 9.999999999999999293e-41
2.010380000000000109e+03 9.999999999999999293e-41
2.010500000000000000e+03 9.999999999999999293e-41
2.010619999999999891e+03 9.999999999999999293e-41
2.010750000000000000e+03 9.999999999999999293e-41
2.010880000000000109e+03 9.999999999999999293e-41
2.011000000000000000e+03 9.999999999999999293e-41
2.011119999999999891e+03 9.999999999999999293e-41
2.011250000000000000e+03 9.999999999999999293e-41
2.011380000000000109e+03 9.999999999999999293e-41
2.011500000000000000e+03 9.999999999999999293e-41
2.011619999999999891e+03 9.999999999999999293e-41
2.011750000000000000e+03 9.999999999999999293e-41
2.011880000000000109e+03 9.999999999999999293e-41
2.012000000000000000e+03 9.999999999999999293e-41
2.012119999999999891e+03 9.999999999999999293e-41
2.012250000000000000e+03 9.999999999999999293e-41
2.012380000000000109e+03 9.999999999999999293e-41
2.012500000000000000e+03 9.999999999999999293e-41
2.012619999999999891e+03 9.999999999999999293e-41
2.012750000000000000e+03 9.999999999999999293e-41
2.012880000000000109e+03 9.999999999999999293e-41
2.013000000000000000e+03 9.999999999999999293e-41
2.013119999999999891e+03 9.999999999999999293e-41
2.013250000000000000e+03 9.999999999999999293e-41
2.013380000000000109e+03 9.999999999999999293e-41
2.013500000000000000e+03 9.999999999999999293e-41
2.013619999999999891e+03 9.999999999999999293e-41
2.013750000000000000e+03 9.999999999999999293e-41
2.013880000000000109e+03 9.999999999999999293e-41
2.014000000000000000e+03 9.999999999999999293e-41
2.014119999999999891e+03 9.999999999999999293e-41
2.014250000000000000e+03 9.999999999999999293e-41
2.014380000000000109e+03 9.999999999999999293e-41
2.014500000000000000e+03 9.999999999999999293e-41
2.014619999999999891e+03 9.999999999999999293e-41
2.014750000000000000e+03 9.999999999999999293e-41
2.014880000000000109e+03 9.999999999999999293e-41
2.015000000000000000e+03 9.999999999999999293e-41
2.015119999999999891e+03 9.999999999999999293e-41
2.015250000000000000e+03 9.999999999999999293e-41
2.015380000000000109e+03 9.999999999999999293e-41
2.015500000000000000e+03 9.999999999999999293e-41
2.015619999999999891e+03 9.999999999999999293e-41
2.015750000000000000e+03 9.999999999999999293e-41
2.015880000000000109e+03 9.999999999999999293e-41
2.016000000000000000e+03 9.999999999999999293e-41
2.016119999999999891e+03 9.999999999999999293e-41
2.016250000000000000e+03 9.999999999999999293e-41
2.016380000000000109e+03 9.999999999999999293e-41
2.016500000000000000e+03 9.999999999999999293e-41
2.016619999999999891e+03 9.999999999999999293e-41
2.016750000000000000e+03 9.999999999999999293e-41
2.016880000000000109e+03 9.999999999999999293e-41
2.017000000000000000e+03 9.999999999999999293e-41
2.017119999999999891e+03 9.999999999999999293e-41
2.017250000000000000e+03 9.999999999999999293e-41
2.017380000000000109e+03 9.999999999999999293e-41
2.017500000000000000e+03 9.999999999999999293e-41
2.017619999999999891e+03 9.999999999999999293e-41
2.017750000000000000e+03 9.999999999999999293e-41
2.017880000000000109e+03 9.999999999999999293e-41
2.018000000000000000e+03 9.999999999999999293e-41
2.018119999999999891e+03 9.999999999999999293e-41
2.018250000000000000e+03 9.999999999999999293e-41
2.018380000000000109e+03 9.999999999999999293e-41
2.018500000000000000e+03 9.999999999999999293e-41
2.018619999999999891e+03 9.999999999999999293e-41
2.018750000000000000e+03 9.999999999999999293e-41
2.018880000000000109e+03 9.999999999999999293e-41
2.019000000000000000e+03 9.999999999999999293e-41
2.019119999999999891e+03 9.999999999999999293e-41
2.019250000000000000e+03 9.999999999999999293e-41
2.019380000000000109e+03 9.999999999999999293e-41
2.019500000000000000e+03 9.999999999999999293e-41
2.019619999999999891e+03 9.999999999999999293e-41
2.019750000000000000e+03 9.999999999999999293e-41
2.019880000000000109e+03 9.999999999999999293e-41
2.020000000000000000e+03 9.999999999999999293e-41
2.020119999999999891e+03 9.999999999999999293e-41
2.020250000000000000e+03 9.999999999999999293e-41
2.020380000000000109e+03 9.999999999999999293e-41
2.020500000000000000e+03 9.999999999999999293e-41
2.020619999999999891e+03 9.999999999999999293e-41
2.020750000000000000e+03 9.999999999999999293e-41
2.020880000000000109e+03 9.999999999999999293e-41
2.021000000000000000e+03 9.999999999999999293e-41
2.021119999999999891e+03 9.999999999999999293e-41
2.021250000000000000e+03 9.999999999999999293e-41
2.021380000000000109e+03 9.999999999999999293e-41
2.021500000000000000e+03 9.999999999999999293e-41
2.021619999999999891e+03 9.999999999999999293e-41
2.021750000000000000e+03 9.999999999999999293e-41
2.021880000000000109e+03 9.999999999999999293e-41
2.022000000000000000e+03 9.999999999999999293e-41
2.022119999999999891e+03 9.999999999999999293e-41
2.022250000000000000e+03 9.999999999999999293e-41
2.022380000000000109e+03 9.999999999999999293e-41
2.022500000000000000e+03 9.999999999999999293e-41
2.022619999999999891e+03 9.999999999999999293e-41
2.022750000000000000e+03 9.999999999999999293e-41
2.022880000000000109e+03 9.999999999999999293e-41
2.023000000000000000e+03 9.999999999999999293e-41
2.023119999999999891e+03 9.999999999999999293e-41
2.023250000000000000e+03 9.999999999999999293e-41
2.023380000000000109e+03 9.999999999999999293e-41
2.023500000000000000e+03 9.999999999999999293e-41
2.023619999999999891e+03 9.999999999999999293e-41
2.023750000000000000e+03 9.999999999999999293e-41
2.023880000000000109e+03 9.999999999999999293e-41
2.024000000000000000e+03 9.999999999999999293e-41
2.024119999999999891e+03 9.999999999999999293e-41
2.024250000000000000e+03 9.999999999999999293e-41
2.024380000000000109e+03 9.999999999999999293e-41
2.024500000000000000e+03 9.999999999999999293e-41
2.024619999999999891e+03 9.999999999999999293e-41
2.024750000000000000e+03 9.999999999999999293e-41
2.024880000000000109e+03 9.999999999999999293e-41
2.025000000000000000e+03 9.999999999999999293e-41
2.025119999999999891e+03 9.999999999999999293e-41
2.025250000000000000e+03 9.999999999999999293e-41
2.025380000000000109e+03 9.999999999999999293e-41
2.025500000000000000e+03 9.999999999999999293e-41
2.025619999999999891e+03 9.999999999999999293e-41
2.025750000000000000e+03 9.999999999999999293e-41
2.025880000000000109e+03 9.999999999999999293e-41
2.026000000000000000e+03 9.999999999999999293e-41
2.026119999999999891e+03 9.999999999999999293e-41
2.026250000000000000e+03 9.999999999999999293e-41
2.026380000000000109e+03 9.999999999999999293e-41
2.026500000000000000e+03 9.999999999999999293e-41
2.026619999999999891e+03 9.999999999999999293e-41
2.026750000000000000e+03 9.999999999999999293e-41
2.026880000000000109e+03 9.999999999999999293e-41
2.027000000000000000e+03 9.999999999999999293e-41
2.027119999999999891e+03 9.999999999999999293e-41
2.027250000000000000e+03 9.999999999999999293e-41
2.027380000000000109e+03 9.999999999999999293e-41
2.027500000000000000e+03 9.999999999999999293e-41
2.027619999999999891e+03 9.999999999999999293e-41
2.027750000000000000e+03 9.999999999999999293e-41
2.027880000000000109e+03 9.999999999999999293e-41
2.028000000000000000e+03 9.999999999999999293e-41
2.028119999999999891e+03 9.999999999999999293e-41
2.028250000000000000e+03 9.999999999999999293e-41
2.028380000000000109e+03 9.999999999999999293e-41
2.028500000000000000e+03 9.999999999999999293e-41
2.028619999999999891e+03 9.999999999999999293e-41
2.028750000000000000e+03 9.999999999999999293e-41
2.028880000000000109e+03 9.999999999999999293e-41
2.029000000000000000e+03 9.999999999999999293e-41
2.029119999999999891e+03 9.999999999999999293e-41
2.029250000000000000e+03 9.999999999999999293e-41
2.029380000000000109e+03 9.999999999999999293e-41
2.029500000000000000e+03 9.999999999999999293e-41
2.029619999999999891e+03 9.999999999999999293e-41
2.029750000000000000e+03 9.999999999999999293e-41
2.029880000000000109e+03 9.999999999999999293e-41
2.030000000000000000e+03 9.999999999999999293e-41
2.030119999999999891e+03 9.999999999999999293e-41
2.030250000000000000e+03 9.999999999999999293e-41
2.030380000000000109e+03 9.999999999999999293e-41
2.030500000000000000e+03 9.999999999999999293e-41
2.030619999999999891e+03 9.999999999999999293e-41
2.030750000000000000e+03 9.999999999999999293e-41
2.030880000000000109e+03 9.999999999999999293e-41
2.031000000000000000e+03 9.999999999999999293e-41
2.031119999999999891e+03 9.999999999999999293e-41
2.031250000000000000e+03 9.999999999999999293e-41
2.031380000000000109e+03 9.999999999999999293e-41
2.031500000000000000e+03 9.999999999999999293e-41
2.031619999999999891e+03 9.999999999999999293e-41
2.031750000000000000e+03 9.999999999999999293e-41
2.031880000000000109e+03 9.999999999999999293e-41
2.032000000000000000e+03 9.999999999999999293e-41
2.032119999999999891e+03 9.999999999999999293e-41
2.032250000000000000e+03 9.999999999999999293e-41
2.032380000000000109e+03 9.999999999999999293e-41
2.032500000000000000e+03 9.999999999999999293e-41
2.032619999999999891e+03 9.999999999999999293e-41
2.032750000000000000e+03 9.999999999999999293e-41
2.032880000000000109e+03 9.999999999999999293e-41
2.033000000000000000e+03 9.999999999999999293e-41
2.033119999999999891e+03 9.999999999999999293e-41
2.033250000000000000e+03 9.999999999999999293e-41
2.033380000000000109e+03 9.999999999999999293e-41
2.033500000000000000e+03 9.999999999999999293e-41
2.033619999999999891e+03 9.999999999999999293e-41
2.033750000000000000e+03 9.999999999999999293e-41
2.033880000000000109e+03 9.999999999999999293e-41
2.034000000000000000e+03 9.999999999999999293e-41
2.034119999999999891e+03 9.999999999999999293e-41
2.034250000000000000e+03 9.999999999999999293e-41
2.034380000000000109e+03 9.999999999999999293e-41
2.034500000000000000e+03 9.999999999999999293e-41
2.034619999999999891e+03 9.999999999999999293e-41
2.034750000000000000e+03 9.999999999999999293e-41
2.034880000000000109e+03 9.999999999999999293e-41
2.035000000000000000e+03 9.999999999999999293e-41
2.035119999999999891e+03 9.999999999999999293e-41
2.035250000000000000e+03 9.999999999999999293e-41
2.035380000000000109e+03 9.999999999999999293e-41
2.035500000000000000e+03 9.999999999999999293e-41
2.035619999999999891e+03 9.999999999999999293e-41
2.035750000000000000e+03 9.999999999999999293e-41
2.035880000000000109e+03 9.999999999999999293e-41
2.036000000000000000e+03 9.999999999999999293e-41
2.036119999999999891e+03 9.999999999999999293e-41
2.036250000000000000e+03 9.999999999999999293e-41
2.036380000000000109e+03 9.999999999999999293e-41
2.036500000000000000e+03 9.999999999999999293e-41
2.036619999999999891e+03 9.999999999999999293e-41
2.036750000000000000e+03 9.999999999999999293e-41
2.036880000000000109e+03 9.999999999999999293e-41
2.037000000000000000e+03 9.999999999999999293e-41
2.037119999999999891e+03 9.999999999999999293e-41
2.037250000000000000e+03 9.999999999999999293e-41
2.037380000000000109e+03 9.999999999999999293e-41
2.037500000000000000e+03 9.999999999999999293e-41
2.037619999999999891e+03 9.999999999999999293e-41
2.037750000000000000e+03 9.999999999999999293e-41
2.037880000000000109e+03 9.999999999999999293e-41
2.038000000000000000e+03 9.999999999999999293e-41
2.038119999999999891e+03 9.999999999999999293e-41
2.038250000000000000e+03 9.999999999999999293e-41
2.038380000000000109e+03 9.999999999999999293e-41
2.038500000000000000e+03 9.999999999999999293e-41
2.038619999999999891e+03 9.999999999999999293e-41
2.038750000000000000e+03 9.999999999999999293e-41
2.038880000000000109e+03 9.999999999999999293e-41
2.039000000000000000e+03 9.999999999999999293e-41
2.039119999999999891e+03 9.999999999999999293e-41
2.039250000000000000e+03 9.999999999999999293e-41
2.039380000000000109e+03 9.999999999999999293e-41
2.039500000000000000e+03 9.999999999999999293e-41
2.039619999999999891e+03 9.999999999999999293e-41
2.039750000000000000e+03 9.999999999999999293e-41
2.039880000000000109e+03 9.999999999999999293e-41
2.040000000000000000e+03 9.999999999999999293e-41
2.040119999999999891e+03 9.999999999999999293e-41
2.040250000000000000e+03 9.999999999999999293e-41
2.040380000000000109e+03 9.999999999999999293e-41
2.040500000000000000e+03 9.999999999999999293e-41
2.040619999999999891e+03 9.999999999999999293e-41
2.040750000000000000e+03 9.999999999999999293e-41
2.040880000000000109e+03 9.999999999999999293e-41
2.041000000000000000e+03 9.999999999999999293e-41
2.041119999999999891e+03 9.999999999999999293e-41
2.041250000000000000e+03 9.999999999999999293e-41
2.041380000000000109e+03 9.999999999999999293e-41
2.041500000000000000e+03 9.999999999999999293e-41
2.041619999999999891e+03 9.999999999999999293e-41
2.041750000000000000e+03 9.999999999999999293e-41
2.041880000000000109e+03 9.999999999999999293e-41
2.042000000000000000e+03 9.999999999999999293e-41
2.042119999999999891e+03 9.999999999999999293e-41
2.042250000000000000e+03 9.999999999999999293e-41
2.042380000000000109e+03 9.999999999999999293e-41
2.042500000000000000e+03 9.999999999999999293e-41
2.042619999999999891e+03 9.999999999999999293e-41
2.042750000000000000e+03 9.999999999999999293e-41
2.042880000000000109e+03 9.999999999999999293e-41
2.043000000000000000e+03 9.999999999999999293e-41
2.043119999999999891e+03 9.999999999999999293e-41
2.043250000000000000e+03 9.999999999999999293e-41
2.043380000000000109e+03 9.999999999999999293e-41
2.043500000000000000e+03 9.999999999999999293e-41
2.043619999999999891e+03 9.999999999999999293e-41
2.043750000000000000e+03 9.999999999999999293e-41
2.043880000000000109e+03 9.999999999999999293e-41
2.044000000000000000e+03 9.999999999999999293e-41
2.044119999999999891e+03 9.999999999999999293e-41
2.044250000000000000e+03 9.999999999999999293e-41
2.044380000000000109e+03 9.999999999999999293e-41
2.044500000000000000e+03 9.999999999999999293e-41
2.044619999999999891e+03 9.999999999999999293e-41
2.044750000000000000e+03 9.999999999999999293e-41
2.044880000000000109e+03 9.999999999999999293e-41
2.045000000000000000e+03 9.999999999999999293e-41
2.045119999999999891e+03 9.999999999999999293e-41
2.045250000000000000e+03 9.999999999999999293e-41
2.045380000000000109e+03 9.999999999999999293e-41
2.045500000000000000e+03 9.999999999999999293e-41
2.045619999999999891e+03 9.999999999999999293e-41
2.045750000000000000e+03 9.999999999999999293e-41
2.045880000000000109e+03 9.999999999999999293e-41
2.046000000000000000e+03 9.999999999999999293e-41
2.046119999999999891e+03 9.999999999999999293e-41
2.046250000000000000e+03 9.999999999999999293e-41
2.046380000000000109e+03 9.999999999999999293e-41
2.046500000000000000e+03 9.999999999999999293e-41
2.046619999999999891e+03 9.999999999999999293e-41
2.046750000000000000e+03 9.999999999999999293e-41
2.046880000000000109e+03 9.999999999999999293e-41
2.047000000000000000e+03 9.999999999999999293e-41
2.047119999999999891e+03 9.999999999999999293e-41
2.047250000000000000e+03 9.999999999999999293e-41
2.047380000000000109e+03 9.999999999999999293e-41
2.047500000000000000e+03 9.999999999999999293e-41
2.047619999999999891e+03 9.999999999999999293e-41
2.047750000000000000e+03 9.999999999999999293e-41
2.047880000000000109e+03 9.999999999999999293e-41
2.048000000000000000e+03 9.999999999999999293e-41
